sample_id,batch,sex,age,gene_0001,gene_0002,gene_0003,gene_0004,gene_0005,gene_0006,gene_0007,gene_0008,gene_0009,gene_0010,gene_0011,gene_0012,gene_0013,gene_0014,gene_0015,gene_0016,gene_0017,gene_0018,gene_0019,gene_0020,gene_0021,gene_0022,gene_0023,gene_0024,gene_0025,gene_0026,gene_0027,gene_0028,gene_0029,gene_0030,gene_0031,gene_0032,gene_0033,gene_0034,gene_0035,gene_0036,gene_0037,gene_0038,gene_0039,gene_0040,gene_0041,gene_0042,gene_0043,gene_0044,gene_0045,gene_0046,gene_0047,gene_0048,gene_0049,gene_0050,gene_0051,gene_0052,gene_0053,gene_0054,gene_0055,gene_0056,gene_0057,gene_0058,gene_0059,gene_0060,gene_0061,gene_0062,gene_0063,gene_0064,gene_0065,gene_0066,gene_0067,gene_0068,gene_0069,gene_0070,gene_0071,gene_0072,gene_0073,gene_0074,gene_0075,gene_0076,gene_0077,gene_0078,gene_0079,gene_0080,gene_0081,gene_0082,gene_0083,gene_0084,gene_0085,gene_0086,gene_0087,gene_0088,gene_0089,gene_0090,gene_0091,gene_0092,gene_0093,gene_0094,gene_0095,gene_0096,gene_0097,gene_0098,gene_0099,gene_0100,gene_0101,gene_0102,gene_0103,gene_0104,gene_0105,gene_0106,gene_0107,gene_0108,gene_0109,gene_0110,gene_0111,gene_0112,gene_0113,gene_0114,gene_0115,gene_0116,gene_0117,gene_0118,gene_0119,gene_0120,gene_0121,gene_0122,gene_0123,gene_0124,gene_0125,gene_0126,gene_0127,gene_0128,gene_0129,gene_0130,gene_0131,gene_0132,gene_0133,gene_0134,gene_0135,gene_0136,gene_0137,gene_0138,gene_0139,gene_0140,gene_0141,gene_0142,gene_0143,gene_0144,gene_0145,gene_0146,gene_0147,gene_0148,gene_0149,gene_0150,gene_0151,gene_0152,gene_0153,gene_0154,gene_0155,gene_0156,gene_0157,gene_0158,gene_0159,gene_0160,gene_0161,gene_0162,gene_0163,gene_0164,gene_0165,gene_0166,gene_0167,gene_0168,gene_0169,gene_0170,gene_0171,gene_0172,gene_0173,gene_0174,gene_0175,gene_0176,gene_0177,gene_0178,gene_0179,gene_0180,gene_0181,gene_0182,gene_0183,gene_0184,gene_0185,gene_0186,gene_0187,gene_0188,gene_0189,gene_0190,gene_0191,gene_0192,gene_0193,gene_0194,gene_0195,gene_0196,gene_0197,gene_0198,gene_0199,gene_0200,gene_0201,gene_0202,gene_0203,gene_0204,gene_0205,gene_0206,gene_0207,gene_0208,gene_0209,gene_0210,gene_0211,gene_0212,gene_0213,gene_0214,gene_0215,gene_0216,gene_0217,gene_0218,gene_0219,gene_0220,gene_0221,gene_0222,gene_0223,gene_0224,gene_0225,gene_0226,gene_0227,gene_0228,gene_0229,gene_0230,gene_0231,gene_0232,gene_0233,gene_0234,gene_0235,gene_0236,gene_0237,gene_0238,gene_0239,gene_0240,gene_0241,gene_0242,gene_0243,gene_0244,gene_0245,gene_0246,gene_0247,gene_0248,gene_0249,gene_0250,gene_0251,gene_0252,gene_0253,gene_0254,gene_0255,gene_0256,gene_0257,gene_0258,gene_0259,gene_0260,gene_0261,gene_0262,gene_0263,gene_0264,gene_0265,gene_0266,gene_0267,gene_0268,gene_0269,gene_0270,gene_0271,gene_0272,gene_0273,gene_0274,gene_0275,gene_0276,gene_0277,gene_0278,gene_0279,gene_0280,gene_0281,gene_0282,gene_0283,gene_0284,gene_0285,gene_0286,gene_0287,gene_0288,gene_0289,gene_0290,gene_0291,gene_0292,gene_0293,gene_0294,gene_0295,gene_0296,gene_0297,gene_0298,gene_0299,gene_0300,gene_0301,gene_0302,gene_0303,gene_0304,gene_0305,gene_0306,gene_0307,gene_0308,gene_0309,gene_0310,gene_0311,gene_0312,gene_0313,gene_0314,gene_0315,gene_0316,gene_0317,gene_0318,gene_0319,gene_0320,gene_0321,gene_0322,gene_0323,gene_0324,gene_0325,gene_0326,gene_0327,gene_0328,gene_0329,gene_0330,gene_0331,gene_0332,gene_0333,gene_0334,gene_0335,gene_0336,gene_0337,gene_0338,gene_0339,gene_0340,gene_0341,gene_0342,gene_0343,gene_0344,gene_0345,gene_0346,gene_0347,gene_0348,gene_0349,gene_0350,gene_0351,gene_0352,gene_0353,gene_0354,gene_0355,gene_0356,gene_0357,gene_0358,gene_0359,gene_0360,gene_0361,gene_0362,gene_0363,gene_0364,gene_0365,gene_0366,gene_0367,gene_0368,gene_0369,gene_0370,gene_0371,gene_0372,gene_0373,gene_0374,gene_0375,gene_0376,gene_0377,gene_0378,gene_0379,gene_0380,gene_0381,gene_0382,gene_0383,gene_0384,gene_0385,gene_0386,gene_0387,gene_0388,gene_0389,gene_0390,gene_0391,gene_0392,gene_0393,gene_0394,gene_0395,gene_0396,gene_0397,gene_0398,gene_0399,gene_0400,gene_0401,gene_0402,gene_0403,gene_0404,gene_0405,gene_0406,gene_0407,gene_0408,gene_0409,gene_0410,gene_0411,gene_0412,gene_0413,gene_0414,gene_0415,gene_0416,gene_0417,gene_0418,gene_0419,gene_0420,gene_0421,gene_0422,gene_0423,gene_0424,gene_0425,gene_0426,gene_0427,gene_0428,gene_0429,gene_0430,gene_0431,gene_0432,gene_0433,gene_0434,gene_0435,gene_0436,gene_0437,gene_0438,gene_0439,gene_0440,gene_0441,gene_0442,gene_0443,gene_0444,gene_0445,gene_0446,gene_0447,gene_0448,gene_0449,gene_0450,gene_0451,gene_0452,gene_0453,gene_0454,gene_0455,gene_0456,gene_0457,gene_0458,gene_0459,gene_0460,gene_0461,gene_0462,gene_0463,gene_0464,gene_0465,gene_0466,gene_0467,gene_0468,gene_0469,gene_0470,gene_0471,gene_0472,gene_0473,gene_0474,gene_0475,gene_0476,gene_0477,gene_0478,gene_0479,gene_0480,gene_0481,gene_0482,gene_0483,gene_0484,gene_0485,gene_0486,gene_0487,gene_0488,gene_0489,gene_0490,gene_0491,gene_0492,gene_0493,gene_0494,gene_0495,condition
GS001,B1,M,62,2.5995,7.8238,2.5995,6.8619,4.1206,2.5995,2.0,3.1941,3.0218,2.5995,2.5995,2.3307,5.8983,5.3966,2.826,4.6803,2.826,4.2822,7.6198,2.3307,6.9726,5.7404,6.0178,10.2042,5.0379,2.3307,2.3307,3.1941,2.826,2.0,2.0,2.5995,2.0,8.5063,9.4332,2.826,3.7305,3.1941,3.1941,2.5995,4.7371,8.6649,2.826,2.5995,2.5995,2.5995,4.8445,5.2867,3.0218,3.8384,10.1594,5.2084,11.541,5.4315,2.5995,2.826,2.3307,2.0,4.8445,2.3307,4.5594,3.1941,2.3307,5.4655,2.3307,6.9122,2.0,5.2867,2.3307,3.1941,4.1206,2.0,2.0,5.3609,2.0,2.826,5.5631,2.5995,2.3307,3.348,2.0,7.5421,7.0754,2.3307,8.639,5.3609,2.3307,7.1505,2.3307,4.2822,2.826,5.7404,6.9961,5.5631,6.9607,2.0,3.348,3.0218,4.1206,7.4345,2.0,3.4871,2.0,3.0218,4.6803,3.6139,11.7488,7.8369,2.3307,4.3566,2.0,6.6562,3.6139,2.3307,6.6414,2.0,8.5144,9.8823,4.5594,2.3307,4.2037,3.6139,8.3235,4.6211,3.0218,2.0,4.7371,4.6211,2.3307,5.2084,4.4949,3.8384,6.7281,6.2307,2.0,2.5995,3.8384,5.7123,2.5995,4.5594,2.5995,3.0218,4.8953,6.3987,2.0,2.5995,3.1941,5.4655,2.3307,4.0326,6.6113,4.2822,2.826,2.3307,2.0,2.3307,4.2037,2.3307,4.3566,2.3307,3.1941,2.3307,2.5995,3.0218,2.826,5.3243,7.3731,4.5594,2.3307,11.1306,6.1701,2.3307,6.1068,2.0,5.0825,5.7679,3.9387,2.0,2.0,4.6211,5.7123,3.0218,6.1493,3.348,2.0,8.2618,2.3307,3.9387,9.133,2.826,7.0643,4.5594,4.7371,3.0218,2.3307,2.3307,6.8746,2.3307,8.2811,4.0326,6.381,3.6139,2.0,2.3307,2.0,3.0218,3.8384,6.4335,4.9919,2.0,2.0,3.0218,4.9919,2.0,6.2504,2.826,2.0,2.3307,2.826,2.0,2.0,2.5995,3.0218,5.4988,2.3307,3.1941,3.8384,4.6803,2.5995,7.1188,4.6803,3.348,2.0,6.6709,3.6139,2.0,4.2822,9.8326,2.3307,5.3609,3.8384,2.0,7.0306,2.0,3.1941,7.7973,4.8445,2.5995,2.0,4.6803,2.3307,3.4871,7.7906,6.4506,8.4521,2.0,3.1941,4.0326,2.0,4.9919,7.0192,2.0,3.7305,2.0,3.9387,2.826,5.1676,6.6264,4.8445,5.0825,2.5995,2.0,5.923,6.6562,4.4949,4.0326,6.7831,6.9244,3.9387,2.5995,7.7429,2.826,3.0218,2.3307,3.1941,2.0,8.8077,8.9618,2.826,2.0,2.0,2.0,4.2037,2.0,2.5995,5.5942,3.6139,6.5007,6.8998,5.0825,2.3307,5.0379,2.3307,6.4506,4.2037,2.5995,2.5995,6.9122,5.923,2.826,5.6247,2.0,6.1282,2.826,3.1941,7.4685,2.3307,2.5995,2.3307,2.0,2.0,9.3581,2.826,2.826,3.8384,2.3307,4.2822,4.5594,5.5313,2.5995,6.1282,2.3307,8.1564,3.6139,2.0,2.3307,2.0,10.0765,2.0,3.4871,4.6211,2.0,2.5995,6.3265,6.8619,4.7918,4.6803,3.8384,4.6803,5.923,2.3307,8.2275,3.8384,3.6139,2.0,5.4655,5.1257,4.6211,2.0,3.7305,4.9919,2.0,5.3609,2.3307,6.3078,2.0,4.7918,2.5995,5.923,2.0,3.1941,4.7918,2.0,5.2481,8.2025,6.9726,3.0218,2.826,4.0326,7.4085,2.826,2.3307,2.826,2.0,3.1941,2.3307,6.2504,2.0,3.7305,2.0,2.3307,2.826,4.2822,6.3078,2.0,2.3307,3.348,2.3307,7.0419,4.0326,2.826,2.3307,3.0218,8.3781,4.6803,3.0218,2.5995,5.7123,2.5995,3.1941,2.5995,4.2822,7.1188,2.826,4.4274,2.5995,3.1941,3.4871,3.1941,2.5995,3.1941,7.1081,2.3307,7.2319,5.7123,5.1676,3.348,3.0218,6.6709,6.9366,3.7305,5.8731,5.9947,6.3078,2.3307,3.6139,5.5313,5.9947,6.4335,2.5995,5.4655,5.1257,3.8384,4.2037,2.826,4.2822,2.0,2.0,3.4871,2.3307,8.2025,4.8953,5.5942,2.0,2.5995,3.1941,6.4335,7.3276,8.2906,2.0,2.3307,5.7679,2.3307,2.0,2.5995,4.5594,3.0218,9.8407,6.6414,4.9444,2.3307,4.2037,5.2084,2.0,6.2698,2.3307,6.363,5.6247,3.0218,2.826,3.1941,3.9387,3.348,6.565,2.5995,3.6139,8.0482,3.0218,3.348,4.8445,6.4162,2.5995,2.0,5.2084,2.3307,control
GS002,B1,F,63,3.852,6.4226,2.0,5.878,5.5961,2.9031,2.0,3.3349,3.3349,2.2839,3.9364,3.3349,4.0917,5.4601,2.2839,3.0618,2.7247,4.0917,5.4601,2.2839,4.7345,6.3164,4.0162,9.3946,3.9364,2.0,2.2839,3.9364,2.2839,2.0,2.2839,2.2839,2.0,7.1707,9.0951,2.2839,3.6668,4.1635,2.5211,2.7247,4.4196,8.9248,2.0,2.5211,3.2048,2.9031,5.0317,4.2319,2.0,4.4771,8.958,5.3413,11.9369,4.6865,3.2048,2.2839,2.0,2.5211,4.2972,2.5211,4.1635,2.7247,3.6668,4.2319,2.2839,7.7334,2.2839,5.4313,2.0,2.5211,2.9031,2.2839,2.2839,6.6768,3.2048,2.5211,7.0046,2.7247,2.2839,3.2048,2.5211,7.7626,7.5646,2.2839,8.5527,4.0162,2.2839,7.6358,3.4542,4.2319,3.0618,5.9201,9.3852,4.8258,5.0696,2.2839,3.0618,3.2048,3.4542,7.0046,2.0,3.4542,2.0,3.0618,3.4542,3.4542,9.3983,8.904,2.0,5.2453,2.0,7.2136,6.0771,2.2839,4.5323,2.5211,7.8081,7.7036,5.516,2.7247,2.5211,3.6668,10.507,5.9201,2.5211,3.4542,4.2972,6.378,2.5211,6.5351,5.1775,3.2048,7.987,5.9201,2.2839,2.0,3.2048,7.3659,4.4771,4.7809,2.2839,2.9031,5.278,7.2136,2.2839,3.2048,2.5211,7.0432,2.2839,3.9364,4.2972,3.2048,2.9031,2.2839,2.0,2.2839,4.5323,2.2839,2.7247,2.5211,4.0162,2.0,2.0,3.0618,3.3349,4.7345,7.1619,4.0162,2.2839,11.7524,7.4255,2.2839,4.9528,2.0,2.9031,6.4226,3.3349,2.0,2.0,4.5856,6.6142,3.4542,6.1496,4.4771,2.0,8.0965,3.0618,3.6668,10.2876,3.2048,8.2569,4.4196,4.4196,2.5211,2.5211,2.2839,5.5699,2.5211,7.558,4.1635,7.09,3.852,2.2839,2.0,2.0,2.7247,3.5644,5.7672,4.0917,2.5211,2.0,2.0,2.0,2.7247,6.1671,4.5856,2.0,3.2048,2.9031,2.0,3.5644,2.7247,3.0618,5.1775,2.0,4.2972,4.5323,4.4771,2.7247,6.7251,4.9117,2.2839,2.0,6.985,4.8694,2.0,4.0917,10.333,3.0618,5.7203,5.3413,2.9031,6.332,2.2839,3.6668,6.2354,4.2319,2.0,2.0,5.1775,2.0,4.5323,8.1327,5.6471,8.5257,2.0,2.2839,2.5211,2.2839,5.2118,7.0715,2.2839,5.6218,2.5211,4.0162,3.4542,3.0618,5.3413,4.9117,3.7624,2.5211,2.7247,7.1707,5.278,6.393,5.961,7.4328,8.5922,4.1635,2.5211,8.356,2.2839,2.5211,3.9364,3.2048,2.0,7.2304,9.3529,2.7247,2.7247,2.2839,2.0,3.0618,2.0,3.5644,3.7624,2.5211,6.6013,7.8193,4.7809,2.0,5.8125,2.0,5.7439,3.2048,4.1635,2.0,4.5323,3.5644,3.2048,5.1424,2.2839,5.6471,4.0917,2.5211,7.987,2.2839,2.0,2.5211,2.0,2.5211,7.5446,2.7247,2.9031,3.5644,2.0,6.1845,4.4771,4.0917,2.2839,6.332,3.0618,7.1707,5.2453,2.2839,2.9031,2.2839,9.2982,3.0618,3.2048,3.9364,2.2839,2.5211,5.2118,5.4019,5.31,4.6865,4.2319,4.9117,5.5699,2.7247,7.3429,4.4771,4.7345,2.0,2.2839,7.7215,4.6865,2.0,3.9364,6.0007,2.2839,5.9407,2.2839,8.2068,2.7247,3.9364,2.2839,5.8347,2.0,3.2048,2.7247,2.0,4.4196,9.4548,8.2153,2.0,2.2839,3.7624,7.5175,2.2839,3.3349,2.0,2.5211,2.7247,3.9364,6.6521,2.0,5.8347,2.0,2.2839,2.2839,3.6668,4.0917,2.7247,3.4542,4.2972,2.0,6.8823,5.0317,2.0,2.0,3.3349,7.4898,4.1635,3.5644,4.0162,4.6865,2.5211,3.4542,2.0,2.2839,7.2136,3.7624,3.7624,3.852,3.4542,3.2048,2.7247,2.5211,3.3349,5.3719,2.5211,7.6546,6.0955,3.6668,2.5211,4.1635,6.8391,6.0955,2.2839,2.7247,6.85,4.5323,2.0,2.7247,5.0696,4.9528,7.1443,2.0,4.9928,4.9528,5.0317,3.852,2.5211,6.6142,2.2839,2.0,3.3349,2.5211,8.7463,5.6218,4.8258,2.7247,2.7247,3.2048,6.9345,5.8347,7.3195,2.5211,4.2319,6.2017,2.2839,3.0618,2.5211,5.31,2.7247,10.0081,4.9528,4.5323,2.0,5.278,5.1424,2.2839,6.562,2.2839,7.3037,4.1635,3.9364,2.5211,2.7247,4.6369,3.3349,6.1845,2.0,3.2048,6.0202,5.7439,4.2972,4.9117,7.6358,2.2839,4.0917,4.4771,2.9031,control
GS003,B1,M,66,3.3009,7.8511,2.7924,6.9882,4.9236,2.7924,2.4499,3.0689,2.4499,3.5007,2.7924,3.0689,3.9737,3.3009,2.7924,3.0689,2.4499,3.9737,6.7343,2.0,4.8522,6.7926,5.1781,10.5924,5.5824,2.0,2.0,3.8326,2.0,2.0,2.7924,2.0,2.4499,7.5691,8.1698,3.9737,3.8326,5.1185,3.3009,2.4499,3.9737,7.4654,2.0,2.4499,2.0,2.0,5.4914,4.6143,2.0,3.3009,10.1473,4.3293,9.5907,3.3009,2.4499,2.4499,2.0,2.0,4.3293,3.6761,4.6981,2.0,4.8522,5.7487,3.3009,7.4291,2.7924,5.3943,2.0,2.4499,3.5007,2.0,2.0,6.0004,3.0689,3.6761,5.0564,4.1022,2.0,2.7924,2.7924,8.3028,9.4826,2.0,8.5706,5.6679,3.5007,6.4258,2.7924,3.3009,3.0689,6.61,5.5824,5.2903,3.9737,2.4499,3.6761,2.4499,4.6143,7.717,2.0,3.0689,2.4499,3.0689,3.5007,3.3009,11.6515,8.1023,2.0,3.9737,2.0,7.6449,6.0649,2.0,5.4914,2.4499,7.1457,8.9957,4.9236,2.4499,2.7924,4.8522,9.2665,3.5007,3.3009,2.7924,4.6143,5.3943,2.0,4.9236,5.4437,3.0689,6.9715,6.1565,2.0,3.5007,3.5007,5.6258,2.7924,3.9737,3.6761,2.0,4.5254,5.5824,2.0,3.3009,3.0689,6.61,2.7924,2.7924,5.4437,2.7924,3.3009,2.4499,2.0,2.0,5.2903,2.4499,2.7924,2.4499,2.7924,2.0,2.7924,4.1022,3.9737,4.6981,8.4429,3.8326,2.7924,12.5147,7.8872,2.4499,4.6981,2.0,5.3943,5.862,4.3293,2.0,2.4499,5.1185,4.8522,3.5007,6.4502,5.6258,2.0,6.0961,2.0,5.1185,9.4006,2.0,7.5691,4.9915,4.6981,2.0,2.0,2.7924,4.2202,2.7924,7.814,4.9915,5.3432,3.3009,2.0,2.0,2.0,2.0,4.2202,4.7772,5.3943,2.4499,2.0,2.4499,6.0649,2.4499,6.9201,3.9737,2.0,2.4499,3.0689,2.0,4.1022,2.4499,3.0689,4.9915,2.0,3.3009,5.2903,2.7924,3.0689,6.0649,5.4914,2.7924,2.0,6.6735,4.3293,2.0,4.2202,6.9026,2.4499,4.9915,4.2202,2.7924,4.9915,3.5007,2.4499,10.5395,4.4307,2.0,2.4499,4.9236,2.4499,3.5007,6.8486,5.1185,4.6981,2.4499,2.4499,2.4499,2.4499,5.5376,7.4291,2.4499,5.862,3.3009,4.2202,2.4499,4.2202,5.1185,4.7772,3.0689,2.0,2.4499,6.8668,4.8522,4.7772,4.9236,7.3536,6.6315,3.3009,2.7924,3.5007,2.4499,3.0689,3.6761,3.3009,2.4499,7.6237,8.5426,2.0,3.5007,2.4499,2.0,3.6761,2.4499,3.9737,4.1022,5.4914,7.3665,4.5254,5.4437,2.4499,4.2202,2.0,6.61,3.5007,3.0689,2.4499,5.7089,3.0689,4.2202,5.967,2.0,7.2041,2.7924,2.4499,6.7734,2.4499,3.0689,2.4499,2.4499,2.4499,6.9715,2.7924,3.5007,3.0689,2.0,4.3293,4.6981,6.6315,2.4499,7.0691,2.0,5.8252,3.5007,2.0,2.0,2.4499,7.6129,2.4499,4.8522,4.6143,2.0,3.0689,5.1781,5.5824,4.6981,3.5007,4.6981,4.6143,8.2413,2.0,8.3095,3.8326,4.5254,2.0,4.3293,5.4437,2.0,2.0,4.5254,6.3502,2.4499,5.2903,2.0,5.1185,3.5007,3.9737,2.7924,4.3293,2.0,3.8326,3.6761,2.0,2.4499,8.4368,6.8848,2.0,2.4499,5.2903,7.9737,3.0689,2.7924,2.4499,2.0,3.0689,2.7924,6.033,3.0689,7.1307,2.0,2.0,2.7924,4.2202,5.0564,2.0,2.0,4.4307,2.0,7.5354,6.4977,2.0,2.0,4.9915,7.6968,4.2202,3.3009,2.0,4.5254,2.0,4.4307,2.0,4.4307,4.9915,2.4499,4.1022,3.9737,2.4499,3.0689,4.2202,2.0,5.1185,6.8115,2.7924,5.4914,6.61,4.7772,3.6761,4.4307,7.0048,7.9737,4.2202,5.2903,5.0564,5.3943,3.6761,4.1022,5.4437,4.6981,6.4258,2.7924,5.862,4.2202,5.1185,4.1022,2.4499,7.6968,2.7924,2.0,2.7924,2.0,10.2021,5.1185,6.1565,2.4499,2.7924,3.9737,4.5254,5.6679,6.7343,2.0,4.6143,5.1185,2.4499,2.4499,2.4499,3.6761,2.0,10.3092,5.7089,4.7772,2.0,2.4499,4.9915,2.4499,6.8115,2.7924,7.8511,5.7089,3.5007,2.7924,2.4499,5.3432,2.7924,6.1565,2.4499,4.5254,7.2041,5.0564,3.6761,5.6679,6.2427,2.0,3.5007,4.7772,2.0,control
GS004,B1,M,68,4.0754,8.4692,2.0,5.412,3.5894,2.4873,2.0,2.0,2.8509,2.4873,2.4873,3.7702,2.0,4.8933,2.4873,4.0754,2.4873,4.2068,7.8087,3.1411,5.2987,6.4788,2.4873,9.1745,3.7702,2.0,2.0,3.9309,2.4873,2.0,2.0,2.4873,2.4873,6.6033,8.4758,3.7702,3.5894,3.7702,2.0,2.4873,4.3272,7.1191,2.0,3.1411,2.0,2.8509,5.4654,4.5415,2.0,3.5894,10.9625,3.9309,11.125,3.7702,3.1411,3.1411,2.0,2.0,4.0754,2.0,3.5894,3.7702,3.1411,5.0414,3.1411,6.8443,2.0,6.0593,2.4873,2.4873,4.2068,2.0,2.4873,6.4258,2.0,2.8509,7.6902,3.1411,2.0,4.9692,2.8509,9.3624,7.1521,2.0,9.3903,4.2068,2.0,7.2002,2.0,3.5894,4.813,6.4258,7.5854,5.834,4.8933,2.0,3.7702,2.0,3.9309,6.1273,2.4873,3.1411,2.0,3.3826,2.4873,3.1411,10.4185,8.4495,2.0,5.517,2.0,7.0332,4.9692,2.4873,6.8644,2.0,9.1297,9.0356,4.9692,2.4873,3.5894,4.813,8.0465,5.412,2.0,3.1411,5.3565,5.2987,2.0,5.1758,5.7503,3.3826,6.9229,6.1273,2.4873,2.0,3.1411,6.5046,3.5894,4.7281,2.8509,2.8509,4.5415,7.378,2.0,4.6378,2.4873,6.3137,2.8509,3.1411,6.1273,3.1411,2.4873,2.4873,2.0,2.0,3.5894,2.0,3.9309,2.8509,3.5894,2.8509,2.8509,4.813,4.6378,5.2987,6.2542,3.5894,2.0,11.5259,6.8644,2.4873,5.834,2.0,4.3272,7.0682,3.5894,2.0,2.0,4.6378,6.6033,4.5415,5.6149,5.6149,2.0,7.3499,2.0,3.3826,9.985,3.1411,10.333,3.3826,4.0754,2.4873,2.0,2.0,5.1758,2.8509,8.8318,3.7702,6.7179,4.8933,2.8509,2.0,2.4873,2.0,2.8509,5.3565,4.813,2.0,2.0,2.0,3.9309,2.0,5.517,4.2068,2.0,2.0,3.3826,2.0,3.1411,2.0,2.0,6.0241,2.0,3.1411,3.9309,3.7702,2.4873,6.9036,4.7281,2.4873,2.0,6.9229,4.5415,2.0,2.0,8.0289,2.8509,5.3565,3.7702,2.0,5.2987,2.4873,2.4873,8.4495,5.4654,2.0,2.0,4.6378,2.0,3.1411,4.813,6.1921,6.8644,2.0,2.0,3.3826,2.0,6.0937,7.4983,2.0,5.0414,2.4873,2.8509,3.3826,3.9309,4.5415,4.8933,4.0754,2.0,2.8509,7.9278,4.6378,5.412,4.7281,7.5974,8.2882,3.7702,2.0,6.3709,2.8509,3.1411,3.1411,3.3826,2.0,7.7879,8.2583,2.0,3.3826,2.4873,2.4873,5.1102,2.0,5.4654,4.4384,4.4384,5.9131,6.5548,6.2542,2.8509,4.6378,2.0,6.6502,3.7702,4.4384,2.4873,6.6502,5.2386,2.8509,5.2386,2.4873,7.2002,3.5894,2.0,5.1758,2.0,2.4873,2.0,2.0,2.4873,7.6902,3.5894,2.4873,2.8509,2.0,6.1273,3.1411,5.1758,2.0,4.7281,2.4873,8.5945,6.3426,2.0,2.8509,2.0,8.3321,2.8509,3.5894,3.1411,2.4873,3.1411,4.6378,4.5415,4.2068,3.5894,4.0754,5.2386,6.9974,2.0,8.527,2.8509,4.813,2.0,6.5792,5.9131,4.7281,2.0,3.7702,6.2843,3.5894,6.0593,2.0,6.0241,2.8509,4.6378,2.8509,6.7613,2.4873,2.8509,3.5894,2.0,3.3826,9.1379,6.1273,3.1411,2.0,3.9309,8.867,2.0,2.8509,2.8509,2.4873,2.8509,2.0,7.3919,2.0,3.5894,2.0,2.4873,3.7702,4.2068,6.3986,2.4873,2.8509,3.7702,2.0,5.7503,5.3565,2.0,2.8509,4.3272,7.4327,5.412,2.0,3.5894,5.2987,3.1411,3.5894,2.4873,4.0754,6.9606,3.3826,4.2068,3.3826,2.4873,2.8509,2.0,2.0,3.5894,5.2386,2.0,5.7503,7.5487,4.2068,3.7702,4.4384,7.2468,7.4724,2.4873,6.1601,6.4258,5.8741,2.0,3.9309,5.3565,6.3137,6.2235,2.0,5.2386,4.8933,4.0754,5.1102,2.8509,5.412,2.4873,2.0,2.4873,2.0,9.2715,2.4873,6.9974,2.8509,2.0,2.4873,5.2386,7.378,9.3553,2.4873,2.8509,4.8933,2.4873,2.4873,2.4873,5.4654,2.8509,11.1579,4.4384,4.0754,2.0,4.0754,4.813,2.0,6.4526,2.4873,6.5046,4.813,3.3826,4.4384,3.7702,4.0754,3.7702,6.1921,2.0,5.3565,8.0465,4.2068,4.3272,6.0241,7.3499,2.0,3.7702,3.3826,2.4873,control
GS005,B1,M,56,2.4319,8.5196,2.0,6.4784,4.6405,2.0,2.0,2.4319,2.7639,2.4319,3.4569,2.4319,5.5632,4.7936,2.7639,5.1744,2.4319,3.0336,7.8726,2.7639,5.6051,5.2291,5.6459,10.4208,4.7936,2.0,2.0,3.2607,2.4319,2.7639,2.4319,2.7639,2.0,7.578,9.3789,2.4319,3.7838,4.9965,2.0,2.7639,2.0,8.4863,2.0,3.2607,2.4319,2.0,4.5574,4.1668,2.4319,2.7639,9.8648,4.3753,10.4685,4.3753,2.4319,3.4569,2.4319,2.0,5.8342,2.4319,4.1668,2.0,2.7639,5.5632,2.0,6.7643,3.0336,5.7985,2.4319,2.7639,4.9965,2.0,2.4319,4.9965,2.0,3.0336,6.1781,3.4569,2.0,5.2818,2.4319,8.9767,8.1947,2.0,8.6853,4.932,3.0336,7.0339,3.0336,4.0501,3.0336,5.8691,9.0201,4.0501,5.2291,2.0,4.0501,4.3753,4.1668,5.8691,2.0,2.4319,2.0,3.7838,3.2607,2.4319,11.1484,7.261,2.0,3.6296,2.0,6.8009,4.5574,2.0,6.9871,2.4319,8.2421,9.4088,4.5574,2.0,3.6296,4.932,9.5282,4.9965,2.4319,2.4319,4.0501,5.1744,2.0,5.6459,6.1781,3.4569,7.3501,5.5632,2.0,2.7639,3.6296,5.7985,3.9231,3.6296,2.4319,2.7639,5.8342,6.0008,2.7639,3.6296,2.0,5.7618,3.2607,3.0336,6.8366,2.0,3.4569,2.0,2.0,2.4319,4.0501,2.0,4.1668,2.0,2.0,2.0,2.4319,2.7639,4.7191,4.3753,8.0503,3.0336,2.0,11.8667,7.6699,2.0,6.3851,2.0,4.5574,5.3327,3.0336,2.0,2.7639,4.6405,6.7457,3.6296,6.3109,4.0501,2.0,5.7618,2.4319,3.7838,8.351,2.4319,10.0567,3.4569,3.7838,2.0,2.0,3.0336,5.4753,2.0,9.5579,3.6296,6.6686,3.9231,2.0,2.0,2.4319,2.0,4.2748,3.4569,5.2291,2.0,2.0,3.4569,4.5574,2.0,6.15,2.7639,2.0,4.5574,3.2607,2.4319,2.7639,2.0,4.2748,5.1744,2.4319,2.0,3.9231,4.2748,3.4569,6.9386,5.3327,3.2607,2.0,7.578,4.1668,2.7639,2.7639,8.4975,3.7838,5.6459,3.0336,3.0336,4.6405,2.7639,2.7639,8.1387,3.9231,2.0,2.0,3.4569,2.0,3.4569,7.6298,6.8885,8.2553,2.4319,2.4319,2.7639,2.7639,7.4686,7.9882,2.0,4.3753,2.4319,3.9231,3.2607,3.7838,6.4325,6.6882,4.9965,2.0,2.7639,7.9561,3.6296,7.3987,4.1668,6.955,8.9321,4.5574,3.0336,7.2345,2.4319,3.6296,3.0336,4.0501,2.4319,6.6079,9.7027,2.4319,2.0,2.0,2.0,4.3753,2.7639,3.2607,5.0583,4.932,6.9054,5.8691,5.6459,2.0,3.6296,2.7639,5.8342,4.6405,4.0501,2.0,4.3753,5.5199,4.8644,5.2291,2.0,4.9965,2.4319,2.0,6.3361,2.0,2.0,2.4319,2.0,2.0,8.9966,3.0336,4.2748,3.0336,2.0,4.7936,3.2607,4.8644,2.4319,5.3818,2.0,7.4224,4.2748,2.0,2.0,3.0336,9.0278,2.7639,4.1668,4.7191,2.7639,2.7639,5.1744,5.3327,3.0336,4.6405,3.2607,3.7838,6.9054,2.4319,7.3377,4.6405,3.6296,2.4319,5.6856,5.6459,4.0501,2.4319,3.0336,4.2748,3.2607,6.3109,2.0,6.6284,4.1668,4.8644,2.0,7.1233,2.0,2.7639,4.9965,2.0,6.1781,10.3806,7.4341,3.0336,2.0,4.0501,7.0793,2.4319,3.4569,3.2607,2.0,3.7838,4.2748,7.1088,2.4319,7.3501,2.0,2.7639,3.0336,6.5446,6.7827,2.0,3.0336,3.0336,2.4319,7.0029,5.8342,2.7639,2.0,2.0,5.7618,6.4325,2.7639,2.0,5.3327,2.4319,3.2607,2.0,3.2607,7.0185,3.0336,4.0501,4.3753,3.4569,2.7639,3.7838,2.4319,4.5574,5.4293,2.7639,6.0623,5.8342,5.5199,2.7639,3.0336,6.7077,6.9386,3.4569,4.8644,4.932,6.2057,2.4319,3.2607,4.6405,6.9871,5.2818,3.0336,5.2818,3.4569,4.7936,4.3753,2.4319,5.7618,2.0,2.0,2.7639,2.4319,6.8189,4.4692,5.969,2.7639,2.0,2.7639,7.3377,7.9722,7.8201,2.0,3.9231,3.7838,3.4569,2.7639,2.4319,5.7985,3.2607,9.3758,5.7618,5.3818,2.4319,3.6296,4.7936,2.0,4.8644,3.7838,5.969,4.6405,2.4319,2.4319,2.0,4.3753,3.0336,7.0644,2.7639,4.2748,6.7077,4.3753,4.5574,6.5008,7.2211,2.7639,2.4319,2.4319,2.7639,control
GS006,B1,M,35,3.1743,5.9885,2.8781,7.0096,5.8901,2.2744,2.0,2.7035,2.8781,2.5048,3.9756,2.0,3.0338,5.0219,2.7035,3.7244,2.8781,3.8966,6.7424,2.0,6.2006,5.4937,4.2542,7.8152,4.7347,2.0,2.2744,2.7035,2.0,2.8781,2.2744,3.0338,2.7035,7.5116,8.7583,3.42,4.1216,3.8966,3.0338,2.5048,4.3162,6.8615,2.0,3.5288,2.2744,2.2744,3.5288,4.8227,2.5048,3.6299,10.0277,3.5288,13.3022,5.0587,2.5048,2.0,2.5048,2.0,5.3231,2.0,5.4109,3.1743,3.3024,2.8781,2.0,7.963,2.5048,7.4015,2.2744,2.7035,2.8781,2.0,2.2744,6.116,2.5048,2.5048,6.637,2.7035,3.0338,4.5916,2.7035,7.505,7.6802,2.2744,9.2323,6.5494,3.42,8.1744,2.7035,2.0,2.5048,6.1333,6.8511,5.0219,4.9455,2.0,3.8966,2.0,2.8781,7.0466,2.2744,2.5048,2.0,3.0338,3.1743,3.1743,9.4826,8.8529,2.0,3.5288,2.5048,4.0504,5.0587,2.2744,6.1841,2.0,7.7935,9.3425,3.8966,2.5048,4.3162,2.0,7.8884,4.4877,2.2744,3.1743,4.7347,4.9455,2.0,5.7844,4.4327,2.8781,7.1609,5.3529,2.0,2.8781,2.8781,6.1333,4.8648,5.0587,3.0338,2.0,4.6409,6.7081,2.2744,4.1216,3.6299,6.7648,2.7035,3.42,6.673,2.5048,3.1743,2.0,2.0,2.2744,4.3756,2.2744,3.6299,2.0,2.5048,2.0,3.7244,3.5288,2.7035,5.0945,8.3771,3.6299,2.5048,11.219,6.8511,2.0,4.4877,2.0,4.2542,4.5916,2.7035,2.0,2.2744,4.9842,5.6464,3.9756,5.6464,5.3529,2.0,6.8615,3.0338,4.4877,8.1952,2.5048,7.692,3.3024,4.6409,2.0,2.0,2.2744,5.2295,3.0338,8.4822,3.1743,7.2188,4.4877,2.2744,2.2744,2.0,2.7035,3.6299,6.9025,5.8695,2.0,2.2744,3.1743,3.1743,3.42,6.0261,4.6409,2.0,2.5048,2.8781,2.0,2.7035,2.0,3.9756,6.8719,2.2744,2.5048,5.3231,4.5916,2.8781,6.296,6.2331,3.0338,2.0,5.4667,3.42,2.0,2.5048,8.6779,2.7035,6.0446,5.3231,3.3024,5.6938,2.2744,3.42,7.3943,4.3162,2.0,2.0,4.6409,2.0,4.1894,6.6848,6.0985,6.8511,2.2744,2.2744,2.8781,2.5048,7.0916,8.2597,2.8781,5.6703,2.7035,4.3756,3.0338,4.0504,5.6703,4.8227,3.7244,2.2744,3.0338,7.3799,6.4968,7.1777,4.1216,6.1333,7.963,3.5288,2.7035,5.1636,2.2744,3.1743,3.5288,2.7035,2.8781,7.8935,7.9137,2.5048,2.0,2.0,2.0,4.3756,2.2744,2.7035,4.1216,2.7035,5.1969,5.5203,5.4109,2.8781,4.4327,2.0,5.1969,5.2295,3.6299,3.3024,7.1267,4.4327,3.1743,4.8227,2.0,6.296,3.0338,2.2744,4.8648,2.2744,2.7035,2.5048,2.2744,2.0,7.0557,3.5288,3.0338,3.3024,2.0,3.42,4.7347,5.2614,2.0,6.3113,2.2744,7.3357,2.7035,2.0,2.5048,3.0338,7.799,3.5288,3.5288,3.3024,2.2744,3.42,5.4667,6.5364,3.6299,4.0504,3.1743,4.3162,6.3415,2.5048,5.7844,2.5048,3.9756,2.2744,5.1294,5.0587,3.5288,2.0,3.9756,4.5916,3.7244,3.813,2.7035,6.8615,3.9756,5.2295,2.7035,4.4877,2.0,2.7035,3.0338,2.0,5.5721,9.9492,7.3943,3.42,2.7035,4.3756,8.845,2.5048,2.7035,2.7035,2.7035,3.1743,2.7035,6.9025,2.5048,4.3162,2.0,2.8781,4.5916,4.3756,7.7266,2.5048,3.3024,4.1216,2.0,6.9126,5.1969,3.8966,2.0,4.1216,7.0002,4.0504,2.8781,2.7035,5.0219,2.2744,4.0504,2.2744,3.5288,6.4698,4.1216,3.9756,3.5288,2.2744,2.8781,3.5288,2.7035,3.8966,6.83,2.2744,6.7536,5.1969,3.7244,3.3024,3.0338,8.0882,6.0628,3.0338,4.7794,4.9057,5.2614,3.0338,2.7035,3.7244,6.2331,6.3113,2.5048,4.7347,4.7347,4.6409,4.4877,2.5048,6.0261,2.0,2.0,2.0,2.2744,9.6797,4.6409,5.4667,2.8781,2.2744,3.3024,5.8061,5.3822,8.2518,2.2744,5.1969,4.2542,3.3024,2.7035,2.5048,5.8695,3.1743,8.4822,6.0446,4.4327,2.0,4.3756,3.42,2.5048,6.8406,2.7035,7.9087,5.3529,3.1743,3.5288,2.7035,4.0504,3.0338,4.4877,2.0,5.8061,7.186,5.1969,6.1333,5.0219,6.5749,2.5048,3.7244,3.42,2.5048,control
GS007,B1,M,36,3.1124,8.15,2.3679,6.3753,5.4432,2.9042,2.0,2.6608,2.3679,3.601,3.8538,2.0,4.8858,3.7329,2.3679,2.9042,2.3679,3.601,7.5604,2.3679,4.7048,4.3411,5.8732,9.9822,4.995,2.0,2.0,4.5701,2.0,2.9042,2.0,2.9042,2.0,8.4855,9.2677,2.6608,2.6608,4.3411,2.6608,2.0,3.4558,8.0523,2.3679,2.6608,2.3679,2.9042,5.9833,3.9653,2.0,3.2943,7.4206,2.9042,10.1627,5.9293,2.9042,3.1124,2.3679,2.0,3.2943,2.9042,3.1124,3.1124,2.6608,5.7847,2.6608,7.6878,2.9042,6.204,2.3679,2.3679,3.8538,2.3679,2.0,6.8811,2.3679,3.8538,6.2266,4.7048,2.0,5.4042,3.2943,8.9596,7.6797,2.0,9.6227,6.355,2.6608,7.2328,2.3679,2.0,2.3679,6.8953,5.9293,3.4558,5.8732,2.3679,3.601,3.4558,4.8858,6.4917,2.3679,3.601,2.6608,4.8858,3.9653,4.0689,11.3261,8.8293,2.0,4.1654,2.0,6.7932,3.4558,2.0,6.8811,2.0,8.2743,8.247,4.256,2.0,4.3411,5.0964,7.8492,4.3411,2.3679,2.9042,2.9042,6.4347,2.0,5.6241,5.754,3.4558,8.258,4.3411,2.0,3.601,2.9042,7.1643,2.6608,4.4978,3.4558,3.2943,4.256,6.355,2.0,2.6608,3.7329,5.1913,2.9042,2.3679,6.1341,2.3679,4.4216,2.0,2.0,2.0,4.8279,2.0,3.2943,2.0,3.2943,2.3679,2.6608,3.8538,4.8858,4.4978,8.7222,3.601,3.1124,11.8879,7.3607,2.6608,6.5993,2.3679,4.3411,5.0964,3.8538,2.0,2.0,6.7471,7.0801,2.3679,5.9015,5.2802,2.0,7.0551,2.9042,5.2802,9.7949,2.6608,9.076,4.4978,4.995,2.0,2.9042,3.1124,7.1047,2.6608,7.7436,4.3411,6.4347,3.8538,2.6608,2.3679,2.0,2.6608,4.4216,5.0964,3.601,2.0,2.0,2.3679,3.7329,3.4558,5.9833,4.1654,2.0,3.601,4.4978,2.3679,3.1124,2.0,3.9653,5.4042,2.6608,3.2943,4.4978,5.5183,2.3679,6.5285,4.3411,2.6608,2.0,7.4304,3.2943,2.6608,4.4978,8.7222,3.2943,4.3411,3.8538,2.0,4.9414,2.3679,2.6608,8.4855,4.3411,2.0,2.3679,5.2802,2.3679,4.4216,7.1047,4.7677,8.6697,2.0,2.3679,2.6608,2.0,6.9506,8.1734,2.0,6.9906,2.3679,3.4558,3.4558,4.7048,6.8231,5.6577,4.8858,2.9042,3.2943,7.6466,5.8443,7.0038,5.5897,8.0523,9.3776,3.1124,2.6608,8.0586,2.6608,3.2943,5.4042,2.0,2.0,8.0523,8.929,2.3679,2.9042,2.0,2.0,3.8538,2.6608,4.3411,3.1124,3.8538,6.8524,5.7226,5.6577,2.3679,4.639,2.0,4.9414,4.4978,3.1124,2.9042,5.7847,4.3411,3.601,6.1578,2.0,8.3011,4.0689,2.3679,6.5285,2.6608,2.6608,2.9042,2.3679,2.0,6.6833,3.7329,4.0689,2.6608,2.0,4.9414,3.2943,6.0353,2.9042,4.995,2.3679,6.8953,5.1913,2.3679,2.0,2.6608,8.5717,3.1124,2.3679,4.9414,2.0,2.0,4.3411,4.7048,4.5701,6.3954,2.9042,5.6241,6.5465,2.3679,7.3193,3.601,4.256,2.0,6.5993,5.1913,4.0689,2.0,4.5701,4.5701,2.6608,4.995,2.6608,5.5544,3.1124,4.5701,3.2943,7.2216,2.0,4.8279,4.3411,2.0,5.0466,9.4441,8.046,3.2943,2.6608,4.3411,8.1964,2.6608,2.6608,2.3679,2.3679,3.4558,3.4558,6.8953,2.6608,7.6298,2.0,2.6608,2.6608,4.3411,7.5781,2.6608,2.9042,4.4978,2.0,7.0551,6.3134,2.3679,2.3679,4.7048,6.7932,3.7329,4.4978,3.8538,5.2802,2.3679,5.7847,2.0,3.1124,6.5102,3.2943,4.4978,3.1124,2.3679,3.1124,4.0689,2.9042,2.6608,7.0801,2.3679,5.5544,5.2802,6.1341,2.9042,3.4558,7.0924,6.8378,2.9042,6.2488,6.6833,4.256,3.601,2.3679,6.1578,4.995,7.5955,2.3679,5.7226,5.7847,4.8858,4.0689,2.9042,6.7314,2.6608,2.0,3.1124,2.0,9.198,2.9042,6.2488,2.3679,2.3679,3.8538,4.4978,6.11,9.6605,2.0,2.9042,6.8378,2.3679,2.6608,2.6608,4.9414,2.6608,9.5007,5.6241,6.3753,2.0,3.9653,4.4978,2.6608,7.1288,2.6608,6.4152,5.2364,4.1654,3.1124,2.3679,4.639,2.3679,4.7677,2.0,5.5544,8.3888,5.5897,3.1124,5.2802,7.5868,2.0,3.7329,5.2364,2.3679,control
GS008,B1,F,55,2.514,8.617,2.0,7.8128,3.1916,2.8922,2.0,2.514,2.514,2.514,3.6508,2.8922,4.2786,5.3807,2.0,4.6173,2.514,3.6508,5.9188,2.514,5.6503,6.8912,4.6173,9.1303,6.1097,2.0,2.0,3.9986,2.0,3.4394,2.514,2.514,2.0,7.6001,8.5723,3.6508,2.514,3.9986,3.1916,2.8922,4.7146,7.4808,2.0,3.4394,2.0,2.0,5.7455,4.8914,2.0,4.1453,9.4669,5.257,11.1391,4.6173,2.514,2.514,2.514,3.1916,3.8351,2.0,3.1916,2.0,3.1916,4.7146,2.514,6.5395,2.514,5.3807,2.0,2.0,3.4394,2.0,2.0,7.011,2.0,2.8922,5.3202,3.9986,2.0,4.2786,3.4394,8.0825,9.117,2.0,10.9573,4.1453,2.514,4.2786,2.0,4.7146,4.4005,5.3807,8.4075,6.1097,6.4292,2.0,3.4394,2.514,4.9723,5.8773,2.0,3.4394,2.0,2.8922,4.7146,2.514,11.4153,9.1992,2.0,4.6173,2.514,6.1097,4.6173,2.0,5.4388,2.0,8.4854,7.3506,4.8057,2.514,3.8351,2.514,8.4922,5.1217,2.0,2.8922,4.513,5.3202,2.514,5.959,4.6173,4.4005,5.8773,5.5484,2.0,2.8922,2.8922,6.3406,3.4394,2.8922,3.1916,3.8351,4.8057,7.3506,2.0,4.513,4.4005,5.4947,2.514,2.8922,5.9982,3.1916,2.514,2.0,2.0,2.0,4.8914,2.0,3.9986,2.514,3.1916,2.0,2.514,3.8351,3.8351,4.8914,7.32,2.0,2.0,10.5755,5.9188,2.0,3.9986,2.0,3.6508,6.0363,3.6508,2.0,2.0,7.4099,4.9723,3.1916,6.7144,5.4947,2.0,8.3929,3.1916,3.9986,9.1435,3.1916,8.2297,4.2786,4.4005,2.514,2.0,2.514,7.1566,2.514,9.6776,2.514,5.6003,2.8922,3.1916,2.514,2.0,2.514,4.7146,5.4947,5.3807,2.0,2.8922,2.0,4.513,2.0,5.6503,4.4005,2.0,3.8351,2.0,2.0,2.514,2.0,3.4394,4.7146,2.0,2.514,4.6173,4.2786,2.514,6.3098,3.4394,4.4005,2.0,7.03,3.8351,2.0,2.8922,10.9157,2.514,6.3707,5.6503,2.514,4.8914,2.0,3.1916,10.2317,3.9986,2.0,2.0,4.8057,2.0,3.8351,5.9188,7.011,7.3806,2.514,3.6508,4.2786,2.0,6.5127,7.4387,3.1916,4.1453,2.8922,4.6173,2.514,3.9986,5.1217,4.9723,5.0489,2.0,2.0,7.4387,5.9982,7.03,4.8057,6.0363,8.2541,4.8914,2.514,6.4854,2.0,2.0,3.9986,2.514,2.0,7.2729,8.8543,2.514,2.514,2.0,2.0,3.4394,2.8922,4.2786,3.6508,2.514,6.5658,5.1909,5.4947,3.1916,4.513,2.0,5.9982,4.513,2.514,4.4005,5.8773,5.7908,3.8351,5.1217,2.0,6.9119,3.9986,2.8922,6.5127,2.8922,2.514,2.8922,2.0,2.0,8.6481,2.0,3.6508,3.1916,2.0,5.1217,4.2786,5.7908,2.0,5.6987,2.514,7.1215,4.8914,2.0,2.514,2.0,8.7084,3.1916,3.8351,4.8057,2.514,2.8922,5.1217,5.959,4.6173,3.8351,3.9986,3.8351,6.9721,2.0,7.1391,4.1453,4.1453,2.514,6.3098,6.0363,3.4394,2.8922,3.4394,5.4947,3.1916,5.9188,2.0,6.6665,3.6508,5.3807,2.8922,5.9188,2.0,2.514,4.1453,2.0,5.4947,8.7084,7.5874,2.8922,2.0,4.6173,8.4785,2.514,3.1916,2.8922,2.8922,3.1916,3.4394,6.7144,3.4394,6.2132,2.0,2.514,2.0,6.642,6.6171,2.0,2.0,4.4005,2.514,7.5745,6.8055,2.514,2.0,4.6173,5.8347,5.0489,3.1916,3.6508,5.6987,2.0,2.514,2.0,2.8922,6.4576,3.6508,3.9986,4.7146,2.8922,3.6508,3.8351,2.514,2.514,4.6173,2.8922,7.011,7.3806,3.6508,3.6508,2.514,5.6003,6.8703,3.1916,5.3202,6.6171,5.959,4.513,2.0,5.0489,6.145,6.4576,2.514,5.0489,5.7908,3.6508,3.9986,2.0,6.1097,2.0,2.0,3.1916,2.514,8.2297,3.4394,3.9986,2.0,2.0,3.1916,7.03,7.1215,8.3781,2.0,4.6173,7.2569,2.8922,2.8922,2.8922,5.9982,3.1916,10.5494,6.7832,5.7455,2.0,4.513,3.8351,2.514,5.7908,2.514,6.2783,5.7908,3.8351,3.1916,2.8922,4.7146,3.6508,3.9986,2.0,5.959,7.6624,5.4388,5.8347,4.8914,7.2406,2.8922,3.6508,4.6173,2.0,control
GS009,B1,M,67,2.4675,7.9508,2.0,7.163,3.1031,2.4675,2.4675,3.7209,2.0,2.0,2.0,3.1031,4.579,3.3397,2.4675,2.82,2.82,4.2712,7.163,2.0,4.0221,5.1135,4.8326,8.1889,4.579,2.0,2.0,3.3397,2.0,2.82,2.0,2.0,2.82,7.9773,10.0037,3.5428,4.4836,3.8793,2.82,2.4675,4.0221,7.163,2.4675,4.2712,2.0,2.4675,4.9799,4.0221,3.3397,4.2712,10.989,5.4017,10.7027,5.8475,3.5428,3.5428,2.82,2.4675,4.9081,2.0,5.0482,3.3397,2.4675,4.6686,2.4675,7.8491,3.3397,3.8793,2.0,2.82,4.152,2.0,2.0,6.9111,2.0,3.3397,4.7529,3.5428,2.0,5.3484,2.4675,9.5675,7.9685,2.4675,9.296,4.8326,3.1031,4.2712,2.4675,2.82,4.3813,7.1475,8.4824,4.152,5.1759,2.0,4.3813,3.7209,3.5428,7.9597,2.0,4.579,2.4675,4.0221,3.5428,3.1031,11.2055,8.2039,2.0,4.9081,2.0,8.2039,3.5428,2.4675,6.4117,2.82,9.2203,9.3978,4.4836,2.0,3.7209,4.6686,8.4762,5.2357,2.0,2.82,4.152,4.152,2.0,3.7209,5.0482,2.4675,6.4117,5.8087,2.0,2.4675,2.82,5.6853,2.82,4.2712,2.0,2.0,4.3813,6.5595,2.0,4.7529,2.0,7.0172,2.4675,2.0,5.3484,2.4675,4.3813,2.0,2.0,2.82,3.5428,2.0,4.579,2.0,3.1031,2.0,3.1031,5.0482,2.4675,5.1135,6.8163,4.152,2.4675,12.1548,6.7148,2.82,5.0482,2.0,5.5025,6.4117,3.1031,2.82,2.0,6.3856,6.5119,3.3397,6.4117,6.304,2.4675,8.5428,2.4675,4.152,9.2819,2.82,7.8962,3.3397,4.4836,2.82,2.82,2.4675,5.5025,2.82,9.1866,4.3813,5.5968,2.4675,2.0,2.0,2.0,2.82,3.7209,6.247,3.1031,2.0,2.4675,3.3397,3.1031,3.7209,6.0611,2.0,2.0,2.82,3.3397,2.0,2.4675,2.4675,4.152,5.3484,2.0,2.0,4.152,4.6686,2.82,5.5025,4.2712,2.4675,2.0,5.9223,3.3397,2.0,4.152,8.752,2.82,5.7276,4.6686,2.0,5.8854,3.1031,3.3397,7.5641,4.2712,2.0,2.0,3.8793,2.4675,4.152,7.4167,6.2758,8.5605,2.82,2.4675,3.7209,2.82,5.1135,6.7965,2.0,5.7687,2.82,3.8793,2.4675,3.3397,7.0,5.5968,4.7529,2.0,2.0,7.0509,4.4836,7.2381,4.7529,6.8549,7.5757,2.82,2.0,7.4675,2.82,2.4675,5.0482,2.82,2.0,6.5595,7.8962,2.0,3.7209,2.4675,2.0,3.8793,2.4675,3.7209,4.3813,4.2712,5.2932,7.3907,4.9799,2.0,5.2357,2.0,3.5428,5.453,2.82,3.7209,5.6418,4.4836,3.8793,4.7529,2.0,6.3589,2.82,2.4675,7.8491,2.4675,3.3397,2.0,2.4675,2.0,6.7965,2.0,3.1031,2.82,2.0,4.6686,4.9799,4.9081,2.0,6.4875,2.0,7.1935,5.5968,2.4675,2.4675,3.5428,7.6435,2.4675,2.0,2.0,2.4675,2.4675,5.2357,5.5025,5.1759,3.8793,4.152,5.3484,7.0172,2.0,7.1319,2.82,3.5428,2.0,5.1135,6.247,4.0221,2.0,3.3397,6.2177,2.4675,6.1258,2.0,5.9582,3.8793,4.3813,2.4675,6.8163,2.0,3.5428,3.8793,2.0,4.6686,9.4743,5.6418,2.0,2.0,5.8854,7.7602,2.0,3.8793,2.82,2.0,3.3397,4.7529,5.6418,2.4675,5.8087,2.0,2.0,3.7209,5.0482,5.0482,2.0,2.0,3.3397,2.0,6.157,6.1877,2.0,2.0,3.5428,7.6763,5.2357,3.7209,3.1031,4.2712,2.4675,4.0221,3.1031,4.152,6.7765,3.1031,4.8326,4.152,3.1031,2.82,3.7209,2.0,3.1031,5.6853,2.4675,6.8739,7.1,2.0,3.3397,4.152,6.7148,5.5505,3.1031,6.3317,4.8326,6.7357,3.1031,2.4675,6.157,5.0482,7.1319,2.4675,5.5505,4.9081,4.0221,3.3397,3.1031,6.2758,2.4675,2.0,3.1031,2.4675,8.5008,3.5428,6.247,2.82,2.0,2.0,6.7148,7.5524,8.7874,2.0,3.3397,6.1877,3.1031,2.82,3.1031,6.2758,4.152,10.5431,6.1258,4.3813,2.0,3.3397,4.6686,2.0,4.8326,2.0,8.127,6.6056,2.4675,2.82,3.5428,4.6686,3.7209,3.7209,2.82,4.152,6.9651,6.3589,4.4836,5.3484,7.0509,2.0,3.3397,4.9799,2.0,control
GS010,B1,F,47,3.0376,6.1142,2.0,5.019,4.4527,3.3669,2.3371,3.2116,3.3669,2.3371,3.0376,3.2116,4.8712,4.4527,3.0376,4.1445,2.0,4.3068,7.2914,2.3371,6.2991,5.9519,4.9714,11.3095,5.6226,2.0,2.0,3.7522,2.3371,3.0376,2.3371,2.8396,2.6101,7.1273,9.2486,2.0,3.9617,4.4527,3.3669,2.8396,3.7522,7.7522,2.3371,3.2116,2.6101,2.3371,6.4971,4.9714,3.0376,3.6348,10.0426,3.3669,11.9851,4.9222,2.6101,2.0,2.3371,2.6101,4.7064,2.3371,5.527,2.6101,4.4527,5.1098,3.0376,8.377,2.3371,6.5628,2.6101,2.8396,4.2279,2.0,2.0,5.1952,2.3371,2.0,5.4937,3.0376,2.6101,4.5851,2.6101,8.6918,7.8277,2.0,8.798,4.7064,2.6101,6.7857,3.0376,3.7522,3.8607,4.7064,7.8542,4.3068,4.7064,2.3371,4.3816,2.6101,4.056,6.9666,2.0,2.3371,2.0,3.6348,5.019,3.6348,11.8501,8.1499,2.0,5.236,2.0,7.2219,4.8712,2.3371,4.3068,2.0,6.4457,8.7704,4.9222,2.0,3.2116,4.8183,8.1553,5.527,2.3371,3.5071,4.5851,4.3068,2.3371,6.4802,4.9714,2.6101,7.367,6.1993,2.0,2.8396,2.8396,5.527,3.6348,3.7522,3.8607,2.0,4.4527,7.43,2.3371,4.3816,2.0,5.769,2.3371,3.3669,3.8607,3.9617,4.2279,2.0,2.0,2.0,5.1952,2.0,3.8607,2.8396,2.6101,2.3371,2.8396,3.6348,4.8712,5.236,7.026,3.9617,2.3371,10.7402,8.2127,3.3669,3.8607,2.0,6.0921,5.7409,2.8396,2.0,2.3371,5.0651,6.6711,3.0376,5.6531,4.5851,2.0,8.101,2.6101,5.2758,9.9318,3.9617,8.112,3.8607,4.3068,2.6101,2.3371,3.0376,7.2719,2.0,8.4827,3.3669,6.0237,2.8396,2.0,2.3371,2.0,2.0,3.5071,7.0143,4.3816,2.0,2.0,2.8396,3.3669,2.3371,5.2758,3.5071,2.0,3.0376,3.2116,2.0,2.3371,2.3371,3.5071,3.0376,2.0,3.6348,4.2279,4.5851,2.8396,8.1284,6.1785,3.7522,2.0,7.3391,2.8396,2.0,4.056,7.9678,2.3371,7.0376,3.5071,2.6101,6.8397,2.0,3.0376,8.6621,4.9222,2.0,2.3371,4.4527,2.0,3.3669,7.1595,6.4105,8.5328,2.3371,2.8396,2.6101,2.3371,4.7634,8.0899,2.3371,4.7634,3.7522,3.3669,3.2116,4.7064,6.5303,4.5851,5.2758,2.3371,2.8396,7.4475,6.866,5.7122,5.683,4.5204,7.8476,4.056,3.3669,7.7166,2.0,3.2116,4.1445,2.3371,2.6101,6.4282,7.7802,2.0,2.8396,2.3371,2.0,4.3816,2.6101,4.2279,5.1531,3.0376,7.5401,5.527,4.056,2.3371,3.8607,2.6101,5.4247,4.2279,4.647,3.0376,3.0376,4.647,3.3669,6.0469,2.0,5.4596,4.3068,2.6101,7.2117,2.0,2.3371,2.3371,2.0,2.0,6.5467,3.0376,3.5071,2.8396,2.0,4.056,3.9617,5.4937,2.3371,5.8237,2.0,6.3743,5.8764,2.3371,2.3371,2.3371,8.9064,2.6101,2.0,3.2116,2.3371,2.6101,5.527,5.7122,3.9617,4.4527,5.1098,5.0651,8.3952,2.0,6.4457,4.056,4.2279,2.0,5.4247,5.9519,3.2116,2.0,3.5071,6.5303,2.8396,4.7634,2.0,6.2198,2.3371,5.236,2.3371,6.6257,2.3371,2.6101,2.6101,2.0,5.236,8.7281,8.1869,2.8396,3.2116,3.8607,8.4131,2.3371,3.6348,2.0,2.6101,2.0,3.5071,7.5483,2.3371,4.647,2.0,2.3371,4.5204,3.9617,6.8918,2.0,2.3371,4.1445,2.0,5.3145,6.8264,3.5071,2.3371,4.2279,7.3761,5.8764,4.056,2.6101,4.3068,2.8396,5.4937,2.0,3.9617,5.3145,3.0376,3.7522,4.056,3.3669,2.3371,3.5071,2.6101,4.056,6.1785,2.6101,7.2914,6.4971,5.6531,2.0,2.6101,5.902,6.641,4.2279,5.236,6.5303,5.4247,3.2116,4.3068,6.7006,5.7122,6.4457,2.0,5.019,4.9222,4.3816,5.236,2.8396,6.0002,2.3371,2.0,2.6101,3.0376,6.0237,4.8712,4.9714,2.6101,2.0,2.3371,5.236,6.8529,8.0272,2.0,3.6348,6.3559,2.3371,2.6101,2.0,5.4937,2.6101,9.8972,5.8237,5.3521,2.0,3.5071,3.0376,2.0,6.4802,2.0,6.5788,5.2758,3.0376,3.7522,2.8396,4.056,3.3669,5.4937,2.8396,6.0921,7.8075,5.3889,5.4937,5.3145,5.527,2.8396,2.8396,3.3669,2.0,control
GS011,B1,M,46,3.4814,7.7131,2.3289,6.2419,5.5231,3.4814,2.0,2.0,2.3289,2.3289,3.0173,3.0173,4.552,4.3494,3.6079,3.4814,2.5965,4.1138,5.5549,2.0,4.6136,6.6027,4.2751,7.1523,4.7842,2.0,2.0,3.7243,2.8222,2.3289,2.5965,2.3289,2.0,6.6178,10.0086,3.3426,3.1891,3.4814,3.7243,2.3289,4.4876,6.9401,2.0,3.0173,2.8222,2.0,6.0094,2.5965,2.0,2.8222,9.8155,5.0301,11.5145,5.8648,2.0,2.8222,2.5965,2.0,2.0,3.1891,4.8876,3.1891,3.0173,3.6079,3.3426,8.9736,2.3289,5.0746,2.3289,2.0,4.9841,2.0,2.0,3.1891,2.0,3.0173,5.3885,4.2751,2.0,2.5965,3.9321,8.8219,6.5085,2.0,8.5457,3.8319,2.8222,6.7054,2.3289,3.3426,3.4814,5.9628,8.1318,4.8876,5.8899,2.3289,3.0173,2.0,4.4201,5.4234,2.3289,2.8222,2.0,4.2751,4.3494,3.0173,12.6686,6.9757,2.0,4.6727,3.0173,7.2232,4.4201,2.8222,6.459,2.0,6.9757,8.8414,4.4201,2.5965,3.3426,4.9841,9.889,4.3494,3.4814,3.0173,4.8368,5.4234,2.3289,6.1198,4.1138,4.4876,7.6847,5.5231,2.0,2.5965,2.5965,6.866,3.3426,5.3162,2.8222,2.0,4.9367,5.4574,2.3289,3.6079,2.3289,6.5085,3.0173,3.3426,4.6136,2.8222,2.5965,2.0,2.0,2.0,2.5965,2.0,4.8368,2.5965,3.1891,2.0,2.5965,4.1967,4.0258,4.9841,6.6027,3.6079,2.3289,11.1421,6.8012,3.0173,3.7243,2.0,3.6079,5.5231,3.1891,2.0,2.0,6.5085,6.0094,3.4814,6.1409,5.2401,2.0,5.586,2.0,4.7842,8.8381,3.3426,9.2065,3.8319,5.0301,2.3289,2.0,2.0,6.8144,2.5965,9.5557,4.6136,3.7243,3.1891,2.5965,2.0,2.0,2.0,4.4876,6.8404,4.552,2.0,2.0,2.5965,2.8222,2.3289,6.3545,4.1967,2.0,2.5965,4.2751,2.0,4.0258,2.3289,3.3426,5.7597,2.3289,3.1891,3.7243,3.7243,3.3426,5.0301,4.6136,2.5965,2.0,6.7879,3.4814,2.0,3.7243,9.3982,3.6079,6.3902,4.3494,3.0173,4.1138,2.0,3.1891,7.741,4.2751,2.0,2.0,3.9321,2.5965,4.0258,6.7879,6.3545,7.2718,2.0,2.8222,4.1967,2.0,5.1178,6.1616,2.5965,4.8876,3.7243,3.4814,3.6079,2.8222,2.8222,4.1967,3.0173,2.0,2.5965,6.6027,5.9863,5.2787,5.8648,4.8368,7.6847,3.9321,3.1891,7.1831,2.0,3.3426,3.7243,3.3426,2.0,6.866,7.8216,2.0,2.0,2.3289,2.0,3.8319,2.8222,4.0258,4.1138,3.4814,5.586,4.1967,2.8222,2.3289,5.4234,3.0173,5.3528,4.7295,2.0,3.7243,6.425,4.1967,3.9321,3.9321,2.0,7.8346,2.3289,2.5965,7.0556,2.8222,3.0173,2.8222,2.0,2.0,7.1208,3.1891,2.5965,3.0173,2.0,5.3885,3.4814,4.0258,3.0173,5.8392,2.3289,6.6768,4.0258,2.3289,3.1891,2.0,9.0812,3.0173,2.8222,4.8876,2.3289,2.0,7.0105,6.6178,3.3426,3.3426,4.8368,2.3289,6.4757,2.3289,6.7054,3.4814,3.9321,2.3289,6.2613,7.3463,4.0258,2.0,3.7243,4.6727,4.2751,6.9639,2.0,6.7195,3.1891,5.1178,3.1891,4.7295,2.3289,2.3289,3.1891,2.0,5.6754,9.407,7.5093,2.3289,3.1891,4.3494,7.1626,2.5965,3.3426,2.3289,2.3289,3.0173,3.1891,6.5874,2.0,5.9146,2.0,2.0,2.3289,4.0258,7.3188,2.3289,2.5965,3.0173,2.3289,7.0219,5.9146,2.0,2.0,4.8876,7.1418,4.552,3.8319,2.3289,6.3364,2.0,3.4814,2.0,3.4814,6.5085,3.0173,4.8368,3.3426,3.1891,2.5965,3.4814,2.0,4.8876,6.5085,4.9367,6.572,5.2401,4.1967,4.3494,4.3494,6.3545,6.9757,3.4814,4.1967,6.8404,6.5874,3.3426,2.3289,4.1967,6.9874,6.7745,2.3289,5.2787,4.6727,3.8319,4.3494,3.0173,4.2751,2.0,2.0,3.1891,2.0,7.3188,2.0,6.2804,2.3289,3.1891,2.5965,5.2401,5.8392,8.9588,2.3289,3.6079,5.9389,2.8222,3.1891,2.5965,5.6164,3.1891,10.434,5.6164,5.2005,2.0,2.5965,5.5549,2.0,6.318,2.8222,7.1208,5.1178,2.5965,3.3426,4.1138,5.7321,3.6079,5.5231,2.3289,5.0301,6.5406,5.3885,4.8876,3.7243,7.8603,2.0,3.9321,4.2751,2.0,case
GS012,B1,F,31,3.0874,8.4264,2.0,6.7906,3.3824,2.4021,2.0,2.9739,2.215,2.215,2.5676,2.215,3.2906,3.8999,2.8508,3.6272,2.0,3.6272,6.3423,2.0,5.2009,4.6924,4.327,8.1046,5.2505,2.0,2.0,2.9739,2.215,2.8508,2.4021,2.5676,2.215,4.7624,9.131,3.4687,3.8364,3.1926,2.215,2.215,3.6272,7.408,2.0,3.6272,2.9739,2.7162,4.8291,2.4021,3.0874,2.9739,8.1673,4.1292,12.536,4.7278,2.4021,2.9739,2.215,2.0,4.7624,2.215,4.28,3.1926,3.2906,2.5676,2.4021,9.1293,2.4021,5.3218,2.215,2.9739,4.0752,2.0,2.0,6.1726,2.215,2.9739,4.28,3.0874,2.4021,4.327,3.0874,7.7812,7.0782,2.0,7.9445,4.7624,2.0,5.2747,2.4021,2.4021,3.5501,7.3805,7.7121,5.4756,5.6519,2.0,2.9739,3.8364,4.1812,6.038,2.0,2.8508,2.4021,2.7162,4.0191,2.9739,13.0997,6.7307,2.0,3.4687,2.215,5.9657,3.1926,2.215,5.1496,2.0,8.27,8.267,4.0191,2.0,4.1812,2.8508,8.3056,4.1812,2.4021,2.7162,3.6272,4.1812,2.215,6.2355,4.8614,4.2315,6.5144,6.4416,2.215,2.215,3.3824,5.2505,2.8508,3.5501,2.8508,2.4021,3.7003,4.9238,2.215,3.0874,2.9739,6.4093,2.215,2.9739,4.6188,3.0874,3.1926,2.0,2.215,2.4021,4.5009,2.0,3.4687,2.4021,3.2906,2.0,2.8508,3.3824,3.6272,5.5762,6.5545,3.1926,2.7162,10.7841,6.8237,2.4021,5.4117,2.0,3.1926,6.2599,2.4021,2.215,2.4021,5.7586,6.5741,3.5501,5.4756,4.6924,2.0,6.6682,2.9739,3.77,7.6535,3.8999,6.3983,3.7003,4.7624,2.4021,2.0,2.5676,6.5446,2.0,5.4117,3.9607,4.5413,3.1926,2.0,2.215,2.0,2.215,3.77,6.1467,4.0752,2.4021,2.215,3.3824,3.8364,2.7162,5.0127,3.0874,2.0,2.4021,2.215,2.5676,3.1926,2.215,2.7162,5.4333,2.215,2.215,3.3824,4.1292,2.4021,5.5566,4.8291,2.8508,2.0,5.7062,2.8508,2.5676,2.8508,7.5335,3.2906,5.0127,4.1812,2.8508,4.9837,2.215,2.4021,8.3085,4.3724,2.0,2.215,5.3897,2.0,4.1292,5.069,4.9541,7.879,2.0,2.0,3.7003,2.215,6.2355,6.1597,2.215,4.5413,2.5676,3.6272,2.4021,3.4687,4.893,3.77,3.2906,2.5676,3.0874,6.7307,5.4333,4.9837,3.8364,6.1854,7.2218,4.6188,3.4687,6.8561,2.5676,2.4021,3.0874,2.7162,2.215,6.5741,3.7003,2.215,2.5676,2.0,2.0,2.7162,2.215,3.4687,4.0191,3.0874,6.8237,6.603,5.5955,2.4021,3.2906,2.0,5.1233,5.0127,2.215,3.2906,5.9804,3.9607,2.4021,5.5762,2.0,5.5955,4.5413,2.0,6.872,2.215,2.215,2.215,2.0,2.0,7.8021,3.0874,2.9739,2.9739,2.0,2.7162,3.5501,4.8291,2.215,4.7278,2.0,5.3897,4.4165,2.0,2.215,2.0,8.3854,2.215,2.215,3.0874,2.0,3.1926,5.7586,7.228,4.28,2.0,2.5676,5.0411,6.7652,2.215,5.4756,2.8508,4.4165,2.0,5.8418,5.8578,2.5676,2.215,3.7003,4.9238,2.7162,6.0238,2.0,6.7822,2.215,3.8364,2.0,5.2747,2.0,3.3824,4.0191,2.215,3.5501,8.4318,5.7239,2.8508,2.4021,4.656,8.2335,2.0,3.0874,2.4021,2.5676,2.215,2.5676,6.5346,2.8508,5.0411,2.0,2.0,3.3824,5.4333,8.7249,2.0,3.4687,2.7162,2.0,7.0364,5.6334,2.4021,2.0,3.4687,6.7219,5.5566,2.4021,2.9739,5.2009,2.5676,3.8364,2.0,2.215,6.3423,3.7003,3.8364,3.1926,2.0,2.7162,2.9739,2.4021,3.7003,5.2009,3.1926,4.6924,4.5413,3.77,2.0,4.0191,5.3448,6.0797,2.215,5.4333,6.3761,4.5009,2.5676,3.5501,4.7624,6.2232,4.7961,2.0,5.6703,5.1755,3.1926,4.3724,2.215,4.5413,2.0,2.0,2.9739,2.215,9.0615,4.327,6.1597,2.7162,2.5676,2.0,5.2259,7.1712,7.9926,2.215,5.5368,6.052,2.9739,3.1926,2.215,3.5501,3.6272,11.3519,5.8895,4.0191,2.0,3.3824,6.4837,2.215,6.0934,2.8508,6.2232,4.0191,3.5501,3.8999,2.215,3.3824,3.0874,5.2505,2.0,5.0411,6.9187,4.7278,4.0191,4.6924,5.5955,2.0,2.215,4.28,2.4021,case
GS013,B1,M,47,2.3388,6.165,2.3388,6.2275,4.5918,2.0,2.0,2.3388,2.0,2.3388,3.9676,3.0417,4.2343,3.2162,2.6129,2.6129,3.5123,4.3881,6.9249,2.0,5.0261,4.7132,5.1603,7.9512,5.567,2.0,2.6129,3.9676,2.3388,2.0,2.6129,2.3388,2.3388,5.7484,8.9581,2.3388,2.3388,3.8666,3.2162,2.3388,3.9676,7.5723,2.6129,2.3388,2.8432,2.0,4.7703,2.8432,2.3388,3.7579,9.5716,3.9676,12.3519,6.2275,2.6129,3.2162,2.3388,2.0,2.3388,2.3388,3.7579,2.6129,3.0417,5.2432,2.3388,9.85,2.0,4.8781,2.0,2.0,3.7579,2.0,2.0,6.4002,2.8432,3.0417,6.2477,4.5918,2.0,3.5123,3.7579,5.5988,6.2069,2.0,9.1396,4.9784,2.3388,6.4002,3.0417,2.3388,4.2343,5.4669,7.4466,4.9784,6.4359,2.3388,3.7579,2.0,3.6403,7.3563,2.0,2.6129,2.6129,3.2162,2.3388,2.8432,13.0854,8.7749,2.0,4.5271,2.3388,6.0772,3.6403,2.6129,7.0103,2.0,9.3578,6.7229,3.2162,2.6129,3.3718,4.4592,8.9764,5.3217,3.5123,2.6129,4.3881,4.4592,2.0,5.432,4.3881,3.2162,6.6487,5.2023,2.0,2.3388,2.8432,7.0454,4.5271,3.6403,2.3388,3.2162,5.3961,4.3881,2.0,3.2162,3.2162,4.2343,2.8432,2.0,4.1508,2.0,4.4592,2.0,2.0,2.0,3.2162,2.6129,3.0417,2.0,2.8432,2.0,3.0417,2.6129,4.2343,5.2432,6.2069,2.3388,2.8432,8.348,6.0772,2.3388,5.7197,2.0,3.0417,6.3259,3.0417,2.0,2.0,3.9676,6.6179,2.3388,5.5344,4.8252,2.0,6.6937,2.0,4.3132,9.7805,5.5988,7.6953,3.7579,3.9676,2.0,2.6129,3.0417,5.7765,2.0,8.9974,4.1508,6.6023,2.0,2.6129,2.8432,2.0,2.0,2.3388,6.7373,4.7132,2.3388,2.0,2.0,2.6129,2.3388,5.2432,2.8432,2.0,2.3388,3.3718,2.0,3.2162,2.3388,2.8432,5.283,2.0,2.6129,4.0621,3.5123,3.2162,6.2874,4.2343,3.2162,2.0,4.5918,3.8666,2.6129,2.0,6.9123,3.2162,6.3635,3.6403,2.6129,3.7579,2.6129,2.8432,8.5571,4.1508,2.0,2.0,3.8666,2.3388,3.0417,6.4002,2.6129,7.945,2.0,2.0,3.0417,2.8432,6.0997,6.2874,2.6129,4.7703,2.8432,3.9676,2.3388,3.7579,5.1603,3.6403,3.9676,2.8432,2.8432,7.5066,5.9095,6.8207,4.8252,5.7197,6.165,3.2162,2.0,5.9594,2.3388,2.3388,2.6129,2.6129,2.3388,7.6351,7.1673,2.3388,2.0,2.0,2.0,2.8432,2.6129,2.0,3.3718,3.3718,7.548,5.7197,4.8781,2.3388,5.2023,2.3388,5.7484,4.8252,3.3718,2.3388,6.6788,3.9676,4.0621,6.3635,2.3388,6.1218,4.1508,2.8432,6.0544,2.3388,2.8432,2.0,2.0,2.3388,8.2052,3.5123,3.2162,2.6129,2.0,3.2162,3.3718,6.2275,2.6129,4.8252,2.3388,5.501,3.9676,2.0,2.8432,2.0,7.8086,3.0417,3.0417,3.0417,2.0,2.0,6.7796,8.2052,4.9291,3.5123,3.7579,4.4592,5.8041,2.3388,6.2677,3.7579,3.7579,2.0,4.8252,7.2499,4.3881,2.3388,3.0417,5.432,3.6403,5.3217,2.0,6.2477,2.6129,4.8252,2.6129,6.8738,2.3388,3.6403,3.2162,2.3388,3.2162,8.43,6.1435,2.3388,2.0,5.7197,7.4553,2.0,3.0417,2.6129,2.0,3.0417,2.6129,7.3563,2.6129,6.4181,2.0,2.6129,2.6129,3.7579,7.9388,2.6129,2.3388,2.8432,2.0,5.0722,4.5271,2.8432,2.0,4.7132,5.567,5.7197,2.3388,2.3388,4.4592,2.0,3.9676,2.3388,3.3718,6.2069,3.9676,5.0261,3.9676,2.0,3.3718,3.5123,2.3388,3.9676,6.3635,2.6129,6.538,5.7484,3.9676,3.0417,2.8432,7.3931,6.8996,2.3388,5.8312,6.6639,6.2874,2.6129,3.0417,4.0621,4.7132,4.8781,3.0417,4.3881,3.7579,2.6129,4.0621,2.8432,4.1508,2.0,2.0,2.0,2.6129,8.4388,4.7703,6.7515,2.6129,2.6129,3.6403,5.7765,7.548,8.3291,2.0,3.5123,6.7373,2.3388,2.0,2.0,4.8252,2.8432,9.8012,6.3449,5.3594,2.0,3.8666,6.3259,2.0,4.5918,2.6129,7.1242,5.4669,2.8432,3.0417,3.5123,3.3718,2.0,5.8839,2.3388,5.1169,7.7881,4.7132,5.1603,4.8252,8.0351,2.0,3.8666,3.5123,2.0,case
GS014,B1,F,47,2.629,8.7746,2.8638,6.8516,3.5424,2.8638,2.3485,2.629,2.8638,2.8638,3.5424,3.0656,4.8098,4.4255,2.629,3.9002,2.629,4.8649,6.5822,2.0,5.1129,5.1578,4.7524,9.876,5.7911,2.0,2.0,2.3485,2.0,2.0,2.3485,3.2426,2.3485,6.0746,9.429,3.9002,3.6718,3.2426,2.8638,3.6718,3.2426,7.055,2.3485,3.0656,2.3485,2.3485,4.3502,4.5653,2.0,3.2426,11.1539,5.4739,12.6751,3.6718,3.4003,3.4003,2.0,2.0,4.8649,2.0,4.8649,3.6718,4.0973,4.8649,2.8638,7.0668,2.629,5.7623,2.0,2.3485,4.8098,2.0,2.0,5.7911,2.629,2.0,4.8649,3.5424,2.0,4.6927,3.2426,8.0571,6.6777,2.0,7.2541,5.3633,2.8638,6.9695,3.2426,2.8638,3.7905,7.158,7.9654,4.8649,5.1129,2.0,2.8638,2.0,2.0,5.9007,2.3485,2.629,2.0,3.0656,4.5653,3.4003,12.7212,7.0311,2.0,3.4003,2.3485,6.6622,3.5424,2.0,7.429,2.0,6.892,7.9527,3.7905,2.629,4.6927,3.2426,8.4711,4.2707,3.0656,2.8638,3.0656,3.2426,2.0,6.1871,5.2435,4.1866,7.5433,5.6724,2.3485,2.8638,3.6718,5.0188,3.0656,5.2435,3.0656,2.629,3.6718,5.5431,2.629,4.3502,2.629,5.1129,2.8638,3.4003,3.7905,2.629,3.6718,2.0,2.0,2.0,4.0021,2.0,4.5653,2.0,3.0656,2.0,3.0656,2.8638,5.1578,5.4011,7.2948,4.6304,2.3485,8.8754,5.9778,2.8638,5.6092,2.0,5.6412,5.9269,3.4003,2.0,2.0,6.4441,6.0746,2.629,6.3506,5.6412,2.0,7.2437,2.8638,4.1866,7.5004,3.5424,8.132,4.7524,4.3502,2.629,2.8638,2.8638,4.7524,2.3485,7.1245,3.0656,5.6724,4.6927,2.629,2.629,2.3485,2.3485,4.6304,6.2914,4.5653,2.629,2.0,2.0,4.1866,2.0,6.2914,3.7905,2.0,4.4255,3.0656,2.0,3.0656,2.0,3.4003,4.8649,2.0,3.2426,3.7905,3.6718,2.0,3.0656,3.7905,2.8638,2.0,6.0746,2.3485,2.3485,3.0656,6.027,2.3485,4.4971,2.629,2.3485,4.4255,2.3485,3.9002,8.426,2.3485,2.0,2.0,4.5653,2.0,3.0656,6.6622,5.8193,8.1872,2.629,3.7905,3.7905,2.0,4.8649,7.3247,2.629,3.2426,2.8638,5.0666,4.0973,4.5653,6.1206,5.3633,4.1866,2.629,2.0,6.5822,6.693,5.4011,4.4255,6.1431,8.6816,3.6718,2.629,5.1129,2.0,2.629,3.2426,2.3485,2.3485,7.2644,9.1854,2.3485,2.3485,2.0,2.0,4.0973,3.0656,3.5424,4.6304,3.7905,7.7257,5.733,5.4379,2.3485,5.0666,2.0,4.3502,4.6927,3.2426,3.4003,5.3633,4.3502,4.2707,5.2013,2.0,5.6092,4.5653,2.0,4.918,2.0,2.3485,2.0,2.0,2.0,8.6387,3.0656,2.629,2.3485,2.0,4.6304,3.9002,5.8741,2.629,4.6304,2.0,5.5766,3.4003,2.3485,2.3485,2.3485,8.5823,2.3485,4.0973,3.2426,2.3485,3.5424,7.0311,5.0666,4.0973,3.9002,3.4003,4.0021,7.3442,2.0,5.4739,2.8638,3.7905,2.0,5.1129,6.7817,3.2426,2.629,4.2707,6.5148,2.629,6.4441,2.0,7.4472,2.0,4.6304,2.3485,3.9002,2.0,2.3485,3.5424,2.3485,2.629,9.4785,7.7912,2.3485,2.0,3.6718,7.9075,2.3485,2.0,2.8638,2.629,3.2426,2.8638,6.2506,2.3485,4.918,2.3485,2.3485,3.5424,5.6724,7.9399,2.0,2.8638,3.2426,2.0,7.429,6.027,2.3485,2.0,3.9002,6.027,5.2435,2.629,2.3485,4.4971,3.0656,4.6304,2.0,3.9002,5.703,3.2426,5.5431,3.7905,3.4003,2.8638,2.0,2.0,2.3485,6.1206,2.629,6.3311,5.2845,4.2707,3.5424,3.0656,7.0311,5.8193,3.4003,6.5148,5.9269,5.2435,3.2426,4.0021,3.9002,5.3633,5.6092,2.3485,5.7911,5.1129,4.1866,4.3502,2.0,4.6927,2.0,2.0,2.8638,2.0,6.1653,4.6927,7.055,2.8638,2.3485,3.5424,5.2845,6.5148,6.0026,2.0,3.9002,5.2845,2.629,2.3485,2.3485,4.8649,2.0,9.1718,4.8098,4.8098,2.0,3.9002,4.0021,2.0,6.1206,2.629,7.1131,4.4971,4.0021,3.7905,2.629,4.6927,3.2426,3.2426,2.8638,5.2435,7.9399,3.0656,4.0021,4.4255,7.9205,2.0,2.629,2.3485,2.3485,case
GS015,B1,F,75,3.6882,7.9097,2.5306,7.6279,5.4302,3.6882,2.0,2.0,2.0,2.5306,2.0,2.5306,5.1701,4.3221,2.5306,3.6882,2.0,3.6882,6.565,2.0,5.2396,4.4449,5.1701,10.5856,3.474,2.0,2.0,2.5306,2.9176,2.0,2.5306,2.5306,2.0,5.0201,8.3791,3.2225,3.2225,5.306,2.9176,2.5306,3.474,7.9825,2.5306,3.2225,2.9176,3.6882,5.0201,4.4449,2.0,2.0,10.7224,5.1701,12.0252,5.2396,3.6882,2.5306,2.5306,2.5306,5.306,2.0,6.0102,3.474,4.1878,4.3221,2.0,8.7083,2.0,5.1701,2.9176,2.5306,4.761,2.0,2.0,6.6944,2.0,2.5306,6.719,3.6882,2.9176,3.2225,4.1878,8.432,6.0494,2.0,10.5363,5.306,2.0,6.8132,2.5306,3.474,3.2225,5.2396,8.4394,6.644,5.5984,2.0,3.6882,2.9176,3.2225,6.4227,2.0,2.5306,2.0,3.2225,3.8746,3.8746,11.0461,8.5044,2.0,4.9388,2.0,5.9698,4.5581,2.5306,6.1612,2.0,8.2586,8.2418,4.4449,2.0,2.5306,3.2225,9.215,4.0397,2.5306,2.0,3.2225,4.0397,2.0,6.6944,5.3694,4.6631,5.5445,4.9388,2.0,2.9176,4.0397,6.2979,4.5581,3.8746,2.0,2.9176,5.5445,7.8443,2.0,4.4449,4.4449,5.3694,3.474,2.5306,4.5581,2.0,2.9176,2.0,2.0,2.0,3.8746,2.0,3.474,2.0,3.8746,3.2225,2.0,4.0397,4.4449,5.7006,6.1249,2.9176,2.0,11.4276,6.6182,2.5306,4.4449,2.0,4.761,6.3301,2.5306,2.0,2.0,5.7491,4.4449,3.2225,6.4227,4.3221,2.5306,8.3241,2.0,4.1878,9.1668,4.8526,9.0982,2.9176,2.9176,2.0,2.5306,2.5306,5.0201,2.5306,7.8331,4.761,6.2311,4.4449,2.0,2.0,2.0,2.5306,4.0397,5.5984,2.9176,2.5306,2.9176,2.0,2.9176,2.0,4.6631,3.474,2.0,2.5306,2.5306,2.0,2.9176,2.0,4.3221,3.2225,2.0,4.9388,3.2225,4.1878,3.2225,6.3616,3.6882,2.5306,2.0,7.5342,3.6882,2.5306,2.9176,6.1966,2.5306,5.7006,3.474,2.5306,5.8415,2.5306,3.474,7.9097,2.0,2.0,2.5306,5.5984,2.0,2.9176,7.5616,6.6695,7.5342,2.0,2.5306,2.5306,2.5306,5.8415,6.923,2.0,4.0397,2.9176,4.1878,3.6882,3.6882,5.796,5.0201,4.1878,2.5306,2.5306,8.1723,5.5445,7.0446,5.5984,6.6182,8.2247,4.5581,2.0,8.2418,2.0,2.5306,2.5306,3.6882,2.0,5.5445,7.2773,2.0,2.9176,2.0,2.0,3.8746,3.474,4.1878,4.5581,3.8746,7.6279,6.565,5.0201,2.0,3.2225,2.9176,6.1612,3.2225,2.5306,3.8746,5.796,4.5581,2.9176,5.9283,2.0,5.8855,3.6882,3.2225,5.796,2.5306,2.0,2.5306,2.0,2.0,8.1634,3.2225,2.5306,2.5306,2.0,4.3221,3.6882,5.8415,3.2225,4.3221,2.0,6.9851,4.761,2.0,2.5306,2.0,8.3636,2.9176,4.3221,2.9176,2.0,2.0,6.1249,6.719,4.4449,2.5306,3.6882,5.8415,7.2773,2.0,5.1701,4.0397,4.6631,2.5306,4.761,6.1612,2.9176,2.0,3.2225,5.0201,3.6882,4.5581,2.5306,5.9698,2.0,3.6882,2.0,7.6536,2.0,2.5306,4.0397,2.0,3.8746,9.1029,6.0102,2.0,3.2225,5.5984,7.0829,2.5306,2.9176,2.0,2.0,2.0,2.0,7.6663,2.0,7.1386,2.0,2.9176,3.474,3.6882,6.3616,2.0,2.9176,4.6631,2.0,7.2773,5.796,2.9176,2.0,5.2396,7.342,5.796,4.0397,3.2225,3.474,2.0,3.8746,2.0,3.2225,6.7903,2.9176,4.8526,4.4449,2.9176,2.0,3.2225,2.9176,2.0,5.5984,3.8746,6.3925,4.3221,5.9698,3.474,2.5306,7.0052,6.0494,2.0,6.1612,5.8415,4.6631,2.9176,2.9176,4.4449,6.0102,6.4523,2.0,6.5376,5.097,5.5445,3.474,2.5306,6.0876,2.0,2.0,2.5306,2.5306,7.3887,4.4449,7.2439,2.5306,2.0,2.5306,5.9283,6.0876,8.3161,2.0,2.9176,6.3925,2.5306,2.5306,2.5306,4.3221,3.8746,10.9326,5.4302,5.796,2.0,4.0397,5.1701,2.9176,5.6504,4.3221,7.0639,6.1966,2.0,2.5306,3.2225,5.8855,3.6882,6.7903,3.474,2.9176,8.1363,4.1878,3.8746,4.4449,6.3616,2.0,3.6882,3.474,2.9176,case
GS016,B1,M,53,4.234,8.8658,2.6128,7.695,3.5121,3.216,2.3387,3.216,2.6128,2.843,4.3878,2.6128,3.3716,5.3959,2.3387,4.234,2.6128,4.234,6.3817,2.0,5.5667,5.5008,4.5916,9.9596,6.1647,2.0,2.3387,3.7576,2.0,3.216,2.3387,3.5121,2.3387,7.8219,8.6046,2.6128,5.0719,3.3716,2.0,2.6128,5.7194,7.9509,2.3387,3.6401,2.3387,2.0,5.9344,3.7576,2.843,2.6128,9.9033,3.3716,10.474,5.5985,2.0,3.5121,2.0,2.3387,4.1505,3.5121,4.5268,3.7576,3.0415,5.5985,2.6128,10.9194,2.3387,5.4666,2.3387,2.3387,3.6401,2.0,2.0,7.5959,2.843,3.0415,6.2474,3.216,2.6128,4.5916,2.3387,8.6007,6.5702,2.3387,9.1339,4.8778,3.0415,6.2272,3.5121,2.6128,4.5268,7.1348,7.4287,5.16,5.16,2.0,3.5121,2.6128,2.6128,6.6176,2.3387,3.0415,2.0,3.5121,3.216,2.6128,10.5705,8.8327,2.0,4.459,2.843,7.9754,4.313,2.3387,5.5008,2.0,8.8886,7.9632,5.4666,2.3387,4.234,3.6401,7.8684,5.5667,3.216,2.843,5.7194,5.2021,2.0,6.2066,4.459,3.0415,6.7793,5.8309,2.3387,2.0,2.3387,6.0769,3.7576,4.5268,3.3716,3.0415,4.9781,7.1776,2.3387,3.5121,3.3716,6.3065,3.5121,3.5121,4.3878,3.6401,3.0415,2.0,2.0,2.0,3.8663,2.0,3.6401,2.3387,3.7576,2.0,2.3387,4.3878,4.3878,6.1647,7.8618,3.3716,2.6128,10.9961,4.313,3.6401,6.6934,2.0,4.5916,7.2496,2.843,2.3387,2.3387,5.3591,7.1239,3.5121,4.234,5.243,2.0,8.1414,2.843,3.7576,9.8213,3.8663,9.2957,4.7701,3.3716,2.6128,2.843,2.6128,4.713,2.843,9.4213,4.459,4.313,3.216,2.6128,2.6128,2.3387,2.6128,4.825,6.4876,6.0074,2.0,2.6128,2.0,3.5121,3.216,7.0218,4.9289,2.0,3.216,3.216,2.0,2.3387,2.3387,2.843,4.5916,2.0,3.3716,3.6401,4.3878,2.6128,4.8778,5.3214,2.843,2.0,6.4178,4.0619,2.0,3.6401,9.6129,3.0415,4.459,4.3878,2.6128,6.2674,2.3387,3.6401,8.7358,4.6535,2.3387,2.3387,5.6602,2.0,3.216,8.0863,7.8814,7.9007,2.0,2.3387,3.216,2.0,7.0335,7.9693,2.3387,4.9289,2.843,3.0415,4.1505,4.1505,6.3256,5.6901,5.3214,3.216,2.843,8.2706,7.3466,5.3214,5.5341,5.8038,8.8057,4.5268,2.843,6.3632,2.6128,3.8663,2.843,2.6128,2.0,8.5648,7.1348,2.3387,3.0415,2.0,2.0,3.3716,3.3716,2.6128,4.713,3.6401,6.912,5.5667,5.8038,2.0,4.713,2.0,5.3214,5.2021,3.8663,3.8663,5.6297,4.1505,3.216,4.5268,2.843,6.7653,2.843,2.0,6.8735,2.0,2.6128,2.0,2.3387,2.0,8.1997,3.3716,3.6401,2.843,2.0,4.459,5.2827,5.5985,2.0,6.3817,2.0,8.2507,3.9674,2.0,3.216,2.3387,7.7314,2.3387,3.6401,3.5121,2.6128,3.0415,8.3801,5.5341,3.7576,5.0258,3.7576,3.8663,6.7226,2.0,7.167,3.9674,3.9674,2.0,4.5916,6.7793,4.9289,2.0,3.8663,6.3256,4.459,5.4317,2.0,6.9246,3.7576,4.6535,2.3387,7.6348,2.0,3.216,4.313,3.3716,3.6401,9.3966,6.9741,3.216,2.3387,5.7194,9.1977,2.3387,2.3387,2.6128,2.6128,4.0619,2.843,7.3466,2.6128,5.3959,2.0,2.843,4.1505,5.9092,8.2152,2.3387,2.3387,4.1505,2.0,6.8472,4.825,2.3387,2.3387,3.8663,6.8204,4.459,2.843,2.3387,5.8575,2.0,4.234,2.0,3.3716,7.1129,3.0415,5.0719,4.3878,3.5121,3.6401,4.1505,2.843,3.5121,6.2674,3.6401,6.6636,7.356,4.0619,2.6128,3.0415,7.2294,5.2021,3.5121,5.8309,7.3928,5.8309,4.0619,3.0415,3.6401,6.0994,5.5341,2.843,5.9835,3.9674,4.825,4.9781,2.843,5.6901,2.6128,2.0,2.843,2.3387,8.9014,4.3878,7.1564,2.3387,2.0,2.843,6.0074,6.2272,9.9458,2.0,3.3716,7.2696,2.3387,3.216,2.0,5.7194,3.0415,8.9014,7.1018,5.4666,2.0,4.7701,6.4356,2.0,4.713,3.0415,7.6501,5.9344,4.1505,2.3387,2.6128,5.2827,3.7576,5.0719,2.0,5.2827,7.8749,5.3214,5.16,6.3256,6.1647,2.0,3.8663,4.5268,2.6128,case
GS017,B1,M,57,2.0,7.2222,2.0,7.7575,4.8851,2.4846,2.0,2.8468,2.4846,2.4846,3.3768,4.0683,3.5831,4.3197,3.5831,4.3197,3.136,3.136,8.1224,2.0,5.8252,4.805,2.8468,9.2882,5.2903,2.0,2.0,3.7636,2.4846,2.8468,2.0,2.8468,2.4846,7.6353,8.9161,2.4846,2.8468,3.136,2.8468,2.4846,2.8468,8.1306,2.4846,3.9239,2.4846,3.136,5.7416,4.805,2.4846,3.3768,9.1037,4.961,11.2032,4.961,2.4846,3.136,2.0,2.0,4.0683,2.4846,4.5337,3.7636,2.4846,3.5831,3.3768,9.367,2.4846,5.6528,2.0,2.4846,4.1994,2.0,2.0,5.5084,2.0,2.4846,6.2146,4.8851,2.8468,5.2903,2.0,7.6353,6.2146,2.0,8.9905,6.2753,2.0,6.8945,2.0,2.8468,2.8468,6.2453,7.4632,5.1019,3.9239,2.0,3.7636,3.136,3.9239,6.0505,2.0,3.136,2.0,2.8468,2.0,2.8468,11.3813,8.3998,2.0,4.6299,3.136,5.784,6.3048,2.4846,6.3619,2.0,8.0974,7.3548,6.1184,2.4846,4.0683,4.3197,9.6251,5.1674,2.0,2.0,4.1994,5.348,2.0,5.5582,4.4307,4.3197,5.6528,4.961,2.0,2.0,2.4846,6.4698,4.4307,3.5831,2.4846,3.3768,3.7636,6.97,2.0,4.0683,2.8468,6.1832,4.0683,3.9239,4.1994,3.136,4.0683,2.0,2.0,2.0,4.8851,2.0,3.7636,2.4846,2.4846,2.0,2.4846,3.5831,5.8252,2.0,7.5395,2.8468,2.0,12.6326,5.4035,2.0,4.7201,2.0,4.7201,6.6641,2.0,2.0,2.0,4.0683,5.4035,4.1994,6.4956,5.348,2.0,6.1184,2.0,4.5337,9.8238,3.7636,7.5762,4.4307,2.4846,2.0,2.4846,3.5831,5.6528,2.0,9.0394,3.9239,5.2903,3.3768,3.136,2.0,2.0,2.0,3.5831,5.5084,5.2903,2.0,2.0,2.0,4.0683,2.4846,5.4035,3.136,2.0,2.8468,3.7636,2.0,2.4846,2.4846,3.9239,5.6979,2.0,3.136,3.5831,3.3768,2.0,4.4307,3.9239,4.5337,2.0,7.736,3.136,2.4846,3.5831,9.0482,3.136,5.6979,2.8468,2.8468,5.784,2.0,3.136,6.8352,3.5831,2.4846,2.0,5.9792,2.0,4.3197,4.7201,6.9138,7.4101,2.0,2.0,4.8851,2.0,5.8252,6.0505,2.0,4.8851,2.4846,4.6299,3.9239,4.7201,5.4569,5.6979,5.6528,2.4846,2.8468,6.875,6.5458,4.6299,5.784,7.3548,7.5762,4.5337,2.0,7.5145,2.0,3.136,4.1994,2.0,2.0,6.9515,8.4134,2.0,2.4846,2.0,2.0,3.5831,2.4846,2.8468,3.7636,3.3768,7.3827,5.7416,3.5831,2.4846,5.2302,2.0,6.0153,3.7636,2.0,3.136,5.6062,4.7201,3.5831,4.8851,2.0,5.7416,2.8468,2.0,5.0332,2.0,2.4846,2.4846,2.0,2.0,6.3336,2.8468,2.4846,3.3768,2.0,3.3768,2.0,3.3768,2.4846,6.0848,2.0,6.7307,6.3048,2.8468,2.4846,2.0,8.4066,3.136,4.6299,4.6299,2.0,2.8468,5.4569,7.9927,4.961,2.4846,3.3768,5.1674,7.3548,2.0,8.1306,4.0683,3.7636,2.0,5.348,5.4569,3.9239,2.0,4.0683,4.4307,4.805,6.9883,2.0,6.2453,2.8468,5.5582,2.8468,6.7307,2.8468,3.7636,4.0683,2.0,2.8468,10.636,7.2376,2.8468,3.3768,5.4035,9.4184,2.0,3.3768,2.4846,2.8468,4.1994,4.1994,5.5084,2.0,4.805,2.0,2.4846,3.3768,4.805,7.9374,2.0,2.0,2.4846,2.0,7.143,7.8993,2.0,2.0,4.805,6.1832,5.1019,4.0683,3.136,6.1832,2.0,3.136,2.0,3.7636,5.8653,3.136,4.1994,3.7636,3.136,2.4846,3.5831,2.8468,3.136,6.6412,3.136,7.5145,6.1184,2.8468,2.0,2.8468,7.8402,6.875,3.9239,6.2753,6.4169,5.784,3.9239,2.4846,6.0153,5.784,6.0848,2.0,5.6062,5.2903,2.4846,4.8851,2.4846,6.5702,2.0,2.0,2.0,2.0,8.4335,4.8851,6.2753,2.8468,2.0,3.3768,5.5084,4.8851,8.2715,2.4846,4.0683,5.4569,2.0,2.4846,2.4846,5.6528,4.0683,8.6031,5.4569,4.961,2.0,3.136,6.7088,2.8468,5.5582,2.4846,6.6412,5.1019,3.3768,2.0,2.4846,5.1019,2.4846,5.0332,2.0,4.1994,5.2302,5.1019,5.0332,6.2453,6.4956,2.0,4.0683,4.8851,2.0,case
GS018,B1,F,72,3.1015,7.1724,2.0,6.9336,3.6147,2.9386,2.0,2.9386,2.0,2.7549,2.5443,2.0,5.3457,3.7188,2.9386,3.2479,2.9386,4.5949,7.8073,2.2977,5.0588,3.1015,4.7504,8.7673,5.86,2.0,2.2977,3.1015,2.2977,2.7549,2.2977,2.0,2.0,7.6048,9.8042,2.9386,2.9386,4.2223,2.7549,2.2977,4.1497,8.2554,2.2977,3.1015,2.5443,2.7549,4.3575,4.6486,2.0,2.9386,9.0174,4.6486,11.9028,6.388,2.5443,2.2977,2.5443,2.0,4.8454,3.2479,3.9924,2.2977,3.9924,4.2915,2.2977,7.5704,2.5443,6.1665,2.0,2.7549,3.9924,2.0,2.0,6.7119,2.5443,2.0,5.86,3.5025,2.0,4.7504,2.7549,4.7004,7.8249,2.2977,9.367,5.9696,2.5443,6.6341,2.0,3.2479,3.2479,6.5378,6.148,4.9346,5.0588,2.0,3.7188,2.5443,3.8159,5.2792,2.2977,2.5443,2.7549,2.7549,3.7188,2.7549,11.5823,6.2558,2.2977,5.098,3.2479,7.2612,5.9048,2.2977,6.2207,2.2977,9.4638,7.447,5.0588,2.0,2.2977,3.9068,9.365,5.2094,2.5443,2.7549,3.6147,4.9772,2.2977,4.5949,3.9924,3.9068,5.9905,6.1848,2.0,2.9386,3.8159,5.9696,3.5025,3.9924,2.5443,2.9386,4.1497,6.6341,2.0,3.8159,3.5025,5.5571,2.0,2.5443,5.6911,2.5443,2.5443,2.0,2.0,2.0,2.9386,2.2977,2.9386,2.5443,3.1015,2.7549,2.5443,3.2479,5.0588,5.6653,6.9763,3.3808,2.0,11.8787,5.9905,2.9386,6.2558,2.0,4.2223,6.2029,2.7549,2.7549,2.2977,5.1361,7.7033,4.5391,6.6735,3.2479,2.0,7.8423,3.1015,4.2915,9.7499,5.2094,9.6198,4.7004,3.7188,2.0,2.2977,2.7549,5.2094,2.5443,8.7366,2.9386,5.3457,3.2479,2.0,2.0,2.0,2.0,4.1497,8.264,4.4206,2.2977,2.0,2.9386,2.9386,2.7549,4.5949,4.1497,2.0,2.2977,3.1015,2.0,2.2977,2.2977,3.8159,2.5443,2.2977,4.2223,4.7987,4.9346,3.6147,5.7165,4.7004,2.7549,2.0,6.3068,3.6147,2.0,2.2977,8.9865,2.5443,5.4093,3.8159,2.0,5.2094,2.9386,2.7549,7.1163,3.9924,2.2977,2.2977,3.2479,2.2977,3.3808,5.837,5.6653,6.3234,2.0,2.0,4.7004,2.2977,4.7504,6.5799,2.0,5.3128,2.7549,4.4811,3.5025,5.3457,6.0909,3.6147,3.3808,2.5443,2.7549,6.1102,6.1665,6.6474,5.0588,8.1193,9.4084,4.7504,2.2977,8.0709,2.5443,3.5025,2.9386,3.3808,2.0,6.0315,9.1537,2.5443,3.2479,2.7549,2.0,2.5443,2.5443,3.5025,5.0588,2.0,7.9262,6.2207,3.9924,2.0,5.0588,2.0,5.837,4.2915,2.5443,3.7188,6.9228,3.6147,4.2223,5.2792,2.2977,6.5378,4.4206,2.2977,7.3204,2.0,2.7549,2.0,2.0,2.0,7.9208,3.9924,3.9068,2.9386,2.0,3.7188,4.5391,6.0516,2.2977,5.2792,2.0,7.1724,6.5091,2.0,2.0,2.2977,9.5528,3.3808,2.9386,4.8907,2.0,2.7549,6.7976,7.0379,3.2479,3.3808,4.0732,4.2223,7.4008,2.0,7.6116,3.1015,3.3808,2.5443,3.1015,7.4086,3.2479,2.0,2.9386,4.6486,3.1015,5.0186,2.0,5.7165,2.7549,5.1361,2.5443,5.1361,2.2977,3.2479,5.1361,2.2977,4.0732,9.0896,8.0905,2.9386,3.6147,6.5235,6.6073,2.2977,2.7549,2.0,2.9386,2.5443,3.2479,5.9905,2.0,3.9068,2.0,2.5443,2.9386,5.1361,7.9098,2.2977,2.0,3.1015,2.2977,7.1258,5.3779,2.0,2.2977,5.3457,7.048,4.3575,3.5025,3.2479,5.3128,2.9386,5.2792,2.0,4.0732,6.6992,2.5443,3.9068,4.3575,2.7549,2.5443,2.9386,3.1015,3.2479,5.8826,3.2479,6.9763,5.5571,4.5391,2.9386,2.7549,7.9424,7.8249,2.9386,5.4703,6.2029,5.3457,2.9386,2.2977,4.3575,4.7987,5.4401,2.7549,5.9696,5.6653,5.098,3.6147,2.9386,5.9267,2.0,2.0,2.7549,2.7549,8.7703,2.9386,4.2223,2.5443,2.2977,2.2977,5.9267,6.5378,8.4418,2.0,4.3575,5.6122,3.3808,2.5443,2.2977,5.1361,4.6486,8.4904,5.6653,5.6122,2.0,2.9386,7.2263,2.0,5.4998,2.7549,7.0074,7.1632,2.9386,3.9924,2.5443,6.2383,3.1015,6.9118,2.0,4.3575,7.1632,5.5287,4.2915,4.2223,6.8212,2.0,3.3808,4.4206,2.2977,case
GS019,B1,M,71,2.7221,6.3413,2.2828,5.9548,5.2059,2.0,2.0,2.7221,2.7221,2.2828,2.7221,2.9,4.5801,3.3309,2.9,3.8473,2.9,4.0867,5.2721,2.0,4.7289,4.987,4.0112,8.5157,4.5269,2.0,2.0,3.3309,3.2011,2.5191,2.9,3.0584,2.2828,5.7611,8.8763,3.45,3.2011,4.3544,2.2828,2.2828,2.9,6.5289,2.7221,2.2828,2.5191,2.5191,4.1584,3.3309,2.2828,3.45,9.6264,3.9316,13.2259,2.7221,2.2828,2.2828,2.9,2.0,2.7221,3.0584,3.56,2.2828,3.8473,4.906,2.2828,9.8282,2.2828,5.51,2.0,2.9,3.2011,2.0,2.2828,5.8719,2.9,2.2828,4.7289,3.56,2.2828,4.5269,2.7221,9.1068,8.0434,2.0,8.1918,4.906,2.0,6.6582,3.0584,3.2011,2.7221,6.6705,7.102,4.0867,3.45,2.0,2.5191,2.2828,3.0584,5.2059,2.0,2.9,2.0,2.2828,3.8473,3.2011,11.4048,8.6953,2.0,4.292,2.9,5.51,3.3309,2.0,5.8504,2.0,8.6431,9.0228,4.7289,2.0,3.8473,4.4717,9.0108,5.0259,2.9,2.7221,3.2011,5.1366,2.0,4.9471,5.3354,2.2828,6.9586,5.5372,2.0,2.2828,3.45,5.6157,3.3309,3.9316,2.9,3.8473,4.3544,7.1555,2.2828,2.9,3.2011,4.2267,2.0,3.45,5.1006,2.0,2.9,2.2828,2.0,2.2828,4.2267,2.2828,2.9,2.2828,3.45,2.2828,2.0,2.2828,3.0584,4.5269,7.5974,2.9,2.2828,11.1565,7.7328,2.2828,6.0893,2.0,4.4717,5.1006,2.2828,2.5191,2.2828,6.1783,6.2457,2.5191,6.7188,6.2621,2.0,5.366,2.5191,4.9471,8.8468,3.56,6.9983,4.3544,3.9316,2.0,2.0,2.9,5.1006,2.0,9.2491,4.6314,4.6314,2.0,2.0,2.0,2.0,2.2828,3.0584,8.4494,3.56,2.5191,2.0,2.9,3.0584,2.9,5.8286,3.0584,2.0,3.9316,2.9,2.2828,2.9,2.0,2.7221,5.6902,2.0,2.7221,3.7577,2.5191,3.2011,5.2394,4.7289,3.2011,2.0,5.4824,3.0584,2.2828,4.292,8.5123,2.0,4.7289,3.45,2.0,4.0112,2.0,2.9,6.4016,4.681,2.2828,2.2828,4.5269,2.5191,4.2267,7.4693,5.0638,7.1467,2.0,3.45,3.45,2.2828,4.4717,7.5779,2.0,5.5372,2.7221,2.9,2.5191,3.6623,5.5372,4.5801,4.2267,2.2828,3.0584,5.6157,4.2267,5.8719,4.987,4.5801,8.0854,3.2011,2.5191,7.4044,2.2828,3.45,3.2011,2.9,2.0,5.1006,8.3224,2.5191,2.5191,2.0,2.0,3.3309,2.7221,3.45,4.3544,2.9,6.5423,7.0463,4.906,2.2828,4.8637,2.2828,3.8473,4.292,3.0584,3.45,4.0112,4.0112,3.3309,6.1076,2.5191,5.1717,3.3309,2.9,5.9945,2.2828,2.0,2.0,2.5191,2.0,8.1659,2.7221,3.3309,3.0584,2.0,3.56,4.292,5.7378,2.2828,5.2394,2.0,5.2059,4.1584,2.0,3.0584,2.0,7.4623,2.2828,3.3309,4.4717,2.0,3.45,7.7619,4.987,3.9316,3.8473,2.5191,5.0638,7.2406,2.0,6.9786,2.9,2.9,2.0,2.9,6.4877,4.3544,2.2828,4.0867,5.2059,2.7221,5.4824,2.0,6.3718,3.0584,5.59,2.0,4.9471,2.0,3.6623,2.9,2.5191,4.4717,9.5847,6.7654,2.0,2.2828,5.59,8.3685,2.0,2.2828,2.0,2.5191,2.5191,2.5191,6.3868,2.2828,3.2011,2.0,2.5191,3.8473,3.7577,8.3341,2.5191,2.0,3.6623,2.0,5.7142,4.0112,2.5191,2.0,4.7289,5.5639,4.7752,3.2011,2.0,4.9471,3.0584,3.7577,2.0,4.0867,6.7188,2.7221,3.8473,3.45,2.2828,2.2828,2.7221,2.7221,2.5191,6.1076,2.5191,6.0332,3.8473,2.5191,2.5191,3.0584,5.8286,5.9945,3.3309,4.1584,5.2059,5.366,2.2828,2.7221,5.7142,5.3354,6.0522,2.2828,5.0259,3.45,2.9,5.1717,2.0,6.595,2.0,2.0,2.2828,2.0,6.5289,3.8473,7.0928,3.0584,2.5191,3.0584,3.7577,4.987,7.5845,2.0,4.0112,4.0112,2.0,2.2828,2.2828,4.0867,3.6623,10.4179,4.8202,4.4142,2.2828,4.7752,6.6206,2.0,4.6314,3.0584,6.4309,5.9345,3.3309,4.3544,2.0,3.2011,2.7221,3.8473,2.7221,3.56,7.257,4.4142,3.0584,5.59,7.2813,2.0,3.0584,3.45,2.2828,case
GS020,B1,F,69,2.0,7.3665,2.4682,7.6787,3.5444,2.4682,2.0,2.4682,2.4682,2.0,2.8211,3.1044,3.5444,4.3832,2.0,3.3411,2.0,3.7226,6.8573,2.8211,5.1156,6.1593,5.7299,9.8662,4.1539,2.0,2.4682,3.7226,3.1044,2.4682,2.0,2.8211,2.0,6.2199,9.1467,2.8211,2.0,3.3411,2.8211,2.0,3.1044,8.1373,2.0,2.8211,2.4682,2.0,5.8877,4.1539,2.0,2.0,9.4357,5.8109,12.7005,4.024,2.8211,3.1044,2.8211,2.0,4.8347,2.0,4.6707,2.8211,2.4682,5.4552,2.4682,10.4835,2.0,5.1156,2.0,2.0,4.3832,2.0,2.0,5.4038,2.0,2.4682,5.2954,3.1044,2.4682,3.1044,3.3411,9.4983,8.5452,2.0,8.0565,4.9102,3.1044,6.4898,2.4682,3.1044,2.4682,6.0299,8.1988,5.6876,6.0961,2.0,3.1044,2.4682,3.3411,5.644,2.0,4.8347,2.0,3.3411,3.8811,3.1044,11.9089,8.8096,2.0,5.9956,2.8211,5.9605,5.2954,3.1044,6.2781,2.0,8.5032,8.5333,4.9102,2.4682,3.1044,3.7226,7.0532,3.3411,2.4682,4.1539,2.4682,4.9102,2.0,6.0299,3.8811,2.8211,6.8381,5.0503,2.0,3.1044,2.0,4.8347,3.5444,4.4855,2.0,2.0,2.8211,6.5851,2.4682,3.8811,2.8211,6.6305,2.8211,3.1044,6.5383,3.1044,2.0,2.4682,2.0,2.0,4.024,2.0,3.8811,2.4682,2.4682,2.4682,2.8211,3.7226,4.2731,5.771,7.4061,3.8811,2.0,11.2576,5.9956,3.1044,3.3411,2.0,3.8811,6.414,3.3411,2.0,2.0,5.2379,4.982,2.8211,5.1156,5.3506,2.0,5.8877,2.8211,5.2379,8.6258,4.1539,8.6033,4.5811,4.3832,2.0,2.4682,2.8211,5.0503,2.4682,8.1294,4.3832,6.7989,3.8811,2.0,2.0,2.0,2.8211,4.024,8.0058,4.982,2.0,2.4682,2.4682,4.1539,2.8211,5.6876,2.4682,2.0,3.7226,2.0,2.0,3.1044,2.0,4.2731,4.755,2.0,2.8211,3.3411,4.1539,2.0,6.128,4.5811,2.0,2.0,6.2199,2.8211,2.4682,2.0,6.2199,2.0,4.755,4.4855,3.1044,5.178,2.4682,2.8211,8.5093,4.2731,2.0,2.0,3.7226,2.0,3.5444,7.0365,6.8381,7.4823,2.4682,2.8211,4.024,2.0,4.2731,7.2405,3.1044,3.5444,2.4682,4.5811,2.8211,4.8347,3.8811,5.5527,4.1539,2.8211,3.7226,5.2954,7.0024,6.6959,5.5527,7.2405,7.7727,4.024,2.4682,8.0058,3.1044,3.5444,4.024,2.8211,2.0,7.7727,6.738,2.8211,2.4682,2.0,2.0,3.7226,2.0,3.8811,3.5444,3.5444,6.7989,6.5143,5.1156,2.8211,3.5444,2.0,5.178,4.5811,2.4682,3.3411,5.644,3.8811,2.0,4.1539,2.0,5.178,4.4855,2.4682,5.7299,2.0,2.0,2.4682,2.0,2.0,7.5547,3.3411,2.4682,2.8211,2.0,4.2731,4.982,4.4855,2.8211,5.644,2.0,7.2978,4.2731,2.0,2.8211,2.0,7.0195,2.0,2.8211,3.8811,2.0,3.1044,5.9605,6.5851,4.024,3.7226,3.7226,4.5811,6.3879,2.0,7.3798,3.3411,3.7226,2.0,4.1539,6.2493,4.6707,2.4682,3.8811,3.1044,4.024,6.8762,2.4682,6.334,3.7226,3.7226,2.0,4.6707,2.0,4.6707,3.3411,2.0,5.178,10.1916,5.8498,2.4682,2.0,4.1539,7.5781,2.8211,2.8211,2.0,2.0,2.0,3.1044,5.5047,2.8211,5.4038,2.0,2.4682,2.4682,4.3832,7.5547,2.0,2.4682,2.4682,2.0,7.5664,5.8498,2.4682,2.0,3.7226,4.3832,4.024,3.1044,2.8211,3.7226,2.0,3.8811,2.4682,2.8211,6.6305,3.8811,3.7226,3.7226,3.3411,2.4682,3.1044,3.1044,2.4682,4.5811,3.3411,5.3506,6.334,2.4682,3.3411,3.3411,5.599,7.0365,2.0,5.9245,6.5383,5.644,3.5444,3.1044,4.024,4.755,5.644,2.8211,6.1593,4.1539,3.7226,3.8811,2.8211,6.334,2.4682,2.0,3.1044,2.4682,8.2722,4.6707,6.738,2.4682,2.0,3.3411,4.8347,6.5383,7.2257,2.0,4.3832,5.1156,2.8211,2.0,2.0,5.5047,3.7226,9.357,5.8109,5.3506,2.0,3.5444,6.2199,2.0,5.8109,2.4682,5.9605,5.6876,3.7226,2.8211,3.3411,4.2731,2.8211,6.9134,2.0,4.5811,7.9797,3.8811,4.1539,4.3832,5.178,2.0,2.4682,3.5444,2.0,case
GS021,B2,F,38,2.2956,9.0466,2.2956,7.8823,5.0088,2.2956,2.0,2.5408,2.9332,2.7503,2.9332,2.9332,4.0647,3.711,2.5408,4.5299,2.2956,3.6072,6.6885,2.2956,2.2956,6.0411,5.6287,9.7327,4.2826,2.0,2.2956,2.5408,2.5408,2.0,2.9332,3.0956,2.2956,7.1797,7.5802,3.9841,5.3028,3.3739,2.7503,2.2956,5.43,6.7629,2.5408,2.9332,2.7503,2.7503,5.1995,3.8079,2.7503,2.2956,9.2084,4.7891,11.7635,6.3128,2.9332,2.5408,2.2956,2.0,4.0647,2.2956,3.9841,4.5856,5.1262,5.5469,3.4953,7.51,2.5408,5.1995,2.0,2.2956,4.9249,2.0,2.2956,5.1262,2.5408,3.4953,5.9591,4.691,2.2956,5.3992,2.2956,9.0216,6.5553,2.2956,5.7797,5.8944,2.5408,5.7556,2.0,2.2956,3.2414,7.4661,6.7869,5.1995,5.0088,2.2956,2.9332,3.3739,2.7503,6.6234,2.9332,4.4116,2.0,2.9332,3.3739,4.4116,10.3404,6.1743,2.0,5.3992,2.0,5.3028,6.4838,2.5408,6.4391,2.2956,8.4497,9.9539,2.7503,3.4953,3.8079,4.4116,9.0466,5.0088,2.7503,3.2414,4.4719,3.711,2.7503,4.9675,4.0647,5.1995,4.4719,4.7891,2.0,2.9332,2.2956,4.2136,3.2414,4.5856,2.0,2.2956,4.5299,9.4071,2.0,2.9332,2.7503,7.2243,3.8079,3.2414,6.0411,2.5408,4.1411,2.0,2.0,2.2956,2.7503,2.0,2.7503,2.2956,2.7503,2.9332,2.5408,6.0997,4.2136,5.5469,5.602,4.2826,2.5408,10.4607,6.2624,3.3739,6.0007,2.0,4.9675,5.5747,2.2956,2.0,2.7503,6.2624,6.4984,3.8079,6.0804,7.0668,2.0,6.1743,2.2956,4.1411,8.6654,3.9841,6.2962,4.9675,5.8267,2.5408,3.2414,2.7503,4.8811,2.9332,8.9411,4.9675,5.1633,2.7503,2.0,2.2956,2.0,2.2956,5.5185,6.3292,6.4984,2.0,2.2956,3.2414,5.1262,2.9332,5.8722,2.7503,2.0,4.691,2.9332,2.0,3.2414,2.5408,5.2347,4.5856,2.0,3.4953,3.0956,3.2414,2.9332,5.9379,5.049,2.9332,2.2956,5.1633,3.9841,2.5408,4.8358,8.6261,3.2414,4.691,3.8079,2.9332,5.1633,3.6072,3.2414,9.7752,3.711,2.0,2.0,3.3739,2.0,3.0956,6.5413,6.9863,8.5157,2.5408,3.0956,4.0647,2.0,4.691,7.8711,2.5408,6.1375,3.4953,4.4719,3.711,6.5271,5.1995,3.8987,4.2136,2.2956,2.5408,6.9549,7.4209,6.7262,6.1187,7.3977,6.6101,3.8987,2.2956,7.6796,3.4953,3.8079,5.2347,2.2956,2.0,6.8451,8.6719,2.5408,2.5408,2.2956,2.2956,3.3739,3.3739,5.2347,2.2956,5.2347,6.8221,5.6287,9.1145,2.0,5.0881,2.2956,5.8267,3.6072,3.9841,2.5408,6.3454,4.8358,5.3992,6.2102,2.0,6.4984,3.711,2.0,6.8789,2.0,2.2956,3.6072,2.0,2.0,6.1743,3.0956,3.2414,3.9841,2.0,3.2414,4.4719,5.7311,2.5408,6.2452,2.0,7.7544,4.8358,2.0,4.4116,2.0,7.3095,2.0,3.2414,2.9332,2.2956,3.0956,7.115,7.2845,5.1262,3.6072,4.3485,3.8987,6.0609,2.0,6.4838,4.4719,3.9841,2.0,4.2136,5.6808,3.0956,2.0,3.4953,5.6287,4.4719,7.0069,2.2956,6.6885,3.8987,4.7891,2.2956,7.5385,2.0,4.7409,4.3485,2.0,5.8496,8.6294,5.9801,2.7503,2.2956,5.3357,7.8767,2.0,3.8079,2.2956,2.2956,3.3739,4.8358,8.4422,2.0,6.8104,2.0,2.0,2.7503,3.711,6.7987,2.2956,2.2956,3.6072,2.0,4.691,6.8789,2.7503,2.2956,5.1262,8.2573,4.6392,3.711,2.7503,5.9801,2.7503,4.4719,2.0,3.4953,6.1375,5.4896,3.2414,3.6072,3.9841,2.0,3.0956,2.0,2.9332,6.9863,2.0,8.312,6.3454,4.1411,4.1411,3.2414,7.8823,3.711,3.3739,7.2417,8.6061,6.156,3.8987,2.7503,5.1995,6.156,5.5185,3.0956,8.1643,4.3485,3.8987,4.2136,2.2956,6.7508,3.0956,2.2956,2.0,2.2956,10.3585,2.7503,7.259,3.8987,2.5408,4.1411,6.393,5.9801,8.9961,2.0,3.4953,3.9841,2.9332,2.2956,2.0,6.6234,3.8987,11.3742,6.5553,5.9379,2.0,2.9332,5.4896,2.2956,6.6757,2.2956,9.1928,5.5747,4.4719,2.2956,2.2956,4.1411,4.3485,5.5469,2.2956,5.5185,5.7556,3.2414,5.7797,6.156,6.9655,2.9332,2.5408,3.0956,2.0,control
GS022,B2,F,79,2.7979,9.7691,2.0,7.7984,3.8907,2.5776,2.0,3.1577,2.7979,2.5776,2.0,2.5776,3.6851,5.1097,2.5776,3.4454,2.989,3.9834,7.9782,2.5776,3.3087,4.736,5.2655,10.3344,4.0705,2.0,2.0,3.3087,2.989,2.5776,3.6851,2.3175,2.3175,7.7596,9.9277,3.4454,4.6817,4.2305,3.1577,2.0,6.8366,6.5486,2.0,2.3175,2.5776,2.7979,5.5033,3.1577,2.3175,2.3175,10.3883,4.5665,11.6861,5.3376,2.0,3.6851,2.5776,2.0,3.5702,2.3175,5.0249,4.4413,5.0679,3.3087,2.5776,7.4861,2.0,5.7344,2.3175,2.5776,4.6817,2.0,2.0,5.7868,2.0,2.5776,5.5033,2.3175,2.3175,5.6235,2.5776,7.9266,5.8374,2.3175,6.4546,5.2281,2.989,6.5334,3.1577,2.5776,2.5776,8.3313,6.4383,5.4393,6.1084,2.0,2.7979,3.6851,2.7979,7.7264,2.0,3.5702,2.0,4.6253,4.3042,3.3087,9.9101,7.944,2.0,5.4717,2.5776,6.2078,4.4413,2.0,6.76,2.3175,8.8484,10.1764,5.2281,2.7979,2.3175,2.989,8.6363,4.2305,3.1577,2.0,4.6817,3.4454,2.7979,4.6253,3.8907,4.6253,6.5334,4.6253,2.3175,2.0,3.1577,5.5944,3.4454,3.8907,2.0,2.5776,4.4413,8.0171,2.0,3.7916,3.1577,7.8971,5.0249,3.3087,5.8862,3.5702,3.9834,2.0,2.0,2.3175,2.7979,2.0,2.5776,2.3175,3.7916,2.0,2.5776,5.3376,4.8389,5.862,7.273,4.4413,2.3175,11.1276,5.5033,3.1577,6.76,2.0,6.7731,5.6235,2.5776,2.0,2.0,6.7468,6.6929,4.0705,4.5053,5.4717,2.0,5.6235,2.0,4.5665,9.2909,3.1577,7.7398,4.3744,4.6817,2.7979,2.0,2.3175,6.849,2.3175,9.3788,4.2305,5.5944,3.9834,3.4454,2.989,2.0,2.0,4.9806,6.6081,4.8389,2.3175,2.5776,2.3175,4.0705,2.3175,6.5024,3.4454,2.0,3.7916,2.989,2.0,2.3175,2.3175,3.8907,5.4062,2.0,3.5702,3.5702,4.0705,3.4454,6.2078,5.4393,3.4454,2.0,5.9335,3.4454,2.7979,4.7884,7.4046,2.7979,6.5024,2.7979,2.3175,6.8241,2.5776,2.5776,8.4416,5.3723,2.0,2.0,4.1527,2.0,3.8907,8.1074,7.713,8.0867,2.3175,3.4454,4.2305,2.5776,4.8877,6.3365,2.5776,4.8877,3.6851,3.1577,3.3087,7.2545,5.0249,4.0705,3.9834,2.7979,2.5776,7.0229,7.3877,5.4062,5.0679,5.7344,7.2263,4.4413,2.7979,5.9565,3.3087,3.6851,3.8907,2.989,2.0,6.6791,8.3444,3.6851,2.5776,3.1577,2.0,4.3042,3.6851,4.6253,4.5053,5.0249,7.8911,4.6817,7.118,2.0,4.1527,2.7979,7.1383,3.6851,3.6851,2.3175,5.5944,4.1527,4.3042,5.3723,2.0,3.4454,2.7979,2.0,8.7528,2.0,2.3175,4.0705,2.3175,2.3175,7.273,3.1577,2.5776,4.8877,2.0,4.4413,5.2655,8.138,2.0,4.6817,2.0,8.2402,5.3723,2.0,3.8907,2.7979,7.2358,2.989,3.6851,4.3744,2.3175,3.1577,4.9349,6.518,3.8907,3.8907,3.8907,3.8907,6.3539,2.5776,8.7128,5.4062,4.0705,2.3175,3.8907,4.3744,3.7916,2.0,2.5776,4.7884,2.989,7.1484,2.5776,7.1383,2.989,5.1897,2.3175,7.4782,2.0,4.5665,5.1897,2.0,5.4062,9.5797,4.6253,3.1577,2.3175,5.6235,7.8111,2.5776,2.7979,2.7979,2.0,2.0,3.5702,8.8109,2.3175,6.2644,2.0,2.3175,2.0,4.736,7.273,3.5702,2.989,2.3175,2.0,4.9806,4.9349,2.5776,2.0,5.4062,8.0171,4.3744,2.7979,3.8907,4.4413,2.0,3.3087,2.0,2.989,7.4213,3.4454,4.6253,3.8907,3.6851,3.3087,4.1527,2.5776,2.5776,6.0877,2.989,7.0446,7.1484,3.1577,2.0,3.8907,7.873,5.9792,2.989,6.1288,7.6003,5.652,3.9834,2.5776,4.3042,4.736,6.3009,3.1577,6.2458,6.8855,3.3087,3.3087,2.3175,7.7398,2.989,2.0,2.3175,2.5776,9.3022,2.5776,8.0496,3.4454,2.3175,3.9834,4.8389,4.3042,5.7344,2.3175,4.7884,6.5787,2.3175,2.3175,2.5776,5.4717,3.8907,10.2794,4.8877,6.9327,2.0,4.8877,5.652,2.0,7.3707,2.3175,7.3621,2.3175,4.4413,3.1577,3.5702,4.3042,4.6253,5.0249,2.989,4.3042,7.1781,6.4866,6.5637,4.6817,4.1527,2.3175,3.5702,4.0705,2.0,control
GS023,B2,M,41,3.529,8.9103,2.0,8.025,4.4539,2.5573,2.0,2.0,2.0,2.7716,3.1235,3.529,5.9649,3.1235,2.3054,4.0231,3.4061,4.1814,5.703,2.3054,4.573,4.8337,5.013,8.4358,3.6423,2.0,2.0,4.1814,3.4061,2.3054,4.5147,2.9583,2.0,6.3949,10.4153,3.8452,2.3054,2.9583,2.3054,2.5573,5.4773,6.813,2.0,3.1235,2.9583,2.0,6.0495,4.3241,2.0,2.3054,8.1738,3.529,11.7219,3.9369,2.0,2.0,2.3054,2.3054,4.1044,3.1235,5.7288,3.4061,4.4539,5.9649,3.7473,7.5244,2.5573,5.4464,2.3054,2.7716,4.683,2.0,2.0,5.9207,2.5573,2.9583,3.8452,3.4061,2.0,6.0699,2.9583,6.6328,5.3826,2.5573,6.6998,5.5661,2.9583,6.4888,2.0,2.3054,2.5573,8.2606,6.7886,3.8452,4.3905,2.7716,3.1235,3.4061,3.2717,8.2913,2.0,4.683,2.0,2.5573,3.529,3.1235,11.5493,8.9766,2.0,6.0495,2.0,4.4539,6.5481,2.0,8.5345,2.0,8.4081,10.1893,4.0231,3.4061,3.8452,3.9369,7.7747,3.9369,2.5573,2.5573,4.2545,4.2545,2.9583,3.529,5.1341,3.9369,6.09,5.2813,2.0,2.0,4.4539,5.5371,2.9583,3.7473,2.3054,2.3054,4.6291,8.6303,2.0,3.4061,3.7473,5.8517,4.3905,2.7716,4.6291,3.1235,2.5573,2.0,2.0,2.3054,3.4061,2.0,3.529,2.3054,2.9583,2.0,2.5573,4.5147,4.573,4.3241,7.0158,2.9583,2.5573,10.3922,6.5188,3.8452,6.6465,2.0,5.0545,6.1866,2.3054,2.0,2.3054,6.2945,7.1655,3.529,5.9649,6.3456,2.3054,6.5039,2.7716,5.2813,10.9876,3.6423,5.7792,4.8807,6.1099,2.5573,2.7716,2.5573,4.2545,2.0,7.7047,3.1235,4.735,3.1235,2.9583,3.1235,2.0,2.3054,5.2813,7.6035,3.6423,2.0,2.0,3.1235,5.4464,3.2717,6.7257,2.0,2.0,2.0,2.0,2.9583,3.2717,2.0,2.7716,3.7473,2.0,2.9583,4.2545,4.2545,3.4061,7.1075,4.683,2.9583,2.0,5.8751,2.9583,2.9583,3.2717,9.006,3.7473,5.3159,5.5661,2.9583,6.0495,2.0,2.0,8.2156,4.1044,2.0,2.0,4.0231,2.3054,3.529,5.1723,7.6448,8.3129,2.3054,2.9583,4.7852,2.5573,4.9702,8.1356,2.7716,5.943,2.7716,4.4539,3.8452,6.0078,4.1814,4.1044,2.7716,2.0,2.5573,6.1678,7.8176,6.5911,5.6224,6.1099,7.2212,5.013,2.5573,7.7871,3.7473,4.0231,4.6291,3.529,2.0,6.5039,7.417,2.0,2.3054,2.5573,2.3054,4.8807,2.5573,5.1723,3.1235,4.5147,5.3496,4.9702,7.156,2.5573,4.2545,2.0,5.6224,3.2717,3.1235,2.3054,6.1294,4.8337,5.0545,6.2235,2.3054,5.0545,2.9583,2.0,8.8643,2.0,2.7716,2.5573,2.3054,3.1235,6.8251,2.5573,3.529,3.4061,2.0,4.4539,3.529,5.0545,2.5573,6.6866,2.0,8.5309,4.1044,2.3054,4.2545,2.0,7.865,2.9583,3.1235,4.0231,2.3054,2.9583,5.8751,6.5335,4.0231,4.573,5.3496,4.5147,4.9261,2.3054,6.9839,4.7852,4.4539,2.0,5.7288,6.2771,3.2717,2.0,3.2717,6.0699,3.1235,7.9826,2.0,5.1341,4.5147,2.7716,2.7716,5.3826,2.0,5.3159,3.7473,2.5573,4.9702,9.91,4.2545,2.7716,2.0,4.3241,9.6368,2.0,2.3054,2.9583,2.0,3.1235,4.2545,7.4563,2.3054,5.9207,2.0,2.0,2.0,4.0231,6.6998,2.3054,2.3054,4.2545,2.3054,6.1099,4.9261,3.2717,2.3054,5.4148,7.401,3.6423,2.9583,2.0,4.6291,3.1235,4.573,2.0,3.9369,6.9947,3.4061,4.5147,2.7716,3.2717,3.1235,3.4061,2.0,4.1044,7.047,2.3054,4.5147,5.013,4.0231,3.1235,3.9369,6.2945,6.3456,4.0231,6.5039,8.3341,4.7852,4.9702,3.2717,4.9702,5.3496,5.6497,2.0,5.8517,6.2945,2.9583,4.3905,2.5573,7.6584,2.7716,2.0,2.9583,2.0,9.2445,3.529,6.7512,2.9583,2.5573,2.5573,5.4464,3.1235,5.6497,2.3054,4.683,4.3241,2.3054,3.1235,2.0,6.1294,4.2545,11.02,6.813,6.619,2.0,4.1814,4.0231,2.0,6.411,2.3054,7.1655,6.3787,4.1814,2.3054,2.3054,4.1044,4.1814,4.7852,2.0,3.4061,6.3456,5.3826,4.5147,5.3826,4.7852,2.0,3.7473,2.7716,2.5573,control
GS024,B2,F,32,3.15,9.6241,2.0,7.1147,2.573,3.15,2.0,2.0,2.792,2.573,2.3148,2.573,6.2877,3.4366,2.573,3.15,2.3148,3.15,6.1947,2.0,3.15,4.8269,5.2895,8.8284,2.0,2.0,2.3148,2.9821,2.9821,2.0,2.792,2.792,2.3148,7.2033,9.4091,3.3004,3.973,2.3148,2.573,2.573,6.7726,7.7195,2.0,2.573,3.3004,2.0,5.2531,3.7817,2.3148,3.15,10.239,3.4366,12.4131,5.0974,2.573,2.573,2.3148,2.0,2.9821,2.0,3.3004,4.1419,4.8269,3.7817,3.3004,6.8478,2.3148,5.8244,2.0,2.573,4.8269,2.0,2.3148,6.0535,2.573,2.3148,5.7215,2.9821,2.9821,4.0599,2.792,5.0557,6.1947,2.0,6.8478,4.8269,3.15,5.5519,2.573,3.15,2.792,8.9008,7.0839,4.8269,4.4938,2.0,2.792,4.0599,3.3004,6.8355,2.0,4.3632,3.4366,2.9821,3.7817,2.573,10.6566,8.4839,2.0,4.9228,2.3148,6.4891,6.2877,2.573,7.0942,2.0,7.7328,7.5794,4.43,3.3004,4.2195,4.1419,8.6647,4.2195,2.9821,2.0,5.4267,5.1773,2.3148,4.0599,3.973,5.2157,5.9435,5.1773,2.0,2.3148,3.7817,4.8269,4.0599,3.4366,2.573,2.9821,4.7765,10.0856,2.0,2.3148,2.573,7.8952,2.9821,2.3148,6.6236,2.9821,5.3936,2.3148,2.0,2.0,3.7817,2.573,3.7817,2.0,3.6756,2.573,2.0,4.6136,4.1419,6.0953,6.0953,2.9821,2.0,9.7536,4.6136,2.9821,5.8732,2.0,5.2895,6.6092,2.3148,2.0,2.3148,5.849,7.0735,2.9821,6.6236,5.1773,2.0,7.2595,2.573,4.2195,9.2793,2.792,8.3437,4.4938,4.9228,2.0,2.0,3.4366,4.3632,2.3148,8.8861,5.1379,4.4938,2.9821,2.573,2.3148,2.0,2.0,5.0557,5.2157,3.561,2.3148,2.3148,2.0,4.8757,2.792,5.6946,3.4366,2.0,3.3004,2.573,2.573,2.9821,2.573,2.9821,5.7215,2.3148,3.6756,4.4938,2.9821,3.3004,6.8232,3.3004,2.792,2.0,6.0746,3.973,2.3148,2.792,7.1841,2.0,5.325,3.15,2.573,2.9821,2.573,3.7817,9.9153,4.555,2.0,2.573,2.0,2.0,2.3148,6.6518,6.3919,7.672,3.15,2.573,4.0599,2.0,6.4891,7.5269,2.573,4.0599,3.15,6.0105,2.9821,5.325,5.1773,4.1419,3.561,3.4366,2.573,4.8269,7.2128,5.8732,3.8805,5.2895,6.9763,5.5816,2.0,6.9076,2.0,2.573,4.7765,3.7817,2.0,6.6092,7.6157,2.573,2.573,2.0,2.0,4.0599,2.573,4.7765,2.9821,3.3004,6.375,6.4085,8.1343,2.0,4.555,2.3148,4.6136,3.973,4.2931,2.3148,6.9763,4.0599,4.2931,6.872,2.0,5.1379,3.15,2.0,8.3263,2.573,2.792,2.3148,2.0,2.0,8.2171,2.792,2.9821,2.9821,2.0,4.9685,5.4267,6.9763,2.3148,5.8732,2.3148,7.6228,3.7817,2.0,3.3004,2.0,6.9874,2.3148,2.0,4.8269,2.9821,2.9821,5.0557,6.5504,4.7242,2.9821,4.2195,4.6136,6.6795,2.0,6.1557,2.3148,3.7817,2.0,3.15,6.0105,4.43,2.0,3.4366,5.459,2.9821,6.5353,2.3148,7.3657,2.3148,4.9228,2.0,7.1147,2.3148,3.6756,4.7765,2.0,4.2195,9.9542,5.3936,3.3004,2.0,4.7242,8.8129,2.792,3.15,2.9821,2.0,3.15,3.4366,7.7911,2.0,5.6392,2.0,2.3148,2.3148,4.1419,6.5947,2.573,2.3148,4.2195,2.0,5.1379,6.0535,2.792,2.3148,5.1379,8.8861,4.6136,3.6756,2.0,5.325,2.3148,2.3148,2.3148,3.15,5.6392,5.0974,4.8757,2.573,2.3148,2.0,3.15,2.3148,3.973,5.7215,2.0,6.6092,4.9228,4.8757,3.7817,5.1379,7.1448,3.561,2.9821,4.6136,7.3398,6.7726,2.792,3.973,3.973,4.8269,6.6658,2.3148,6.2695,4.8757,3.4366,3.973,2.792,7.8533,3.4366,2.0,2.3148,2.3148,11.3786,2.9821,6.9309,2.792,2.0,4.0599,5.0127,7.3224,5.6392,2.0,4.9228,5.2157,2.0,2.573,2.573,6.3056,3.15,10.0907,5.8244,5.9435,2.0,4.3632,4.3632,2.0,6.4733,2.3148,6.5947,5.1379,2.9821,2.0,2.9821,4.7242,3.973,6.375,2.573,3.8805,7.1448,5.3936,5.0974,4.7765,6.9874,2.573,2.3148,3.15,2.0,control
GS025,B2,F,37,2.405,9.3859,2.0,7.6881,5.3326,2.405,2.0,2.0,2.0,2.7209,2.7209,3.845,4.8395,3.7087,2.405,3.1993,2.9798,3.1993,6.1047,2.7209,2.7209,4.1906,4.9645,10.6401,2.405,2.0,2.405,3.7087,2.405,2.0,3.9696,2.405,2.405,5.3783,9.47,2.405,2.7209,2.9798,2.405,2.9798,4.9033,4.0843,2.405,2.7209,2.405,2.0,4.8395,4.0843,2.7209,2.0,10.5693,5.1862,10.8633,4.9033,2.0,2.7209,2.7209,2.9798,4.4691,2.9798,4.4691,4.6288,3.558,2.9798,2.0,8.1097,2.0,5.0796,2.0,2.7209,3.845,2.0,2.405,6.2095,2.405,3.3898,5.8036,2.0,2.7209,4.8395,2.405,6.8993,6.9149,2.0,8.7455,5.3326,2.0,6.9149,3.1993,2.0,2.405,8.5843,5.9007,4.1906,2.9798,2.0,3.1993,3.7087,3.1993,7.7415,2.0,4.8395,2.0,2.0,3.1993,2.9798,10.1883,7.8589,2.0,4.8395,2.0,6.6798,5.9007,2.0,8.0961,2.405,8.3805,9.5167,3.7087,2.7209,4.2895,3.1993,8.2267,2.9798,3.1993,2.0,2.9798,4.2895,2.0,4.4691,5.5072,4.7025,4.7726,5.8367,2.0,2.7209,4.3821,4.5512,2.9798,4.1906,2.0,3.9696,5.4655,9.3376,2.405,3.3898,2.7209,7.4306,4.1906,3.845,4.7726,2.9798,5.1339,2.0,2.0,2.7209,4.0843,2.0,4.4691,2.0,3.1993,2.0,3.1993,5.0796,5.2854,4.6288,6.6428,3.558,2.0,11.4243,5.3326,2.7209,5.663,2.0,5.1862,5.3326,2.0,2.0,2.405,5.0796,7.0898,3.7087,6.0493,5.8036,2.0,6.624,2.405,4.1906,10.0767,2.405,8.5794,5.4655,5.1339,2.0,2.405,2.405,5.6994,2.0,9.1756,3.9696,3.558,3.1993,2.7209,2.9798,2.0,2.0,3.845,7.8098,4.1906,2.0,2.7209,2.405,5.4655,2.405,6.3072,3.1993,2.0,3.3898,2.405,2.405,2.9798,2.7209,2.9798,5.0796,2.405,2.405,3.558,2.9798,3.9696,5.2367,4.2895,2.405,2.0,5.3326,3.1993,3.1993,3.3898,8.0189,2.7209,6.3306,3.7087,2.7209,4.7025,2.0,3.558,9.0992,3.558,2.0,2.0,4.7025,2.0,2.9798,7.1829,5.1339,7.922,2.0,2.7209,2.405,2.405,5.5072,6.5461,2.405,5.1862,3.3898,4.5512,2.0,5.6256,5.6994,3.7087,2.405,2.0,2.9798,7.1304,6.6428,6.8021,3.1993,6.4847,6.1316,3.1993,2.7209,6.158,2.7209,2.0,6.184,2.405,2.0,7.0621,7.5046,2.0,2.0,2.0,2.405,2.7209,2.405,3.9696,3.7087,2.0,6.3306,5.5478,7.0481,2.9798,4.0843,2.405,3.1993,3.1993,3.9696,2.0,4.8395,2.9798,3.9696,3.845,2.0,6.0493,2.7209,2.0,7.8749,2.0,2.405,2.0,2.0,2.0,4.4691,2.7209,2.7209,2.9798,2.0,4.0843,3.1993,6.2345,2.405,8.0615,2.0,7.8014,5.5872,2.7209,4.0843,2.405,7.005,2.0,3.3898,4.7726,2.9798,2.405,6.5259,4.6288,2.9798,2.9798,4.7025,4.4691,5.962,2.405,6.9607,3.845,3.3898,2.0,5.5872,6.3306,3.3898,2.0,3.558,6.184,3.1993,8.457,3.1993,7.5046,2.9798,5.962,2.7209,5.663,2.0,5.1862,2.7209,2.0,4.0843,9.8804,3.9696,3.1993,2.0,4.1906,7.2581,2.0,3.7087,2.9798,2.0,2.405,2.7209,9.1396,2.7209,4.8395,2.0,2.405,2.0,4.0843,7.2943,2.0,2.405,2.0,2.0,6.158,4.5512,2.7209,2.0,5.5072,7.9065,6.2592,2.9798,2.0,6.0772,3.1993,3.558,2.405,3.558,5.2367,5.6994,4.8395,3.9696,2.7209,2.405,2.7209,2.405,3.1993,6.184,2.405,7.3977,6.3763,3.1993,2.7209,3.1993,7.5452,4.2895,3.1993,4.0843,7.7845,5.2854,2.9798,2.9798,4.9645,3.3898,6.1047,2.0,6.8515,7.2823,3.7087,3.3898,3.1993,8.7102,2.0,2.0,2.9798,2.7209,10.639,4.8395,7.0481,2.7209,2.0,2.0,4.7726,4.9645,7.8346,2.0,3.9696,4.8395,2.405,2.0,2.0,6.624,3.558,11.2472,6.1316,4.0843,2.0,3.9696,5.2367,2.405,5.9007,2.405,5.6256,4.7025,4.9645,2.405,2.0,3.845,4.0843,3.7087,2.7209,4.4691,7.2703,5.6256,3.9696,5.9316,7.5352,2.0,2.405,2.7209,2.405,control
GS026,B2,M,46,2.6516,10.2558,2.4653,7.6845,5.3138,3.0988,2.2513,2.6516,2.4653,2.8166,3.0988,3.5375,5.7613,3.5375,3.4397,2.4653,2.4653,3.7153,7.2376,2.4653,3.0988,4.2648,6.417,10.9673,3.7153,2.0,2.2513,2.9646,2.0,2.2513,3.0988,3.0988,2.2513,6.8567,9.851,2.9646,4.5254,4.2065,2.8166,2.0,6.4921,7.1082,2.2513,2.0,2.9646,2.6516,6.2539,3.3348,2.0,3.2216,9.8076,3.7153,12.3546,6.2394,2.2513,2.8166,2.2513,2.0,3.6291,2.2513,4.6618,4.1458,4.6178,4.9728,2.9646,8.7233,2.4653,4.4268,2.9646,2.8166,3.7153,2.2513,2.0,4.8639,2.2513,2.4653,5.8779,2.9646,2.2513,5.0411,2.8166,5.8401,7.3428,2.0,7.7266,6.1182,2.8166,5.9858,2.8166,3.2216,2.9646,8.075,6.6426,4.6178,5.1989,2.0,2.6516,3.7966,2.9646,7.6738,2.2513,4.1458,2.4653,3.4397,3.7966,4.9374,10.7065,6.8755,2.0,4.6178,2.0,5.7814,5.2575,2.8166,7.6467,2.6516,8.7567,8.1112,5.2285,2.0,2.9646,2.9646,9.6755,3.2216,2.9646,2.2513,5.9858,3.0988,2.2513,4.5724,3.5375,5.6992,6.6965,6.1023,2.2513,2.6516,4.0161,5.2285,3.4397,4.1458,2.0,2.2513,4.1458,8.7869,2.4653,3.2216,3.8735,6.6644,4.3209,4.0161,5.0741,3.0988,4.3209,2.0,2.0,2.2513,3.4397,2.2513,3.2216,2.2513,4.8639,2.2513,2.4653,5.1687,4.7046,4.3209,5.9329,3.2216,2.8166,10.1321,6.5751,3.9465,4.9374,2.0,4.3209,5.7409,2.4653,2.2513,2.8166,4.5724,6.3103,4.2648,5.0741,6.8941,2.0,5.4457,2.0,5.286,7.6738,3.2216,7.7523,4.4769,4.9011,2.0,2.2513,2.6516,5.7409,2.2513,8.8643,4.4769,3.7153,3.8735,2.2513,3.0988,2.0,2.0,3.3348,5.286,2.8166,2.2513,2.2513,2.4653,3.9465,2.8166,5.4952,2.6516,2.0,3.7966,3.3348,2.2513,3.2216,2.4653,3.6291,5.7202,2.8166,3.9465,3.6291,3.5375,3.4397,6.1648,5.0074,2.6516,2.0,5.7613,4.4268,2.2513,2.4653,8.3385,3.6291,6.8755,2.8166,3.9465,4.4268,2.8166,2.8166,9.3979,4.5724,2.0,2.9646,3.7966,2.0,3.3348,6.1339,5.6121,8.6569,2.0,2.9646,4.6178,2.2513,4.3748,7.0263,3.0988,5.4457,2.6516,3.8735,3.4397,5.2575,3.8735,3.0988,3.2216,2.8166,3.2216,5.7409,6.6965,7.0679,3.2216,6.0535,7.1319,4.2648,2.8166,6.4675,2.2513,3.6291,5.1379,3.8735,2.2513,6.8183,7.8837,2.0,2.2513,2.4653,2.2513,4.5254,2.2513,5.2285,4.5724,4.2648,8.222,3.8735,7.9694,2.2513,6.0862,2.2513,3.5375,2.9646,3.7966,2.2513,4.9728,3.7153,3.2216,5.2285,2.0,7.7574,3.4397,2.0,8.3351,2.0,2.9646,3.5375,2.2513,2.4653,7.2592,2.9646,2.8166,3.5375,2.4653,4.0161,4.3209,6.6859,2.0,5.4952,2.0,8.3587,2.6516,2.0,4.0161,2.4653,7.1319,3.3348,2.6516,6.0699,2.2513,2.4653,4.0161,6.417,3.7153,2.6516,4.4268,5.1379,5.5193,2.4653,7.4408,4.8257,3.7153,2.0,5.4952,5.286,2.6516,2.0,3.0988,5.5193,3.7153,7.4659,2.9646,6.5635,3.8735,5.1989,2.6516,6.3646,2.0,4.5724,3.4397,2.2513,4.4769,8.8454,6.1648,2.9646,2.0,5.1379,9.1786,2.0,3.9465,2.6516,2.0,4.0824,4.5254,7.5562,2.0,5.8965,2.0,2.8166,2.4653,4.0824,8.3077,3.0988,2.4653,3.8735,2.0,5.9329,5.9329,2.9646,2.0,5.1063,8.1151,2.9646,4.1458,4.0161,5.4706,2.2513,3.7153,2.0,3.4397,7.0347,4.4769,4.7461,3.5375,2.8166,2.0,3.7153,2.8166,3.6291,5.5894,2.2513,4.4769,6.6752,2.8166,2.0,2.8166,7.7162,4.4268,3.7153,7.6246,7.0179,5.8591,4.8639,4.4268,4.5724,5.1379,5.9858,2.0,8.042,6.1339,2.8166,2.9646,2.9646,7.5327,2.4653,2.2513,2.9646,2.6516,8.8969,2.8166,7.4024,4.2648,2.4653,2.4653,3.8735,6.4921,8.196,2.4653,2.2513,4.3209,2.0,3.0988,2.2513,5.1379,3.0988,9.736,5.4202,5.5894,2.2513,3.0988,4.8257,2.0,6.2248,3.0988,7.9249,5.7814,4.7864,3.2216,3.0988,3.3348,3.4397,5.8012,3.0988,3.8735,7.8929,7.1002,6.6965,7.0263,6.8755,2.4653,2.6516,3.7153,2.0,control
GS027,B2,M,69,2.5298,9.9226,2.0,8.252,4.3828,2.2891,2.2891,2.0,2.5298,2.5298,2.0,2.7361,5.9878,3.6865,3.2211,3.6865,2.7361,3.5835,7.5455,2.7361,3.4725,6.3593,4.6095,10.4273,3.7827,2.0,2.0,3.4725,2.2891,2.0,2.0,4.1137,2.5298,7.2583,8.7659,3.7827,4.6611,3.4725,2.7361,2.2891,6.0664,5.926,2.0,2.5298,2.2891,2.2891,4.8505,4.8505,2.2891,2.9165,9.9871,4.1137,11.4889,4.6611,2.2891,3.5835,2.0,2.9165,3.2211,2.0,5.3672,4.6611,4.4429,2.9165,4.3828,7.9953,2.2891,4.8942,2.0,2.7361,4.3828,2.0,2.0,4.7589,2.0,3.4725,4.2546,2.9165,2.5298,4.9366,2.7361,6.0664,6.7645,2.2891,9.5222,4.6611,3.3523,6.5214,2.5298,3.3523,3.0768,8.1699,6.4645,4.1859,4.3201,2.0,2.7361,4.1859,2.7361,9.2276,2.7361,4.9778,2.9165,3.3523,3.4725,4.7108,10.8834,9.368,2.0,4.5006,2.9165,6.1041,6.2955,2.0,7.8474,2.0,8.1202,9.1952,3.4725,3.4725,2.7361,3.3523,8.6496,4.4429,2.5298,2.7361,4.5006,3.9577,2.0,5.0949,4.9778,5.0949,5.3038,5.3672,2.0,2.2891,2.7361,5.4574,3.4725,2.7361,2.2891,2.7361,4.5006,9.5446,2.0,3.9577,3.0768,6.9206,4.1859,3.4725,6.8109,2.9165,4.8942,2.0,2.0,2.0,2.9165,2.2891,3.2211,2.0,2.9165,2.0,2.0,4.9366,4.0378,6.1589,6.549,3.3523,2.0,10.9406,6.3436,3.2211,4.1859,2.5298,4.3201,7.4681,2.7361,2.0,2.2891,5.6224,6.9725,3.2211,6.8222,6.2116,2.0,4.1137,2.0,5.3038,10.0084,3.0768,8.1744,3.8728,3.8728,2.0,2.2891,3.3523,6.1408,2.7361,9.3386,4.5561,4.3828,3.2211,3.4725,3.2211,2.0,2.0,6.2116,8.0053,4.8054,2.5298,2.2891,2.9165,4.3828,3.3523,6.6417,2.2891,2.2891,2.5298,3.5835,2.0,3.2211,2.0,2.0,5.8392,2.2891,3.0768,4.8505,2.0,4.0378,4.8054,3.3523,3.4725,2.0,5.1319,3.9577,2.7361,3.3523,9.0015,3.2211,5.4279,3.5835,2.2891,6.2458,3.4725,2.2891,8.989,3.8728,2.5298,2.2891,3.3523,2.2891,2.2891,7.0028,6.549,7.5109,2.5298,3.0768,3.4725,2.2891,4.7108,7.808,3.0768,5.6984,2.5298,3.7827,2.7361,5.926,5.7468,5.1679,3.9577,2.0,2.5298,7.2583,8.8065,5.2374,6.0079,6.3436,6.45,4.6095,2.0,7.3396,2.2891,4.1137,5.1319,3.5835,2.2891,8.1156,7.2499,2.5298,2.5298,2.2891,2.2891,4.1859,2.9165,4.3201,4.6095,3.4725,7.2073,6.3902,7.5861,2.2891,5.2031,2.9165,5.9675,2.9165,3.4725,2.5298,5.2374,3.2211,4.8942,4.8054,2.0,6.3117,3.5835,2.0,7.785,2.5298,2.7361,3.2211,2.0,2.9165,6.8777,3.5835,2.9165,3.0768,2.0,4.2546,5.1679,6.6921,2.0,5.2031,2.2891,9.0888,5.3358,2.2891,3.2211,2.9165,8.0349,2.2891,3.2211,3.2211,2.2891,3.7827,3.7827,6.4645,4.3201,4.1137,4.6095,3.7827,5.0179,2.0,5.0949,4.1137,2.7361,2.0,5.1319,7.0519,3.4725,2.2891,3.5835,5.0949,2.2891,5.8833,2.0,6.6027,4.1859,5.6984,2.0,5.7938,2.0,4.0378,4.0378,2.0,4.9778,9.1373,6.7994,2.9165,2.2891,5.4862,8.709,2.5298,3.7827,3.8728,2.2891,3.3523,2.9165,9.1486,2.0,6.3902,2.2891,2.2891,2.7361,3.8728,7.3317,2.2891,3.8728,4.7108,2.2891,3.0768,6.2791,2.7361,2.0,4.9366,7.7136,5.0179,2.5298,2.0,4.1859,2.2891,2.2891,2.0,3.2211,5.4862,4.9366,5.0569,3.8728,2.7361,2.2891,2.7361,2.2891,3.6865,6.3593,2.2891,7.5038,6.549,3.6865,3.7827,3.5835,7.275,5.0949,3.0768,6.6545,7.2245,6.6027,4.5561,2.9165,4.5006,5.4862,5.4279,2.7361,6.4933,6.6671,2.5298,3.8728,2.7361,8.4807,2.0,2.0,2.7361,2.0,9.0287,2.7361,6.5761,2.5298,2.9165,3.3523,5.1319,7.1722,7.7378,2.5298,3.8728,5.6482,2.2891,2.9165,2.7361,4.7108,4.1137,9.171,5.3038,5.8392,2.0,4.3828,5.2031,2.0,6.6288,2.5298,6.479,5.9469,4.0378,2.7361,3.2211,4.5561,3.0768,6.8222,3.0768,5.6735,6.2288,4.2546,5.6735,6.3436,5.6735,2.2891,3.0768,3.0768,2.2891,control
GS028,B2,M,62,2.6957,9.4523,2.2709,8.4417,3.7102,2.0,2.0,2.0,2.8689,2.2709,2.2709,2.4989,7.3381,2.6957,2.0,4.035,3.1631,3.9604,5.3048,2.4989,3.6162,6.2613,5.4206,9.3055,2.8689,2.0,2.0,2.6957,2.4989,2.4989,3.9604,3.1631,2.6957,7.8735,9.24,3.5155,3.7985,3.0235,3.4073,2.2709,5.9113,6.5555,2.0,2.8689,2.4989,2.4989,6.2299,5.0041,2.0,2.8689,11.1344,4.035,11.3845,5.9113,2.0,2.4989,2.2709,2.0,4.2382,2.0,5.6751,2.2709,6.0255,3.7985,2.8689,6.337,2.2709,6.0071,2.6957,2.8689,5.0041,2.0,2.2709,6.3948,3.0235,3.4073,6.7228,4.6714,3.7985,5.0408,2.2709,7.3455,6.2299,2.4989,8.3313,3.8818,4.106,7.9186,2.2709,2.6957,3.7985,8.631,6.789,4.6714,4.8473,2.0,3.8818,4.8053,4.6714,5.9695,2.2709,3.0235,2.2709,3.7102,3.2904,3.7985,11.5186,7.7124,2.0,4.8053,2.0,6.3222,5.4206,2.2709,8.5696,2.0,7.9623,8.6068,4.8053,4.035,3.9604,5.0408,7.8323,4.4162,2.4989,2.4989,3.4073,3.5155,2.8689,3.7985,4.6238,4.3,5.3048,3.5155,2.2709,2.8689,3.7985,5.1455,2.2709,3.9604,2.8689,2.6957,5.2114,8.2901,2.4989,5.1455,3.5155,6.6175,4.1736,2.4989,5.1455,4.106,4.7174,2.0,2.0,2.0,4.106,2.2709,3.1631,2.4989,3.7985,2.4989,3.0235,3.7102,2.2709,5.3639,7.4983,3.0235,3.1631,10.3755,5.1788,3.2904,5.7655,2.0,4.3593,6.4228,2.6957,2.0,2.2709,7.0178,7.1411,5.0408,5.931,6.1313,2.0,5.7655,2.0,3.5155,10.0798,2.0,7.9478,5.0766,5.6516,2.2709,3.0235,3.1631,4.8473,2.4989,8.7213,4.6714,6.0794,2.8689,2.6957,2.6957,2.0,2.4989,5.0041,8.0093,4.6714,2.0,2.2709,2.2709,4.9665,2.0,6.8727,3.6162,2.0,3.5155,3.5155,3.0235,2.6957,2.4989,4.3,5.2743,2.0,3.7985,3.7985,2.4989,2.2709,6.0437,5.721,2.6957,2.0,4.5238,2.8689,3.0235,2.4989,8.4554,2.2709,5.2114,3.0235,2.4989,5.8298,3.1631,3.6162,7.41,4.762,2.0,2.2709,3.5155,2.0,3.1631,6.9129,7.41,8.1997,2.0,2.4989,3.7102,2.6957,5.6034,8.0946,2.8689,6.8523,3.2904,4.8053,4.106,5.2114,6.8419,3.8818,5.4206,2.4989,2.6957,5.7434,8.2475,4.6714,3.2904,6.9325,7.3817,5.4482,2.2709,7.4851,2.4989,3.0235,4.3,3.2904,2.0,7.1745,7.7067,2.4989,3.1631,2.4989,2.2709,3.5155,3.6162,4.471,3.5155,4.1736,6.4504,5.8506,7.0895,2.0,5.7655,2.0,5.931,5.0766,3.7102,2.6957,5.7873,3.4073,2.6957,6.9029,2.0,7.5878,3.1631,3.2904,8.8037,2.0,3.0235,3.2904,2.2709,2.2709,8.2158,2.6957,3.4073,4.6238,2.0,4.6714,3.0235,7.6603,2.2709,7.0895,2.0,7.7124,5.4482,2.8689,4.1736,2.0,7.2547,3.2904,3.1631,3.7102,3.0235,3.2904,5.931,7.3528,3.4073,4.1736,4.106,3.1631,4.5238,2.4989,8.9957,3.7985,3.5155,2.0,4.8473,6.1978,3.7102,2.0,2.4989,4.7174,3.0235,6.6296,2.4989,3.9604,3.9604,3.6162,2.8689,6.3222,2.2709,5.1455,3.8818,2.0,5.9504,8.8991,5.6034,2.2709,2.2709,5.4482,9.0439,2.6957,3.2904,2.2709,2.4989,2.4989,3.6162,10.2972,2.0,6.1142,2.0,2.8689,2.4989,4.2382,7.7124,3.1631,3.1631,3.5155,2.0,3.5155,6.2613,2.6957,2.0,3.7985,7.1411,5.6751,3.1631,2.2709,5.5786,2.0,3.6162,2.2709,4.471,5.8506,5.5279,5.2743,4.035,2.2709,3.2904,4.035,2.2709,2.4989,5.1455,3.2904,5.6751,7.0451,2.8689,2.6957,3.6162,7.6425,4.5238,4.5747,5.931,7.2152,5.0766,4.9665,3.1631,5.2114,4.762,5.2114,2.8689,6.6535,5.5786,4.8053,3.4073,3.1631,6.593,2.0,2.0,4.1736,2.4989,9.3017,3.5155,7.6603,3.7102,3.0235,4.2382,5.2432,5.0041,6.337,2.0,3.2904,5.2432,2.4989,3.6162,3.0235,5.3346,4.471,10.1221,4.7174,4.3,2.0,3.2904,5.5786,2.2709,5.8506,2.0,7.7516,6.9805,3.9604,2.2709,3.0235,3.0235,3.7985,6.0071,3.0235,5.0408,5.721,4.5747,5.9113,5.0408,5.8506,2.6957,4.3593,3.1631,2.4989,control
GS029,B2,M,36,3.2722,9.4382,3.124,7.6043,5.4157,2.3055,2.0,2.5576,3.124,2.3055,2.0,2.9587,6.2243,5.0137,2.9587,3.4066,2.3055,4.8815,7.4099,2.5576,4.1051,2.5576,6.0297,9.878,3.4066,2.0,2.0,3.5296,4.1821,2.3055,3.9376,3.2722,2.3055,7.7818,10.5674,2.9587,2.9587,3.2722,2.0,2.9587,5.6506,7.8124,2.3055,2.9587,3.5296,2.0,5.0137,4.2553,2.3055,2.3055,10.931,3.9376,11.6531,5.8288,2.0,2.9587,2.5576,2.772,4.2553,2.3055,3.4066,2.0,5.3167,5.0956,2.9587,8.198,2.5576,7.0062,2.3055,2.9587,4.1821,2.3055,2.0,4.5738,2.3055,2.772,5.6774,4.6838,2.0,5.0553,3.9376,6.8731,5.4157,2.3055,9.2588,6.9189,3.2722,5.8759,2.5576,2.772,3.124,8.7339,6.8139,4.8815,4.3248,2.0,4.0238,3.6429,3.9376,6.1107,2.0,3.124,2.3055,4.7358,3.124,4.786,10.5023,7.0984,2.3055,5.2467,2.0,7.0784,6.3126,2.5576,7.1664,2.0,8.6652,8.9027,4.786,3.6429,3.5296,3.8459,8.6551,4.1821,2.772,2.5576,5.8288,5.2104,2.772,4.0238,4.8345,3.748,4.9269,5.5083,2.0,2.3055,3.2722,4.6298,5.4472,2.9587,2.3055,3.4066,4.786,7.6592,2.3055,5.5669,2.5576,7.4259,4.3248,2.9587,6.5778,3.2722,3.748,2.772,2.0,2.3055,4.1821,2.3055,5.0553,2.3055,4.8345,2.0,2.5576,4.3248,4.9269,5.2821,6.4435,4.0238,3.5296,7.3693,5.5669,2.772,4.9269,2.0,4.9269,6.6742,2.3055,2.0,2.0,6.4277,5.7801,2.5576,6.4435,6.0087,2.0,6.5344,2.0,5.0137,9.1456,4.1821,6.606,5.0137,5.3834,2.9587,2.3055,2.772,6.0087,3.2722,8.3476,4.5738,5.8046,3.4066,3.8459,2.5576,2.3055,2.3055,5.5379,6.5778,4.971,2.772,2.3055,2.0,3.6429,3.4066,7.0479,2.5576,2.0,3.6429,2.772,2.3055,4.8815,2.9587,2.772,5.5379,2.772,2.5576,3.5296,2.3055,3.4066,5.9438,5.3504,2.5576,2.0,5.6506,5.1731,2.3055,3.2722,9.7174,2.0,5.7038,3.9376,2.0,6.1303,2.9587,3.5296,9.3863,4.1821,2.0,2.5576,4.6298,2.5576,3.2722,7.2312,5.3167,9.3781,2.0,2.5576,2.772,2.772,5.2821,7.5473,3.4066,5.8525,2.3055,3.9376,2.9587,5.5953,5.6506,2.9587,4.3248,2.3055,2.3055,6.7394,8.4407,5.9215,4.3248,6.2603,7.7506,4.1051,2.0,6.7394,2.3055,3.124,4.5738,3.124,2.5576,7.2492,7.3105,2.3055,2.3055,2.3055,2.3055,4.3912,2.3055,4.6838,3.748,3.8459,7.5832,6.8731,6.7895,2.3055,5.4781,2.3055,6.7394,4.8345,2.3055,3.2722,6.2779,5.5379,4.1821,7.4337,2.3055,7.1376,2.5576,2.3055,7.2221,2.3055,2.772,3.6429,2.5576,2.0,8.3642,3.8459,3.2722,3.2722,2.0,5.3504,5.1731,7.0885,2.3055,7.3191,2.0,7.6726,4.5738,2.0,5.0137,2.0,7.1279,2.3055,3.8459,3.4066,2.0,2.5576,6.8847,4.5738,4.1821,4.6298,4.6838,4.3248,5.6506,2.0,7.8424,4.3248,4.4547,2.3055,5.9438,6.8139,2.772,2.0,3.2722,6.8847,3.124,6.9848,2.3055,7.2758,5.7038,4.5738,2.9587,8.4009,2.0,4.971,3.6429,2.0,6.1686,8.7593,6.0504,2.772,2.3055,4.6838,8.3434,2.0,2.9587,2.5576,2.5576,2.3055,3.9376,6.3958,2.5576,5.7551,2.0,2.9587,2.9587,3.5296,8.6449,2.0,3.124,4.5154,2.3055,5.1731,7.4416,3.4066,2.3055,4.3912,6.606,5.4157,3.9376,3.124,4.971,2.5576,3.2722,2.5576,3.5296,5.2104,3.4066,3.5296,3.748,3.4066,3.2722,2.3055,2.772,2.5576,6.6199,2.3055,6.4744,6.6473,4.3248,3.4066,3.124,7.9231,4.5154,3.6429,7.5973,6.8017,6.6875,4.5738,3.4066,5.2467,6.0504,6.0297,2.3055,6.6875,7.2581,5.0956,4.3912,2.9587,5.7551,2.772,2.0,2.5576,2.0,8.614,3.748,6.8139,3.4066,2.5576,2.9587,5.5083,4.5154,8.5207,2.0,4.6838,4.8815,2.3055,2.5576,2.3055,6.0297,2.9587,10.8352,4.1821,4.8815,2.0,3.9376,6.0909,2.3055,6.6473,3.124,8.8056,5.3504,3.5296,2.0,2.772,4.2553,2.5576,7.0272,3.2722,4.1051,5.9438,4.0238,5.5953,7.4337,6.2954,2.0,4.5738,3.4066,2.0,control
GS030,B2,F,62,3.038,8.5939,2.0,6.8926,5.0659,2.3373,2.0,3.038,2.0,2.6104,2.3373,3.5076,3.6354,2.84,2.6104,2.0,2.6104,3.3674,6.8668,2.84,2.3373,5.2766,5.7974,10.3048,3.5076,2.0,2.3373,3.7528,2.3373,2.0,2.84,3.3674,2.3373,7.2329,9.1513,3.3674,4.0567,3.038,2.6104,2.0,7.781,6.3,2.3373,2.84,2.3373,2.84,5.713,4.7642,2.3373,2.6104,11.7102,5.0198,10.1569,4.8719,2.0,3.2121,2.6104,2.0,3.5076,2.0,4.9722,3.6354,5.6539,5.0198,4.1452,7.3861,2.3373,4.7072,2.0,2.0,3.3674,2.3373,2.0,6.2207,2.6104,3.038,5.4255,3.8614,2.6104,5.0659,2.84,6.0245,7.3861,2.6104,8.4793,5.1106,3.5076,5.4255,2.84,3.038,3.3674,6.8538,7.9686,3.6354,4.1452,2.0,3.9623,2.84,2.0,8.625,2.3373,4.8719,2.3373,3.2121,2.3373,4.8719,11.3317,7.9442,2.6104,4.2286,2.6104,4.9722,4.4534,2.6104,6.9305,2.0,7.3586,7.746,3.5076,2.0,3.7528,3.9623,9.6426,5.3529,2.0,2.0,4.8191,3.2121,2.0,4.4534,5.4255,5.1106,5.5922,6.5146,2.0,2.0,4.7642,5.0198,2.6104,3.7528,2.84,2.6104,5.0659,11.2555,2.0,4.3075,3.9623,7.0034,4.0567,2.6104,6.115,3.2121,2.0,2.0,2.0,2.6104,3.6354,2.0,3.9623,2.84,4.0567,2.3373,2.3373,6.1368,4.3823,5.7699,5.196,3.3674,2.84,10.0874,5.1106,2.84,7.3305,2.3373,5.0198,7.4308,2.0,2.0,2.0,5.4604,6.1793,2.3373,6.2002,6.1582,2.0,5.4604,2.3373,4.1452,9.484,2.84,8.4963,4.1452,5.5278,2.6104,2.3373,3.3674,5.7417,2.0,7.9987,5.1106,6.4979,3.038,2.0,2.84,2.0,2.0,6.2002,3.7528,4.8719,2.3373,2.0,3.038,3.5076,3.2121,6.8798,3.038,2.0,3.2121,2.6104,2.84,3.038,2.0,2.6104,4.3075,2.6104,2.0,3.7528,3.8614,3.5076,7.377,3.8614,2.6104,2.0,5.5604,4.5858,2.3373,3.038,7.746,3.038,5.1539,4.7072,3.8614,5.6838,2.6104,3.8614,8.5621,4.4534,2.0,2.3373,3.5076,2.0,2.3373,8.4878,7.139,8.249,2.6104,3.6354,4.9722,2.0,4.5211,5.7699,2.6104,5.3153,3.6354,6.0705,4.2286,6.2002,6.2002,4.5858,3.7528,2.0,3.3674,6.7304,8.0105,5.5604,3.9623,7.0152,6.8538,4.2286,2.84,7.5812,3.3674,2.3373,4.6478,2.84,2.3373,6.6265,6.4113,2.6104,3.038,2.0,2.3373,2.6104,3.2121,3.8614,4.2286,4.2286,6.6418,6.3191,8.0046,2.3373,3.7528,2.84,6.1368,3.038,5.6539,2.0,5.9028,4.1452,2.84,5.7974,2.0,7.1709,2.84,2.84,7.6204,2.3373,2.84,3.038,2.0,2.84,6.7015,3.038,2.0,4.5858,2.0,4.3823,5.1106,7.9927,2.6104,7.1815,2.0,7.139,3.7528,2.3373,3.038,2.0,6.0705,3.6354,2.6104,3.6354,2.3373,3.2121,5.1106,4.7642,4.7072,3.3674,4.1452,3.3674,4.7072,2.0,6.2207,4.5858,2.6104,2.3373,5.8511,5.6539,3.7528,2.0,3.6354,4.5858,3.8614,8.5213,2.3373,7.7601,5.9771,2.84,2.0,7.6735,2.3373,5.2766,2.0,2.0,5.2766,8.4579,6.0929,3.3674,2.3373,3.5076,7.4656,2.3373,2.6104,2.3373,2.3373,4.1452,3.5076,8.4963,2.3373,5.1539,2.0,2.3373,3.038,5.0659,7.9318,2.0,2.3373,2.6104,2.0,5.4255,6.8002,2.6104,2.0,5.3153,7.597,4.9722,2.84,3.038,5.3529,2.3373,4.5211,2.0,4.2286,5.1539,3.9623,4.3075,3.7528,3.5076,3.5076,3.5076,2.3373,2.84,3.5076,2.84,5.5604,6.2609,3.3674,2.0,3.038,8.1129,5.4255,3.7528,6.5475,8.1877,7.1497,2.6104,3.2121,4.1452,5.1106,5.4255,2.3373,6.2002,4.7072,3.038,3.7528,3.2121,7.9686,2.6104,2.0,2.3373,3.038,10.2435,3.038,7.4396,3.038,2.0,4.3823,5.0198,5.3529,6.9674,2.0,5.0659,4.0567,2.3373,2.84,2.84,6.7304,4.4534,10.2347,6.8002,6.6111,2.0,3.6354,4.0567,2.0,5.928,2.3373,8.4405,5.5922,3.038,3.5076,2.3373,3.9623,4.3823,5.3153,2.84,5.3529,7.4742,5.713,5.2368,6.2207,4.2286,2.0,2.6104,2.84,2.3373,control
GS031,B2,F,58,3.6481,7.8199,2.3839,7.8957,2.9371,2.3839,2.0,2.6869,2.6869,2.3839,2.3839,2.6869,5.2989,3.5004,3.336,2.9371,2.9371,3.6481,6.3368,2.6869,3.336,5.4674,4.5554,9.8395,2.0,2.0,2.3839,2.6869,2.0,2.0,2.9371,2.0,2.9371,7.5082,9.4444,3.336,4.1223,2.9371,4.1223,2.3839,5.9382,7.1228,2.6869,3.6481,2.3839,2.0,5.2989,2.6869,2.0,2.3839,11.644,4.2199,10.8846,5.8797,2.3839,3.9046,2.6869,2.0,2.9371,2.9371,4.8274,3.1503,5.4271,4.1223,2.6869,9.9942,2.0,3.5004,2.6869,2.6869,3.1503,2.0,2.0,4.764,2.3839,2.3839,5.9945,3.782,2.0,3.336,2.0,7.0316,5.2535,2.0,8.0025,5.0022,2.0,6.7503,2.3839,3.9046,2.3839,8.2766,5.7549,3.6481,3.336,2.0,3.336,4.6283,3.9046,8.1523,2.0,5.0022,3.336,3.336,3.1503,4.0175,11.8596,8.9668,2.3839,3.9046,2.0,6.5584,4.3114,2.3839,6.9907,2.0,8.8761,8.8382,4.3114,3.336,4.3114,4.3114,9.1668,3.5004,2.3839,2.6869,5.0561,5.4674,2.0,4.0175,5.7549,3.1503,3.1503,4.3114,2.0,2.6869,3.6481,4.4785,4.3974,2.0,2.9371,2.6869,4.4785,9.185,2.0,3.782,3.6481,5.2989,3.1503,3.336,5.0561,2.0,4.0175,2.0,2.0,2.0,2.3839,2.0,3.5004,2.3839,3.336,2.3839,2.9371,4.764,2.3839,4.0175,6.7339,2.6869,2.0,11.023,5.5449,2.9371,6.6312,2.0,4.0175,6.4214,2.9371,2.0,2.0,6.2926,5.8187,2.3839,6.7503,4.8274,2.0,4.6978,2.6869,2.0,7.9607,2.9371,8.3431,4.888,3.1503,2.0,2.6869,2.0,5.6537,2.6869,8.6669,3.782,3.9046,3.1503,2.6869,2.0,2.0,2.0,4.1223,8.7304,4.2199,2.0,2.3839,2.3839,4.2199,2.6869,4.6978,2.9371,2.0,3.5004,2.0,2.3839,3.5004,2.3839,3.6481,4.0175,2.0,3.9046,5.1582,2.3839,3.336,5.2066,3.782,2.6869,2.0,5.5067,2.6869,2.3839,2.9371,9.0355,3.1503,5.5067,2.9371,3.1503,6.4817,2.0,3.1503,8.7138,5.0022,2.0,2.0,2.0,2.0,3.6481,7.7233,7.3228,5.2535,2.0,2.0,4.6283,2.3839,5.2989,7.8042,3.336,4.764,2.3839,4.3114,3.782,4.3114,4.2199,3.336,2.3839,2.9371,2.6869,6.4619,5.0561,6.6133,4.5554,4.4785,6.5769,3.5004,2.6869,7.3007,2.6869,2.6869,4.9463,2.3839,2.0,5.8495,6.1009,2.6869,2.3839,2.6869,2.0,4.6283,3.1503,4.6978,2.3839,3.9046,5.0561,6.247,8.3593,2.6869,3.336,2.3839,4.8274,3.9046,4.764,2.0,4.4785,3.5004,4.8274,5.6537,2.0,5.9667,2.9371,2.0,8.3377,2.0,2.6869,3.5004,2.0,2.0,7.6981,2.3839,2.3839,4.3974,2.0,3.336,3.6481,7.8042,2.3839,7.9031,2.0,8.5868,4.6978,2.3839,3.6481,2.3839,7.6108,2.6869,2.0,4.3114,2.0,2.3839,8.1083,7.7724,4.5554,2.9371,3.9046,5.3856,2.6869,2.0,6.1513,4.3114,3.5004,2.0,5.7871,4.8274,3.1503,2.3839,2.6869,4.5554,4.3974,5.7871,2.6869,4.764,4.1223,3.336,2.0,7.2553,2.0,4.1223,2.9371,2.0,6.3584,10.0333,6.1513,2.6869,2.3839,5.4674,7.6198,2.0,2.6869,2.6869,2.3839,4.9463,4.1223,7.6638,2.3839,7.0844,2.0,2.3839,2.0,3.9046,9.9361,2.0,2.6869,4.3114,2.0,5.3856,5.8797,2.6869,2.3839,5.4674,5.5067,4.6283,4.1223,3.1503,4.888,3.1503,2.3839,2.0,4.3114,6.2237,5.0022,4.2199,3.9046,3.5004,2.3839,3.5004,2.3839,2.3839,4.4785,2.0,6.0487,5.6882,3.336,2.9371,2.6869,5.7549,4.764,2.6869,5.7871,7.3978,5.5067,2.6869,2.6869,5.1582,3.9046,6.2926,2.0,7.1478,5.9667,3.5004,4.5554,3.5004,7.2321,2.6869,2.0,2.0,2.0,8.9131,3.6481,7.9465,3.6481,2.3839,4.2199,5.7549,5.108,7.7724,2.6869,4.2199,4.2199,2.0,2.3839,2.3839,4.0175,3.1503,9.1452,6.3584,4.6978,2.0,2.9371,6.1758,2.3839,6.1263,2.3839,7.5369,4.8274,3.9046,2.6869,3.5004,4.8274,4.4785,4.8274,2.9371,4.4785,7.3228,6.5012,4.5554,5.7549,5.8187,3.1503,3.5004,3.1503,2.0,case
GS032,B2,F,46,3.5963,7.6604,2.0,6.7977,3.8195,2.3253,2.0,2.0,2.8146,2.3253,2.0,3.4702,4.5375,2.3253,2.3253,3.3321,2.3253,3.0085,6.2828,2.5906,2.3253,5.5073,4.7148,9.9327,3.5963,2.0,2.3253,3.1793,2.8146,2.0,2.3253,2.8146,2.5906,6.6601,6.9352,3.5963,3.5963,3.0085,3.1793,2.3253,6.1657,6.3911,2.0,2.3253,2.8146,2.5906,4.9689,4.0127,2.0,2.5906,8.3476,2.8146,11.5395,5.0148,3.0085,2.5906,2.5906,2.3253,2.3253,2.0,4.8726,3.4702,5.185,4.2613,2.3253,7.3563,2.0,4.8726,2.0,2.3253,3.4702,2.0,2.0,5.5073,2.3253,3.0085,5.9931,4.406,2.3253,4.1004,3.0085,7.1354,5.7706,2.3253,6.8618,6.0159,2.3253,6.2255,2.3253,2.5906,2.5906,7.8746,6.5861,3.3321,4.4733,2.0,3.0085,2.8146,3.5963,6.7442,2.0,3.3321,2.0,3.7122,2.3253,4.4733,13.285,7.4002,2.3253,3.3321,2.5906,5.6303,6.3015,2.0,7.7581,2.3253,8.2599,8.6892,3.3321,2.8146,2.5906,2.8146,8.0774,3.1793,2.8146,2.5906,4.7148,4.3355,2.3253,4.406,4.406,5.1024,5.2631,2.3253,2.0,2.3253,3.3321,4.4733,3.5963,2.0,2.5906,2.3253,3.3321,8.0935,2.0,3.0085,3.7122,6.3559,3.4702,3.1793,6.4591,3.0085,2.8146,2.0,2.0,2.3253,3.0085,2.0,2.0,2.0,3.1793,2.0,2.5906,5.4076,3.9193,3.9193,4.8726,3.3321,2.3253,9.2789,5.0593,3.1793,6.1245,2.0,5.3728,8.1816,2.0,2.0,2.8146,5.2631,5.0148,4.6581,5.97,4.8726,2.0,5.688,3.1793,4.7148,7.3384,3.0085,6.3559,2.8146,3.5963,2.0,2.3253,3.1793,6.1859,2.0,7.7848,4.0127,4.406,2.8146,2.0,2.8146,2.0,2.0,3.9193,6.524,3.7122,2.0,2.0,2.0,3.4702,2.8146,5.7706,2.3253,2.0,2.0,2.8146,2.0,2.5906,2.3253,3.5963,3.1793,2.0,2.8146,4.4733,3.5963,2.3253,7.6015,3.0085,2.3253,2.0,4.406,3.1793,2.8146,3.1793,8.7241,3.0085,5.2245,3.4702,2.8146,3.4702,2.0,3.3321,8.4555,4.1004,2.0,2.0,2.3253,2.0,2.3253,5.9227,5.97,6.6745,3.1793,2.3253,3.0085,2.5906,4.9216,7.1964,2.8146,5.185,2.5906,5.185,2.3253,4.1004,3.5963,4.1831,2.8146,2.3253,3.0085,5.4416,7.0051,4.4733,3.3321,6.2255,6.6456,3.7122,2.0,7.3563,2.5906,3.1793,4.1831,2.5906,2.3253,7.9355,6.8492,2.3253,3.1793,2.0,2.0,3.3321,2.3253,3.7122,3.7122,4.1004,5.3372,4.2613,4.8726,2.0,3.9193,2.0,4.0127,4.4733,3.1793,2.8146,6.0603,3.7122,3.3321,3.7122,2.0,7.6239,2.8146,2.0,8.4843,2.5906,2.0,3.1793,2.0,2.0,6.3559,3.1793,2.0,3.0085,2.0,5.3372,5.4076,7.5164,2.3253,6.7028,2.0,9.4198,4.4733,2.0,4.2613,2.0,6.0603,2.8146,3.0085,3.8195,2.0,2.3253,6.5397,8.8994,2.8146,3.4702,2.8146,4.5991,5.0148,2.0,7.1964,3.3321,3.8195,2.0,5.2631,4.7148,2.3253,2.0,2.8146,4.7693,2.8146,6.5861,2.3253,6.338,3.1793,5.0148,2.0,6.8237,2.3253,4.1831,2.8146,2.0,5.185,10.6517,5.5701,2.3253,2.5906,5.4076,7.6165,2.3253,3.1793,2.3253,2.5906,2.5906,3.4702,9.0829,2.5906,5.9465,2.0,2.3253,2.3253,4.0127,9.407,2.0,2.8146,2.3253,2.0,3.9193,6.0159,2.0,2.5906,6.0159,6.3736,5.688,2.8146,2.3253,3.1793,2.5906,3.5963,2.3253,2.3253,3.5963,3.0085,5.0148,4.0127,2.0,3.0085,3.7122,2.5906,3.3321,5.8231,3.0085,6.7977,5.6303,3.9193,2.8146,3.4702,7.0388,4.0127,2.3253,4.7148,7.9355,5.4416,3.8195,3.0085,4.7693,4.4733,7.2259,2.0,7.4259,6.7845,4.8726,3.0085,2.0,5.4416,2.3253,2.0,3.3321,2.0,9.8887,3.1793,8.0167,2.3253,2.5906,2.5906,6.3015,6.1245,6.5708,2.0,4.3355,5.1024,2.0,3.1793,2.3253,5.7706,2.3253,9.5306,5.3728,5.5073,2.0,4.1004,6.8237,2.5906,6.3911,2.3253,5.97,2.8146,2.0,2.0,2.0,2.5906,2.8146,4.3355,2.3253,5.5073,8.0279,5.1443,5.7971,5.539,6.0603,2.3253,2.8146,2.8146,2.3253,case
GS033,B2,M,33,2.8794,9.6664,2.0,6.7339,4.7819,2.5057,2.2749,2.0,2.5057,3.5307,2.5057,2.8794,5.1996,3.9778,2.7047,4.0527,2.2749,3.5307,7.4186,2.0,3.9778,6.417,5.1996,10.127,4.3186,2.0,2.0,2.7047,2.5057,2.2749,4.0527,3.6319,2.8794,6.3883,9.5629,3.176,4.378,4.0527,2.7047,2.2749,4.1917,7.5211,2.7047,2.8794,2.2749,2.5057,6.1869,4.3186,2.8794,2.7047,9.7433,4.378,11.3574,5.4965,3.3042,2.7047,2.8794,2.5057,4.0527,3.0353,4.5941,5.2321,5.7197,4.7819,2.5057,9.6988,2.0,5.4965,2.2749,2.7047,4.378,2.5057,2.0,6.1869,2.2749,2.8794,6.417,4.7372,3.3042,3.6319,3.176,6.8006,5.1662,2.2749,9.5883,5.523,2.2749,7.0311,2.5057,3.6319,2.2749,9.1945,5.6966,4.6434,2.8794,2.2749,3.5307,4.0527,3.8152,6.1188,2.2749,4.3186,2.0,2.8794,3.7264,2.5057,11.6599,6.1013,2.0,4.378,2.8794,6.9054,6.2359,2.7047,7.8234,2.0,7.9513,7.6713,3.6319,3.0353,4.7372,2.8794,8.8558,6.417,2.7047,2.5057,4.2566,4.6434,2.7047,4.9481,5.0245,4.1239,6.5904,4.1239,2.0,2.7047,3.7264,5.8089,2.7047,3.176,2.0,2.0,5.7197,8.9122,2.0,3.5307,4.0527,7.2458,2.2749,3.8988,4.9481,3.3042,5.4136,2.0,2.2749,2.0,3.3042,2.2749,3.0353,2.2749,2.7047,2.7047,2.7047,5.6966,4.2566,5.7426,5.0971,3.5307,2.5057,10.4438,3.5307,3.0353,6.5261,2.0,5.264,6.3883,2.0,2.5057,2.5057,6.2198,5.9527,3.176,6.1361,6.8222,2.0,5.264,2.7047,4.1917,8.2064,2.8794,7.5211,4.7372,5.3257,2.5057,2.0,3.6319,5.8515,2.2749,9.5516,4.9868,4.6434,2.7047,2.7047,2.0,2.0,2.2749,4.5941,7.4257,3.5307,2.2749,2.2749,2.0,4.1239,2.5057,6.5904,2.7047,2.0,3.9778,3.8988,2.2749,3.176,2.8794,3.8988,4.9868,2.2749,2.2749,4.0527,2.8794,4.4352,6.8006,5.3257,3.0353,2.0,4.6434,2.5057,2.0,2.7047,9.1397,3.176,6.1702,3.7264,2.7047,5.9527,2.0,3.4219,7.5408,4.1917,2.0,2.7047,3.9778,2.2749,3.4219,6.3591,6.0473,7.1295,2.0,2.0,3.9778,2.0,4.3186,6.7339,2.7047,6.5778,2.2749,3.8152,3.9778,5.9722,5.4418,3.6319,4.5941,3.0353,3.3042,6.1361,7.5729,5.6966,5.7426,7.6653,6.8644,4.5941,2.7047,7.6413,2.8794,2.8794,5.9131,3.5307,2.0,7.6713,8.0506,2.0,2.2749,2.2749,2.2749,4.3186,2.0,3.9778,3.3042,4.3186,6.8222,6.7225,7.2617,2.0,3.6319,3.4219,5.9913,3.6319,3.9778,2.0,6.6758,2.5057,3.7264,7.1034,2.0,5.9527,2.8794,2.2749,8.2428,2.5057,2.2749,3.6319,2.0,2.0,7.6044,2.5057,3.0353,2.7047,2.0,3.4219,4.9868,7.3755,2.0,6.2988,2.2749,8.3016,5.4136,2.2749,4.2566,2.0,6.6876,2.2749,2.7047,3.7264,2.5057,3.6319,5.6,7.39,4.9083,3.8988,3.4219,4.9868,5.2952,2.0,7.1889,5.0613,3.0353,2.0,5.1662,5.9722,4.1239,2.0,2.8794,6.0289,4.9481,7.4257,2.0,7.4327,4.8253,5.6,3.176,7.791,2.2749,4.1239,4.2566,2.5057,4.378,10.5413,4.9868,3.0353,2.5057,5.1996,8.8584,2.0,3.176,2.5057,2.2749,3.3042,4.5941,7.5473,2.0,5.5491,2.0,2.0,3.176,2.5057,7.346,2.5057,2.5057,4.1239,2.0,4.4901,6.1533,2.8794,2.2749,5.0245,7.7689,5.9913,3.4219,3.0353,5.0613,2.7047,3.0353,2.0,3.7264,5.8928,4.3186,3.3042,4.4901,2.5057,2.5057,2.5057,2.0,3.0353,7.1805,3.176,7.3386,6.0102,3.9778,3.4219,4.4352,8.1088,4.8253,4.1239,6.0473,6.0473,7.2136,4.4352,2.5057,4.8674,2.8794,6.7452,2.7047,7.0403,6.7225,3.176,3.6319,3.0353,6.5392,2.0,2.0,2.7047,2.5057,10.5758,3.5307,6.1188,3.3042,2.5057,3.8152,5.264,5.0971,7.2774,2.2749,3.6319,5.4694,3.176,2.0,2.2749,4.7819,4.6434,9.5107,5.8723,6.3293,2.0,2.7047,6.1013,2.0,6.2834,2.8794,7.1553,5.6491,3.4219,2.7047,2.7047,5.0245,3.3042,5.933,3.8152,3.176,6.565,4.7819,4.9868,4.4901,6.4726,2.2749,2.8794,3.3042,2.0,case
GS034,B2,M,77,2.2381,6.5615,2.4425,6.2575,2.2381,2.0,2.0,2.4425,2.2381,2.7806,2.2381,2.2381,5.5347,3.4827,2.6214,2.2381,2.0,2.924,5.3438,2.4425,3.4827,5.5568,5.1533,9.2992,3.174,2.0,2.0,2.7806,2.2381,2.2381,3.2844,3.8844,2.0,6.2575,10.5222,3.174,4.3584,3.2844,3.3869,2.2381,4.408,6.3365,2.0,2.2381,3.3869,2.0,4.5024,4.2537,2.7806,2.7806,10.1698,3.4827,10.3061,5.7424,2.6214,3.0544,2.0,2.0,3.8125,2.4425,2.4425,3.4827,5.1239,3.4827,2.4425,9.2371,2.4425,5.3438,2.2381,2.2381,3.4827,2.0,2.0,5.3691,2.7806,2.6214,4.5024,4.408,2.0,2.7806,2.924,7.1036,6.4236,2.0,6.517,5.466,2.4425,6.6467,2.2381,2.6214,3.4827,8.394,6.7271,3.9529,4.9337,2.0,2.6214,2.924,3.0544,7.0183,2.2381,4.307,2.6214,2.924,2.2381,3.657,13.3177,8.4093,2.0,3.0544,2.2381,7.32,5.5787,2.6214,7.4618,2.0,9.0228,7.6176,3.7369,2.924,2.6214,4.1983,8.5291,4.7534,2.4425,2.924,2.924,3.0544,2.0,4.7913,3.5725,5.0632,4.3584,4.408,2.0,2.2381,3.8125,4.8642,3.7369,4.408,2.2381,2.4425,2.924,8.397,2.0,5.1239,2.6214,7.3583,3.0544,2.924,5.9906,3.174,2.924,2.0,2.0,2.0,3.174,2.0,2.924,2.2381,3.3869,2.0,2.2381,4.5474,3.7369,4.456,5.9906,3.0544,2.7806,10.7304,5.1821,2.4425,5.0319,2.0,5.2652,6.5615,2.4425,2.2381,2.0,5.1533,5.466,4.307,6.4593,5.6002,2.0,4.7534,2.6214,4.3584,8.7254,3.174,7.45,3.9529,4.5474,2.2381,2.6214,2.0,4.1408,2.2381,7.0341,4.7145,3.8844,3.7369,2.2381,2.0,2.0,2.2381,4.7145,5.7993,3.8844,2.0,2.0,2.924,3.5725,3.8125,6.3493,2.2381,2.0,2.924,2.924,2.924,2.7806,2.2381,4.0808,3.9529,2.2381,3.7369,2.6214,3.7369,3.0544,6.794,4.1408,2.6214,2.0,5.2919,3.7369,3.2844,3.174,7.2739,3.174,5.4893,2.924,2.2381,4.0183,2.2381,2.7806,7.7913,2.6214,2.0,2.2381,2.7806,2.0,2.6214,8.3628,5.9742,7.7194,2.4425,2.6214,4.7913,2.4425,4.9999,7.5802,2.0,3.3869,2.7806,4.7913,2.2381,6.0543,4.8282,3.3869,2.6214,2.4425,3.0544,5.9239,6.3869,5.3691,4.8994,5.9409,7.8863,3.5725,2.7806,6.8668,2.6214,3.2844,3.174,3.4827,2.0,5.6628,7.8642,2.924,2.4425,2.0,2.0,3.0544,2.7806,3.8844,3.657,3.4827,7.591,5.6002,5.0319,2.2381,5.0939,2.0,6.0852,3.4827,3.174,2.7806,5.6423,3.8844,4.8642,6.2163,2.4425,6.2843,3.0544,2.2381,7.2739,2.0,2.4425,3.174,2.0,2.0,6.2976,3.174,3.0544,2.924,2.2381,3.2844,4.1408,7.352,2.0,5.8718,2.0,7.3457,3.4827,2.0,2.4425,2.0,7.0499,2.2381,2.7806,4.9672,2.7806,3.2844,5.7616,8.4153,4.6745,4.3584,3.9529,3.8844,4.8282,2.0,6.3992,3.2844,4.0183,2.0,3.0544,5.4184,3.3869,2.0,3.4827,5.5347,3.5725,6.0068,2.7806,6.8579,3.2844,4.9999,2.2381,7.1407,2.0,4.0183,2.2381,2.0,5.5347,9.5711,5.0939,3.2844,2.6214,6.2302,7.1841,2.2381,2.6214,2.2381,2.0,2.6214,3.0544,7.1481,3.0544,3.3869,2.0,2.2381,2.2381,2.924,6.5725,2.2381,2.2381,2.6214,2.0,5.5787,6.2023,2.0,2.0,5.8894,7.763,3.657,4.1408,3.174,5.9577,2.7806,2.0,2.2381,3.0544,6.1449,3.174,4.2537,3.9529,3.174,2.2381,2.6214,2.6214,2.4425,4.8642,2.6214,6.0387,5.3438,3.8125,2.7806,3.8125,7.5362,3.8125,3.0544,5.7229,7.0262,5.1821,3.2844,3.174,4.456,4.3584,4.6334,2.4425,5.3181,4.9999,3.9529,3.2844,2.7806,6.0852,2.0,2.0,2.924,2.4425,10.8841,3.8844,7.042,2.2381,2.0,2.7806,3.9529,5.6831,6.1595,2.0,4.307,4.0808,2.4425,2.6214,2.6214,4.9999,3.5725,9.354,6.517,4.307,2.0,3.4827,7.2604,2.0,7.3895,3.0544,6.3365,5.238,5.1239,2.4425,2.4425,2.6214,3.3869,4.8994,2.4425,3.657,7.0884,4.0183,4.456,5.6214,5.394,2.0,2.4425,3.3869,2.0,case
GS035,B2,M,79,2.9809,9.1468,2.0,8.7401,4.8737,2.3143,2.0,2.0,2.0,2.791,2.5723,2.3143,5.4246,3.4351,2.791,2.5723,2.791,4.4281,6.5482,3.1487,4.2177,5.2137,4.668,9.3881,2.3143,2.0,2.0,2.3143,2.0,2.3143,4.4919,2.0,2.5723,5.7718,8.5694,3.7801,4.1402,2.9809,3.4351,2.3143,5.9183,6.3729,2.0,2.3143,3.1487,2.791,5.0107,3.1487,2.3143,2.0,11.162,3.8789,11.8036,4.6117,2.0,2.3143,2.0,3.1487,4.2177,2.0,3.4351,3.674,5.6371,3.9713,2.9809,6.6356,2.0,3.9713,2.5723,2.5723,5.3577,2.0,2.0,3.674,2.791,2.0,5.0107,4.825,2.3143,5.4569,2.791,7.3634,5.7194,2.0,8.4378,5.9183,2.5723,6.0724,2.0,2.0,3.299,8.5877,6.0084,3.674,3.5595,2.0,2.5723,4.7223,4.4919,8.405,2.0,4.2913,2.0,3.7801,4.0582,2.0,12.6595,8.5657,2.9809,4.2913,2.791,6.4064,5.7973,2.3143,7.3024,2.0,8.0655,8.2886,4.5531,3.4351,4.668,4.668,7.8203,5.3577,2.5723,2.5723,4.825,3.1487,2.0,4.4919,6.1536,4.1402,4.1402,6.2116,2.0,2.3143,4.0582,4.668,3.4351,2.3143,2.5723,2.5723,4.2177,8.1958,2.0,4.3613,3.5595,7.4623,3.4351,2.3143,3.4351,2.9809,4.4281,2.0,2.0,2.0,3.299,2.0,3.1487,2.3143,3.5595,2.0,2.3143,4.825,2.791,4.2177,6.5926,2.5723,2.5723,9.4854,5.6651,2.3143,6.7959,2.0,5.4569,6.0514,2.0,2.0,2.3143,4.9208,4.7223,4.6117,6.4064,6.3385,2.0,6.5482,2.3143,4.3613,6.1732,3.1487,5.3577,4.4919,5.7458,2.3143,2.9809,2.3143,5.6086,2.791,9.1117,4.0582,5.0954,3.299,2.3143,2.3143,2.0,2.0,4.2177,7.9679,3.299,2.3143,2.0,2.791,4.9208,2.5723,5.4886,3.5595,2.0,2.3143,3.4351,2.0,2.791,2.5723,3.674,4.4919,2.0,2.9809,3.8789,3.299,3.5595,7.2572,4.668,2.9809,2.0,3.674,2.9809,2.791,4.0582,8.4378,2.5723,3.299,3.5595,2.5723,6.0931,2.9809,2.9809,8.8354,2.3143,2.0,2.0,4.2177,2.0,2.3143,5.9414,5.4886,7.6971,2.0,3.299,3.7801,2.5723,4.9665,7.1226,2.791,4.4919,2.3143,5.3915,3.674,6.2116,3.299,4.5531,3.5595,2.0,2.3143,5.2137,7.7825,6.718,5.4886,6.0514,6.7959,3.7801,2.0,7.5323,2.0,3.674,3.8789,2.9809,2.0,6.7959,5.4569,2.0,3.1487,2.3143,2.0,4.5531,2.3143,4.9665,3.674,4.668,7.1125,7.0072,8.4817,2.0,5.7718,2.3143,4.5531,4.3613,3.299,2.9809,6.1732,3.5595,4.0582,5.8949,2.0,7.3289,3.1487,2.0,8.6763,2.3143,2.0,3.299,2.0,2.5723,5.8469,3.1487,2.3143,2.791,2.0,4.9665,4.9665,7.9566,2.0,7.1525,2.0,5.8711,4.6117,2.3143,4.3613,2.0,7.1721,2.0,2.9809,3.9713,2.5723,2.791,7.9338,6.6774,2.5723,2.791,3.674,3.299,6.691,2.3143,8.0175,2.5723,4.825,2.3143,3.8789,5.1359,3.5595,2.0,2.791,6.4391,4.1402,6.9287,2.0,7.2294,4.1402,4.2913,2.0,6.8698,2.0,2.5723,3.1487,2.0,4.2177,9.0441,4.668,2.5723,2.3143,4.5531,8.0229,2.3143,3.674,2.0,2.3143,2.9809,3.8789,7.2935,2.0,4.4919,2.0,2.791,2.3143,3.8789,9.7464,2.5723,2.791,2.5723,2.0,5.0954,5.4246,2.791,2.0,3.9713,7.9679,5.251,4.0582,2.791,6.03,2.5723,3.299,2.791,3.1487,5.0954,4.668,4.5531,3.4351,2.0,2.5723,3.5595,2.3143,2.9809,4.2913,2.9809,6.03,6.9171,3.1487,2.3143,3.299,6.3034,5.6086,3.4351,3.1487,7.5094,5.8223,2.791,3.1487,3.9713,4.4281,6.03,2.791,7.7632,5.0954,3.1487,2.5723,2.791,5.8469,2.3143,2.0,2.791,2.0,10.4425,2.3143,7.3549,2.3143,2.3143,3.299,4.7745,3.8789,6.5632,2.0,3.674,3.674,2.3143,2.3143,2.791,5.3915,3.4351,8.1221,6.2674,4.825,2.0,4.2177,5.323,2.3143,4.7745,2.5723,8.6865,4.0582,2.791,2.9809,2.791,4.4281,4.7745,3.8789,3.299,5.9414,6.8333,4.9665,4.4919,5.2137,5.6371,2.0,3.4351,3.8789,2.3143,case
GS036,B2,F,63,2.7363,8.6566,2.2892,8.1023,4.5566,2.53,2.0,2.7363,2.2892,2.53,2.7363,3.7831,5.6488,3.2215,2.0,3.5839,2.7363,3.8733,4.5012,2.7363,2.7363,6.5632,5.5968,10.4362,3.5839,2.0,2.2892,4.3206,2.7363,2.0,4.5012,2.0,2.2892,6.508,9.1893,4.5566,2.9168,3.3526,3.4729,2.2892,6.6294,6.9318,2.2892,2.9168,2.2892,2.9168,5.4579,3.8733,2.2892,3.5839,10.3108,4.3206,11.5655,5.238,2.2892,2.2892,2.7363,2.2892,2.53,2.53,3.3526,4.6101,2.9168,3.3526,3.4729,7.9291,2.2892,4.5566,2.2892,2.2892,4.6616,2.2892,2.2892,4.6616,2.53,2.53,6.1047,3.6869,2.2892,5.1685,2.53,7.8865,4.5566,2.2892,9.4106,6.6294,3.4729,7.0812,2.0,2.7363,3.3526,9.224,7.4687,3.6869,4.1864,2.0,2.53,3.7831,2.0,7.4974,2.0,3.7831,2.7363,3.8733,3.4729,3.2215,11.1518,9.8708,2.0,4.1864,2.53,6.3123,5.9054,2.7363,7.4903,2.0,6.2632,10.4427,3.2215,2.53,2.7363,3.4729,7.5254,3.2215,2.53,2.2892,4.7594,2.7363,2.53,3.9581,4.6101,3.2215,5.3364,4.7594,2.0,2.2892,2.9168,4.7113,3.7831,3.0771,2.2892,3.0771,4.6101,4.6616,2.2892,4.4435,3.2215,6.9422,3.4729,2.53,6.9422,2.2892,4.4435,2.2892,2.0,2.0,2.7363,2.0,4.1864,2.0,3.4729,2.2892,2.7363,5.8398,3.5839,4.5566,5.7943,3.5839,2.2892,9.8626,4.806,2.2892,6.0477,2.0,5.9884,8.0597,2.2892,2.0,2.7363,4.6101,5.7943,3.7831,6.4358,6.6164,2.2892,5.7234,2.53,4.3206,10.5954,3.6869,8.1116,5.2037,5.9054,2.2892,2.7363,2.9168,5.3678,3.0771,9.4478,4.5566,5.2716,3.0771,2.2892,2.0,2.0,2.0,5.7474,5.5968,3.7831,2.0,2.7363,2.2892,4.1142,3.0771,6.3123,3.4729,2.0,2.0,2.9168,2.0,3.4729,2.2892,4.6101,3.4729,2.7363,2.9168,3.7831,2.53,2.9168,6.8453,3.6869,3.3526,2.0,4.5566,4.5012,2.0,3.2215,6.9526,2.7363,4.806,4.1864,2.9168,4.806,2.9168,3.4729,8.6502,4.1142,2.0,2.2892,3.2215,2.0,2.53,5.9475,7.7563,8.595,2.0,2.7363,3.0771,2.2892,4.4435,7.6833,3.3526,6.2797,3.2215,4.7113,2.2892,5.9266,4.6101,3.3526,4.5566,2.7363,2.0,7.0906,6.8115,5.0575,5.1324,7.1549,7.3481,4.255,2.2892,7.2756,2.0,3.8733,5.0575,2.7363,2.0,4.9372,7.7739,2.7363,2.0,2.53,2.0,3.2215,2.53,3.7831,3.4729,4.7113,5.2037,4.3833,5.9266,2.0,4.1142,2.0,5.4285,3.8733,3.5839,2.2892,5.6488,3.0771,3.6869,4.1864,2.0,4.6101,2.7363,2.0,6.4358,2.2892,2.2892,2.2892,2.2892,2.7363,7.1816,2.7363,3.0771,4.1864,2.0,5.6741,4.806,7.4321,2.7363,6.4059,2.0,8.3811,5.8838,2.0,4.1864,2.0,7.1185,3.0771,3.0771,3.9581,2.0,3.0771,8.4002,6.7172,3.2215,2.2892,4.5566,2.7363,5.2037,2.53,7.5393,4.5012,4.6101,2.2892,5.9884,5.8398,3.7831,2.0,2.2892,5.7711,4.255,7.2506,3.4729,5.9681,2.7363,3.7831,2.0,5.7711,2.2892,3.3526,3.0771,2.0,4.5012,10.0482,6.0085,3.2215,2.2892,5.2037,7.6645,2.0,2.9168,3.0771,2.2892,3.2215,2.7363,8.3223,2.0,6.3442,2.0,2.7363,2.2892,4.3206,8.7548,2.2892,2.9168,3.8733,2.2892,4.806,5.7943,3.0771,2.2892,4.7113,8.2735,5.3364,3.0771,2.7363,4.7113,2.9168,2.2892,2.2892,3.0771,6.2961,4.255,5.3364,4.6616,2.53,2.2892,2.53,2.2892,2.9168,6.1595,2.9168,6.5767,8.2526,3.0771,3.2215,3.2215,7.4831,4.0383,3.2215,6.8892,6.6033,6.3442,2.9168,3.8733,5.0954,4.851,6.522,2.53,8.2817,3.6869,4.1864,3.7831,2.9168,8.197,2.2892,2.0,3.0771,2.2892,10.4082,3.2215,5.4579,2.9168,2.2892,3.3526,3.4729,6.421,8.3926,2.0,2.2892,4.9372,2.0,2.2892,2.0,5.8172,3.0771,8.7754,5.3043,5.4285,2.0,3.8733,7.2079,2.0,7.1904,2.2892,8.0009,4.8948,4.3833,2.2892,2.2892,4.3206,4.5566,6.5496,3.2215,4.6616,6.0669,4.7113,5.5968,5.57,7.4687,2.53,2.53,3.8733,2.0,case
GS037,B2,M,42,2.0,8.7135,2.4292,8.7465,3.9153,2.0,2.0,2.7596,2.0,2.0,2.4292,2.4292,4.9873,3.6224,2.0,3.2546,2.0,4.8554,5.8593,2.4292,5.5535,7.2108,5.8593,10.8261,2.4292,2.0,2.0,3.2546,3.0282,2.4292,2.4292,3.6224,2.0,7.7366,9.8478,3.6224,2.4292,3.2546,3.6224,2.0,5.7145,5.1082,2.0,2.0,2.7596,2.4292,5.049,4.4606,2.7596,2.4292,10.9455,4.7846,8.7787,4.3668,2.7596,2.7596,2.0,2.0,5.2724,2.0,4.7846,4.3668,4.7846,5.5103,3.4502,7.1558,3.4502,6.0524,2.7596,2.0,4.7101,2.0,2.0,6.2493,2.0,3.4502,6.2753,4.7101,3.4502,3.9153,2.0,5.5955,6.5128,2.4292,8.4702,6.022,2.7596,4.2665,2.0,3.2546,3.6224,6.1682,7.8962,4.1586,4.0421,2.0,3.4502,2.4292,3.2546,7.5782,2.4292,3.6224,2.4292,3.4502,3.0282,4.2665,12.4152,9.0704,2.0,3.0282,3.0282,7.2638,5.3723,2.7596,6.3989,2.0,9.3954,8.3405,3.0282,2.4292,4.0421,4.0421,7.6397,4.6316,2.0,2.4292,5.2724,4.8554,2.4292,4.0421,6.5345,4.3668,5.3723,6.5978,2.0,2.4292,3.0282,5.165,2.7596,3.4502,2.7596,3.0282,4.6316,8.7087,2.0,5.165,3.0282,4.9228,4.2665,3.2546,5.165,3.0282,3.0282,2.0,2.0,2.0,2.4292,2.0,2.0,3.0282,3.2546,2.4292,3.2546,5.049,4.3668,5.4198,6.7355,3.7763,2.0,10.5884,4.7846,3.7763,6.3009,2.0,4.1586,5.2724,2.4292,2.0,2.4292,6.7355,6.9448,4.2665,6.8264,5.6362,2.0,6.577,3.0282,3.9153,9.4902,2.4292,6.7908,3.7763,5.3723,2.4292,2.7596,2.7596,5.2197,2.4292,7.3023,4.0421,4.7846,3.4502,2.4292,2.0,2.0,2.0,4.7101,8.0774,3.9153,2.0,2.4292,2.0,3.6224,3.9153,7.1417,2.0,2.0,2.4292,2.0,2.7596,2.7596,2.0,3.7763,3.4502,2.4292,4.0421,4.5486,3.6224,2.4292,6.7355,3.0282,3.4502,2.0,4.5486,3.7763,2.7596,2.7596,9.0554,3.2546,6.3009,2.4292,3.0282,5.3723,2.4292,2.0,8.365,3.7763,2.0,2.0,3.9153,2.0,3.0282,6.1957,6.7166,8.1354,2.0,3.4502,4.8554,2.0,4.5486,7.0839,2.7596,3.0282,3.4502,5.2197,2.4292,6.5978,4.0421,5.4657,4.0421,2.7596,2.4292,7.0237,7.1973,6.0822,5.8244,6.1114,7.0541,5.1082,2.4292,6.5345,3.4502,3.4502,5.7521,3.7763,2.4292,6.4907,8.4127,2.0,2.4292,2.0,2.0,4.4606,3.2546,3.2546,2.7596,4.7101,5.6759,5.5955,7.3643,2.7596,5.3232,2.4292,4.9873,3.7763,2.7596,2.4292,4.7846,4.5486,3.0282,3.4502,2.0,6.0524,2.7596,2.4292,8.0092,2.4292,3.2546,3.4502,2.0,2.0,5.5103,2.4292,2.4292,2.4292,2.0,5.5955,5.049,8.3031,2.0,6.3989,2.0,7.7736,5.1082,2.7596,3.0282,2.0,7.9129,2.4292,3.7763,3.7763,2.0,3.6224,7.6889,6.6385,3.2546,4.1586,4.7101,4.5486,3.6224,2.0,6.1957,4.9228,3.7763,2.0,4.6316,5.4198,4.3668,2.0,3.2546,4.7846,4.0421,7.492,3.2546,5.8593,4.0421,6.0524,2.0,5.8933,2.0,4.3668,4.9228,2.4292,4.8554,9.0925,5.4657,2.7596,2.4292,6.8087,8.4532,2.4292,4.0421,2.4292,2.0,2.4292,3.0282,9.1778,2.0,5.3232,2.0,2.4292,2.4292,4.1586,9.7993,2.4292,2.7596,3.4502,2.4292,2.7596,5.8933,2.0,2.0,5.5955,7.514,5.3723,3.2546,2.7596,4.9873,2.0,3.9153,2.0,3.2546,5.4198,4.5486,4.7846,3.2546,3.2546,3.0282,3.7763,2.0,2.0,6.9609,2.4292,5.6759,5.4657,5.1082,2.7596,3.2546,5.7145,4.2665,3.6224,6.8783,7.9538,5.7887,3.6224,2.7596,5.9909,4.0421,6.1401,3.6224,6.8952,6.4683,3.0282,3.7763,2.0,6.8783,2.0,2.0,3.6224,2.0,9.6076,2.4292,8.0699,4.0421,2.0,2.4292,3.9153,6.8783,6.8439,2.0,4.4606,4.9228,2.0,2.0,2.4292,4.9873,3.9153,9.504,5.6759,4.1586,2.0,4.4606,7.1275,2.4292,6.375,3.2546,8.0475,5.5535,3.6224,2.4292,2.4292,4.3668,4.6316,6.4456,3.2546,5.9266,7.9538,5.5535,5.2197,6.3009,5.2197,2.0,2.7596,4.2665,2.0,case
GS038,B2,F,65,2.0,10.3852,2.0,6.2546,4.7533,2.0,2.0,2.1935,2.1935,2.8964,2.0,3.1966,4.5909,4.0053,2.5167,3.8983,2.6547,4.4464,7.0883,2.1935,3.6569,5.8286,4.2857,7.4041,3.4451,2.0,2.0,2.6547,3.0035,2.1935,2.8964,3.2843,2.6547,7.5746,10.1081,3.4451,4.105,2.6547,2.6547,2.1935,5.3488,6.0195,2.1935,3.1966,2.7806,2.7806,6.3287,4.0053,2.6547,2.5167,10.6591,2.5167,11.565,5.0318,2.6547,2.1935,2.0,2.3641,4.0053,2.1935,3.9528,2.8964,4.056,3.1966,2.6547,8.1769,2.1935,3.5897,2.0,2.6547,4.2426,2.1935,2.3641,4.3276,2.1935,3.1033,5.8431,2.7806,2.1935,4.4839,3.1966,7.1303,4.8426,2.1935,8.508,6.2217,2.0,6.3693,2.6547,3.1966,2.1935,7.9241,6.4089,5.369,3.4451,2.1935,2.1935,4.8992,2.7806,8.2765,2.0,4.2857,2.7806,2.3641,4.1523,3.0035,12.8253,8.0514,2.1935,2.8964,2.1935,6.1301,4.8134,2.1935,8.4966,2.1935,5.4085,8.0388,4.9267,2.1935,3.2843,3.0035,8.0325,4.2426,2.7806,3.0035,5.1058,4.105,2.1935,4.9537,4.6905,4.658,5.539,5.1297,2.0,2.1935,3.1033,4.1523,3.4451,2.8964,2.5167,2.8964,3.9528,7.271,2.1935,3.8983,3.3669,7.1939,4.1982,2.5167,4.658,3.4451,2.8964,2.1935,2.0,2.0,2.6547,2.3641,3.8983,2.3641,3.1033,2.0,2.5167,5.3283,4.105,5.3488,6.1535,3.8983,2.3641,9.4641,3.4451,3.0035,6.4848,2.0,5.521,6.3793,2.1935,2.0,2.3641,4.8134,5.4085,4.5561,6.1182,6.0195,2.0,4.8712,2.1935,4.7222,9.7865,2.5167,7.8326,4.7533,4.8992,2.5167,2.3641,3.6569,4.4464,2.3641,8.2192,4.7222,2.7806,3.2843,2.1935,2.5167,2.1935,2.0,5.1058,6.7617,4.658,2.1935,2.1935,2.3641,4.3276,2.3641,5.3488,2.5167,2.0,3.7211,2.0,2.3641,3.1966,2.3641,3.7211,4.1523,2.6547,2.1935,3.8416,3.5192,3.1966,7.1882,3.7211,2.7806,2.0,6.9809,4.6248,2.3641,3.6569,8.3003,2.5167,4.8426,2.6547,3.3669,4.2857,2.6547,2.3641,9.1185,4.4839,2.1935,2.0,4.0053,2.0,2.8964,5.7991,6.3892,5.8858,2.3641,2.6547,3.7826,2.1935,5.539,7.8069,3.1033,5.2865,3.1033,5.199,3.5192,6.4186,5.1058,4.0053,3.7826,2.3641,2.5167,6.1182,7.4187,5.7384,3.7211,7.3133,5.0569,4.3276,2.1935,8.2081,2.6547,3.2843,5.3889,4.0053,2.0,7.1537,7.0575,2.6547,2.8964,3.0035,2.1935,2.3641,3.1033,3.5192,4.2857,5.3075,5.8575,4.0053,8.0914,2.0,5.3488,2.5167,6.0195,4.2857,3.5192,2.5167,5.9542,2.6547,3.8983,5.5029,2.0,6.9342,2.1935,2.0,7.7034,2.0,2.5167,3.0035,2.0,2.1935,6.6257,2.0,2.5167,4.3683,2.1935,4.7533,4.4464,7.6874,2.0,6.188,2.1935,8.8453,3.1033,2.1935,3.3669,2.0,5.9542,2.6547,3.5897,4.1523,2.3641,2.1935,7.5215,6.7994,3.3669,3.0035,4.658,4.8712,3.5897,2.3641,6.879,4.0053,3.0035,2.0,5.199,5.8717,3.7211,2.1935,3.0035,6.0322,3.7211,8.007,2.1935,7.0261,4.2426,3.7826,3.0035,5.691,2.0,3.8416,3.1966,2.0,4.056,8.3646,6.2217,2.6547,2.5167,5.691,7.2976,2.1935,2.3641,2.5167,2.3641,2.8964,4.0053,7.4475,2.0,5.4279,2.1935,2.0,3.4451,4.8426,8.5171,2.6547,2.5167,3.3669,2.0,3.1033,5.2651,2.6547,2.1935,4.3683,8.5261,4.4839,3.5192,2.5167,3.7211,3.3669,3.1966,2.0,4.4839,5.5742,2.3641,3.1033,3.1033,3.0035,3.2843,3.0035,2.1935,3.0035,4.6905,3.0035,5.6749,5.3283,3.1966,2.3641,3.9528,7.9973,4.9267,2.3641,5.6254,8.0134,6.2868,3.3669,3.1966,5.369,3.7826,7.6005,2.5167,7.3745,6.6088,4.3683,4.2857,2.0,6.557,2.0,2.0,3.0035,2.1935,8.8932,2.8964,8.0451,3.0035,2.3641,4.0053,4.1523,5.199,5.3075,2.0,3.3669,4.5561,2.7806,2.7806,2.3641,5.4085,2.8964,10.369,5.0815,4.1982,2.0,3.2843,4.1982,2.0,6.723,3.2843,7.7034,5.4659,2.7806,2.8964,2.1935,2.8964,2.5167,4.056,3.0035,4.1982,7.4522,3.8983,3.7826,6.3389,4.1982,2.0,2.8964,3.1966,2.1935,case
GS039,B2,M,36,2.0,8.4003,2.0,6.1652,4.3002,2.0,2.0,2.6958,2.0,2.499,2.499,2.0,3.9606,4.3002,2.2709,2.6958,2.499,4.1062,7.1993,2.6958,3.5157,5.7658,5.0768,10.333,2.499,2.0,2.0,3.2905,2.499,2.499,4.2384,2.6958,2.499,8.6433,8.2979,3.2905,3.1632,3.7987,3.2905,2.869,5.3641,5.8714,2.2709,2.0,2.499,2.2709,5.6985,3.7104,2.2709,3.0236,10.6651,4.3595,10.3767,3.6163,2.499,2.499,2.2709,2.0,4.6716,2.499,4.2384,2.499,5.2116,5.9312,3.882,8.9143,2.499,5.5281,2.2709,2.6958,4.1738,2.2709,2.0,3.4075,2.6958,2.2709,5.1458,2.6958,2.499,3.4075,2.0,4.8056,5.9312,2.0,9.1147,5.4209,2.2709,6.1316,2.0,3.0236,3.2905,7.4517,5.2116,3.6163,4.9281,2.0,2.6958,2.6958,3.1632,5.5281,2.0,4.4164,2.0,2.6958,2.6958,4.5749,12.7581,6.1485,2.0,4.5749,2.499,6.3519,5.6518,3.1632,8.0992,2.0,5.8301,8.1378,4.4164,2.499,3.1632,2.499,8.8691,4.4164,2.0,3.1632,5.1791,3.882,2.0,3.7104,5.2434,5.3641,6.6299,4.8476,2.0,2.0,3.0236,4.9667,2.2709,3.5157,3.1632,2.2709,4.3002,8.8894,2.0,4.1738,3.6163,6.4776,3.4075,3.7104,5.2434,3.0236,4.4712,2.2709,2.0,2.0,2.499,2.499,3.6163,2.2709,3.6163,2.2709,2.2709,5.6518,4.9281,5.5537,7.1072,4.1062,2.0,10.8547,5.1791,2.6958,6.5809,2.0,4.9281,6.6299,2.0,2.0,2.6958,6.3074,4.1062,4.0352,5.041,5.809,2.0,5.305,2.869,3.5157,8.7824,4.5749,8.2478,4.4712,5.502,2.2709,2.0,3.0236,5.3349,2.2709,8.9842,3.1632,3.7104,2.6958,2.6958,2.2709,2.0,2.2709,4.4712,8.6844,3.882,2.6958,2.2709,3.6163,4.3595,2.499,5.1791,2.499,2.2709,2.869,2.6958,2.2709,2.6958,2.0,4.0352,5.3349,2.0,3.6163,4.3595,2.6958,4.0352,4.4712,3.9606,2.6958,2.0,4.4712,3.7987,2.6958,2.499,8.7046,3.0236,4.9667,3.4075,2.499,4.3002,2.2709,2.6958,6.8422,3.9606,2.0,2.6958,3.6163,2.2709,3.6163,7.8533,6.6178,6.4231,2.0,3.1632,4.0352,2.499,4.3595,6.8932,2.499,5.4755,3.0236,4.2384,3.5157,5.5537,4.4164,3.2905,3.4075,2.499,2.0,5.6036,8.6162,4.2384,3.1632,5.6754,5.4209,2.869,2.0,6.9713,3.4075,3.4075,4.0352,3.1632,2.2709,7.2935,8.2,2.2709,2.499,2.499,2.0,3.9606,2.869,4.3002,3.1632,4.1738,7.3962,6.8317,7.8273,2.2709,5.5537,2.0,6.1485,4.3002,2.499,2.6958,5.1458,2.869,4.8476,5.502,2.2709,7.1414,3.1632,2.2709,7.6004,2.0,2.499,3.7104,2.2709,2.499,6.6772,3.4075,2.2709,3.7104,2.2709,3.9606,4.1062,7.0722,2.2709,6.395,2.2709,6.9328,2.6958,2.2709,3.2905,2.2709,6.9995,3.0236,3.2905,4.1062,2.0,3.4075,6.7784,7.382,3.5157,3.5157,4.1738,4.6241,5.7875,2.2709,6.4091,4.3002,3.2905,2.0,6.2923,5.7875,3.4075,2.2709,2.0,5.041,3.882,7.6248,2.499,6.8525,2.499,4.1062,2.6958,5.809,2.0,4.7177,2.869,2.0,5.9506,8.9983,4.8056,2.2709,2.6958,6.2142,8.604,2.499,2.6958,2.0,2.0,3.882,3.9606,7.1993,2.0,7.1158,2.0,2.0,2.869,4.1738,9.5109,2.6958,2.2709,3.0236,2.0,4.4164,4.8476,2.499,2.0,5.2746,7.1912,4.8056,3.1632,2.499,5.8301,2.2709,3.1632,2.0,3.2905,5.305,4.0352,4.4712,4.1062,3.4075,2.0,2.2709,2.0,2.6958,4.3595,2.0,7.3161,6.198,4.3595,3.1632,4.4164,7.3603,3.7104,3.0236,5.5789,7.5756,4.3002,3.1632,3.4075,3.5157,4.4164,5.305,2.2709,7.5376,5.1458,4.0352,3.2905,2.499,7.5117,2.0,2.0,2.6958,2.499,10.4261,3.7104,7.7296,2.6958,2.0,2.2709,3.882,5.9115,7.1158,2.2709,5.2746,5.809,3.0236,3.4075,2.0,5.0768,3.7987,9.3448,4.6241,4.8056,2.0,5.0044,6.4091,2.0,6.2459,2.2709,9.4163,6.5172,4.3002,2.6958,2.869,4.8476,4.7623,5.3928,3.2905,5.2434,6.5684,6.5302,4.4712,7.0088,5.9698,2.499,3.6163,3.6163,2.0,case
GS040,B2,F,76,3.2484,8.5012,2.2052,8.1929,4.5957,2.2052,2.0,2.2052,2.2052,3.0497,2.0,3.4231,4.4818,4.1254,2.2052,3.0497,2.939,3.4231,7.3486,2.3849,3.5788,5.3893,5.6398,9.4833,2.5446,2.0,2.5446,3.3384,2.3849,2.3849,3.6508,3.0497,2.3849,6.3298,9.5787,3.4231,3.7849,3.0497,2.939,2.2052,6.7945,6.3298,2.3849,3.0497,3.4231,2.3849,5.8835,3.8475,2.2052,2.0,11.1361,2.6884,11.5373,4.9209,2.5446,2.6884,2.3849,2.3849,3.1525,2.6884,4.1254,4.2696,5.5296,4.4418,2.8191,8.6924,2.8191,4.7675,2.2052,2.8191,3.9075,2.2052,2.2052,4.8615,2.3849,2.6884,6.6082,3.2484,2.6884,3.7194,2.8191,7.3046,5.8684,2.0,7.8585,5.4909,2.8191,6.4355,2.3849,2.8191,2.5446,7.9071,6.7044,3.7194,3.8475,2.0,3.1525,4.2231,2.3849,7.6102,2.0,3.9075,2.3849,3.1525,3.6508,3.2484,12.9453,8.6513,2.0,4.5957,2.2052,5.6574,5.7423,2.5446,7.6326,2.0,7.7884,7.453,3.3384,2.3849,3.8475,3.4231,7.8923,4.9209,2.5446,2.939,4.9209,3.2484,2.3849,4.1751,4.5957,4.9498,5.3247,4.4006,2.0,2.2052,3.0497,4.5587,2.3849,4.1254,2.8191,2.2052,4.0739,8.7509,2.0,3.6508,2.5446,6.0657,4.0206,2.939,5.2339,3.0497,4.7012,2.2052,2.0,2.2052,3.7849,2.8191,3.7194,2.3849,2.5446,2.0,3.0497,4.8308,3.1525,3.3384,7.3432,3.5788,2.2052,10.8562,6.2852,3.5031,6.4456,2.0,5.9276,5.8379,2.3849,2.0,2.3849,5.3681,4.8308,4.4418,5.5858,6.4252,2.0,5.033,2.0,4.5957,8.6666,3.2484,7.2708,4.0739,5.8835,2.0,2.8191,2.5446,4.8915,2.5446,6.7044,3.0497,6.5622,3.7849,2.5446,2.0,2.0,2.8191,3.4231,7.8997,4.6669,2.0,2.0,2.8191,4.0739,2.0,6.1426,3.1525,2.0,3.6508,2.8191,2.0,2.8191,2.2052,2.2052,4.0206,2.6884,4.0206,3.9652,2.6884,2.939,5.5486,4.0739,2.3849,2.0,6.0918,4.2696,2.939,3.2484,6.3407,2.8191,4.3583,3.7194,3.0497,4.1751,3.0497,2.3849,9.2293,3.3384,2.0,2.0,2.6884,2.2052,2.5446,7.9326,4.3583,6.1175,2.6884,3.1525,5.0859,2.3849,4.4818,8.0898,2.3849,4.0739,2.2052,4.6317,3.7849,5.1116,5.0597,5.1116,3.7849,2.3849,2.939,5.3681,7.2593,5.8379,3.7849,5.4102,5.942,3.7194,2.6884,6.7945,3.5788,4.0206,5.8067,3.8475,2.2052,6.5529,5.9704,2.2052,2.6884,2.2052,2.5446,4.1751,2.2052,4.1254,3.4231,4.4818,6.0525,6.7866,6.6439,2.0,5.1618,2.2052,4.7675,3.7194,2.939,2.2052,5.7587,3.9652,3.9075,5.692,2.3849,6.9596,3.0497,2.2052,8.1777,2.3849,2.5446,2.939,2.0,2.0,6.1917,2.5446,2.2052,3.6508,2.0,4.9209,4.4418,6.7378,2.2052,5.3681,2.0,8.8091,5.7089,2.3849,2.939,2.6884,6.9666,2.3849,3.0497,3.0497,2.0,2.3849,7.458,5.942,3.8475,4.1751,3.3384,4.0206,3.9652,2.0,6.5148,2.6884,3.2484,2.0,4.1751,5.5486,2.8191,2.2052,2.8191,4.5587,3.8475,5.9983,2.6884,5.4102,3.6508,4.3146,2.3849,7.0621,2.0,4.2231,3.8475,2.2052,4.9209,8.6601,6.4855,2.2052,2.5446,4.7995,7.4121,2.0,2.939,2.3849,2.2052,3.2484,3.1525,8.8402,2.3849,6.2275,2.0,2.5446,2.3849,3.8475,8.7073,2.3849,2.6884,3.6508,2.0,4.3583,4.7012,2.2052,2.3849,5.942,6.5051,5.4909,3.7849,3.3384,4.2231,2.2052,4.2696,2.2052,3.7849,5.4711,4.8615,4.3583,3.6508,2.5446,3.1525,2.5446,2.3849,2.3849,5.1116,2.6884,6.0391,6.0788,2.8191,3.3384,4.3146,7.3754,5.7587,2.2052,5.7587,6.0525,5.2339,3.4231,3.3384,5.4511,4.0739,6.4149,2.5446,5.0058,6.7866,3.1525,3.9652,3.1525,8.6622,2.3849,2.0,3.0497,2.0,10.1394,3.5031,7.8886,2.3849,2.2052,2.2052,5.0859,5.6398,5.0597,2.2052,5.2571,3.4231,2.0,3.2484,3.4231,5.3025,3.0497,7.3647,4.1254,4.8915,2.0,4.0739,6.7542,2.3849,5.5673,2.6884,5.7089,5.28,3.9652,2.3849,2.2052,3.1525,3.3384,6.0257,2.8191,5.8533,6.3298,6.5244,3.6508,5.4511,6.2392,2.0,2.2052,3.0497,2.0,case
GS041,B3,F,47,3.5518,6.3447,2.2805,5.5785,5.3547,2.7171,2.0,2.0,2.2805,3.194,3.5518,2.2805,5.7494,4.6704,2.7171,2.8942,2.8942,3.4421,5.6543,2.8942,5.4986,5.5524,6.3139,9.606,4.0771,2.0,2.0,3.7489,2.2805,2.0,2.5153,2.5153,2.5153,7.9075,9.3378,3.194,2.7171,3.0519,2.7171,2.7171,7.0151,5.0149,2.7171,2.5153,2.5153,2.7171,7.3009,2.7171,2.0,3.3234,9.251,3.5518,10.3796,4.8094,2.2805,2.7171,2.7171,2.0,3.8382,2.0,5.1948,2.7171,4.282,4.5697,4.7645,10.1558,2.0,5.9631,2.8942,2.5153,5.0527,2.0,2.0,5.7948,2.0,2.8942,6.6828,4.9362,2.2805,5.5524,2.5153,8.1316,6.3447,2.0,4.8094,4.3443,2.5153,6.2005,4.7182,3.0519,3.194,6.6707,6.6212,5.2282,5.8814,2.0,3.5518,3.3234,4.1487,5.7494,2.0,2.8942,2.0,4.4614,4.6704,2.7171,13.0819,6.3293,2.0,4.1487,2.0,7.4711,5.2609,2.5153,6.6337,2.0,8.4081,9.0247,5.6042,2.2805,2.7171,4.404,7.4919,6.2664,2.2805,2.8942,4.8529,2.8942,2.2805,5.4986,4.9362,3.6537,6.2982,6.4044,2.0,3.4421,2.5153,4.5165,2.7171,4.0018,2.5153,2.5153,4.3443,8.0592,2.0,3.7489,3.3234,6.5033,2.2805,3.5518,6.4333,2.5153,2.7171,2.0,2.0,2.0,3.0519,2.5153,4.0771,2.0,3.0519,2.0,2.5153,4.282,5.4709,4.6704,7.978,3.194,2.7171,11.8291,4.4614,2.2805,5.4709,2.2805,3.0519,6.4757,2.8942,2.0,2.7171,6.5437,6.6086,4.0771,5.6787,6.2502,2.0,6.7874,2.0,4.5697,8.4406,3.0519,8.9289,5.1606,5.1948,2.2805,3.194,2.5153,4.7645,2.8942,6.9665,4.0018,4.0771,2.8942,2.8942,2.5153,2.0,2.0,4.0018,6.5437,2.8942,2.2805,2.2805,2.2805,3.5518,2.2805,6.2982,4.282,2.2805,2.8942,3.194,2.0,2.2805,2.2805,3.8382,4.8529,2.2805,3.5518,4.6704,4.5697,2.7171,6.0214,3.9223,3.4421,2.0,4.6704,3.3234,2.0,3.0519,7.2851,4.2169,5.0527,3.0519,3.4421,6.2338,2.7171,2.7171,7.1608,3.8382,2.0,2.0,3.6537,2.2805,2.2805,7.0055,4.5697,6.6337,2.5153,2.0,5.1255,2.2805,5.0149,6.6828,2.5153,4.8094,2.7171,3.9223,2.7171,4.2169,5.9228,4.8529,3.8382,2.8942,3.194,5.2609,4.9362,6.9665,5.8169,6.8638,6.3293,2.7171,3.0519,7.3699,2.2805,3.194,3.9223,3.0519,2.0,5.1255,6.0591,2.2805,3.5518,2.0,2.0,4.1487,2.7171,3.5518,4.9362,5.7494,8.1404,5.1255,5.7262,2.7171,6.4617,3.194,4.9761,2.2805,3.7489,2.2805,6.7302,3.7489,3.0519,4.8094,2.5153,6.4333,4.3443,2.0,6.885,2.5153,2.8942,2.5153,2.0,2.8942,7.1257,4.0771,3.0519,3.5518,2.0,3.9223,4.282,5.4986,2.0,6.7185,2.2805,8.2705,3.194,2.0,3.0519,2.5153,7.2691,2.0,3.3234,3.7489,2.0,3.0519,4.4614,5.6042,4.8094,4.9362,2.5153,3.8382,6.5303,2.0,7.4781,4.0018,5.7948,2.2805,4.282,7.2366,3.194,2.0,2.5153,5.414,3.7489,6.4044,2.0,5.5785,5.414,4.5165,2.7171,4.7182,2.2805,4.1487,4.9362,2.0,5.8602,8.5203,5.8387,2.7171,2.5153,4.2169,7.1079,2.7171,2.5153,2.5153,2.0,2.5153,2.7171,7.0807,2.2805,4.7645,2.0,2.2805,2.8942,2.0,5.7026,2.5153,2.8942,2.8942,2.0,6.2173,5.414,2.0,2.0,4.9362,8.4999,5.0527,2.2805,2.5153,4.5165,2.0,2.8942,2.0,4.0018,6.0022,2.7171,2.7171,4.0018,2.8942,2.2805,2.7171,3.194,3.9223,4.404,2.7171,6.57,6.5033,4.404,2.5153,3.5518,6.5303,8.012,2.8942,3.6537,5.9828,5.2928,2.8942,3.3234,5.0149,4.5165,6.4757,3.0519,7.0151,5.8169,2.5153,4.404,2.5153,6.3139,2.0,2.0,3.7489,2.2805,9.2243,4.1487,6.0214,2.2805,2.2805,2.8942,4.7645,5.6787,7.2851,2.0,3.5518,5.3846,2.2805,3.0519,2.0,5.0527,4.1487,10.7419,4.7182,5.0527,2.0,4.0771,5.9431,2.2805,7.2691,2.2805,6.3598,5.7026,2.7171,2.0,2.0,3.9223,4.0018,5.1255,2.7171,4.1487,7.6968,3.7489,6.4333,4.282,6.4044,2.0,3.3234,3.194,2.5153,control
GS042,B3,M,46,2.7008,7.2441,2.0,7.2559,4.1505,3.3581,2.0,2.7008,2.3925,2.9546,2.9546,3.3581,6.2817,2.0,2.7008,4.3406,2.3925,3.3581,8.0247,2.0,4.0451,7.7339,6.2103,10.5946,4.3406,2.0,2.0,5.4603,2.7008,2.0,2.0,2.3925,2.0,8.0521,10.3033,2.9546,4.427,2.9546,2.7008,2.0,5.3318,6.2345,2.3925,2.9546,3.6731,3.1704,4.5857,3.6731,2.7008,3.6731,8.3846,3.9314,10.7441,5.6156,2.0,2.3925,2.3925,2.7008,3.1704,2.3925,6.1858,3.1704,4.5857,3.1704,4.9197,6.4562,2.3925,5.6519,2.0,3.1704,3.9314,2.0,2.0,6.6484,2.9546,3.9314,5.54,3.808,2.3925,4.427,2.3925,8.5137,6.2103,2.0,7.067,4.7952,2.3925,6.4967,3.6731,2.9546,3.1704,7.1456,4.2487,6.7186,5.3318,2.3925,3.5242,2.3925,2.7008,6.3047,2.0,4.5086,2.3925,2.7008,4.2487,3.1704,11.8293,8.4888,2.0,5.9724,2.0,8.3738,6.3932,2.3925,7.1456,2.0,7.1068,9.3206,4.2487,2.0,4.9197,5.6874,5.3318,4.427,2.3925,2.9546,5.4603,3.5242,2.0,5.3759,4.1505,4.1505,7.4644,5.5783,2.0,3.808,2.9546,3.6731,2.3925,4.3406,2.9546,3.1704,6.7186,7.0121,2.3925,4.3406,3.3581,8.5765,4.0451,2.0,6.8805,2.0,5.1404,2.3925,2.0,2.0,2.9546,2.0,2.9546,2.0,2.7008,2.9546,2.3925,4.3406,3.3581,5.0883,6.7186,4.2487,2.3925,11.8548,5.6874,2.0,6.2345,2.0,4.0451,4.7952,3.6731,2.0,2.0,6.9839,5.6156,4.3406,7.7169,6.8651,2.0,6.8805,3.5242,4.1505,9.0101,3.808,7.5342,4.0451,4.5086,2.3925,2.9546,2.9546,5.3318,2.0,6.5166,4.3406,5.5007,2.7008,2.3925,2.0,2.0,2.0,5.6156,5.4603,4.0451,2.0,2.3925,2.0,2.9546,2.7008,6.7855,3.9314,2.0,3.9314,3.5242,2.0,3.1704,2.3925,5.4603,5.3759,2.0,3.3581,3.6731,2.7008,3.1704,5.54,5.8835,3.5242,2.0,5.821,2.7008,3.6731,4.1505,4.7287,4.0451,6.3932,5.3759,2.9546,5.54,2.9546,2.0,6.5745,3.6731,2.0,2.0,4.7287,2.3925,2.7008,6.9405,7.1833,5.8835,2.0,3.1704,4.1505,2.3925,5.0883,7.2321,3.3581,5.5007,4.0451,4.2487,2.7008,5.2392,6.2345,4.1505,5.722,2.7008,3.1704,5.4603,5.5783,6.6303,3.808,6.1353,6.6662,2.9546,2.7008,8.6321,2.7008,3.5242,4.7287,3.5242,2.0,7.6556,7.6556,2.0,3.5242,2.3925,2.0,3.808,3.1704,3.1704,3.6731,4.1505,7.3803,6.6662,4.7952,2.7008,5.2392,2.0,3.808,3.1704,3.6731,2.0,6.0009,5.7558,3.5242,5.1404,2.3925,7.3024,4.2487,2.0,6.9405,2.0,2.9546,2.3925,2.3925,2.7008,6.7524,2.3925,3.1704,2.3925,2.0,4.427,3.808,6.0562,2.0,7.1583,2.9546,8.5038,3.6731,2.3925,3.1704,2.0,5.9138,3.5242,2.7008,4.2487,2.0,2.7008,6.7524,6.1094,4.1505,4.3406,3.3581,4.0451,6.3716,2.3925,6.5166,4.7287,4.3406,2.0,6.5934,5.3318,3.808,2.0,2.3925,3.808,3.1704,6.0009,2.7008,6.8957,3.9314,4.5086,3.6731,6.5166,2.0,4.2487,4.3406,2.0,6.083,8.5087,6.1858,2.3925,2.3925,4.1505,6.3932,2.0,2.7008,3.3581,2.0,2.9546,4.9781,8.4219,2.0,4.9781,2.0,2.0,3.3581,3.5242,6.1094,2.9546,2.9546,3.5242,2.0,4.7287,4.7287,2.3925,2.0,4.3406,7.8866,5.1404,3.5242,2.3925,5.1404,2.3925,3.3581,2.3925,4.1505,7.4124,4.9197,4.3406,4.1505,2.3925,3.1704,3.1704,2.9546,4.8588,6.4766,2.3925,7.4746,7.1068,4.9781,2.7008,3.3581,6.5745,6.9108,2.9546,5.9138,5.4187,6.0009,4.1505,3.1704,5.4187,4.7287,5.9434,3.808,7.3474,4.5086,4.5857,4.2487,2.7008,7.2079,2.3925,2.0,3.1704,2.3925,10.8269,4.7287,5.0883,2.7008,2.3925,2.7008,4.7287,8.4114,8.7541,2.3925,4.7287,7.0121,2.9546,3.1704,3.1704,5.8835,3.5242,11.1755,5.4187,5.2392,2.0,4.9197,4.0451,2.7008,5.4187,2.3925,7.3251,6.0562,4.9197,2.3925,3.6731,3.9314,4.3406,5.2392,3.6731,3.9314,7.1456,3.1704,5.4603,4.7287,5.821,2.3925,2.0,2.0,2.7008,control
GS043,B3,M,75,4.0904,8.0571,2.0,7.4916,5.3742,3.6025,2.0,3.3947,2.0,2.493,2.8597,2.0,6.4713,4.8299,2.493,3.1519,2.8597,3.7841,8.3076,3.9454,3.3947,6.4976,6.9031,6.9796,4.5578,2.0,2.0,4.0904,2.493,3.3947,2.0,3.1519,2.0,8.1675,7.5803,2.8597,3.7841,4.6543,2.0,2.0,3.6025,6.6691,2.0,2.8597,3.3947,2.8597,7.2034,4.9864,2.493,2.8597,9.1114,2.493,11.9472,5.3742,2.8597,2.493,3.1519,2.493,2.493,3.3947,6.0778,3.1519,4.4544,3.3947,2.493,8.9208,2.0,7.0872,3.1519,2.0,5.1933,2.0,2.0,6.6221,2.0,2.493,5.8522,4.7448,2.0,4.0904,2.493,4.7448,5.7247,2.0,8.6436,5.1933,2.493,5.8923,3.7841,2.8597,3.3947,7.3403,6.8633,4.4544,6.5736,2.0,3.7841,2.0,4.343,7.3547,2.0,3.7841,2.493,4.7448,5.5349,3.3947,11.8619,9.1156,2.0,6.0064,2.0,5.8923,6.1122,2.493,8.0833,2.0,6.4713,8.5337,4.6543,2.0,3.6025,4.8299,9.1367,3.3947,2.493,2.0,4.0904,2.8597,2.0,4.5578,5.1275,4.343,8.1675,6.5233,2.0,2.493,3.1519,6.4446,3.3947,4.5578,2.0,3.3947,4.5578,8.6956,2.8597,4.0904,3.1519,6.8223,2.493,3.3947,6.7802,3.3947,4.343,2.0,2.0,2.0,2.493,2.0,4.5578,2.0,2.0,2.0,2.493,2.8597,5.2561,4.6543,6.9608,2.493,2.0,11.1089,5.9694,2.493,5.5847,2.0,3.3947,5.3164,2.0,2.0,2.493,6.1786,5.3164,3.9454,5.6795,6.2421,2.0,6.0778,3.6025,5.7685,10.514,2.0,8.9208,6.5487,6.0064,2.493,2.8597,3.1519,6.3323,3.1519,7.3832,4.4544,4.2222,3.6025,2.8597,4.0904,2.0,2.0,4.2222,4.6543,4.0904,2.8597,2.0,2.8597,3.6025,2.493,7.0164,3.3947,2.493,3.9454,3.1519,2.493,3.3947,2.0,5.3164,5.3164,2.0,4.6543,4.0904,3.6025,2.8597,5.9694,5.9314,2.8597,2.0,5.8923,5.1275,2.493,3.6025,7.0698,2.493,6.0426,4.0904,3.9454,6.4976,2.0,2.8597,8.2547,3.6025,2.0,2.493,2.8597,2.0,3.3947,7.8383,7.4785,6.4173,3.6025,2.493,3.1519,2.0,6.3029,6.9226,2.0,4.343,2.8597,3.3947,4.343,4.6543,6.3895,4.2222,4.0904,2.493,2.0,6.4713,5.0587,5.6795,5.6329,7.8485,8.2392,2.493,2.0,6.4173,3.1519,4.5578,4.4544,3.6025,2.0,6.8223,6.4173,2.493,2.493,2.493,2.0,3.3947,3.6025,3.1519,5.0587,3.3947,7.6638,5.3742,6.598,2.8597,4.4544,2.493,4.0904,3.9454,4.343,2.8597,6.8014,4.9102,2.0,5.5349,2.0,8.2314,4.9102,2.8597,6.9226,2.493,2.493,2.0,2.493,2.0,6.8833,2.0,2.0,2.0,2.0,4.6543,3.6025,6.3895,2.8597,4.5578,2.493,8.5017,5.0587,2.0,3.7841,2.493,6.5487,3.3947,2.8597,4.4544,2.493,2.493,3.1519,5.3742,2.493,5.1275,2.8597,4.2222,7.311,2.0,7.369,4.4544,5.1933,2.0,6.6221,6.9796,3.1519,2.0,3.1519,4.2222,3.7841,6.598,2.0,6.4713,3.7841,4.9102,2.0,5.7247,2.0,3.1519,3.6025,2.0,4.4544,9.6126,5.8522,3.1519,3.1519,4.4544,7.6046,2.8597,2.8597,2.493,2.0,3.1519,4.8299,5.5847,2.493,5.1275,2.0,2.0,2.493,4.6543,5.5349,2.8597,2.493,2.493,2.0,5.6795,4.343,2.0,2.0,4.9102,9.0056,3.3947,3.1519,3.3947,5.7247,3.1519,4.0904,2.0,3.6025,6.9981,3.7841,3.1519,3.3947,2.8597,2.8597,3.1519,2.0,4.5578,7.0522,2.493,7.2505,5.8522,4.6543,3.1519,3.9454,7.7206,5.3164,3.6025,4.4544,4.2222,6.8429,2.493,2.8597,5.4298,4.343,6.3029,2.0,6.9226,4.343,4.343,3.7841,2.0,6.4446,2.0,2.0,2.0,2.0,10.4313,4.343,6.0064,2.8597,3.1519,2.493,6.0426,7.1044,7.8071,2.0,3.9454,5.8522,2.493,2.8597,2.0,7.8176,4.7448,10.3828,4.0904,4.6543,2.0,4.2222,4.6543,2.8597,6.0778,2.0,6.2421,5.8109,4.2222,3.6025,3.1519,2.493,4.343,5.9694,2.8597,3.3947,7.0164,3.6025,6.4173,4.6543,6.1458,2.0,2.493,2.493,2.8597,control
GS044,B3,M,54,4.1656,8.2537,2.7632,7.2462,4.9951,2.0,2.0,2.4315,2.4315,2.7632,2.7632,3.2598,6.0906,3.7826,2.4315,3.6285,2.0,3.2598,7.9133,2.0,3.4559,7.3971,5.9349,10.0418,3.4559,2.0,2.0,4.1656,2.7632,2.0,2.7632,2.4315,2.4315,8.4959,9.0377,3.4559,3.6285,4.2735,3.6285,3.2598,4.6391,7.0324,2.4315,3.7826,3.0327,3.0327,6.0608,3.9219,2.0,3.0327,9.3833,4.2735,10.805,4.1656,2.4315,3.4559,3.2598,2.7632,3.4559,3.2598,5.1729,3.2598,4.6391,5.6841,4.2735,10.5457,2.4315,6.5856,3.2598,3.6285,4.1656,2.0,2.0,4.7922,2.4315,3.6285,7.8965,4.863,2.7632,5.9016,2.7632,5.9992,7.2725,2.0,9.4538,4.1656,2.0,6.3345,4.4679,3.4559,2.0,7.2462,7.5552,6.0906,7.9463,2.0,4.1656,2.7632,3.0327,5.5617,2.0,3.4559,2.4315,5.2804,5.4739,3.2598,10.7441,8.8056,2.0,4.4679,2.0,7.0926,5.2276,2.7632,6.9855,2.4315,8.2798,8.2405,5.4739,2.0,3.6285,4.4679,9.2342,2.7632,2.4315,2.7632,5.2276,5.6444,2.0,5.5617,4.0488,3.4559,7.618,7.4208,2.0,2.0,3.0327,4.6391,3.4559,3.4559,2.0,3.6285,2.7632,6.9039,2.4315,4.9951,3.7826,8.2603,4.374,3.2598,7.2195,3.6285,4.1656,2.0,2.0,2.0,2.7632,2.0,3.6285,2.4315,3.2598,3.0327,2.7632,5.3312,4.7177,5.3312,8.4274,3.4559,2.0,10.6842,6.4992,2.0,6.2041,2.4315,3.4559,4.9951,2.4315,2.0,2.4315,4.556,5.7227,3.7826,7.1504,6.9695,2.0,4.7177,3.4559,3.4559,9.6914,2.4315,9.3559,4.2735,6.1766,3.0327,2.4315,2.0,6.9534,3.2598,7.0477,4.374,5.3803,3.2598,2.7632,3.2598,2.0,2.7632,5.3312,7.3236,3.4559,2.0,2.0,2.4315,5.3312,3.0327,6.6471,2.4315,2.0,4.374,2.7632,2.4315,3.6285,2.7632,5.7603,7.1072,2.0,3.6285,4.556,5.4739,3.2598,5.4279,4.4679,2.7632,2.0,6.2312,3.4559,2.0,2.7632,8.7413,3.9219,5.2804,4.4679,3.7826,6.0303,2.7632,2.4315,9.7787,4.0488,2.0,2.7632,5.3803,2.0,2.4315,4.7922,6.2577,4.9306,2.0,2.7632,5.4279,2.0,4.556,7.4783,4.1656,5.4279,2.7632,5.1729,2.0,4.1656,3.4559,5.2804,4.9951,3.4559,3.2598,5.9674,6.5213,6.1485,3.0327,7.7915,7.1361,2.4315,2.4315,7.4783,2.7632,3.6285,3.6285,3.0327,2.4315,7.4441,6.7812,2.4315,2.7632,2.4315,2.0,3.0327,3.0327,3.2598,2.7632,4.863,6.7441,5.9016,6.3835,2.0,7.0778,2.4315,4.7177,3.6285,3.6285,2.4315,4.374,5.2276,4.1656,5.9674,2.0,8.4959,4.4679,3.0327,7.2462,2.4315,2.4315,2.7632,2.0,2.0,7.4325,3.6285,3.2598,3.6285,2.0,5.6036,4.7177,6.835,3.6285,7.5552,2.0,8.0713,4.6391,2.7632,4.6391,2.0,6.667,3.7826,3.7826,5.0568,2.0,3.4559,4.556,6.3592,3.0327,4.556,3.4559,3.2598,8.3859,2.0,8.2271,4.2735,4.9951,2.0,4.4679,7.9133,4.9306,2.0,4.1656,5.4279,2.4315,5.7603,2.4315,4.7177,3.0327,5.3312,3.2598,9.1159,2.0,3.6285,3.2598,2.4315,6.4541,8.1793,6.7061,3.6285,2.0,4.9306,8.3055,2.4315,2.4315,2.4315,2.0,3.0327,4.7177,7.8881,2.4315,7.1504,2.0,2.7632,3.6285,4.2735,6.2041,2.0,2.4315,2.4315,2.7632,4.6391,3.4559,3.2598,2.0,5.0568,8.1227,4.374,4.0488,3.4559,3.6285,2.4315,4.863,2.0,4.7922,5.3312,5.797,4.6391,4.2735,3.2598,2.0,2.0,2.4315,3.2598,6.1485,2.7632,6.9206,6.3835,4.7922,3.0327,2.7632,6.1485,5.1729,3.9219,4.9306,6.4074,6.2577,3.2598,2.7632,3.7826,4.2735,6.2041,3.2598,6.9534,3.9219,4.2735,5.6444,2.0,7.409,2.0,2.0,2.4315,2.0,8.959,5.0568,6.7628,2.7632,2.0,3.4559,5.3803,6.887,7.1645,2.7632,5.5184,6.5431,2.7632,2.7632,2.4315,6.3592,5.5617,11.4951,5.6444,5.116,2.0,4.374,4.9951,2.0,5.797,2.4315,5.9992,6.2312,3.7826,2.7632,3.7826,3.0327,2.7632,5.5617,3.4559,4.0488,6.6471,3.9219,4.6391,4.1656,4.1656,2.0,2.7632,3.0327,3.0327,control
GS045,B3,F,34,4.7342,9.3178,2.3052,8.0653,4.8329,3.2711,2.0,2.3052,2.7712,3.4055,2.7712,2.0,6.2585,3.6416,2.9578,2.9578,2.7712,4.0224,6.8241,2.9578,4.6822,6.3777,5.3817,9.4383,5.1715,2.0,2.9578,4.5722,2.0,2.3052,2.0,2.9578,2.9578,7.5814,8.2328,3.1229,4.0224,3.1229,2.0,3.1229,5.8508,5.6488,2.5569,2.7712,3.1229,2.3052,4.6822,2.7712,3.4055,3.6416,10.737,4.1037,11.0623,5.827,2.0,2.7712,2.0,2.3052,2.9578,2.3052,4.5722,4.1037,4.3233,3.2711,4.1807,8.4505,2.0,6.4726,2.0,2.0,5.414,2.0,2.0,5.1715,2.5569,3.1229,6.917,4.1807,2.3052,2.5569,2.3052,9.239,4.9693,2.0,8.3458,3.9362,2.5569,5.5936,2.9578,2.3052,3.5284,7.3001,6.4259,5.8029,7.1163,2.0,3.1229,2.7712,3.2711,6.4259,2.3052,4.4531,2.3052,4.2538,4.4531,2.5569,12.0952,8.6121,2.0,4.7342,2.5569,6.41,4.5139,2.3052,7.1065,2.3052,7.8045,9.2789,4.0224,2.3052,3.2711,4.3897,8.8457,3.1229,2.7712,3.5284,4.3233,4.5722,2.0,5.4455,4.8798,4.2538,5.6488,5.702,2.0,3.4055,3.8445,3.9362,2.7712,3.2711,2.7712,2.7712,6.5178,7.7676,2.3052,4.3233,2.3052,5.6215,2.9578,3.2711,6.9613,3.2711,3.4055,2.3052,2.0,2.0,2.9578,2.0,4.1037,2.0,3.7466,3.4055,2.5569,3.6416,4.2538,4.1037,8.0653,3.8445,2.5569,11.9326,6.2936,2.3052,6.2936,2.0,3.6416,4.7342,2.3052,2.0,2.5569,2.9578,4.9693,4.2538,5.8029,5.6488,2.0,6.2225,2.9578,2.3052,9.4903,3.1229,9.5924,4.1037,5.7279,2.3052,2.5569,2.7712,3.5284,2.3052,5.6757,3.1229,4.5722,3.5284,2.5569,3.2711,2.0,2.0,4.2538,6.917,3.1229,2.3052,2.0,2.9578,2.3052,3.6416,5.827,3.7466,2.0,2.3052,2.7712,2.7712,2.9578,2.3052,3.7466,5.3487,2.3052,4.1037,3.7466,4.9693,2.0,5.4764,5.1332,3.8445,2.0,6.5617,4.1037,2.5569,2.5569,6.8944,3.1229,4.1807,5.5652,3.7466,4.8798,2.0,2.5569,8.12,2.7712,2.3052,2.0,4.9693,2.0,3.2711,7.6025,7.0867,5.0536,2.7712,2.5569,4.3897,2.3052,3.1229,5.5936,2.7712,4.8329,2.5569,4.8329,2.9578,3.1229,5.0536,4.2538,5.7279,2.5569,3.1229,5.7279,5.1715,5.9198,5.6757,7.91,7.2019,4.0224,3.5284,8.2947,2.3052,3.9362,3.2711,3.1229,2.3052,8.21,6.41,2.0,3.1229,2.5569,2.0,4.5139,3.1229,3.4055,2.9578,4.6282,8.0083,4.4531,6.3613,2.3052,3.6416,2.0,5.6215,4.1807,3.1229,2.7712,7.3001,4.8329,3.1229,4.8329,2.0,6.3777,4.7844,2.3052,5.7279,2.3052,2.7712,2.0,2.5569,2.7712,6.1478,2.0,3.4055,3.5284,2.0,4.9693,3.8445,6.5326,2.7712,6.8597,2.5569,5.7783,6.0891,2.0,2.7712,2.3052,6.4417,2.9578,2.9578,3.4055,2.3052,2.0,4.8798,6.8241,4.0224,4.2538,3.8445,2.9578,6.5902,2.3052,8.2054,5.0121,3.5284,2.0,6.5326,8.1004,5.1332,2.5569,3.2711,3.8445,4.3897,5.8029,2.7712,5.0536,5.1332,4.6822,2.0,6.576,2.3052,5.3817,3.1229,2.0,6.6319,8.0653,6.2042,2.5569,2.5569,4.5722,7.9817,2.0,2.7712,2.7712,2.0,3.2711,3.5284,7.4476,2.7712,6.7877,2.0,2.3052,3.8445,4.5139,5.7783,2.0,3.1229,2.0,2.0,5.9421,4.8329,2.3052,2.3052,4.7342,6.8241,3.4055,4.3897,2.7712,5.4455,2.5569,4.1037,2.0,3.6416,7.1163,3.5284,3.4055,4.0224,3.1229,2.3052,3.7466,2.5569,3.8445,5.7783,2.0,5.8029,7.9709,3.5284,2.5569,4.1037,7.6574,7.6025,4.1807,3.4055,6.983,6.2042,4.1807,2.7712,5.4764,5.8972,6.4878,3.4055,6.6724,5.702,4.0224,4.1807,2.7712,8.2008,2.0,2.0,3.6416,2.0,8.3205,4.3233,6.0069,2.3052,2.0,3.6416,6.3446,7.2019,6.4417,2.0,5.0121,5.7534,2.7712,2.0,2.3052,6.7503,3.7466,10.881,4.4531,2.7712,2.3052,4.1807,4.9693,2.0,7.174,2.3052,4.8329,5.8029,2.3052,2.5569,3.4055,2.5569,3.7466,5.8742,2.5569,4.3233,7.5814,3.5284,5.315,4.1037,3.6416,2.0,2.7712,3.8445,2.3052,control
GS046,B3,M,34,3.9395,6.8285,2.0,7.7616,4.3494,2.705,2.0,3.3648,2.0,2.96,2.3952,3.3648,5.662,3.8159,2.3952,3.6806,2.705,3.3648,7.5055,3.6806,3.5313,5.7321,5.3417,9.2621,3.8159,2.0,2.0,3.8159,2.3952,2.0,2.96,2.96,2.3952,6.2921,7.6301,3.1766,3.1766,4.8046,3.1766,2.0,4.6682,5.8313,2.0,3.6806,2.3952,2.705,6.4037,3.6806,2.0,2.705,7.2064,3.5313,11.6771,7.1175,2.3952,2.705,2.0,2.705,3.3648,2.0,5.7321,2.3952,4.159,3.6806,2.705,8.4009,2.0,5.2961,2.96,2.3952,4.5949,2.3952,2.0,5.799,2.705,3.1766,6.1198,2.0,2.0,4.159,2.0,5.7659,7.0367,2.0,6.6589,4.3494,2.3952,6.6039,2.705,3.1766,3.9395,5.799,6.3378,5.4703,5.7321,2.0,3.8159,2.96,4.2573,5.2491,2.0,3.5313,2.0,3.6806,4.0534,2.96,13.0298,9.0624,2.0,6.6945,2.0,7.2186,6.0391,2.0,6.2207,2.0,7.6023,8.7009,5.662,2.0,3.9395,2.96,7.6392,5.4287,3.3648,2.96,4.5949,5.5884,2.0,6.3601,4.159,4.0534,7.2548,6.9214,2.0,2.705,2.3952,5.2961,3.1766,3.9395,2.705,2.705,4.436,7.0911,2.0,4.2573,2.96,4.738,2.705,4.0534,6.0665,2.3952,3.5313,2.0,2.0,2.0,3.5313,2.3952,2.96,2.0,2.0,2.3952,2.3952,4.5949,6.2921,5.098,8.7524,3.6806,2.96,11.4405,5.2491,2.3952,5.0439,2.0,2.3952,6.2687,2.3952,2.0,2.0,5.924,5.4703,4.9292,6.3601,6.763,2.0,6.2207,4.436,5.4703,7.7104,2.3952,8.5635,5.5501,5.8313,2.705,2.0,2.705,6.446,2.0,6.9802,3.5313,6.2921,3.1766,2.3952,3.1766,2.0,2.0,4.436,7.0228,4.436,2.3952,2.0,2.3952,4.9292,2.96,6.4871,3.3648,2.0,2.705,2.0,2.0,2.96,2.705,4.5176,5.9827,2.3952,4.9292,5.2961,3.9395,2.0,6.6768,6.1198,3.3648,2.0,4.436,3.8159,3.1766,3.6806,7.1175,2.96,4.8046,2.96,3.1766,6.6768,2.705,3.1766,9.6852,4.159,2.705,2.0,4.9292,2.0,2.3952,7.6929,5.5884,5.662,2.705,2.3952,4.2573,2.0,6.1198,7.7532,3.6806,5.5884,2.705,4.436,4.2573,5.0439,4.8683,4.3494,6.4667,2.0,2.0,6.0112,3.6806,7.7782,5.8628,8.6154,5.9537,2.3952,2.705,7.6929,2.0,2.96,6.0391,3.1766,2.0,6.446,6.2687,2.705,4.3494,2.3952,2.3952,3.9395,3.3648,2.3952,4.6682,4.8683,7.3131,4.9292,6.3378,2.0,5.3417,2.705,4.9877,4.2573,4.159,2.3952,6.4037,4.738,4.738,5.4287,2.705,6.2687,4.159,2.0,6.5072,2.3952,2.3952,2.3952,2.0,2.0,6.5271,2.96,3.3648,2.705,2.0,4.5949,3.9395,5.6975,2.3952,5.2004,2.3952,8.9006,3.1766,2.0,3.5313,2.0,5.2004,2.96,3.5313,3.1766,2.705,2.3952,4.5176,5.3417,3.9395,4.8046,3.6806,3.1766,5.5107,2.0,7.4018,3.9395,5.2961,2.0,5.4703,5.6257,2.705,2.0,3.3648,5.5107,4.6682,5.098,2.96,5.6975,4.8683,3.3648,2.705,5.6257,2.3952,4.3494,3.6806,2.0,5.3858,8.1487,6.1457,2.3952,2.705,4.5176,6.7961,2.705,2.96,3.1766,2.0,2.3952,4.6682,6.9511,2.3952,6.0934,2.0,2.3952,3.9395,3.6806,6.2687,2.96,2.3952,4.9292,2.0,5.6257,4.3494,3.1766,2.0,4.159,6.8285,4.3494,2.96,3.5313,4.6682,3.1766,2.96,2.3952,4.8683,5.7659,2.3952,4.2573,3.6806,2.705,2.3952,3.3648,2.0,2.0,4.3494,2.0,7.5254,7.6023,3.5313,3.6806,5.5884,6.7119,7.6209,3.1766,4.0534,4.159,4.5176,3.3648,2.3952,3.8159,5.5107,5.924,2.96,7.0228,4.9292,2.96,2.705,2.96,6.1961,2.3952,2.0,3.1766,2.0,9.6874,4.8046,6.7961,3.1766,2.0,2.3952,4.6682,6.8444,8.1804,2.0,4.2573,6.2449,2.3952,3.1766,2.3952,7.1815,2.0,10.167,4.0534,3.5313,2.0,3.1766,5.2004,2.0,6.2687,2.3952,7.4018,5.5501,4.8046,2.705,2.0,2.96,3.3648,5.0439,2.96,3.9395,7.0087,3.6806,7.2666,4.0534,6.1961,2.0,2.96,3.5313,2.3952,control
GS047,B3,M,51,4.8084,7.1442,2.0,7.0601,6.5861,2.7375,2.0,3.2231,2.4153,2.0,2.4153,3.4158,3.8754,3.2231,2.0,3.8754,2.4153,4.0009,7.7291,3.4158,3.0006,5.2741,6.8085,9.1063,3.0006,2.0,2.4153,4.0009,2.4153,2.4153,2.7375,3.4158,2.4153,6.5861,9.2204,2.0,4.1164,3.5858,2.7375,2.0,6.347,7.2866,2.0,3.2231,2.7375,3.0006,6.1166,3.0006,2.4153,3.2231,10.0087,4.8755,11.2578,3.7378,2.4153,2.0,2.7375,2.7375,4.1164,2.4153,5.7016,2.7375,2.7375,3.0006,4.1164,9.633,2.4153,5.7381,2.4153,2.4153,3.2231,2.0,2.0,7.7472,2.0,2.7375,6.0012,3.0006,2.0,5.0011,3.2231,6.5247,7.6547,2.0,8.5352,4.8084,2.4153,6.4606,3.5858,2.4153,2.4153,6.0601,8.3935,5.3704,5.6256,2.0,2.7375,2.7375,4.1164,6.5247,2.7375,3.4158,2.0,4.2234,2.4153,3.4158,12.2301,8.9476,2.0,6.8757,2.7375,6.0012,4.738,2.7375,7.4931,2.0,7.0456,8.0236,5.0011,2.0,3.5858,4.2234,7.4386,3.8754,2.0,3.0006,4.8084,7.0887,2.4153,5.171,3.4158,4.0009,7.7826,7.3935,2.0,2.0,3.7378,4.664,2.7375,4.1164,2.7375,3.4158,4.416,8.0236,2.0,2.7375,2.7375,7.7382,2.4153,3.5858,6.72,4.1164,3.0006,2.0,2.0,2.0,3.5858,2.4153,3.0006,2.0,3.4158,2.0,2.0,4.3229,4.738,4.5035,8.4331,3.2231,2.0,12.2188,6.6642,2.4153,6.5861,2.4153,3.8754,4.586,3.0006,2.0,2.0,3.8754,6.5861,2.0,4.8755,4.8084,2.0,7.1577,3.8754,5.7016,9.5274,3.4158,7.8086,4.586,5.0011,2.0,3.0006,2.0,4.8755,3.0006,6.9861,4.416,4.2234,3.5858,2.0,3.2231,2.0,3.2231,3.8754,7.9161,3.0006,2.0,2.0,2.4153,2.4153,2.4153,7.0012,2.4153,2.0,3.5858,3.0006,2.0,2.7375,2.4153,3.8754,5.2235,2.0,4.5035,5.6641,5.5036,3.0006,6.1976,4.1164,2.7375,2.0,5.4162,3.8754,2.4153,2.7375,6.347,3.2231,5.5861,4.586,3.5858,6.347,2.0,2.0,8.6451,4.0009,2.0,2.0,4.5035,2.0,3.5858,6.892,6.2491,5.7381,3.2231,2.7375,3.8754,2.0,4.586,8.4163,3.4158,5.8085,3.5858,5.4606,4.0009,4.416,4.416,3.8754,5.171,2.4153,2.0,6.1441,6.3935,7.8171,5.323,6.0309,6.6257,2.7375,3.4158,8.4163,2.4153,3.8754,2.0,2.4153,2.0,5.908,5.8756,2.0,4.0009,2.0,2.0,4.664,3.0006,5.5861,5.0011,3.5858,6.9398,5.7381,4.1164,2.4153,6.1711,2.4153,5.5036,4.0009,4.586,2.4153,6.2236,4.738,3.4158,5.6641,2.0,6.4606,4.8084,2.4153,5.8425,2.0,2.4153,2.0,2.4153,2.4153,6.1976,3.2231,3.8754,3.2231,2.0,4.586,4.2234,5.5861,2.0,5.4606,2.0,7.2491,4.1164,2.0,2.7375,2.0,4.9397,2.7375,3.4158,2.0,3.2231,2.4153,5.908,6.9861,4.2234,5.1166,4.0009,3.5858,7.8675,2.0,7.8675,5.3704,4.416,2.0,5.9708,7.683,3.5858,2.4153,3.7378,5.0011,2.7375,5.5861,2.0,6.7913,4.416,5.06,2.7375,7.5455,2.0,2.4153,3.7378,2.0,5.9398,9.1645,5.8756,3.5858,2.0,4.3229,7.2989,2.0,3.0006,3.0006,2.4153,2.4153,5.06,6.72,2.0,5.9708,2.0,2.4153,2.4153,3.8754,6.3231,2.0,3.0006,4.0009,2.0,6.8085,5.0011,3.2231,2.4153,5.4162,7.0601,4.2234,3.7378,2.0,5.8085,2.4153,3.2231,2.4153,2.7375,5.2741,4.416,3.2231,4.1164,2.0,2.0,2.7375,3.2231,2.7375,6.4823,2.4153,6.1976,6.924,2.7375,2.7375,3.0006,6.1166,6.9398,2.7375,5.2235,4.8755,7.0887,3.0006,2.4153,3.7378,5.9708,5.6641,4.2234,7.8592,5.8756,3.7378,4.8084,2.4153,6.4823,2.0,2.0,2.7375,2.0,9.5609,5.7016,5.5036,2.0,2.4153,4.1164,6.2989,5.171,7.5962,2.0,3.2231,7.4823,2.7375,2.4153,2.0,6.6257,2.7375,8.7291,6.2491,4.9397,2.0,3.4158,3.5858,2.0,6.3231,2.4153,8.4607,4.9397,3.8754,2.0,3.0006,2.0,2.7375,4.416,2.0,4.3229,7.5455,3.7378,6.4606,3.8754,6.5455,2.0,2.7375,4.738,2.4153,control
GS048,B3,M,59,3.7004,8.7279,2.0,8.0498,6.8826,3.3219,2.4594,2.0,2.0,2.0,3.7004,2.0,6.066,3.5235,2.0,2.8073,2.8073,3.3219,7.8948,4.0,3.7004,5.7813,5.9307,8.4157,4.8826,2.0,2.0,4.1292,2.0,2.0,2.8073,3.3219,2.4594,6.7481,9.2911,2.0,2.0,4.1292,3.0874,2.4594,5.375,4.2479,2.8073,2.4594,4.0,2.0,6.6438,4.9541,2.0,2.4594,10.849,4.0,11.5235,5.7813,2.4594,4.0,2.8073,2.0,4.1292,3.0874,5.9307,2.8073,4.0,5.2094,3.5235,9.9285,2.0,4.6438,2.8073,2.0,5.7813,2.0,2.0,4.8073,2.0,2.4594,5.8579,3.5235,2.4594,5.375,2.4594,7.6899,5.7414,2.0,8.2191,4.2479,2.0,5.2094,4.2479,2.0,4.3575,7.5924,8.0416,5.4262,7.3353,2.0,3.7004,3.3219,3.8579,4.8826,2.0,4.5545,2.4594,6.098,4.8073,4.1292,11.7363,9.3014,2.0,5.8201,2.0,5.8948,5.2094,2.4594,6.8826,2.4594,7.3083,9.703,4.1292,2.0,4.1292,3.7004,8.8734,5.2094,2.0,3.0874,5.4757,5.4262,2.0,5.0874,4.0,4.1292,6.1898,5.6582,2.0,2.0,3.8579,3.0874,3.7004,5.2094,3.0874,2.4594,7.1947,7.2667,2.0,3.3219,4.1292,7.7004,4.2479,3.3219,7.2526,2.4594,4.0,2.0,2.0,2.0,4.0,2.0,4.2479,2.0,3.7004,2.4594,2.8073,4.6438,5.375,4.6438,7.8856,3.0874,2.4594,10.1786,6.5999,2.0,5.6147,2.0,4.0,5.7414,2.0,2.0,2.0,7.6147,4.8073,4.2479,7.6147,6.7073,2.0,6.4838,3.3219,4.9541,10.4548,2.8073,9.1761,2.8073,5.7813,2.4594,3.5235,2.0,6.4594,2.0,7.0874,4.2479,5.7813,3.0874,2.0,3.0874,2.0,2.4594,4.0,6.5545,5.2094,2.0,2.0,2.4594,5.0223,3.7004,6.6438,3.3219,2.0,3.7004,4.1292,2.8073,3.0874,2.4594,3.5235,5.3219,2.0,3.8579,4.4594,4.3575,2.8073,3.5235,5.3219,3.0874,2.0,4.9541,3.8579,2.0,3.3219,7.3487,4.0,5.6147,3.7004,3.7004,4.5545,2.0,2.4594,7.9395,4.2479,2.4594,2.0,6.098,2.0,4.2479,6.9886,6.622,4.2479,3.0874,2.8073,4.7279,2.0,4.5545,6.7681,2.8073,3.5235,2.4594,4.3575,3.8579,4.8826,4.0,4.6438,5.7414,2.8073,3.0874,6.5077,4.4594,7.6147,5.0223,8.2191,6.8265,2.4594,2.8073,8.9053,3.0874,3.7004,3.5235,2.8073,2.0,7.4757,6.2191,2.4594,3.8579,2.0,2.0,4.2479,3.0874,4.5545,4.4594,5.2094,7.9915,4.3575,5.1497,2.0,5.2667,2.4594,3.7004,4.5545,3.5235,2.4594,6.7879,5.7414,3.8579,5.5698,2.0,6.9541,4.3575,2.0,7.0874,2.0,2.4594,2.8073,2.0,2.4594,6.098,3.8579,2.4594,2.0,2.0,2.8073,3.5235,6.3037,2.0,6.7279,2.0,9.6119,4.9541,2.0,3.0874,2.0,7.375,2.8073,3.0874,4.0,2.4594,2.8073,5.6582,5.8948,4.0,6.1898,4.4594,3.5235,6.066,2.0,7.388,5.9307,2.8073,2.4594,5.0223,7.3487,4.7279,2.0,3.8579,4.1292,3.3219,3.8579,2.0,5.6147,3.3219,5.0874,2.0,6.3037,2.4594,2.8073,4.7279,2.0,6.7073,8.3772,4.6438,4.1292,2.8073,4.3575,7.4262,2.4594,3.0874,3.3219,2.0,3.8579,4.7279,7.0223,2.4594,6.2479,2.0,2.4594,2.8073,4.1292,6.4594,2.8073,2.4594,3.3219,2.0,5.7414,5.0223,2.4594,2.8073,4.3575,7.0874,4.7279,3.5235,3.5235,5.375,3.3219,4.3575,2.0,4.6438,6.8641,5.1497,2.8073,4.2479,2.8073,2.8073,2.8073,3.0874,4.1292,5.2667,2.0,6.8454,8.0821,4.7279,3.0874,4.7279,7.2807,7.1947,3.0874,4.6438,5.2094,6.4838,4.5545,2.8073,4.7279,6.1292,6.9366,4.2479,6.9541,5.5698,4.0,4.3575,2.0,7.3353,2.8073,2.0,2.8073,2.4594,10.3706,4.5545,4.8826,2.4594,2.0,3.3219,4.6438,8.2969,6.098,2.8073,4.0,5.7004,2.4594,3.5235,2.0,5.7414,2.8073,9.5555,4.7279,3.8579,2.0,3.7004,5.1497,2.0,7.3487,2.0,8.1137,3.7004,4.1292,2.0,3.0874,4.0,3.3219,5.9307,4.8826,3.0874,7.3083,3.8579,5.3219,4.2479,6.8265,2.0,2.0,4.2479,2.4594,control
GS049,B3,F,68,3.1241,9.4942,2.6688,7.2869,6.7203,3.1241,2.0,2.6688,2.0,2.6688,3.3071,2.9143,6.5309,4.4392,2.6688,3.3071,2.3728,3.1241,7.7333,3.1241,4.3585,6.4553,5.0656,10.5299,5.5381,2.0,2.0,4.8466,2.3728,2.0,2.9143,3.1241,2.6688,6.3756,9.3966,2.9143,3.9815,3.6155,3.1241,2.0,6.0557,6.3128,2.9143,2.0,4.0854,2.0,5.3422,4.5156,2.3728,3.8695,7.4418,5.0139,9.6548,6.1304,2.0,3.1241,2.9143,2.0,2.3728,2.9143,5.4629,2.3728,5.1156,3.8695,5.2558,10.0235,2.0,6.8878,2.0,2.0,5.2558,2.0,2.0,6.0299,2.0,2.6688,5.5381,4.9045,2.3728,5.9768,2.0,6.9162,5.8645,2.0,8.5709,5.7105,3.8695,7.3509,3.3071,3.3071,2.9143,9.3966,8.0736,4.9045,6.8733,2.6688,4.5156,2.6688,3.6155,6.355,2.0,3.3071,2.0,5.5742,3.8695,4.1823,10.6764,8.8322,2.0,5.1156,2.3728,8.9675,5.2558,2.6688,7.1499,2.0,7.5273,9.1553,6.0036,2.3728,4.0854,2.9143,8.8581,2.6688,2.0,3.8695,5.1638,4.5156,2.0,4.5881,6.1304,4.0854,8.4102,7.9414,2.0,3.1241,3.3071,3.7481,3.1241,4.6572,2.9143,3.4696,3.7481,7.4121,2.0,5.2558,2.6688,7.22,3.4696,3.8695,5.8048,3.3071,3.9815,2.0,2.0,2.0,3.7481,2.3728,2.6688,2.6688,2.9143,2.0,2.3728,5.3836,5.501,3.8695,8.3541,3.9815,2.3728,11.8078,6.9984,2.0,6.7523,2.3728,3.7481,6.355,2.9143,2.0,2.6688,6.5309,4.5156,2.3728,4.2731,6.768,2.0,4.5881,2.9143,4.7862,10.919,4.0854,7.6425,4.6572,6.1782,2.3728,3.1241,2.3728,6.2015,2.3728,7.4121,3.7481,4.4392,4.6572,3.3071,3.1241,2.0,2.0,3.6155,6.7989,4.3585,2.3728,2.0,3.6155,3.3071,2.6688,6.4553,4.5156,2.0,3.1241,4.7862,2.9143,2.0,2.0,4.4392,7.0507,2.3728,3.9815,3.7481,4.7862,3.1241,5.6776,5.4629,4.5156,2.3728,5.5381,3.4696,2.6688,3.8695,6.106,3.8695,5.4238,4.5881,2.6688,5.9217,3.1241,3.3071,7.8411,4.5156,2.6688,2.0,4.8466,2.3728,2.6688,6.985,4.9045,4.6572,2.0,2.9143,3.6155,2.9143,5.6776,6.985,2.3728,5.6095,2.0,5.644,4.6572,3.6155,5.6776,5.2997,6.4553,2.3728,2.3728,5.6095,4.8466,7.9483,4.7231,6.9162,7.9135,2.6688,3.1241,7.7727,2.0,2.6688,3.8695,3.3071,2.9143,5.4629,9.0501,2.0,3.3071,2.6688,2.0,3.7481,2.9143,5.0139,4.9045,4.9045,7.9414,5.1156,6.4553,2.0,4.8466,3.4696,5.5742,2.3728,4.1823,2.6688,5.8349,4.6572,2.3728,4.6572,2.9143,7.4221,5.2997,2.3728,6.9021,2.6688,3.1241,2.3728,2.0,2.0,8.2517,3.9815,3.9815,2.6688,2.0,4.6572,4.5881,5.8349,2.0,5.9217,2.3728,8.6745,5.9768,2.0,3.9815,2.0,7.2869,2.0,2.6688,4.5156,3.3071,2.0,5.3422,4.7231,3.8695,6.2015,3.6155,3.6155,7.6762,2.0,8.1595,5.3422,3.9815,2.0,6.081,7.197,4.7231,2.3728,2.9143,4.1823,4.0854,6.2912,3.1241,6.2471,4.2731,4.5156,2.0,7.6927,2.3728,3.8695,5.1638,2.0,6.9715,9.0176,5.8048,3.4696,3.1241,4.5156,7.5547,2.9143,2.0,2.3728,2.0,3.4696,4.5156,6.5672,2.6688,5.0656,2.0,2.0,3.6155,5.2106,6.6543,2.0,2.9143,2.9143,2.3728,5.9768,4.7862,3.7481,2.3728,5.2106,7.9756,5.0139,3.7481,2.3728,6.0036,2.3728,3.1241,2.6688,3.4696,5.6095,4.5881,3.3071,5.7426,3.1241,3.1241,2.6688,3.3071,2.9143,6.7364,2.6688,7.0887,7.4121,4.0854,4.0854,4.6572,6.7364,5.8349,3.1241,4.9603,3.9815,4.5881,3.4696,2.6688,4.7862,5.7426,7.0887,3.9815,5.1156,5.5742,3.9815,4.6572,2.9143,7.0378,3.1241,2.0,2.9143,2.0,9.7955,5.0656,3.1241,2.3728,2.0,2.3728,6.0299,7.7571,7.7959,2.0,4.7231,5.3422,2.3728,2.6688,2.3728,6.0299,3.3071,10.5067,4.0854,5.9768,2.0,3.3071,3.4696,2.0,6.3959,2.6688,8.0156,4.0854,3.4696,2.6688,3.6155,3.7481,2.6688,4.9045,2.3728,5.6095,7.1257,3.4696,5.1638,5.1156,5.644,2.3728,2.3728,3.6155,2.0,control
GS050,B3,F,52,3.8932,7.6183,2.3182,8.4613,3.4475,2.7994,2.3182,2.3182,2.3182,2.9907,2.3182,3.3107,6.1523,4.3772,3.3107,4.0732,2.0,4.6281,7.9241,3.1596,4.1554,7.2946,5.6266,9.9224,4.5081,2.0,2.0,3.1596,2.0,2.0,2.5787,2.3182,2.0,7.5515,8.3824,3.794,4.1554,2.7994,2.5787,2.5787,4.6281,6.7369,2.5787,2.5787,2.3182,2.5787,6.5968,4.739,3.4475,2.9907,7.0262,5.1533,12.1015,4.4441,2.5787,3.3107,2.5787,2.5787,4.739,2.9907,5.9825,2.9907,3.986,2.0,3.986,9.4264,2.3182,5.1127,3.1596,2.3182,6.2302,2.0,2.0,5.8652,2.3182,2.9907,6.6114,4.307,2.3182,5.3407,2.3182,7.6681,7.0153,2.0,9.1312,3.5725,2.5787,6.3916,3.3107,3.4475,2.7994,7.9241,6.9706,4.9379,4.7913,2.0,4.307,2.0,3.1596,6.3221,2.7994,3.6875,2.0,5.028,5.3754,4.2332,12.3273,8.3258,2.0,2.5787,2.0,7.2392,5.4424,2.3182,7.0262,2.5787,6.5212,9.2222,4.8419,2.0,4.9379,3.8932,8.5739,4.4441,2.3182,2.0,2.9907,4.5694,2.3182,5.1127,4.1554,3.1596,6.7099,5.9825,2.0,2.7994,3.4475,4.2332,3.1596,3.4475,2.0,3.4475,6.567,8.6957,2.3182,2.7994,3.5725,6.1321,3.1596,3.5725,5.3407,2.7994,2.7994,2.0,2.0,2.0,2.9907,2.0,3.6875,2.0,2.9907,2.3182,2.5787,4.0732,4.739,4.1554,6.7893,3.4475,2.9907,10.4428,5.1533,3.3107,5.9825,2.0,2.7994,6.286,2.7994,2.0,2.0,4.8907,5.4424,4.2332,7.4895,4.5081,2.0,5.8894,2.7994,4.4441,9.3651,3.6875,8.4653,3.986,4.6846,2.3182,2.3182,2.0,5.5975,2.9907,5.8652,4.3772,5.4424,2.3182,3.3107,2.7994,2.0,2.0,2.0,6.4579,5.4748,2.0,2.3182,2.3182,4.2332,2.0,6.8767,3.6875,2.0,3.3107,2.9907,2.3182,3.1596,2.0,4.1554,5.1533,2.0,5.3051,5.2686,4.9379,2.7994,3.5725,3.794,3.3107,2.0,6.1918,4.5081,2.5787,4.1554,8.2436,2.9907,5.071,4.9379,3.8932,5.764,3.3107,2.5787,9.4612,3.5725,2.3182,2.7994,4.8907,2.0,2.5787,7.4815,4.6281,5.8894,3.794,2.3182,3.794,2.0,6.0699,6.3221,3.1596,5.5065,2.9907,4.2332,4.2332,2.9907,6.249,3.4475,3.6875,2.9907,2.5787,6.5519,5.2312,7.4736,5.5975,7.5131,8.026,2.7994,2.3182,6.1116,2.3182,3.1596,3.4475,3.5725,2.0,8.0368,6.9819,2.5787,3.4475,2.3182,2.0,3.4475,2.5787,2.7994,4.4441,4.5694,7.9416,5.3407,7.201,2.0,4.739,2.3182,4.5694,3.3107,4.0732,2.5787,5.764,5.8155,3.1596,5.8652,2.0,6.9008,4.1554,2.0,7.408,3.1596,2.0,2.5787,2.0,2.0,5.3407,2.9907,2.5787,3.4475,2.3182,4.6846,4.7913,5.79,2.0,6.0268,2.3182,8.5475,4.4441,2.3182,4.6281,2.0,6.0048,2.5787,3.4475,3.1596,2.0,2.9907,5.7106,5.4093,4.9379,5.764,3.794,3.986,7.0587,2.5787,5.3051,4.1554,4.9836,2.0,5.6552,8.026,4.9836,2.0,2.0,4.7913,4.6846,6.1721,2.5787,5.6266,3.4475,5.5975,3.1596,6.8021,2.0,4.1554,3.4475,2.0,6.6402,9.5147,5.8406,3.794,2.0,4.6846,7.5591,2.3182,2.5787,2.5787,2.0,2.5787,3.8932,6.8523,2.7994,6.8888,2.0,2.5787,3.1596,3.5725,5.1127,2.9907,2.0,2.5787,2.0,5.9825,3.6875,2.5787,2.0,3.8932,6.8148,4.739,3.5725,3.3107,3.1596,2.0,4.1554,2.0,5.2686,5.3407,2.9907,4.2332,5.1127,2.9907,2.7994,2.5787,3.3107,2.9907,6.0909,2.9907,6.9008,5.4424,4.739,3.3107,4.5081,6.6402,8.412,3.6875,5.8406,4.739,5.764,3.986,2.3182,4.307,4.5081,5.7376,2.9907,7.6327,5.4093,3.794,4.1554,3.4475,7.1912,2.3182,2.0,2.7994,2.0,9.8237,3.8932,7.3996,2.3182,2.0,3.4475,4.9379,8.0743,7.763,2.7994,5.5678,5.2312,2.3182,2.0,2.3182,6.3916,3.3107,10.395,4.6281,4.6846,2.0,3.5725,4.5081,2.0,6.3745,2.7994,7.9241,3.6875,3.3107,2.0,3.5725,3.986,3.1596,4.0732,2.3182,4.307,6.4579,4.5081,5.4748,4.6846,6.0485,2.5787,3.3107,3.986,2.5787,control
GS051,B3,F,40,3.0303,8.5132,2.0,6.2662,5.2233,3.257,2.0,2.6052,2.2311,2.0,2.2311,2.4303,4.8589,3.7792,2.4303,2.6052,2.2311,3.7043,7.5822,2.4303,2.4303,6.9159,5.4235,9.0744,3.4528,2.0,2.0,3.7043,2.0,2.0,2.2311,2.4303,2.0,5.7743,8.1465,2.0,2.6052,3.6252,3.3582,2.4303,4.893,5.3516,2.902,2.0,2.4303,2.0,5.7925,3.3582,2.4303,2.7612,8.219,3.1481,11.5864,3.8504,2.4303,2.2311,2.4303,2.0,3.5416,2.2311,4.4178,2.0,3.6252,3.0303,2.7612,7.5558,2.2311,5.8802,2.4303,2.7612,4.5087,2.0,2.0,5.514,2.0,2.6052,6.2266,4.893,2.0,4.2697,2.0,7.2613,4.5521,2.0,7.1243,4.2697,2.4303,6.2266,3.257,2.0,2.6052,7.1527,6.6223,4.0452,5.7183,2.0,3.0303,2.902,2.902,2.7612,2.0,2.4303,2.2311,3.7043,3.3582,3.257,14.1674,7.0656,2.0,4.2168,2.4303,6.7395,5.2233,2.0,6.8738,2.2311,5.7925,7.9778,4.5087,2.0,3.8504,3.0303,8.0325,3.7043,3.0303,2.7612,2.7612,3.5416,2.0,4.5942,2.7612,3.9831,6.5057,5.8802,2.0,2.7612,2.4303,5.0825,2.4303,2.2311,2.2311,2.4303,5.2233,6.1008,2.0,2.4303,2.4303,4.8239,3.1481,2.7612,4.959,2.0,3.257,2.0,2.0,2.0,3.6252,2.0,3.4528,2.2311,2.6052,2.6052,2.7612,4.3701,2.4303,3.5416,8.0209,2.6052,2.2311,9.7876,5.64,2.0,4.893,2.0,3.3582,4.7881,2.6052,2.0,2.2311,4.6749,5.6198,2.0,5.0221,5.1686,2.0,5.9139,2.7612,3.6252,8.769,3.8504,7.3438,3.5416,4.3701,2.4303,2.902,2.6052,2.6052,2.0,6.7674,2.4303,4.6351,2.2311,2.0,3.1481,2.4303,2.0,3.257,6.172,3.4528,2.0,2.2311,2.2311,3.7043,2.2311,5.5358,3.1481,2.0,2.7612,2.2311,2.0,3.5416,2.2311,3.9183,4.3208,2.2311,3.9183,3.8504,3.0303,2.4303,4.1047,3.7792,3.1481,2.0,4.6749,2.7612,2.6052,2.6052,6.144,2.7612,4.3701,3.7043,3.8504,3.6252,2.0,2.4303,7.9858,2.2311,2.4303,2.0,3.9183,2.0,3.257,4.1047,5.2233,4.1047,2.2311,2.0,4.4639,2.0,4.5942,5.2499,2.6052,3.9831,2.6052,3.1481,2.2311,3.9183,3.9183,4.2168,2.2311,2.4303,2.2311,4.959,5.5784,5.9789,4.893,4.6749,5.6198,3.1481,2.2311,6.9159,2.0,2.6052,2.2311,2.7612,2.0,4.4639,6.4263,2.4303,3.8504,2.0,2.0,2.4303,2.902,3.3582,3.1481,4.1047,4.5942,4.1618,4.4639,2.0,4.7513,2.2311,4.9909,3.7043,3.1481,2.6052,6.4835,4.1618,2.4303,5.5992,2.4303,3.6252,4.0452,2.6052,5.9304,2.0,2.0,2.2311,2.0,2.2311,6.581,2.6052,2.6052,2.2311,2.0,3.7043,4.959,4.893,2.6052,4.0452,2.0,7.0277,4.3208,2.0,3.0303,2.0,6.2531,2.2311,3.3582,3.9831,2.0,2.902,6.3299,5.8972,2.6052,4.3701,3.257,2.7612,7.0805,2.0,6.4722,4.1047,3.9183,2.0,4.3701,6.8216,4.5942,2.0,2.4303,5.3269,4.9909,4.893,2.7612,4.2168,4.8239,4.8589,2.2311,6.9159,2.0,3.0303,2.4303,2.0,5.7559,8.3291,4.6749,2.2311,2.6052,2.902,5.276,2.0,3.1481,2.0,2.2311,2.6052,3.9831,5.7743,2.0,4.5942,2.0,2.0,3.0303,2.2311,6.2399,2.4303,2.2311,3.0303,2.0,4.3701,2.902,2.2311,2.0,5.0221,6.0411,4.2168,2.7612,2.2311,5.0221,2.7612,2.7612,2.0,4.4639,3.0303,4.0452,3.9183,3.3582,2.4303,2.2311,2.2311,3.0303,3.7792,7.0354,2.6052,4.7881,5.1962,2.902,2.6052,3.7043,6.172,7.1807,2.4303,3.9183,5.5573,5.5358,3.4528,2.7612,3.257,4.7513,7.1598,2.0,6.6324,4.5087,3.1481,3.5416,2.0,6.5599,2.2311,2.0,2.4303,2.2311,8.0628,3.7792,5.2233,2.0,2.0,2.4303,4.8589,5.3516,6.4722,2.0,3.5416,5.5784,2.2311,2.4303,2.6052,4.6749,2.4303,9.1292,3.1481,3.3582,2.0,2.7612,6.5057,2.0,4.6351,2.0,4.959,4.4178,3.0303,2.0,2.7612,2.6052,2.6052,4.7881,2.2311,3.1481,6.0713,3.5416,5.3516,3.3582,5.3516,2.2311,2.2311,2.902,2.0,case
GS052,B3,M,65,2.0,6.1415,2.233,7.4105,6.225,2.0,2.0,2.6095,2.0,2.4335,2.4335,2.9078,4.5624,4.3802,2.233,2.9078,2.233,3.5498,6.291,2.4335,4.3308,5.5033,6.2518,8.1729,4.1715,2.0,2.0,3.0367,2.0,2.233,2.0,3.4607,2.233,6.3908,8.6491,2.233,3.4607,2.7664,3.1549,2.4335,5.6107,5.7859,2.0,3.1549,2.6095,2.233,7.6659,3.2642,2.4335,2.7664,8.2809,4.3308,9.8773,5.7674,2.0,2.4335,2.0,2.233,3.2642,2.4335,4.5624,2.4335,3.0367,3.3658,3.1549,10.4992,2.0,5.458,2.7664,2.0,3.6336,2.233,2.0,5.1228,2.0,2.233,5.7487,4.762,2.233,4.2796,2.4335,8.1011,5.4348,2.0,7.4399,4.9699,2.233,5.3129,3.1549,3.3658,2.6095,7.8998,8.1834,3.8595,5.7487,2.0,3.3658,2.0,2.9078,3.8595,2.0,3.8595,2.233,4.5624,3.8595,3.9925,13.6036,8.3414,2.0,5.2872,2.4335,5.7487,4.2266,2.4335,6.5286,2.233,7.3805,8.1446,2.6095,2.0,3.7129,4.2796,7.1147,4.4279,2.9078,3.5498,3.9275,4.2796,2.6095,4.2796,4.519,3.3658,5.458,5.8574,2.0,2.4335,2.233,4.1715,2.0,3.9925,2.0,3.1549,4.8697,7.5892,2.233,4.2266,3.1549,7.7004,2.4335,2.9078,6.7135,2.233,3.9275,2.0,2.0,2.0,3.0367,2.233,2.7664,2.0,2.6095,2.233,2.6095,3.7129,3.9275,4.6456,7.4165,3.4607,2.233,11.0481,5.2345,2.6095,5.0935,2.233,3.3658,6.0221,3.2642,2.0,2.233,3.1549,5.1228,3.4607,4.7988,5.2872,2.0,5.1228,2.6095,4.7242,9.9435,2.4335,7.7292,3.9925,5.1797,2.233,2.0,3.6336,4.762,2.233,6.1698,3.788,4.9038,3.7129,2.0,2.9078,2.0,2.0,4.4742,6.9028,3.2642,2.233,2.233,2.9078,3.4607,2.233,3.2642,2.4335,2.0,3.0367,2.233,2.233,3.3658,2.0,3.2642,5.2345,2.233,3.9275,3.8595,4.0547,2.0,4.9038,4.6854,2.6095,2.0,5.4112,2.9078,2.233,3.0367,7.7004,2.4335,5.3381,4.7242,2.6095,4.4742,2.4335,2.233,7.7149,3.4607,2.0,2.233,3.0367,2.233,3.2642,6.4499,6.2518,4.2266,2.233,2.0,3.2642,2.0,6.4028,5.0636,2.233,3.7129,2.0,3.5498,3.5498,4.8697,3.4607,3.8595,5.4348,2.6095,2.4335,5.8221,5.2074,6.9929,3.2642,5.5472,5.1797,2.9078,2.7664,6.4728,2.233,2.7664,4.0547,2.9078,2.233,7.7052,6.3039,2.4335,3.9275,2.0,2.0,2.6095,3.1549,3.0367,3.5498,3.0367,6.291,4.5624,3.9925,2.4335,4.6854,2.233,3.6336,3.9275,3.3658,3.5498,4.6456,5.1797,3.1549,5.4348,2.233,6.1557,3.7129,2.233,7.1578,2.0,2.7664,2.0,2.0,2.7664,3.788,2.4335,2.4335,2.6095,2.0,5.0636,3.788,4.5624,2.0,5.8747,2.0,7.4914,4.3308,2.0,3.0367,2.233,6.8686,2.7664,2.233,4.762,2.4335,2.6095,4.9038,7.1364,4.1143,3.8595,3.3658,4.6854,6.2781,2.233,5.9255,3.8595,3.2642,2.0,5.9584,6.928,4.4742,2.6095,2.7664,4.4279,4.3802,4.6854,3.0367,6.694,2.7664,4.6456,3.0367,6.5176,2.233,3.6336,3.1549,2.0,4.0547,5.6715,4.4742,2.233,2.4335,5.0636,5.8041,2.0,2.0,2.233,2.233,3.2642,3.788,4.5624,2.4335,4.7988,2.0,2.4335,2.233,3.8595,8.1834,2.0,2.6095,2.4335,2.0,5.033,4.0547,3.0367,2.0,5.0935,7.7292,4.519,2.4335,2.0,4.0547,2.4335,3.5498,2.4335,3.9275,4.9038,4.2266,3.5498,4.4279,2.4335,2.233,2.233,2.4335,3.0367,6.1977,3.2642,5.5898,5.7859,3.3658,3.2642,2.233,5.1797,8.9827,2.0,4.4742,4.5624,6.3542,3.0367,2.9078,4.7988,3.9275,6.1271,3.7129,5.7674,4.1715,3.7129,3.9275,2.4335,7.0852,2.4335,2.0,2.4335,2.0,9.362,4.7242,6.4265,2.0,2.0,3.8595,4.7242,7.2337,6.4147,2.0,3.7129,6.7608,2.233,2.4335,2.233,6.6137,4.4742,11.3612,4.2266,4.0547,2.0,3.3658,6.6033,2.9078,6.3542,2.0,5.1797,4.3802,2.6095,2.4335,2.4335,3.4607,3.5498,6.3908,2.233,4.1143,7.4105,3.9925,5.9255,3.3658,4.8697,2.0,2.7664,3.2642,2.7664,case
GS053,B3,M,39,2.9171,8.0346,2.0,7.0565,6.4415,2.3742,2.0,2.3742,2.0,2.3742,2.0,2.3742,5.8405,4.3634,2.3742,2.3742,2.0,2.9171,7.6051,2.3742,4.4441,4.9097,4.7913,9.7045,2.9171,2.0,2.0,4.5206,2.3742,2.0,2.9171,2.3742,2.0,7.6226,5.87,2.9171,2.0,3.6196,2.0,2.0,4.9097,4.3634,2.0,3.1273,3.3107,2.6711,4.7913,3.8739,2.3742,3.4734,8.7376,3.3107,11.7942,5.389,2.0,3.1273,2.0,2.9171,3.6196,2.0,5.1209,3.1273,4.187,3.7523,3.8739,11.1157,2.0,5.0192,2.3742,2.6711,3.986,2.0,2.0,4.7282,2.3742,2.6711,6.4217,4.7913,2.0,4.6623,2.0,6.8046,5.716,2.0,5.716,3.7523,2.0,5.7796,3.1273,2.6711,2.0,7.0565,5.7482,5.4684,4.2779,2.0,3.1273,2.6711,3.1273,6.1602,2.0,3.6196,2.0,3.8739,3.7523,3.7523,13.2592,7.2144,2.0,5.87,2.0,7.5875,3.7523,3.3107,6.0867,2.0,4.6623,8.3704,5.2612,2.0,3.6196,4.3634,8.189,4.2779,2.9171,3.3107,3.1273,5.1209,2.6711,4.4441,4.5931,2.3742,6.8349,5.9551,2.0,2.0,2.3742,4.5206,2.3742,2.3742,2.3742,2.3742,5.3051,7.3567,2.3742,3.1273,2.3742,6.5181,3.3107,2.3742,5.716,2.3742,3.7523,2.0,2.0,2.0,2.9171,2.0,4.09,2.0,2.6711,2.3742,2.0,3.1273,4.5206,4.5206,7.6737,2.6711,2.0,10.7702,6.7422,2.0,4.2779,2.3742,2.0,5.7796,2.0,2.0,2.3742,5.87,5.5436,3.1273,5.5797,6.0092,2.0,6.275,2.3742,4.187,10.2063,4.4441,7.9748,3.986,5.3051,2.3742,2.3742,2.6711,5.8104,2.6711,7.408,3.3107,4.3634,2.9171,2.3742,2.0,2.0,2.0,3.8739,7.6226,3.6196,2.0,2.0,2.6711,3.4734,3.1273,5.1692,3.1273,2.0,2.3742,3.986,2.3742,2.0,2.3742,4.2779,4.9655,2.0,4.5206,5.6831,3.8739,3.1273,6.1361,4.187,2.6711,2.0,4.5206,4.5206,2.0,3.4734,6.7893,2.9171,4.09,3.986,3.4734,4.7913,2.9171,2.6711,5.899,3.4734,2.0,2.0,5.3051,2.0,2.0,5.3051,5.716,5.3477,2.0,2.3742,3.7523,2.0,6.2528,6.5908,2.9171,4.9097,2.0,4.187,4.09,4.3634,5.2612,2.9171,5.0709,2.6711,2.3742,4.9097,3.6196,5.2612,4.6623,5.6495,6.1839,2.3742,3.1273,6.7261,2.0,3.1273,4.187,2.9171,2.0,6.3813,7.0436,2.3742,3.7523,2.0,2.0,3.4734,3.3107,2.9171,3.986,4.9097,7.1795,4.9097,4.5206,2.0,6.0867,2.0,4.09,4.187,3.3107,2.0,5.0192,4.09,3.4734,5.87,2.3742,6.1602,3.6196,2.0,7.1676,2.0,2.3742,2.0,2.0,2.0,6.2302,2.9171,2.3742,2.0,2.0,3.4734,3.7523,5.5797,2.6711,4.4441,2.9171,7.4671,4.2779,2.0,2.0,2.0,6.5181,2.3742,3.3107,4.187,2.0,2.3742,5.5065,7.2819,3.3107,5.4292,2.6711,2.9171,6.2072,2.0,6.4803,5.389,3.3107,2.0,6.1839,8.2065,3.1273,2.6711,2.0,5.7482,4.5931,6.4993,2.9171,6.8791,5.1209,5.4292,2.9171,8.0346,2.6711,3.1273,5.1209,2.3742,4.4441,7.7786,3.8739,2.0,2.0,3.986,5.8405,2.0,2.9171,2.6711,2.3742,2.6711,3.8739,6.8791,2.0,3.8739,2.0,2.3742,3.3107,4.2779,8.117,2.3742,2.3742,2.9171,2.0,5.3051,2.6711,3.1273,2.3742,4.8517,5.615,4.3634,2.6711,2.9171,5.0709,2.3742,2.6711,2.6711,2.9171,5.8405,4.3634,3.7523,4.7913,2.3742,2.0,2.6711,2.0,2.9171,5.716,2.9171,5.3051,7.3567,3.7523,3.4734,2.9171,5.0709,6.4803,3.1273,4.3634,4.4441,5.0709,2.9171,2.6711,4.5931,4.8517,6.3607,2.6711,6.2302,5.5436,2.9171,3.7523,2.3742,6.2528,2.9171,2.0,2.3742,2.3742,7.9123,4.187,6.4993,2.0,2.0,2.6711,4.7282,6.2528,7.7708,2.3742,5.4684,7.0306,2.0,2.6711,2.3742,4.09,4.6623,10.9144,5.4292,4.5931,2.0,2.6711,4.8517,2.0,6.6431,2.6711,7.9052,4.9097,2.3742,2.3742,2.9171,3.6196,3.4734,4.6623,2.0,3.6196,5.8104,2.9171,4.9655,5.3051,4.5931,2.0,2.9171,4.4441,2.3742,case
GS054,B3,F,58,2.9238,7.5001,2.3774,5.9122,5.0316,2.3774,2.0,2.0,2.0,2.0,2.0,2.0,4.7402,2.9238,2.0,3.3192,2.3774,2.6763,7.133,3.135,2.3774,6.2206,5.3604,9.3441,4.198,2.0,2.6763,3.6291,2.0,2.0,2.3774,2.9238,2.0,6.1249,9.0178,2.6763,2.3774,2.6763,3.7623,2.0,4.9778,5.9684,2.9238,2.9238,3.3192,2.0,6.622,4.198,2.3774,2.6763,7.0702,3.3192,11.2338,4.6049,2.0,2.6763,2.3774,2.0,4.5322,2.3774,5.3178,3.6291,4.2891,4.1008,2.9238,9.9403,2.0,6.0488,2.0,2.0,3.3192,2.0,2.0,5.8832,2.9238,2.3774,6.1973,2.3774,2.3774,4.922,2.0,7.2396,5.5565,2.0,7.619,2.6763,2.3774,6.4151,3.3192,2.0,3.135,7.205,6.1973,5.7613,6.4151,2.0,2.9238,2.9238,2.6763,2.0,2.0,2.9238,2.3774,4.3748,3.7623,2.6763,13.8031,8.1614,2.0,4.8034,2.9238,6.8634,4.3748,2.6763,7.7847,2.0,5.9122,8.0486,4.9778,2.6763,4.3748,5.4421,8.5864,2.9238,2.6763,2.3774,4.1008,4.6049,2.6763,3.7623,5.7927,2.9238,5.7927,7.2956,2.0,3.7623,3.4825,5.6962,3.7623,3.8842,2.0,2.9238,4.3748,4.8034,2.6763,3.8842,3.135,7.4417,2.9238,2.9238,5.628,3.7623,3.135,2.3774,2.0,2.0,2.9238,2.3774,4.1008,2.3774,3.135,2.0,2.3774,3.7623,4.922,5.1334,8.7233,2.3774,2.3774,11.0773,4.7402,2.0,4.9778,2.0,3.135,4.5322,2.6763,2.3774,2.0,4.5322,3.3192,4.5322,6.8335,4.9778,2.0,5.4812,2.3774,4.3748,7.9119,3.9965,6.4938,4.4557,5.5927,2.6763,2.0,2.3774,3.9965,2.9238,6.4151,3.135,3.135,2.6763,2.3774,2.0,2.0,2.0,3.8842,7.6959,3.9965,2.0,2.0,2.6763,2.6763,2.3774,5.6625,2.3774,2.0,2.3774,3.135,2.0,2.0,2.3774,4.2891,5.2285,2.0,4.2891,3.3192,4.8034,2.3774,5.0316,3.4825,3.4825,2.0,4.198,2.9238,2.6763,2.3774,8.2491,2.3774,4.8034,3.8842,2.3774,5.0316,2.6763,2.3774,6.3103,3.6291,2.0,2.0,4.5322,2.0,3.135,5.0316,5.7613,4.9778,2.0,2.6763,4.9778,2.0,4.198,5.4018,3.3192,3.135,2.3774,4.922,3.135,3.9965,4.198,4.6049,5.5193,2.3774,2.0,5.4018,5.4421,6.9215,5.628,5.5927,5.5565,3.135,2.9238,6.7717,2.3774,2.6763,3.9965,2.9238,2.0,5.6962,6.5865,2.0,3.7623,2.3774,2.0,2.3774,3.135,2.6763,2.9238,3.8842,6.622,4.6049,5.9122,2.3774,4.8034,2.6763,3.3192,3.3192,2.9238,3.6291,4.6049,4.8034,2.9238,5.4018,2.3774,5.6962,2.9238,2.6763,5.2285,2.0,2.0,2.3774,2.6763,2.0,6.8782,3.8842,2.3774,2.3774,2.0,4.4557,4.198,5.3178,2.3774,5.1334,2.0,7.133,3.135,2.0,2.6763,2.0,3.9965,3.135,3.135,3.4825,2.0,2.3774,6.1736,6.2436,3.6291,3.8842,3.6291,2.6763,5.8537,2.0,7.083,2.9238,3.4825,2.6763,4.1008,7.251,3.6291,2.0,3.135,5.5193,5.1334,5.6625,2.6763,6.1,2.3774,2.6763,2.9238,6.3319,2.3774,3.8842,2.9238,2.0,4.6049,7.8609,4.9778,2.3774,2.0,5.4812,6.6736,2.0,2.6763,2.0,2.0,2.0,3.6291,4.9778,2.0,5.9122,2.0,2.0,3.135,4.2891,6.8029,2.3774,2.3774,2.9238,2.0,5.5565,3.7623,2.0,2.0,3.8842,7.6792,3.6291,2.0,3.135,3.4825,2.3774,3.3192,2.0,3.135,5.9122,3.7623,2.6763,3.9965,2.0,2.3774,2.9238,2.3774,3.3192,4.6742,2.6763,5.4812,4.922,2.3774,2.3774,2.6763,3.4825,5.6625,2.6763,4.3748,5.628,5.5193,2.3774,2.9238,4.198,3.7623,5.2285,3.3192,6.7558,5.4018,3.6291,3.3192,2.3774,6.2436,2.0,2.0,2.3774,2.6763,8.967,4.922,6.8485,2.0,2.0,2.6763,5.0834,7.1082,8.0871,2.0,3.7623,5.8537,2.3774,2.3774,2.0,5.4018,4.1008,10.2348,4.6742,4.8639,2.0,3.3192,3.3192,2.0,4.2891,2.0,6.3103,5.0316,3.3192,2.9238,2.6763,2.0,3.135,4.3748,2.3774,4.198,6.6904,2.9238,5.2738,3.9965,6.0225,2.0,3.135,2.9238,2.9238,case
GS055,B3,M,36,3.9487,7.5337,2.7312,8.6753,5.4752,2.0,2.0,2.0,2.0,2.2869,2.0,2.5261,4.84,3.5754,2.9108,3.7741,2.7312,4.795,6.8551,3.4647,3.864,4.373,4.9261,8.3097,2.0,2.0,2.0,2.7312,2.5261,2.0,2.7312,3.0704,2.2869,4.546,4.373,2.2869,3.3449,2.7312,2.7312,2.0,5.5034,5.6871,3.0704,2.9108,2.9108,2.2869,4.0286,4.1044,2.2869,2.7312,8.6086,4.433,9.2113,5.7116,2.5261,2.5261,2.0,2.2869,3.5754,2.2869,5.7356,3.0704,2.2869,3.0704,3.5754,9.411,2.0,4.433,2.7312,2.2869,2.0,2.0,2.5261,5.8934,2.0,2.9108,4.9672,3.7741,2.0,3.4647,2.2869,3.3449,5.3562,2.0,5.0073,3.9487,2.7312,5.9146,2.7312,3.0704,2.7312,6.4384,5.4169,5.0462,6.284,2.0,2.0,2.7312,4.1764,4.546,2.0,3.2142,2.2869,2.7312,4.9261,2.9108,14.083,6.7877,2.0,4.0286,2.5261,6.5374,3.3449,2.2869,6.9089,2.2869,7.3435,9.0673,4.5994,2.5261,2.9108,3.4647,9.2597,3.864,3.0704,2.5261,4.245,4.7485,2.2869,4.9261,4.84,4.245,6.8441,5.2266,2.0,2.7312,3.6781,3.2142,2.2869,3.0704,2.2869,3.0704,3.6781,8.4324,2.0,3.864,2.2869,5.7825,3.3449,2.2869,4.1044,3.0704,2.9108,2.0,2.0,2.0,2.7312,2.0,2.7312,2.0,3.0704,2.0,2.0,5.2266,5.4169,5.8934,6.8441,2.5261,2.2869,10.0379,5.0462,2.2869,5.1571,2.2869,4.5994,4.3104,2.5261,2.0,2.0,3.6781,5.6623,3.2142,5.8719,4.9672,2.0,6.5778,2.7312,5.585,7.3278,2.5261,7.6006,4.7005,5.2266,2.2869,2.9108,2.7312,4.373,2.0,6.4529,3.6781,5.0462,2.9108,2.0,2.2869,2.0,2.0,4.6508,7.3513,2.0,2.2869,2.0,2.2869,3.6781,2.5261,5.7116,3.864,2.0,2.2869,2.7312,2.2869,3.0704,2.0,4.546,5.8279,2.2869,2.7312,5.2266,3.864,2.5261,4.4906,4.245,3.6781,2.0,5.0462,2.2869,3.0704,2.7312,8.4687,3.4647,4.373,3.6781,2.5261,4.795,2.2869,2.7312,8.8643,3.3449,2.0,2.0,4.1044,2.0,2.7312,6.4958,4.795,6.2343,2.0,2.2869,4.6508,2.0,6.981,6.741,2.7312,5.0462,2.2869,3.3449,3.0704,2.9108,4.3104,3.6781,4.5994,2.2869,2.2869,4.4906,4.4906,6.3162,5.1571,6.0162,5.6871,2.9108,2.2869,7.2212,2.0,3.5754,3.9487,2.2869,2.0,4.7485,6.4958,2.5261,2.2869,2.0,2.0,3.0704,2.2869,3.7741,4.6508,5.0841,7.3821,4.373,6.284,2.5261,5.0073,2.0,6.3162,3.7741,3.2142,2.2869,6.8441,4.1044,3.4647,6.3321,2.0,6.3478,5.5312,2.7312,5.8719,2.0,2.2869,2.2869,2.2869,2.5261,7.0593,2.0,2.7312,2.2869,2.0,3.9487,4.1764,6.2002,2.0,5.6113,2.2869,5.1571,4.9672,2.0,2.5261,2.2869,5.1571,2.9108,3.3449,3.864,2.0,2.5261,6.5645,6.3478,4.1044,4.433,3.2142,2.5261,7.1515,2.0,6.0162,4.373,4.373,2.0,5.7116,6.7762,4.1044,2.0,2.9108,5.1923,4.3104,6.551,2.7312,6.7291,3.864,4.546,2.2869,7.6955,2.0,3.7741,3.0704,2.0,4.3104,8.6439,4.8837,2.0,2.0,4.245,7.2796,2.0,2.0,3.0704,2.5261,2.2869,2.7312,7.3897,2.2869,6.7877,2.0,3.0704,2.2869,3.3449,7.427,2.0,2.2869,2.7312,2.0,4.373,4.373,2.0,2.0,3.2142,6.9194,4.1044,2.7312,2.0,4.8837,2.0,3.9487,2.0,4.3104,5.3249,3.7741,3.5754,4.0286,2.2869,2.2869,2.5261,2.0,2.9108,5.0841,2.0,5.1571,6.2002,2.7312,2.7312,3.5754,5.585,6.0926,4.0286,3.2142,5.4169,4.433,3.4647,2.9108,4.7005,5.0462,3.0704,3.3449,7.0593,4.546,3.2142,3.7741,2.0,6.3321,2.0,2.0,3.4647,2.0,8.7743,3.864,6.4384,2.2869,2.0,2.0,5.6871,4.795,7.6457,2.0,3.0704,5.3869,2.5261,2.0,2.5261,3.5754,3.6781,9.8608,4.7005,3.3449,2.0,2.2869,4.373,2.2869,5.2266,2.5261,3.864,5.0462,4.245,2.2869,2.7312,3.3449,3.7741,5.2601,2.0,2.7312,6.0739,3.3449,6.4088,2.7312,3.0704,2.2869,2.7312,2.5261,2.2869,case
GS056,B3,F,44,3.3246,8.3286,2.0,8.0379,6.1023,3.0899,2.0,3.8613,2.0,2.4607,2.8093,2.4607,5.935,4.0034,2.4607,4.0034,2.8093,3.3246,8.5932,2.0,4.0034,5.326,5.0263,9.5941,3.0899,2.0,2.0,3.8613,2.0,2.0,2.8093,2.8093,2.4607,6.5357,8.9803,2.4607,2.8093,3.8613,3.8613,2.0,5.7456,5.3791,3.0899,3.0899,3.8613,2.0,7.0758,3.0899,2.0,2.0,9.386,4.6476,9.766,4.9581,2.4607,3.3246,2.8093,2.4607,4.6476,3.0899,4.4631,2.8093,3.3246,2.8093,3.0899,9.8601,2.4607,5.97,2.0,2.0,4.9581,2.4607,2.0,5.7456,2.4607,3.5265,6.7923,6.1941,2.8093,5.6624,3.0899,7.299,5.6624,2.4607,6.7923,3.8613,2.8093,5.3791,4.1328,3.5265,3.5265,5.6189,6.9052,5.7855,7.7956,2.0,4.0034,2.4607,4.5583,5.0263,2.4607,2.8093,2.4607,3.0899,4.0034,3.3246,12.6504,7.7255,2.0,5.5277,3.7036,7.9702,4.1328,2.8093,6.5121,2.0,8.6099,8.1337,3.3246,2.0,3.7036,4.5583,7.3127,5.0914,2.4607,3.3246,5.7855,4.1328,2.0,4.0034,4.8112,4.8112,6.5818,7.4053,2.0,3.0899,3.5265,5.5277,3.3246,4.3612,2.0,2.0,5.3791,9.2465,2.0,5.3791,2.8093,7.1693,3.0899,3.3246,6.7725,2.4607,2.8093,2.0,2.0,2.0,2.4607,2.4607,2.8093,2.0,2.4607,2.8093,2.4607,4.9581,5.3791,4.3612,8.4139,2.4607,2.8093,10.7502,4.8865,2.0,5.6189,2.0,3.5265,5.7456,2.4607,2.0,2.0,5.5277,6.1641,4.5583,6.7323,4.8112,2.0,6.6697,2.4607,5.0263,10.4823,3.0899,5.8244,3.7036,6.1335,2.8093,2.8093,2.0,5.326,3.0899,7.9789,4.2515,4.3612,3.8613,2.4607,3.0899,2.4607,2.4607,4.4631,6.1641,5.326,2.0,2.0,2.0,4.4631,2.0,6.9759,2.8093,2.0,2.8093,3.7036,2.0,3.3246,2.4607,3.7036,6.0042,2.0,2.8093,3.7036,4.3612,2.4607,6.2522,5.0263,2.8093,2.4607,4.1328,4.1328,2.8093,3.0899,8.2595,4.5583,4.5583,5.899,2.0,2.8093,2.4607,3.5265,7.2284,4.4631,2.0,2.4607,3.0899,2.0,2.0,7.2852,5.5277,5.2708,2.4607,2.4607,5.2135,2.4607,4.8865,7.5043,2.0,5.0914,2.8093,3.3246,4.2515,3.3246,6.5818,4.7318,5.6624,2.8093,2.4607,7.01,5.7855,6.3352,5.1538,9.1769,6.1335,2.8093,3.3246,7.9083,2.4607,4.0034,3.5265,4.4631,2.0,6.5589,8.3354,2.0,4.1328,2.0,2.0,5.0263,2.8093,4.6476,3.0899,2.4607,6.7323,5.6189,6.6482,2.0,5.2708,2.4607,5.326,3.7036,3.7036,2.8093,5.8244,3.3246,3.3246,4.8112,2.4607,6.887,3.7036,2.0,8.0946,2.0,2.4607,2.0,2.0,2.0,6.7923,3.8613,2.4607,2.0,2.0,2.4607,3.5265,5.326,2.4607,7.3127,2.0,8.3082,5.97,2.0,3.3246,2.0,6.6482,3.0899,3.7036,4.3612,2.0,3.3246,7.7956,7.7858,3.5265,4.1328,4.0034,4.8865,6.7525,2.0,7.1991,4.5583,4.9581,2.0,5.2135,7.5969,4.7318,2.0,4.5583,6.1023,2.8093,6.7525,2.4607,5.6624,3.3246,4.2515,2.0,7.9702,2.0,5.0263,3.8613,2.0,3.5265,9.5456,5.2135,2.8093,2.4607,4.3612,7.2571,2.0,2.0,2.0,2.0,2.0,3.8613,6.7117,2.8093,6.7525,2.0,2.8093,3.0899,4.1328,7.8053,3.0899,2.4607,3.3246,2.0,5.4798,3.8613,2.0,2.0,5.0914,8.209,4.2515,2.0,2.8093,5.574,2.8093,3.7036,2.8093,4.9581,7.3924,4.4631,4.7318,5.2135,3.0899,2.4607,2.8093,3.7036,3.7036,6.2804,2.8093,6.0377,6.1023,4.6476,4.0034,3.5265,6.4389,6.0042,3.8613,6.1941,4.1328,5.4304,2.0,2.8093,5.4798,4.8112,7.0758,3.3246,4.9581,4.4631,3.7036,4.7318,2.4607,7.3398,2.4607,2.0,3.0899,2.4607,8.3554,5.0263,7.1693,2.8093,2.4607,4.2515,4.2515,7.815,8.9189,2.4607,4.8865,6.9759,2.0,2.8093,2.4607,4.4631,4.0034,10.6348,5.0914,3.8613,2.0,4.8112,6.1023,2.4607,6.7323,2.4607,7.9789,6.6697,3.3246,2.4607,2.0,3.0899,3.3246,6.6908,3.5265,2.4607,7.1388,3.7036,6.388,6.1023,7.2138,2.0,3.0899,3.0899,2.4607,case
GS057,B3,F,64,3.2203,8.7557,2.2888,7.2059,3.0761,3.6856,2.2888,2.5294,2.2888,2.2888,2.7355,2.0,4.893,3.5825,2.0,4.2535,2.7355,3.4716,6.7153,2.5294,3.4716,7.1972,5.2362,7.6751,3.9567,2.0,2.0,2.7355,2.0,2.2888,2.2888,3.5825,2.0,6.4632,9.2475,2.5294,2.2888,2.9158,3.4716,2.2888,4.7096,3.9567,2.2888,2.2888,2.2888,2.2888,6.1576,3.9567,2.2888,2.0,10.0107,4.2535,10.4762,4.9354,2.0,3.0761,2.2888,2.5294,4.4418,2.7355,4.1848,2.7355,3.9567,3.2203,4.3817,8.7349,2.0,6.4487,2.2888,2.0,4.8042,2.0,2.0,6.1028,2.2888,3.2203,5.2019,4.7096,2.0,5.2019,2.2888,8.2674,5.9865,2.0,7.1619,5.1667,2.5294,4.2535,3.2203,2.9158,2.2888,6.2445,7.257,4.6084,7.385,2.2888,3.4716,3.2203,3.7817,5.2019,2.2888,3.2203,2.0,2.9158,4.2535,5.3025,13.3433,7.948,2.2888,5.9456,2.5294,6.8545,4.1848,2.5294,6.6014,2.0,7.2736,8.3083,5.2362,2.0,3.5825,3.8718,9.0469,3.5825,2.5294,2.5294,2.5294,5.7456,2.0,4.319,4.4995,3.3514,7.9429,4.2535,2.0,2.7355,3.3514,5.0937,2.2888,2.7355,2.0,2.7355,4.3817,7.7836,2.7355,3.0761,2.5294,5.1306,4.0368,3.4716,3.3514,2.9158,4.555,2.0,2.0,2.0,3.5825,2.0,2.9158,2.0,2.5294,3.2203,2.2888,3.0761,4.319,4.7577,7.9272,4.4418,2.2888,11.038,5.882,2.7355,6.4632,2.0,2.9158,4.8493,2.7355,2.0,2.0,5.1667,5.3025,4.7096,5.7692,5.7215,2.0,6.1576,3.0761,4.7577,8.7228,3.3514,8.7198,3.5825,5.8154,2.2888,2.2888,2.5294,4.8042,2.9158,6.404,3.5825,4.7577,2.2888,2.0,2.7355,2.0,2.0,4.319,6.5748,3.7817,2.0,2.2888,2.0,3.5825,2.7355,4.555,2.5294,2.0,3.0761,2.7355,2.7355,3.3514,2.0,3.7817,5.0937,2.2888,3.7817,3.5825,3.9567,2.5294,6.358,4.7096,2.7355,2.0,4.3817,4.555,2.2888,3.2203,9.2931,2.9158,5.9865,4.555,2.5294,4.1127,2.2888,2.7355,8.5459,3.0761,2.2888,2.0,4.4418,2.2888,3.5825,6.3889,5.9662,5.7692,2.0,2.2888,4.3817,2.2888,5.1667,4.555,2.0,4.7577,3.6856,4.4418,4.1848,6.084,5.3346,4.0368,5.0167,2.9158,2.7355,5.8154,5.0557,6.3423,5.5949,5.9456,4.555,2.9158,2.5294,5.2698,2.2888,3.2203,4.6599,2.0,2.2888,6.0263,7.8237,2.0,3.2203,2.0,2.0,3.7817,3.4716,2.7355,3.7817,3.6856,6.4339,5.9662,5.9035,2.5294,6.0458,2.0,5.3025,3.7817,4.0368,2.7355,5.6722,4.893,2.9158,5.2362,2.0,7.2653,3.3514,2.0,6.0066,2.0,2.0,2.2888,2.2888,2.0,7.0792,3.9567,2.2888,3.0761,2.0,2.9158,4.319,5.7925,2.2888,6.3735,2.0,7.354,3.8718,2.0,3.9567,2.0,5.3346,2.2888,2.9158,3.5825,2.0,3.2203,5.541,7.6499,2.9158,3.6856,3.4716,3.9567,5.7456,2.0,6.8322,4.555,5.1667,2.0,5.6469,6.8322,4.1848,2.0,2.9158,4.6599,4.4418,5.6722,2.2888,4.9767,3.2203,4.1127,2.0,7.0213,2.2888,2.7355,3.5825,2.2888,3.6856,9.3992,3.7817,3.2203,2.9158,5.4561,6.5748,2.5294,3.0761,2.2888,2.2888,2.0,2.9158,7.6876,2.2888,5.6971,2.0,2.7355,2.2888,3.0761,6.4339,3.0761,2.2888,2.2888,2.0,6.2275,3.8718,2.2888,2.0,4.6599,7.3063,3.9567,2.5294,3.0761,3.0761,2.2888,3.2203,2.0,4.0368,4.7096,5.2698,2.5294,3.2203,3.0761,2.7355,3.2203,2.7355,3.7817,5.9865,2.5294,5.3966,6.7514,3.0761,3.9567,3.9567,6.6014,6.5061,2.9158,4.0368,6.084,5.8601,2.5294,2.2888,3.8718,3.4716,6.3889,2.7355,7.8405,5.5682,3.4716,3.8718,2.5294,7.1258,2.0,2.0,2.7355,2.0,9.8384,3.7817,7.354,2.0,2.0,3.0761,5.4561,5.3025,7.5095,2.5294,2.9158,6.5881,2.0,2.5294,3.5825,6.3265,4.893,11.1322,4.319,4.8042,2.0,3.0761,5.7692,2.5294,5.4267,2.0,6.4632,4.3817,2.2888,2.0,3.0761,2.5294,3.7817,4.7577,3.2203,3.2203,7.0506,3.6856,4.1127,4.319,5.4561,2.0,2.0,2.7355,2.0,case
GS058,B3,F,56,3.6372,7.8794,2.4349,8.2128,4.7664,3.0394,2.0,2.2338,2.0,2.2338,2.6113,2.0,4.7664,3.0394,2.0,3.369,2.6113,2.7685,7.0678,2.6113,3.0394,6.283,4.0587,8.1711,3.1578,2.0,2.4349,4.1183,2.6113,2.0,2.6113,2.7685,2.2338,7.3362,9.0467,2.6113,3.5532,2.9103,2.7685,2.4349,5.8447,4.4322,2.4349,2.2338,2.4349,2.0,6.974,3.6372,2.0,3.0394,9.4436,3.1578,9.4781,5.0064,2.4349,2.2338,2.2338,2.2338,4.2838,2.0,5.9634,2.2338,3.2673,2.7685,3.7166,9.4965,2.0,4.0587,3.0394,2.2338,4.8742,2.0,2.0,5.6763,2.2338,2.6113,7.0602,3.1578,2.7685,3.9964,2.2338,8.8162,4.3844,2.4349,6.2434,4.5233,2.0,4.9745,2.6113,3.0394,3.2673,6.0578,8.3372,3.8633,4.609,2.0,2.4349,3.0394,4.1756,4.9418,2.2338,3.6372,2.0,3.8633,3.7166,2.9103,13.2832,7.8965,2.0,5.392,2.4349,5.292,4.6899,2.0,5.3677,2.0,7.0828,7.5944,3.2673,2.4349,2.9103,3.7166,9.1486,4.5233,2.7685,2.6113,3.6372,3.9314,2.0,5.6155,5.0376,3.9964,7.491,7.8751,2.0,2.7685,2.2338,4.1756,3.0394,2.7685,2.7685,2.0,6.8994,6.6188,2.4349,4.2838,3.2673,5.3176,3.9964,3.369,6.7088,2.7685,4.6899,2.0,2.0,2.2338,3.5532,2.0,3.0394,2.0,2.4349,2.9103,2.4349,4.65,4.7664,4.1183,8.1354,3.2673,2.9103,12.1227,5.9795,2.6113,6.4549,2.0,3.2673,5.3677,2.6113,2.0,2.0,4.9745,4.1756,3.6372,6.7088,5.3176,2.0,7.8664,2.0,4.1756,9.2834,3.1578,7.3488,4.1756,6.6393,2.4349,2.2338,3.0394,5.6361,2.2338,6.073,4.9418,3.0394,2.4349,2.0,2.2338,2.0,2.0,3.369,7.2981,3.7166,2.4349,2.2338,2.7685,3.1578,2.4349,6.8028,4.2307,2.2338,2.4349,3.2673,2.0,2.9103,2.2338,3.369,5.696,2.7685,4.1183,4.65,4.335,2.6113,6.283,4.8392,3.2673,2.0,5.9304,2.9103,2.4349,2.9103,6.9413,3.0394,3.7918,4.4785,2.7685,5.4628,2.4349,3.1578,6.3958,3.7918,2.0,2.0,5.0981,2.6113,3.1578,3.9964,5.827,3.4641,2.4349,2.0,3.9314,2.4349,5.1562,5.7155,3.0394,4.8742,3.1578,2.4349,3.369,3.8633,5.1844,4.9084,5.1275,2.9103,2.2338,4.5233,5.3176,6.6991,3.9964,6.3468,5.1844,2.9103,2.9103,8.3683,2.2338,3.7918,4.5668,2.4349,2.0,6.5874,5.696,2.2338,2.2338,2.2338,2.0,3.9314,2.0,3.2673,4.3844,3.2673,4.8033,4.5668,4.4785,2.4349,5.392,2.4349,5.1562,3.9314,3.2673,2.4349,5.7723,4.8033,3.369,5.3429,2.2338,7.4567,4.1183,2.0,5.6361,2.2338,2.7685,2.4349,2.4349,2.7685,6.5116,2.2338,2.9103,2.9103,2.0,5.1562,2.9103,6.132,2.2338,5.392,2.0,6.296,3.369,2.2338,3.5532,2.0,5.5947,2.7685,3.7166,4.0587,2.2338,2.6113,7.3425,5.7723,3.369,3.7918,4.4322,4.2307,3.5532,2.0,6.8387,5.809,4.0587,2.0,5.4856,6.2299,4.5668,2.2338,2.6113,3.8633,3.7918,4.5233,2.2338,5.9137,2.9103,3.0394,2.9103,6.3592,2.0,3.7918,4.2307,2.0,5.827,7.4393,5.9795,2.0,2.7685,4.2307,7.5022,2.2338,2.0,2.4349,2.2338,3.0394,3.4641,6.7566,2.2338,5.6361,2.0,2.0,2.9103,3.6372,8.2466,2.0,3.1578,3.7918,2.0,4.9418,2.9103,2.2338,2.0,3.7166,7.3109,4.1756,3.1578,2.6113,4.1183,2.4349,2.9103,2.4349,3.8633,6.6695,3.0394,3.7918,4.1183,3.0394,2.4349,3.0394,2.0,4.0587,2.6113,2.2338,6.9496,6.3958,4.5233,2.9103,3.4641,5.1275,8.4047,4.1183,4.8742,5.0981,5.6763,2.4349,2.4349,5.2121,5.3677,5.2121,2.7685,6.1175,4.1183,3.2673,4.2838,2.4349,6.8823,2.0,2.0,2.6113,2.0,9.8836,3.6372,7.1343,2.2338,2.0,3.4641,5.0376,6.9821,8.1318,2.6113,4.609,5.809,2.0,2.7685,2.2338,5.0981,3.2673,10.6612,4.7287,3.6372,2.0,3.8633,7.1343,2.2338,4.9418,2.2338,6.283,5.696,3.8633,2.2338,3.369,3.1578,3.1578,6.5116,2.0,3.2673,8.4975,3.6372,4.8392,4.1183,5.696,2.4349,3.0394,3.4641,2.4349,case
GS059,B3,M,70,3.5502,8.2881,2.2801,6.9542,4.7625,3.0506,2.2801,2.2801,2.0,2.2801,2.2801,3.6521,5.0507,4.4595,2.2801,3.7473,3.1927,3.1927,7.9155,2.2801,4.9341,6.5546,4.8931,9.2405,3.8365,2.0,2.2801,3.9206,2.2801,2.2801,2.5146,2.5146,2.0,7.8037,8.7682,2.8931,2.5146,2.5146,3.6521,2.0,4.8074,5.0129,2.0,2.7162,3.1927,2.5146,5.1927,4.5146,2.2801,2.0,9.1476,3.0506,11.3186,5.0875,2.5146,2.8931,2.2801,2.8931,3.6521,2.7162,4.8509,3.0506,4.215,3.5502,4.2801,9.1821,2.0,6.0382,2.2801,2.0,2.0,2.0,2.0,6.296,2.5146,3.6521,6.3576,4.2801,2.0,2.7162,2.0,8.2109,5.322,2.0,7.6147,5.0507,2.5146,7.3142,3.0506,2.5146,3.4406,7.6765,4.6684,5.2588,6.248,2.0,3.0506,2.5146,3.4406,5.2588,2.0,3.8365,2.5146,4.4021,2.5146,4.1469,12.893,7.1842,2.2801,5.7701,3.1927,6.0192,5.2588,2.7162,6.0,2.0,7.1927,9.854,4.6189,2.7162,2.8931,3.6521,9.6552,3.0506,3.6521,2.2801,4.1469,3.5502,2.0,5.5236,5.3525,4.8509,6.6925,6.4453,2.0,3.1927,3.8365,4.0,2.2801,4.4595,2.0,3.0506,5.5236,8.0192,2.0,3.7473,3.1927,7.0784,3.4406,3.0506,6.0569,3.4406,2.8931,2.0,2.0,2.0,3.3219,2.0,3.1927,2.0,2.2801,2.2801,2.2801,4.4595,4.4021,4.0,8.1381,3.8365,2.5146,11.9867,5.3525,2.0,5.4118,2.0,2.8931,5.7701,2.2801,2.0,2.5146,3.9206,4.974,4.0,5.4688,4.5677,2.0,5.7473,3.3219,5.1585,8.9086,2.2801,7.5828,4.4595,4.8931,2.7162,3.0506,2.0,4.7162,2.5146,5.8792,4.0753,5.3825,3.7473,2.2801,2.0,2.0,2.0,3.7473,7.3526,2.7162,2.0,2.2801,2.2801,3.9206,2.2801,7.2507,3.8365,2.0,3.1927,2.0,2.2801,3.0506,2.2801,4.0753,5.1585,2.2801,3.8365,3.9206,4.6189,2.0,5.3825,4.5677,4.0,2.0,6.2316,3.8365,2.7162,3.4406,7.3373,3.0506,4.1469,4.0,3.3219,4.974,3.0506,2.2801,7.0875,3.6521,2.0,2.2801,3.4406,2.0,2.8931,5.4965,5.4406,5.0129,2.2801,2.0,3.3219,2.0,3.9206,5.858,2.2801,5.322,2.8931,3.7473,4.0,4.9341,4.6189,3.4406,4.974,2.7162,3.8365,5.3825,5.0129,5.4118,3.7473,5.2261,7.7644,3.4406,2.2801,7.6945,2.8931,4.0,5.0875,2.0,2.0,6.3874,4.8074,2.0,3.0506,2.0,2.0,2.5146,2.7162,3.1927,3.7473,4.3424,7.2095,6.4595,5.8147,2.5146,4.4021,2.5146,4.8509,4.215,3.5502,3.6521,6.4873,5.4406,2.2801,4.6189,2.2801,6.0935,3.9206,2.2801,6.7625,2.2801,2.5146,2.2801,2.5146,2.2801,6.8827,3.0506,2.0,2.0,2.0,5.5502,3.7473,6.9642,2.2801,4.8074,2.0,6.9838,3.7473,2.2801,2.8931,2.2801,6.1814,2.2801,2.5146,4.1469,2.7162,2.0,6.6439,6.4167,3.1927,3.7473,3.5502,3.8365,7.0875,2.0,7.4688,4.8509,3.6521,2.0,5.5236,7.8092,5.1585,2.2801,2.7162,5.4688,4.1469,4.4595,2.7162,6.6925,3.6521,4.6189,2.7162,5.8365,2.0,3.9206,4.7162,2.0,5.3525,8.9984,5.4688,2.2801,2.7162,4.6189,5.4965,2.7162,2.7162,2.2801,2.2801,3.4406,3.0506,6.4595,2.5146,5.4118,2.0,2.2801,3.0506,2.7162,7.322,2.2801,2.2801,2.8931,2.0,3.9206,4.4021,3.5502,2.0,4.4021,8.0981,3.5502,2.5146,2.7162,4.4021,2.2801,3.0506,2.2801,3.7473,6.5936,3.8365,3.8365,4.6684,2.0,3.1927,3.0506,3.1927,4.1469,5.8147,3.6521,7.5957,6.3726,2.7162,2.5146,3.4406,7.8092,5.8792,2.2801,3.0506,4.9341,4.6189,3.4406,2.8931,5.7241,4.5146,6.728,2.5146,7.0875,4.6684,3.7473,4.5146,2.7162,7.4965,2.2801,2.0,2.2801,2.0,10.1037,3.3219,6.6805,3.4406,2.2801,3.0506,5.1927,7.2668,8.4559,2.2801,4.9341,6.3424,2.2801,2.7162,2.0,6.2316,5.1585,9.345,5.7241,4.5677,2.0,2.0,6.4167,2.0,6.974,2.2801,7.5303,6.0753,3.5502,2.8931,3.3219,3.3219,2.2801,5.7701,2.2801,4.0,7.9155,3.7473,6.7511,3.1927,5.0875,2.0,2.5146,3.9206,2.7162,case
GS060,B3,M,51,2.0,7.9127,2.0,7.6845,4.1651,2.6915,2.0,2.8639,2.269,3.0179,2.8639,3.4005,4.7082,3.0179,2.0,3.157,2.4957,4.2296,7.275,3.0179,3.5084,5.5686,6.545,9.0841,3.4005,2.0,2.0,3.157,2.8639,2.0,2.4957,2.6915,2.0,6.6191,9.2833,2.8639,3.157,3.157,3.2839,2.269,4.8379,5.5686,2.0,2.4957,2.4957,2.269,7.2125,3.4005,2.269,3.2839,8.6791,3.6088,11.6096,6.4399,2.269,2.269,2.6915,2.0,4.3505,2.0,5.0669,2.4957,2.8639,3.8738,2.4957,8.8529,2.0,5.295,2.4957,2.0,3.4005,2.0,2.269,4.9946,2.0,2.6915,7.1639,3.7026,2.269,3.7908,2.269,6.4535,6.3985,2.269,5.2334,3.4005,2.0,5.1691,3.0179,2.4957,2.6915,6.4934,7.3421,4.2913,6.2036,2.0,2.6915,3.2839,4.2296,5.5179,2.0,2.269,2.0,4.796,4.3505,4.4073,13.6699,8.217,2.0,5.7333,2.8639,6.9023,4.7082,2.0,6.9509,2.0,7.2284,8.221,4.462,2.6915,3.157,4.0976,8.755,4.957,2.0,2.8639,3.157,3.7908,2.269,4.5656,3.6088,4.462,6.9887,4.7527,2.0,2.269,3.8738,4.6147,2.269,3.2839,2.6915,2.4957,5.9782,6.701,2.269,4.5656,2.8639,5.8196,3.6088,3.5084,5.5179,3.0179,3.7026,2.0,2.0,2.0,3.157,2.0,3.7026,2.0,2.269,2.0,2.269,3.5084,2.8639,3.8738,8.201,2.6915,2.4957,11.6751,5.4653,2.4957,4.4073,2.269,2.0,4.4073,2.0,2.0,2.0,4.462,6.2817,4.0268,5.6176,5.8812,2.0,6.2509,3.0179,3.157,8.9398,3.8738,7.3993,5.3248,4.0268,2.269,2.269,2.0,2.8639,3.4005,6.8622,2.8639,4.6622,2.6915,2.4957,2.269,2.0,2.269,5.3826,6.6896,3.2839,2.0,2.0,3.0179,3.7908,2.4957,5.9782,2.0,2.269,2.4957,2.0,2.269,2.0,2.0,4.2913,5.8812,2.0,3.8738,3.7026,3.5084,2.269,4.9946,4.8787,3.0179,2.0,4.4073,2.269,2.269,3.4005,6.6311,2.8639,4.8379,4.2913,2.4957,3.157,2.269,2.0,7.8163,2.8639,2.269,2.269,2.4957,2.269,3.7908,6.2195,4.8379,5.2334,2.0,2.269,5.7333,2.6915,5.0312,7.0524,2.0,4.0976,2.8639,3.2839,2.269,3.9523,5.4918,3.2839,3.7026,2.6915,2.4957,4.5147,4.4073,4.6622,4.1651,4.7527,7.1049,2.4957,2.0,6.5701,2.4957,3.4005,3.0179,3.4005,2.0,7.122,6.0866,2.4957,2.4957,2.4957,2.0,3.0179,2.269,3.9523,3.7026,3.4005,5.1358,5.5686,6.0513,2.0,5.1358,2.0,5.4107,3.7908,3.4005,2.6915,6.121,3.4005,3.2839,2.4957,2.0,6.9887,4.8379,2.0,6.4535,2.0,2.6915,2.269,2.0,2.269,5.0312,3.9523,2.6915,2.6915,2.0,4.3505,4.462,3.7026,2.269,5.5179,2.269,6.8622,5.5686,2.0,3.7908,2.0,6.121,2.0,3.2839,2.269,2.4957,2.0,6.121,6.5701,3.0179,4.8379,2.269,4.4073,5.4918,2.0,5.0669,4.6147,3.5084,2.0,4.6622,6.7676,3.157,2.0,3.0179,4.6622,3.5084,4.9946,2.269,6.1711,2.269,4.0268,2.269,6.5323,2.0,3.8738,3.7908,2.0,5.2645,6.4669,6.2036,3.5084,2.0,4.1651,6.5825,2.269,3.2839,2.4957,2.0,2.269,3.2839,5.6415,2.269,6.4669,2.0,2.0,2.6915,4.0976,7.0789,2.269,2.269,4.0268,2.0,6.0334,3.6088,2.4957,2.0,5.7333,7.0254,4.7082,3.0179,2.269,3.6088,2.0,3.5084,2.0,3.6088,5.8812,3.4005,3.4005,4.2913,3.157,2.4957,2.4957,2.6915,2.8639,3.9523,2.4957,5.354,6.5576,3.6088,3.0179,2.6915,6.1546,7.1965,2.0,4.2913,4.0268,4.4073,2.4957,3.6088,5.295,3.8738,7.1556,3.9523,6.2195,4.0268,3.6088,3.157,3.0179,4.2913,2.269,2.0,2.0,2.0,6.852,3.2839,6.4669,2.0,2.269,3.0179,4.4073,6.9979,6.6311,2.0,3.8738,4.4073,2.0,3.157,2.269,6.3412,3.7026,10.1123,3.157,5.6176,2.0,3.7908,5.5179,2.269,5.7985,2.0,5.1018,5.9782,3.6088,2.4957,2.8639,3.2839,2.8639,5.1018,2.8639,2.6915,5.4107,3.6088,6.6664,4.0268,3.9523,2.269,3.157,2.6915,2.0,case
