sample_id,batch,sex,age,gene_0001,gene_0002,gene_0003,gene_0004,gene_0005,gene_0006,gene_0007,gene_0008,gene_0009,gene_0010,gene_0011,gene_0012,gene_0013,gene_0014,gene_0015,gene_0016,gene_0017,gene_0018,gene_0019,gene_0020,gene_0021,gene_0022,gene_0023,gene_0024,gene_0025,gene_0026,gene_0027,gene_0028,gene_0029,gene_0030,gene_0031,gene_0032,gene_0033,gene_0034,gene_0035,gene_0036,gene_0037,gene_0038,gene_0039,gene_0040,gene_0041,gene_0042,gene_0043,gene_0044,gene_0045,gene_0046,gene_0047,gene_0048,gene_0049,gene_0050,gene_0051,gene_0052,gene_0053,gene_0054,gene_0055,gene_0056,gene_0057,gene_0058,gene_0059,gene_0060,gene_0061,gene_0062,gene_0063,gene_0064,gene_0065,gene_0066,gene_0067,gene_0068,gene_0069,gene_0070,gene_0071,gene_0072,gene_0073,gene_0074,gene_0075,gene_0076,gene_0077,gene_0078,gene_0079,gene_0080,gene_0081,gene_0082,gene_0083,gene_0084,gene_0085,gene_0086,gene_0087,gene_0088,gene_0089,gene_0090,gene_0091,gene_0092,gene_0093,gene_0094,gene_0095,gene_0096,gene_0097,gene_0098,gene_0099,gene_0100,gene_0101,gene_0102,gene_0103,gene_0104,gene_0105,gene_0106,gene_0107,gene_0108,gene_0109,gene_0110,gene_0111,gene_0112,gene_0113,gene_0114,gene_0115,gene_0116,gene_0117,gene_0118,gene_0119,gene_0120,gene_0121,gene_0122,gene_0123,gene_0124,gene_0125,gene_0126,gene_0127,gene_0128,gene_0129,gene_0130,gene_0131,gene_0132,gene_0133,gene_0134,gene_0135,gene_0136,gene_0137,gene_0138,gene_0139,gene_0140,gene_0141,gene_0142,gene_0143,gene_0144,gene_0145,gene_0146,gene_0147,gene_0148,gene_0149,gene_0150,gene_0151,gene_0152,gene_0153,gene_0154,gene_0155,gene_0156,gene_0157,gene_0158,gene_0159,gene_0160,gene_0161,gene_0162,gene_0163,gene_0164,gene_0165,gene_0166,gene_0167,gene_0168,gene_0169,gene_0170,gene_0171,gene_0172,gene_0173,gene_0174,gene_0175,gene_0176,gene_0177,gene_0178,gene_0179,gene_0180,gene_0181,gene_0182,gene_0183,gene_0184,gene_0185,gene_0186,gene_0187,gene_0188,gene_0189,gene_0190,gene_0191,gene_0192,gene_0193,gene_0194,gene_0195,gene_0196,gene_0197,gene_0198,gene_0199,gene_0200,gene_0201,gene_0202,gene_0203,gene_0204,gene_0205,gene_0206,gene_0207,gene_0208,gene_0209,gene_0210,gene_0211,gene_0212,gene_0213,gene_0214,gene_0215,gene_0216,gene_0217,gene_0218,gene_0219,gene_0220,gene_0221,gene_0222,gene_0223,gene_0224,gene_0225,gene_0226,gene_0227,gene_0228,gene_0229,gene_0230,gene_0231,gene_0232,gene_0233,gene_0234,gene_0235,gene_0236,gene_0237,gene_0238,gene_0239,gene_0240,gene_0241,gene_0242,gene_0243,gene_0244,gene_0245,gene_0246,gene_0247,gene_0248,gene_0249,gene_0250,gene_0251,gene_0252,gene_0253,gene_0254,gene_0255,gene_0256,gene_0257,gene_0258,gene_0259,gene_0260,gene_0261,gene_0262,gene_0263,gene_0264,gene_0265,gene_0266,gene_0267,gene_0268,gene_0269,gene_0270,gene_0271,gene_0272,gene_0273,gene_0274,gene_0275,gene_0276,gene_0277,gene_0278,gene_0279,gene_0280,gene_0281,gene_0282,gene_0283,gene_0284,gene_0285,gene_0286,gene_0287,gene_0288,gene_0289,gene_0290,gene_0291,gene_0292,gene_0293,gene_0294,gene_0295,gene_0296,gene_0297,gene_0298,gene_0299,gene_0300,gene_0301,gene_0302,gene_0303,gene_0304,gene_0305,gene_0306,gene_0307,gene_0308,gene_0309,gene_0310,gene_0311,gene_0312,gene_0313,gene_0314,gene_0315,gene_0316,gene_0317,gene_0318,gene_0319,gene_0320,gene_0321,gene_0322,gene_0323,gene_0324,gene_0325,gene_0326,gene_0327,gene_0328,gene_0329,gene_0330,gene_0331,gene_0332,gene_0333,gene_0334,gene_0335,gene_0336,gene_0337,gene_0338,gene_0339,gene_0340,gene_0341,gene_0342,gene_0343,gene_0344,gene_0345,gene_0346,gene_0347,gene_0348,gene_0349,gene_0350,gene_0351,gene_0352,gene_0353,gene_0354,gene_0355,gene_0356,gene_0357,gene_0358,gene_0359,gene_0360,gene_0361,gene_0362,gene_0363,gene_0364,gene_0365,gene_0366,gene_0367,gene_0368,gene_0369,gene_0370,gene_0371,gene_0372,gene_0373,gene_0374,gene_0375,gene_0376,gene_0377,gene_0378,gene_0379,gene_0380,gene_0381,gene_0382,gene_0383,gene_0384,gene_0385,gene_0386,gene_0387,gene_0388,gene_0389,gene_0390,gene_0391,gene_0392,gene_0393,gene_0394,gene_0395,gene_0396,gene_0397,gene_0398,gene_0399,gene_0400,gene_0401,gene_0402,gene_0403,gene_0404,gene_0405,gene_0406,gene_0407,gene_0408,gene_0409,gene_0410,gene_0411,gene_0412,gene_0413,gene_0414,gene_0415,gene_0416,gene_0417,gene_0418,gene_0419,gene_0420,gene_0421,gene_0422,gene_0423,gene_0424,gene_0425,gene_0426,gene_0427,gene_0428,gene_0429,gene_0430,gene_0431,gene_0432,gene_0433,gene_0434,gene_0435,gene_0436,gene_0437,gene_0438,gene_0439,gene_0440,gene_0441,gene_0442,gene_0443,gene_0444,gene_0445,gene_0446,gene_0447,gene_0448,gene_0449,gene_0450,gene_0451,gene_0452,gene_0453,gene_0454,gene_0455,gene_0456,gene_0457,gene_0458,gene_0459,gene_0460,gene_0461,gene_0462,gene_0463,gene_0464,gene_0465,gene_0466,gene_0467,gene_0468,gene_0469,gene_0470,gene_0471,gene_0472,gene_0473,gene_0474,gene_0475,gene_0476,gene_0477,gene_0478,gene_0479,gene_0480,gene_0481,gene_0482,gene_0483,gene_0484,gene_0485,gene_0486,gene_0487,gene_0488,gene_0489,gene_0490,gene_0491,gene_0492,gene_0493,gene_0494,gene_0495,condition
GS001,B1,M,62,2.034,220.324,2.006,112.096,12.795,2.018,0.0,5.017,3.977,1.972,2.058,0.994,53.444,36.168,2.93,21.611,3.014,15.353,181.559,1.006,117.435,47.636,59.731,1110.974,27.556,0.985,0.997,4.95,3.049,0.0,0.0,1.955,0.0,353.329,674.345,2.917,8.826,5.033,4.931,1.994,22.52,398.483,2.911,2.002,2.052,1.982,23.96,33.735,4.073,9.964,1132.851,31.407,2873.172,37.815,2.016,3.0,0.985,0.0,24.017,0.984,19.412,5.146,0.972,38.296,1.003,112.153,0.0,33.841,1.0,4.995,13.288,0.0,0.0,35.101,0.0,2.924,40.79,2.017,0.976,6.066,0.0,180.755,123.795,0.981,382.529,36.647,0.974,137.896,1.005,14.917,3.024,49.307,117.916,41.138,115.639,0.0,5.924,4.004,12.74,168.458,0.0,6.926,0.0,3.912,20.788,8.16,3384.123,212.481,0.98,16.057,0.0,93.91,8.051,0.971,91.389,0.0,343.05,890.702,18.552,1.009,14.415,8.101,301.299,20.232,4.013,0.0,21.689,19.501,0.984,31.7,17.877,9.729,97.831,67.768,0.0,1.959,10.125,46.899,2.001,18.543,1.97,3.89,24.47,77.055,0.0,2.003,5.096,37.861,0.971,12.069,90.077,15.228,2.993,0.983,0.0,0.975,13.957,1.022,16.422,0.983,5.03,0.996,2.034,3.923,3.04,35.079,160.061,18.811,1.017,2139.559,67.293,1.018,61.883,0.0,29.791,49.539,10.769,0.0,0.0,20.488,47.726,4.089,66.043,6.007,0.0,291.182,0.986,11.075,539.659,3.033,129.162,18.62,22.106,4.006,0.983,1.004,112.792,1.026,301.646,12.024,75.05,7.885,0.0,0.996,0.0,3.902,10.112,80.36,26.303,0.0,0.0,3.942,26.835,0.0,68.692,3.045,0.0,0.982,3.059,0.0,0.0,1.974,4.099,40.452,0.981,4.866,10.081,21.512,2.016,133.362,20.785,6.047,0.0,92.196,8.174,0.0,15.336,904.803,1.021,35.442,9.933,0.0,125.261,0.0,4.956,207.373,24.352,1.984,0.0,21.096,0.975,7.083,205.668,82.756,340.032,0.0,5.115,11.766,0.0,27.75,119.049,0.0,9.016,0.0,10.935,2.946,30.843,92.914,24.6,28.4,2.041,0.0,55.001,91.855,17.581,12.317,103.66,113.299,11.067,2.056,205.788,3.024,3.983,0.977,5.14,0.0,428.733,492.21,3.063,0.0,0.0,0.0,13.738,0.0,2.051,43.052,8.095,84.565,113.829,28.188,0.982,27.246,1.014,80.062,14.078,2.012,1.958,115.674,53.393,2.946,44.552,0.0,65.69,2.975,4.872,166.807,0.984,2.045,0.98,0.0,0.0,641.296,3.04,3.08,10.208,1.026,14.803,18.574,40.039,2.045,65.71,0.988,272.681,8.188,0.0,0.991,0.0,1015.835,0.0,6.963,19.483,0.0,2.009,74.463,111.146,23.252,21.23,9.848,21.016,55.181,0.988,293.009,9.887,8.046,0.0,38.693,30.071,20.162,0.0,8.937,26.872,0.0,35.825,1.006,72.744,0.0,22.975,1.972,56.599,0.0,5.008,23.092,0.0,33.541,282.786,120.673,4.053,2.944,11.966,158.222,2.964,1.006,2.915,0.0,5.072,0.982,69.535,0.0,9.034,0.0,1.015,3.073,14.748,74.133,0.0,0.989,5.862,0.997,121.97,12.3,3.034,1.007,3.923,310.633,20.449,4.067,1.954,45.723,2.038,4.913,2.003,14.751,132.79,2.986,16.897,2.03,5.05,7.113,5.025,1.999,5.026,131.614,0.979,139.696,45.676,30.523,5.953,4.12,97.542,115.138,9.086,54.125,58.162,74.457,1.028,8.107,40.247,58.677,77.709,2.013,39.614,30.738,9.86,14.324,2.925,15.186,0.0,0.0,6.844,0.97,280.657,24.701,44.063,0.0,1.969,4.958,78.334,148.941,305.231,0.0,1.024,49.789,0.992,0.0,1.982,19.42,3.897,867.24,94.366,26.11,0.974,14.027,31.337,0.0,72.715,0.989,76.667,44.107,3.967,2.969,5.03,10.7,6.051,88.563,2.023,7.85,255.792,3.927,6.109,24.451,77.953,2.013,0.0,32.074,1.022,control
GS002,B1,F,63,11.94,95.128,0.0,63.733,51.223,4.106,0.0,6.913,6.996,0.995,13.162,7.065,15.196,44.921,1.021,5.106,3.042,15.101,45.539,1.017,26.668,86.642,14.241,766.462,13.062,0.0,0.974,12.911,0.998,0.0,1.023,0.973,0.0,165.459,639.683,0.996,9.856,15.63,2.03,3.054,19.582,548.772,0.0,1.988,5.978,4.009,32.026,17.36,0.0,21.521,559.946,41.479,4576.889,24.885,6.091,1.005,0.0,1.951,18.133,1.968,16.233,2.994,10.243,17.34,0.982,236.25,1.017,45.854,0.0,1.978,3.943,1.018,0.973,111.942,6.046,1.995,142.296,2.981,0.995,5.885,1.999,250.943,217.343,0.99,426.565,13.916,1.022,218.749,7.899,16.569,4.904,66.097,776.911,27.959,34.203,0.97,4.939,5.97,8.181,143.076,0.0,8.143,0.0,4.937,7.793,7.793,764.867,547.884,0.0,39.387,0.0,170.241,74.036,1.004,21.887,1.943,252.277,230.57,46.899,3.032,1.956,9.729,1634.768,63.845,2.032,8.083,17.867,92.48,2.018,103.12,38.101,5.869,283.489,66.097,0.978,0.0,6.113,182.619,21.529,26.424,0.994,3.892,40.136,165.056,1.029,5.955,2.029,147.035,1.022,12.698,17.954,5.945,4.021,1.007,0.0,1.017,21.452,0.97,3.074,1.986,14.059,0.0,0.0,5.099,6.808,26.69,156.228,14.383,1.024,3980.232,193.625,1.003,31.542,0.0,3.974,93.676,6.817,0.0,0.0,23.266,106.463,7.772,77.443,20.609,0.0,306.499,4.916,9.821,1446.403,6.128,338.421,20.581,20.229,1.993,1.975,1.013,49.083,2.003,207.396,15.675,152.054,12.073,0.992,0.0,0.0,2.994,8.761,58.392,14.732,1.987,0.0,0.0,0.0,2.951,78.898,23.089,0.0,5.976,3.977,0.0,8.848,2.991,5.032,36.551,0.0,17.681,21.431,20.462,3.063,120.265,30.15,1.013,0.0,144.192,29.268,0.0,14.966,1458.436,5.096,57.052,41.107,4.038,88.871,1.02,9.937,80.82,16.552,0.0,0.0,35.938,0.0,21.875,316.082,52.549,427.189,0.0,1.008,2.006,0.993,37.207,148.102,0.972,50.85,1.982,13.582,8.153,5.03,42.746,29.101,10.765,1.962,3.029,158.437,39.812,91.423,67.512,190.883,442.622,16.016,2.003,363.552,1.029,1.942,12.626,5.868,0.0,167.757,748.211,2.967,2.972,0.972,0.0,5.141,0.0,8.891,11.21,2.058,107.599,259.271,26.265,0.0,59.415,0.0,56.195,5.899,15.805,0.0,22.459,8.788,6.159,35.549,0.989,52.254,14.871,2.059,294.631,1.01,0.0,2.019,0.0,2.015,203.78,2.968,3.891,8.92,0.0,79.325,20.433,14.593,0.984,85.465,5.036,164.263,39.989,1.015,4.001,1.006,705.853,5.04,6.085,13.096,0.988,2.005,36.976,45.168,40.001,25.42,17.442,30.628,50.295,2.91,185.164,21.465,26.099,0.0,1.002,238.31,24.256,0.0,12.665,67.32,1.019,66.192,1.029,340.941,2.945,12.868,0.972,60.859,0.0,6.172,2.934,0.0,19.958,789.567,346.678,0.0,1.014,10.817,208.978,0.993,6.962,0.0,1.997,3.039,12.911,108.221,0.0,60.26,0.0,1.002,1.004,10.13,14.623,2.972,8.119,17.876,0.0,127.45,32.762,0.0,0.0,6.988,204.522,16.192,8.773,13.835,25.48,1.952,7.96,0.0,0.99,162.121,11.078,11.273,11.982,8.039,6.028,3.08,2.019,7.158,42.187,1.946,225.515,73.833,9.724,2.034,16.278,128.981,72.564,0.976,3.075,129.037,22.032,0.0,3.042,34.378,30.404,157.243,0.0,32.273,31.634,32.263,11.947,1.983,110.715,1.015,0.0,7.188,1.946,487.644,53.536,28.651,2.915,2.995,5.945,137.71,61.579,179.278,1.955,17.157,81.433,1.015,5.064,2.057,40.873,2.935,1149.425,31.063,22.028,0.0,39.885,35.773,0.978,102.965,0.972,180.783,16.226,12.974,1.948,3.075,24.334,7.025,80.69,0.0,5.978,70.004,56.425,18.359,29.414,218.633,0.974,14.792,21.307,4.009,control
GS003,B1,M,66,4.1,158.948,1.971,82.744,17.878,2.022,1.006,3.061,0.987,4.946,1.986,2.925,8.172,3.981,2.034,3.032,1.004,7.911,69.076,0.0,16.974,72.765,22.088,1067.558,30.144,0.0,0.0,6.799,0.0,0.0,1.947,0.0,1.006,127.594,195.392,8.219,7.207,21.363,4.093,0.98,7.98,116.638,0.0,1.009,0.0,0.0,27.768,14.153,0.0,4.073,751.802,11.264,537.141,3.929,0.985,0.98,0.0,0.0,11.106,6.141,14.561,0.0,16.972,33.466,3.971,112.53,1.961,25.367,0.0,1.007,4.979,0.0,0.0,41.165,3.026,5.915,19.821,9.093,0.0,2.004,2.048,212.817,474.081,0.0,260.748,32.014,5.043,54.321,2.008,3.927,3.007,63.282,30.578,24.694,7.984,1.008,5.848,0.974,13.741,137.377,0.0,3.05,1.027,3.051,5.039,4.033,2189.78,182.395,0.0,8.184,0.0,135.405,42.62,0.0,28.475,1.029,95.962,345.351,18.474,1.025,2.039,16.997,412.732,4.983,4.103,1.956,14.154,26.759,0.0,18.308,27.715,3.057,80.859,45.037,0.0,4.891,4.894,31.916,2.059,8.165,6.024,0.0,13.304,30.471,0.0,4.107,2.91,65.366,1.95,1.965,27.337,1.99,4.025,1.011,0.0,0.0,24.047,0.991,1.955,1.005,1.979,0.0,1.973,8.882,8.222,14.964,239.579,7.15,2.029,3990.984,160.066,0.982,15.329,0.0,26.044,36.998,11.166,0.0,0.978,21.068,17.147,5.001,57.054,30.185,0.0,44.283,0.0,21.143,455.712,0.0,129.894,19.304,14.985,0.0,0.0,2.025,10.06,1.955,149.86,19.172,24.862,4.042,0.0,0.0,0.0,0.0,9.807,16.172,26.697,1.02,0.0,0.97,41.786,0.988,79.592,7.899,0.0,1.024,2.95,0.0,9.053,0.983,2.925,18.827,0.0,4.082,24.683,2.03,2.951,42.949,27.457,2.023,0.0,66.988,10.851,0.0,9.905,77.716,1.0,19.081,9.74,2.015,18.689,5.091,0.975,1034.593,11.83,0.0,0.975,17.761,1.009,5.101,77.499,21.434,15.424,1.015,1.022,0.972,0.982,28.365,113.428,0.985,36.755,3.981,9.758,0.986,9.956,20.58,15.618,3.088,0.0,0.984,77.797,17.473,16.448,17.915,108.926,64.674,3.976,2.056,4.855,0.987,3.06,5.988,3.936,1.019,132.105,256.475,0.0,5.118,1.015,0.0,6.029,0.979,8.19,9.124,27.85,111.792,13.126,27.011,1.009,10.087,0.0,65.853,4.942,3.004,1.017,32.923,3.031,9.727,39.452,0.0,100.253,2.029,1.03,71.428,1.01,3.017,0.982,1.005,1.026,80.65,1.971,5.002,3.061,0.0,10.942,15.198,63.907,1.024,91.375,0.0,36.905,4.875,0.0,0.0,0.979,129.265,0.975,16.766,13.784,0.0,2.992,21.837,30.22,14.641,5.148,14.839,13.819,206.008,0.0,214.085,6.871,12.692,0.0,10.793,27.208,0.0,0.0,12.687,53.964,1.009,24.07,0.0,21.143,4.946,7.798,1.948,11.292,0.0,7.119,5.826,0.0,0.987,233.502,79.63,0.0,1.019,24.458,168.616,3.026,2.019,0.998,0.0,3.044,2.058,42.243,3.001,94.735,0.0,0.0,2.032,9.878,20.299,0.0,0.0,12.338,0.0,125.691,60.558,0.0,0.0,19.391,138.685,10.27,3.938,0.0,12.765,0.0,11.97,0.0,12.192,18.482,1.019,8.975,8.085,1.012,2.946,9.769,0.0,21.218,74.187,1.962,27.232,62.908,16.363,5.856,12.134,83.248,165.181,10.046,24.549,19.453,26.058,6.01,8.75,27.414,15.308,54.698,2.014,36.064,9.704,21.487,8.958,0.983,141.155,1.957,0.0,1.975,0.0,778.132,20.696,45.141,0.972,2.028,7.859,12.678,32.663,69.222,0.0,14.363,21.233,1.013,1.029,1.007,5.937,0.0,860.257,33.004,15.844,0.0,1.022,19.531,0.997,72.07,2.006,151.824,33.21,4.924,2.036,1.013,25.256,1.955,45.985,0.996,13.039,97.239,19.596,5.836,31.887,48.611,0.0,4.906,15.957,0.0,control
GS004,B1,M,68,8.227,219.685,0.0,24.484,4.895,1.013,0.0,0.0,1.997,1.013,0.976,5.944,0.0,16.233,1.013,7.91,1.001,9.161,133.675,3.058,21.938,53.29,0.971,356.866,6.061,0.0,0.0,7.104,1.017,0.0,0.0,1.029,0.982,58.306,218.49,6.092,4.897,5.836,0.0,0.976,10.229,81.979,0.0,3.086,0.0,2.05,24.557,11.974,0.0,5.126,1228.352,6.811,1427.339,5.988,2.932,2.963,0.0,0.0,8.214,0.0,5.083,6.117,2.917,17.783,3.042,70.824,0.0,39.411,1.004,1.001,8.876,0.0,0.991,51.813,0.0,2.025,127.739,2.971,0.0,16.848,2.056,402.937,86.231,0.0,407.417,8.749,0.0,86.613,0.0,5.03,14.831,51.391,117.292,33.22,16.404,0.0,5.884,0.0,7.162,41.87,0.976,2.999,0.0,4.032,0.99,3.026,870.911,218.784,0.0,25.439,0.0,77.984,17.01,1.023,69.36,0.0,349.423,327.315,17.395,0.976,5.142,15.377,163.566,23.379,0.0,3.012,22.387,22.118,0.0,19.879,31.756,4.0,71.043,39.811,1.01,0.0,2.934,53.774,5.103,14.393,2.053,1.989,11.84,99.47,0.0,13.049,1.023,46.01,2.018,2.948,39.923,2.983,0.998,0.999,0.0,0.0,4.967,0.0,6.818,2.014,4.854,1.974,1.966,15.302,13.374,21.557,43.884,4.983,0.0,1878.894,70.097,0.98,32.682,0.0,9.948,82.638,4.883,0.0,0.0,13.312,56.367,12.104,27.918,28.715,0.0,101.285,0.0,3.992,645.496,2.997,786.789,3.934,8.201,1.022,0.0,0.0,19.805,2.029,281.459,5.927,63.91,15.596,1.943,0.0,1.004,0.0,2.026,22.749,15.249,0.0,0.0,0.0,7.174,0.0,25.663,8.934,0.0,0.0,4.065,0.0,3.03,0.0,0.0,37.482,0.0,3.009,7.179,6.153,0.985,73.001,13.595,1.026,0.0,72.186,12.135,0.0,0.0,162.436,2.009,22.48,5.902,0.0,22.294,0.974,0.994,210.027,25.409,0.0,0.0,13.289,0.0,3.063,14.816,43.921,70.989,0.0,0.0,3.894,0.0,39.381,110.141,0.0,18.371,0.985,2.009,4.081,6.816,12.229,15.875,8.134,0.0,1.978,151.185,13.223,24.379,13.652,116.779,186.307,6.073,0.0,49.599,2.019,2.942,3.015,3.962,0.0,133.066,184.065,0.0,4.04,1.022,1.001,18.446,0.0,24.789,10.673,11.155,33.985,56.847,44.349,1.945,13.341,0.0,59.117,6.118,11.132,1.023,58.871,20.568,1.979,21.164,0.988,88.466,4.86,0.0,19.712,0.0,0.983,0.0,0.0,0.991,128.285,5.056,1.028,2.059,0.0,41.773,2.992,20.512,0.0,13.868,0.978,244.942,47.201,0.0,1.964,0.0,194.861,2.019,5.102,2.979,0.981,3.089,12.958,11.841,8.845,5.043,8.208,21.064,78.787,0.0,221.287,2.023,15.086,0.0,57.995,34.907,13.984,0.0,6.174,46.158,4.97,37.911,0.0,36.901,1.965,13.083,2.059,63.814,0.998,1.981,5.019,0.0,3.991,354.717,41.658,2.927,0.0,6.957,287.508,0.0,2.033,2.033,0.997,2.001,0.0,104.175,0.0,5.098,0.0,1.014,5.842,8.942,48.639,1.01,1.95,6.062,0.0,31.199,22.317,0.0,2.002,9.994,108.137,24.01,0.0,4.874,22.635,3.003,4.897,0.996,8.05,74.864,4.095,9.166,4.073,0.973,2.044,0.0,0.0,5.126,21.066,0.0,30.833,111.102,8.732,5.939,11.2,91.708,109.601,1.005,42.118,51.115,33.233,0.0,6.913,22.761,46.587,43.193,0.0,20.422,16.005,8.185,18.667,2.001,24.309,0.971,0.0,1.023,0.0,373.565,0.994,78.186,1.946,0.0,0.988,20.506,100.831,400.801,0.98,1.978,15.592,1.023,0.974,0.997,25.495,1.943,1376.564,10.926,7.79,0.0,8.229,15.174,0.0,51.094,1.003,55.048,15.102,4.112,11.165,5.857,7.926,5.983,42.909,0.0,22.764,163.172,9.036,9.798,38.542,99.55,0.0,5.987,3.969,1.0,control
GS005,B1,M,56,1.005,264.179,0.0,62.482,14.685,0.0,0.0,0.989,1.961,1.014,4.864,1.003,31.292,17.401,2.023,22.541,0.982,3.025,162.438,2.037,31.574,24.021,32.856,973.809,17.479,0.0,0.0,3.963,0.971,2.01,0.995,1.988,0.0,133.936,487.381,1.026,7.058,20.484,0.0,2.009,0.0,259.555,0.0,4.086,1.0,0.0,14.347,10.1,0.999,2.027,658.827,12.068,1031.681,12.182,0.977,4.856,1.028,0.0,39.003,0.976,9.863,0.0,1.966,31.12,0.0,73.078,3.078,35.953,1.011,1.982,20.017,0.0,0.971,19.438,0.0,2.928,48.967,4.931,0.0,24.882,1.007,368.206,212.268,0.0,289.44,18.644,2.97,89.052,2.954,8.916,3.023,38.136,371.819,9.198,23.321,0.0,9.265,12.161,9.991,38.487,0.0,0.972,0.0,7.019,4.001,1.002,1653.009,109.338,0.0,5.968,0.0,77.458,14.184,0.0,89.468,1.013,212.647,493.944,13.585,0.0,6.158,18.727,511.861,20.106,1.022,1.023,8.846,22.718,0.0,33.916,50.279,4.855,112.811,31.036,0.0,1.992,5.965,37.153,7.989,6.016,0.977,2.012,37.622,44.26,1.993,5.964,0.0,36.198,3.996,2.938,77.235,0.0,5.135,0.0,0.0,1.025,9.113,0.0,10.103,0.0,0.0,0.0,1.022,1.996,15.961,12.253,182.071,2.961,0.0,2630.202,145.548,0.0,57.795,0.0,14.08,26.756,3.071,0.0,1.97,14.911,72.606,5.998,54.1,9.268,0.0,36.722,0.989,7.085,230.584,0.981,769.747,4.876,6.901,0.0,0.0,2.98,29.342,0.0,544.519,5.902,71.788,7.942,0.0,0.0,1.022,0.0,10.834,5.105,24.427,0.0,0.0,5.059,13.921,0.0,47.185,1.98,0.0,13.706,4.094,1.029,1.941,0.0,11.286,22.806,0.988,0.0,7.782,11.059,4.984,86.12,25.752,3.924,0.0,136.962,9.946,1.962,2.022,257.866,6.955,33.194,2.951,2.961,14.763,1.987,2.004,197.021,7.8,0.0,0.0,4.88,0.0,5.0,140.246,79.851,217.156,1.014,0.989,1.945,1.988,126.431,184.363,0.0,12.006,0.974,7.908,4.111,6.796,58.876,69.111,20.351,0.0,1.991,175.353,5.991,116.348,9.911,86.484,356.357,13.73,3.04,105.764,1.004,5.913,3.045,8.814,1.004,67.727,598.108,0.972,0.0,0.0,0.0,12.332,1.965,3.972,20.829,18.855,81.117,39.681,33.849,0.0,5.971,2.058,37.625,15.072,8.821,0.0,12.15,29.299,18.26,23.465,0.0,19.79,0.995,0.0,56.264,0.0,0.0,1.028,0.0,0.0,353.239,2.964,11.319,2.911,0.0,17.302,3.976,17.577,1.025,26.694,0.0,117.371,11.175,0.0,0.0,2.961,369.299,1.965,9.919,15.864,2.032,2.031,22.819,25.46,2.923,15.09,4.089,6.964,83.225,0.977,113.739,15.062,5.876,0.993,34.107,33.772,8.767,1.019,3.038,10.837,4.072,52.922,0.0,66.391,10.101,17.531,0.0,96.517,0.0,1.941,20.4,0.0,47.633,977.88,124.005,2.942,0.0,9.005,93.032,0.991,4.898,4.115,0.0,7.158,11.028,96.424,1.024,115.039,0.0,1.967,3.08,65.422,75.632,0.0,2.985,3.039,0.993,89.218,38.313,2.029,0.0,0.0,36.619,60.599,1.957,0.0,25.888,1.025,3.994,0.0,4.006,90.162,3.04,8.887,11.71,4.975,2.026,6.96,1.029,13.652,27.903,1.963,45.356,37.755,29.962,1.974,3.022,71.574,82.764,5.103,18.13,19.269,49.903,1.006,3.91,15.145,86.978,25.033,2.948,24.291,5.147,16.624,11.65,1.025,34.949,0.0,0.0,1.954,1.004,79.709,12.915,42.512,1.957,0.0,2.022,113.148,172.29,157.124,0.0,8.144,7.088,4.861,1.999,1.019,36.18,3.931,485.9,35.879,26.815,1.028,5.943,17.268,0.0,17.52,6.813,41.123,15.062,0.981,1.022,0.0,11.781,2.932,93.975,2.027,10.744,70.515,12.133,14.188,60.677,104.016,2.025,1.022,1.022,1.989,control
GS006,B1,M,35,6.053,71.885,3.971,145.52,64.174,1.029,0.0,2.916,4.105,1.965,13.971,0.0,5.144,34.52,3.023,11.162,4.011,12.982,121.598,0.0,83.342,49.28,18.468,266.027,26.361,0.0,0.989,2.976,0.0,3.936,0.992,4.982,3.039,207.624,512.019,8.038,16.391,13.203,4.96,2.05,19.184,135.535,0.0,8.743,1.007,1.021,9.243,28.79,1.966,10.061,1220.147,9.087,11849.61,34.123,2.037,0.0,2.029,0.0,43.617,0.0,46.333,6.004,7.034,4.032,0.0,292.666,2.028,202.875,0.971,2.957,3.897,0.0,0.993,78.304,2.008,1.993,113.743,3.03,4.939,23.964,3.009,213.334,243.434,1.021,719.935,109.962,8.059,348.406,3.088,0.0,1.963,77.699,132.529,33.64,31.764,0.0,12.979,0.0,4.089,151.505,0.98,2.008,0.0,5.092,6.166,5.95,850.236,553.338,0.0,8.935,1.97,14.839,35.953,1.021,80.94,0.0,265.796,764.839,12.733,1.952,19.12,0.0,283.108,21.822,1.027,5.919,26.88,31.213,0.0,62.31,20.866,4.092,161.301,44.598,0.0,3.947,3.974,80.185,29.229,35.319,5.066,0.0,24.385,122.511,0.973,15.586,10.163,126.704,2.911,8.138,115.055,1.959,6.074,0.0,0.0,1.0,20.282,1.01,10.227,0.0,2.041,0.0,10.867,8.763,3.036,36.686,383.771,9.83,1.971,2916.744,135.592,0.0,22.144,0.0,18.348,24.694,2.927,0.0,1.011,33.132,54.1,14.409,54.166,44.567,0.0,133.486,5.029,21.615,353.237,2.017,235.622,6.809,25.424,0.0,0.0,0.974,40.867,4.976,409.474,5.927,169.978,22.572,1.028,1.027,0.0,2.979,10.265,136.482,63.674,0.0,0.989,5.98,6.163,8.157,72.782,24.527,0.0,2.047,3.991,0.0,3.057,0.0,13.669,132.402,0.988,2.02,42.966,24.649,4.088,90.016,85.592,4.935,0.0,47.64,8.185,0.0,1.982,486.089,2.997,72.769,43.498,7.124,55.684,0.985,8.084,192.688,18.845,0.0,0.0,24.55,0.0,16.656,119.716,74.7,131.58,1.017,1.023,3.919,2.031,157.171,365.605,4.104,57.19,3.057,20.135,4.872,15.032,57.583,28.248,10.764,1.0,5.024,194.412,100.433,171.069,16.279,80.734,297.277,8.879,2.986,38.926,1.021,5.904,9.129,3.041,3.888,285.627,274.736,1.966,0.0,0.0,0.0,19.91,1.021,3.067,15.973,3.039,40.139,49.689,45.614,4.118,20.434,0.0,40.042,40.411,10.2,6.884,165.952,21.13,6.099,29.19,0.0,88.567,4.969,1.004,30.729,0.993,3.059,1.975,0.976,0.0,152.273,8.84,4.874,7.177,0.0,8.2,27.211,40.813,0.0,90.621,1.007,184.325,2.974,0.0,2.04,5.106,264.512,9.263,9.111,7.184,1.017,7.824,49.281,107.325,10.102,15.374,6.121,19.439,92.638,2.017,59.46,2.002,13.87,0.975,37.515,34.216,9.14,0.0,14.315,24.449,10.862,11.862,2.919,132.059,13.907,40.742,3.073,21.427,0.0,3.052,4.942,0.0,52.861,1164.568,193.098,7.987,2.985,20.187,537.194,2.008,3.067,2.985,3.059,6.002,3.078,134.831,1.978,18.696,0.0,3.901,23.707,19.552,252.875,2.033,7.004,15.652,0.0,135.752,37.996,13.033,0.0,15.716,152.029,14.99,3.922,3.04,33.409,1.027,15.28,0.994,9.217,101.33,16.108,13.897,9.035,1.028,4.116,8.946,2.915,13.357,132.077,0.988,121.544,38.132,10.795,6.947,5.045,317.412,72.898,5.03,28.427,31.757,40.086,4.899,2.964,10.851,85.194,92.663,2.01,27.575,27.202,25.032,21.73,1.959,74.384,0.0,0.0,0.0,1.0,982.872,25.332,48.034,3.942,1.009,6.922,60.197,45.037,356.952,1.016,40.168,17.866,6.794,3.0,1.983,65.991,6.014,433.102,72.342,20.499,0.0,20.157,8.051,2.022,128.433,3.061,279.488,43.78,6.062,8.782,3.013,14.737,4.947,21.715,0.0,61.66,170.937,38.523,81.367,33.27,106.326,2.03,11.022,8.097,1.986,control
GS007,B1,M,36,4.088,244.707,0.993,67.805,34.637,3.05,0.0,1.986,1.027,6.848,8.945,0.0,22.567,8.176,1.012,3.08,1.007,6.905,163.048,0.998,19.373,13.61,47.968,887.17,24.031,0.0,0.0,17.052,0.0,2.968,0.0,3.066,0.0,310.703,524.186,2.05,1.979,13.746,1.962,0.0,6.116,221.314,1.001,2.051,1.023,2.974,51.515,10.18,0.0,5.078,145.598,3.088,960.698,50.255,3.084,3.958,0.975,0.0,5.033,3.024,3.905,3.888,1.954,44.247,2.018,178.244,2.991,59.63,1.03,1.02,8.834,1.003,0.0,100.692,0.989,8.973,59.462,18.947,0.0,32.938,5.125,425.474,174.513,0.0,686.444,68.229,2.0,125.189,0.975,0.0,1.021,101.602,48.164,6.036,48.278,1.025,7.064,5.997,21.775,72.599,1.013,7.015,1.991,21.652,9.741,10.74,2250.793,393.535,0.0,12.222,0.0,90.117,6.118,0.0,100.454,0.0,268.878,260.379,12.667,0.0,14.179,26.573,198.498,13.765,0.981,2.963,3.042,71.283,0.0,39.03,42.797,5.846,259.019,13.946,0.0,7.143,2.945,123.23,1.949,16.478,5.987,5.061,13.226,67.175,0.0,1.963,7.781,27.389,3.008,1.028,57.074,1.021,15.298,0.0,0.0,0.0,21.604,0.0,4.896,0.0,5.03,1.012,1.969,9.126,21.531,15.959,360.872,6.923,4.119,3220.0,137.354,1.977,81.69,0.975,13.889,25.453,9.129,0.0,0.0,87.355,110.57,1.024,46.785,30.455,0.0,108.557,3.046,30.862,782.086,2.002,449.991,16.216,24.364,0.0,3.026,4.074,112.028,1.988,175.69,13.906,69.994,8.884,1.983,1.006,0.0,1.976,14.616,26.603,6.907,0.0,0.0,1.009,7.886,6.045,50.35,11.924,0.0,7.15,15.789,0.979,3.945,0.0,9.712,33.405,2.03,5.065,16.317,35.162,1.021,73.781,13.806,2.026,0.0,145.404,4.881,2.042,15.838,362.568,5.146,14.198,8.891,0.0,22.436,0.994,1.952,297.424,14.35,0.0,0.981,30.078,0.976,15.281,116.038,19.508,344.533,0.0,0.998,1.971,0.0,104.654,243.974,0.0,108.943,0.993,5.989,5.968,18.786,95.79,40.288,22.227,3.085,5.118,167.194,45.529,106.283,37.146,228.746,554.6,4.081,1.954,224.274,1.984,5.102,33.355,0.0,0.0,223.779,413.15,0.98,2.963,0.0,0.0,9.076,2.038,14.25,4.051,9.234,93.994,41.606,40.786,1.025,17.504,0.0,22.595,15.866,4.088,3.014,44.127,14.42,7.117,56.746,0.0,274.11,11.275,1.012,75.765,2.04,2.02,2.979,0.994,0.0,83.567,8.198,11.109,2.033,0.0,23.257,5.045,53.963,3.028,23.474,1.027,99.238,27.643,1.017,0.0,2.054,323.586,4.056,0.976,22.832,0.0,0.0,14.256,18.493,16.929,67.462,3.04,38.938,77.714,1.013,133.16,7.061,12.926,0.0,80.994,28.168,10.962,0.0,16.61,17.399,1.962,24.143,2.015,36.682,3.887,17.505,5.074,125.589,0.0,20.939,13.748,0.0,24.279,599.583,219.256,5.128,2.027,14.02,246.551,1.977,1.981,0.992,0.971,5.964,5.968,100.657,2.002,170.496,0.0,1.988,2.057,13.738,159.008,1.956,2.945,15.614,0.0,109.588,63.659,1.007,1.016,18.999,91.989,8.163,16.452,9.239,29.853,0.99,45.306,0.0,4.106,75.559,4.979,15.753,3.896,0.984,4.064,10.893,3.053,2.014,110.761,1.001,37.63,29.843,55.863,2.918,5.999,112.143,96.363,3.02,62.388,86.019,13.035,7.145,1.028,59.192,23.789,166.811,1.007,43.13,43.424,22.518,10.672,2.918,86.516,1.994,0.0,3.926,0.0,514.041,2.979,60.778,0.997,0.99,8.775,16.027,56.824,710.962,0.0,3.004,95.418,0.972,2.057,1.951,22.649,1.985,602.4,38.055,67.977,0.0,10.181,16.106,1.988,113.628,1.942,71.565,29.707,12.061,4.012,1.022,18.193,1.013,19.687,0.0,35.946,282.539,38.38,4.04,29.957,162.238,0.0,7.94,29.241,0.982,control
GS008,B1,F,55,0.982,228.628,0.0,132.228,3.006,1.998,0.0,1.011,1.025,1.007,5.134,1.994,8.831,21.845,0.0,11.745,1.019,5.14,32.475,1.001,27.153,65.126,12.264,317.516,37.515,0.0,0.0,7.193,0.0,4.004,0.988,1.013,0.0,113.789,222.277,4.979,0.99,6.846,3.075,2.012,13.027,101.245,0.0,3.956,0.0,0.0,29.481,14.719,0.0,7.974,421.662,20.079,1343.167,11.869,0.986,0.985,1.003,2.979,5.891,0.0,2.964,0.0,2.965,13.212,1.025,52.848,0.998,22.248,0.0,0.0,4.024,0.0,0.0,71.577,0.0,2.009,21.143,7.063,0.0,8.922,4.09,151.834,324.824,0.0,1162.018,7.97,1.023,8.784,0.0,13.189,9.853,21.792,198.565,39.126,49.093,0.0,3.975,0.986,16.064,31.37,0.0,4.105,0.0,2.044,13.317,1.024,1598.889,338.361,0.0,11.787,0.983,37.434,11.885,0.0,22.957,0.0,202.271,90.976,14.16,1.004,5.875,0.972,206.51,17.784,0.0,1.947,10.987,20.488,1.002,34.802,12.134,9.981,32.087,24.83,0.0,2.022,1.972,44.219,4.098,2.014,3.017,6.019,14.201,93.282,0.0,11.202,9.966,23.624,1.017,1.942,35.489,2.96,0.994,0.0,0.0,0.0,15.091,0.0,6.805,1.018,3.052,0.0,1.011,5.834,6.039,15.1,92.483,0.0,0.0,906.109,32.658,0.0,6.966,0.0,4.852,35.515,4.852,0.0,0.0,94.301,16.054,3.039,58.857,24.392,0.0,190.53,3.053,6.866,331.549,3.061,172.515,9.147,10.286,0.998,0.0,1.022,82.427,1.017,490.142,1.018,26.745,1.95,3.06,0.978,0.0,0.974,12.901,24.083,21.374,0.0,2.001,0.0,10.961,0.0,26.963,9.881,0.0,5.956,0.0,0.0,1.025,0.0,4.104,12.734,0.0,1.013,11.776,9.059,1.013,44.197,4.056,9.788,0.0,74.755,6.131,0.0,1.96,1149.944,0.982,46.831,27.014,1.006,14.645,0.0,2.934,684.45,7.085,0.0,0.0,14.375,0.0,6.045,32.563,74.892,95.324,0.987,4.966,8.744,0.0,51.057,99.652,3.048,8.097,2.045,11.882,1.014,7.001,18.029,15.882,17.134,0.0,0.0,98.204,35.19,74.531,13.598,35.171,176.072,14.811,1.014,50.803,0.0,0.0,7.173,0.97,0.0,89.687,268.083,1.017,1.027,0.0,0.0,4.055,1.995,9.248,5.069,1.022,53.724,18.636,24.641,3.058,11.076,0.0,36.008,11.163,1.014,9.792,31.344,29.732,5.898,18.397,0.0,66.143,7.1,2.01,51.745,1.991,1.025,2.032,0.0,0.0,233.121,0.0,4.966,3.077,0.0,18.051,9.229,29.265,0.0,28.458,1.029,80.512,15.076,0.0,1.012,0.0,246.11,2.999,6.162,13.673,1.005,2.012,18.341,33.306,12.005,6.17,7.018,5.893,72.736,0.0,80.716,8.152,7.973,0.989,43.488,35.535,4.013,1.953,3.973,23.411,2.989,32.483,0.0,55.67,4.952,22.232,2.028,33.888,0.0,1.005,8.216,0.0,23.535,240.531,109.789,2.047,0.0,11.841,208.303,1.015,3.073,2.055,1.957,3.034,4.026,58.645,4.031,41.543,0.0,0.979,0.0,55.021,55.315,0.0,0.0,9.755,1.018,110.634,62.723,1.018,0.0,11.715,31.656,16.619,3.015,4.875,27.887,0.0,1.004,0.0,1.948,49.111,5.027,6.822,12.89,1.98,4.919,5.825,1.029,1.017,12.267,1.962,71.28,93.746,4.955,4.89,1.008,26.734,66.062,3.082,21.211,55.725,33.092,10.765,0.0,16.935,38.924,50.005,1.008,16.761,29.555,5.023,7.201,0.0,37.504,0.0,0.0,2.921,1.013,168.16,4.014,7.077,0.0,0.0,2.993,72.915,77.108,194.381,0.0,12.249,85.443,2.008,2.004,2.003,34.071,3.008,863.396,63.026,29.693,0.0,10.691,6.02,0.992,29.46,0.991,44.2,29.678,6.126,3.009,2.018,13.067,5.145,7.128,0.0,34.078,112.835,22.946,30.963,15.388,84.575,1.991,5.131,11.984,0.0,control
GS009,B1,M,67,0.997,156.663,0.0,88.868,2.996,1.021,0.992,5.847,0.0,0.0,0.0,2.968,13.352,4.033,1.016,1.983,2.036,10.289,88.867,0.0,8.237,19.407,16.041,184.99,13.041,0.0,0.0,3.962,0.0,2.027,0.0,0.0,2.058,162.483,649.19,4.981,11.669,7.181,2.037,1.004,7.889,91.358,0.992,9.853,0.0,1.017,18.334,7.948,3.984,10.203,1321.821,24.769,1104.189,34.956,4.923,5.124,2.001,0.984,17.065,0.0,18.653,4.093,1.023,14.018,1.006,145.693,4.102,7.19,0.0,2.038,8.826,0.0,0.0,75.222,0.0,3.961,14.765,4.894,0.0,23.386,1.013,501.453,163.339,0.97,401.736,16.171,3.019,10.188,1.001,2.022,11.277,91.256,236.077,9.268,20.681,0.0,10.834,5.988,5.01,164.495,0.0,13.008,1.005,7.898,5.013,3.052,1580.044,185.505,0.0,16.944,0.0,192.65,5.009,0.976,53.401,2.003,386.661,434.758,12.167,0.0,5.855,14.315,227.601,21.777,0.0,2.05,8.771,8.855,0.0,5.98,19.263,0.972,51.817,33.108,0.0,1.026,1.984,30.516,2.025,10.109,0.0,0.0,11.108,59.702,0.0,14.842,0.0,79.891,0.994,0.0,23.683,1.017,10.897,0.0,0.0,1.999,4.958,0.0,12.825,0.0,2.945,0.0,2.92,18.48,0.978,20.309,71.928,9.163,1.015,2981.474,65.501,2.027,18.438,0.0,26.533,54.458,3.088,1.97,0.0,50.577,57.128,4.089,51.635,47.71,0.979,241.1,0.978,8.809,414.775,2.02,156.293,3.968,12.193,2.033,2.044,0.98,26.491,2.026,371.542,11.267,28.995,0.987,0.0,0.0,0.0,2.006,5.906,47.078,2.964,0.0,0.997,3.99,3.042,5.964,40.222,0.0,0.0,1.95,4.022,0.0,0.973,0.984,8.841,24.132,0.0,0.0,8.863,14.195,1.98,27.523,9.766,1.012,0.0,37.708,4.013,0.0,9.019,285.171,2.047,32.842,14.185,0.0,35.827,2.952,3.908,117.92,9.998,0.0,0.0,6.935,1.003,8.919,109.838,48.541,249.6,2.037,1.027,6.161,2.044,19.625,71.563,0.0,32.935,1.951,6.905,1.025,4.021,81.116,29.512,15.402,0.0,0.0,84.355,12.264,96.051,14.937,74.959,119.953,1.961,0.0,112.077,2.052,0.99,19.125,2.0,0.0,58.016,153.808,0.0,6.132,1.011,0.0,6.875,0.976,5.906,11.006,10.088,22.741,105.887,17.981,0.0,22.457,0.0,5.056,26.237,2.007,6.136,29.863,11.942,6.827,14.937,0.0,51.263,2.043,0.986,146.01,0.993,4.062,0.0,1.013,0.0,71.929,0.0,3.082,1.966,0.0,13.656,18.357,17.409,0.0,55.552,0.0,94.357,29.387,0.98,1.009,5.062,124.581,1.014,0.0,0.0,1.018,0.988,21.807,27.442,20.73,7.109,9.219,24.536,79.624,0.0,88.818,1.946,4.88,0.0,19.794,47.57,7.944,0.0,3.944,46.564,1.016,44.22,0.0,38.539,7.149,11.143,1.003,71.425,0.0,4.921,6.795,0.0,13.813,473.875,29.279,0.0,0.0,36.88,138.239,0.0,6.84,2.057,0.0,3.95,14.868,30.283,1.022,34.748,0.0,0.0,6.115,19.001,19.262,0.0,0.0,4.013,0.0,44.992,45.926,0.0,0.0,4.911,133.152,21.63,5.9,2.997,10.192,1.01,7.814,3.018,8.79,69.519,3.07,15.956,8.818,3.012,2.003,6.157,0.0,2.96,31.051,1.008,74.256,85.639,0.0,4.043,9.219,65.785,28.56,2.941,50.416,15.983,68.745,2.929,1.024,44.789,19.477,88.156,1.03,28.822,17.185,7.958,3.956,3.02,48.236,1.027,0.0,3.055,1.025,238.585,4.964,46.42,2.012,0.0,0.0,67.808,118.716,288.754,0.0,4.02,44.637,3.075,1.963,2.92,49.071,9.197,987.833,43.195,10.891,0.0,3.962,14.302,0.0,16.369,0.0,174.877,59.851,0.981,2.019,5.12,13.876,6.064,5.992,2.01,8.952,80.451,51.811,12.135,24.557,85.029,0.0,4.038,17.534,0.0,control
GS010,B1,F,47,3.916,61.83,0.0,27.544,16.932,6.063,1.027,5.117,5.983,1.017,3.908,5.017,24.078,17.473,3.977,12.813,0.0,14.938,142.208,0.977,69.026,54.15,25.393,2381.846,44.261,0.0,0.0,8.787,1.016,3.979,1.029,3.052,1.966,131.644,585.071,0.0,10.957,16.683,6.001,3.083,8.964,196.318,1.027,4.986,1.985,0.989,83.459,25.363,4.0,7.812,1017.99,6.143,3893.986,25.306,1.944,0.0,0.975,2.059,20.683,0.989,40.006,1.992,16.963,28.334,4.012,314.072,1.006,84.809,1.977,3.059,14.375,0.0,0.0,31.531,0.979,0.0,38.839,4.049,1.992,18.656,1.949,398.483,209.905,0.0,408.515,21.353,1.953,103.56,4.04,9.264,10.184,20.905,220.277,15.308,21.477,0.972,16.168,2.034,11.736,118.316,0.0,0.987,0.0,8.027,27.335,8.048,3602.705,265.95,0.0,31.591,0.0,141.713,23.719,0.984,14.551,0.0,79.133,402.347,24.543,0.0,5.14,22.402,267.379,39.272,1.023,7.06,19.381,14.899,1.018,81.369,25.366,1.982,154.533,67.848,0.0,2.973,3.067,41.105,8.169,9.106,9.732,0.0,16.555,162.214,0.976,16.384,0.0,47.015,0.98,6.129,9.967,11.281,14.026,0.0,0.0,0.0,31.675,0.0,10.074,2.966,2.0,0.982,2.932,8.199,23.392,32.001,122.452,11.307,1.006,1628.722,278.077,5.97,9.74,0.0,61.925,46.563,3.06,0.0,1.016,28.02,94.252,4.081,43.87,18.961,0.0,262.977,2.029,32.797,928.54,11.327,264.598,9.966,14.998,2.02,0.999,4.054,145.575,0.0,329.376,6.105,56.966,2.929,0.0,1.029,0.0,0.0,6.979,120.699,15.686,0.0,0.0,2.981,6.034,1.027,32.517,7.152,0.0,4.059,4.934,0.0,1.024,0.972,7.051,3.941,0.0,7.827,13.731,18.665,3.051,254.887,65.282,8.928,0.0,148.8,3.038,0.0,11.982,238.012,0.984,123.391,6.848,2.026,107.762,0.0,4.003,388.698,24.738,0.0,0.985,17.03,0.0,6.146,132.804,76.369,346.179,1.006,3.017,2.008,1.015,21.855,252.169,1.0,22.268,8.883,5.926,4.899,21.287,82.926,19.147,33.898,0.977,3.037,162.366,104.196,46.593,45.677,17.562,214.664,11.752,6.042,197.625,0.0,5.09,13.241,1.023,2.024,79.247,204.363,0.0,3.088,1.018,0.0,16.04,2.034,14.345,30.225,4.063,171.36,39.765,12.347,1.018,9.912,1.988,36.966,14.311,19.413,4.052,4.116,20.322,6.074,59.904,0.0,39.112,15.126,2.022,133.418,0.0,0.987,1.009,0.0,0.0,84.799,4.017,7.21,2.976,0.0,12.293,11.16,40.064,1.004,50.933,0.0,74.078,52.407,0.998,0.985,1.003,456.058,2.006,0.0,5.016,0.978,1.994,38.831,46.427,11.116,17.077,29.174,28.621,313.242,0.0,76.772,12.319,13.976,0.0,37.592,55.482,4.884,0.0,6.799,82.015,3.056,22.41,0.0,65.415,0.976,32.095,1.007,91.511,0.977,1.991,1.977,0.0,31.624,399.299,280.07,3.003,4.974,9.73,311.086,0.982,7.813,0.0,1.986,0.0,7.137,178.623,0.976,19.937,0.0,0.986,18.352,10.936,110.664,0.0,1.014,12.836,0.0,34.419,107.035,7.008,0.972,14.276,151.318,51.324,12.071,2.03,15.321,2.996,38.343,0.0,11.308,34.904,4.031,8.787,11.916,6.13,0.975,7.182,1.975,11.661,64.924,2.046,146.945,82.248,44.791,0.0,1.978,53.006,91.778,13.639,32.287,82.97,35.978,4.859,15.431,97.049,45.901,76.977,0.0,27.794,24.327,15.882,32.833,2.958,56.048,1.009,0.0,2.005,4.029,57.971,23.961,25.924,1.963,0.0,1.026,32.34,106.618,237.051,0.0,7.928,75.967,1.005,1.955,0.0,38.554,1.979,920.958,50.207,34.007,0.0,6.828,3.894,0.0,83.135,0.0,85.458,33.38,3.896,9.069,2.965,12.109,6.174,38.989,2.914,61.14,202.859,36.254,39.389,34.832,38.885,3.001,2.981,5.894,0.0,control
GS011,B1,M,46,6.928,203.616,0.989,70.02,41.038,6.816,0.0,0.0,1.003,1.003,4.108,4.078,18.992,15.848,7.832,7.048,1.983,13.286,42.448,0.0,19.45,92.572,15.251,133.456,23.397,0.0,0.0,9.197,3.048,1.008,1.959,0.991,0.0,92.284,1000.535,5.909,4.931,7.081,8.912,1.001,18.208,116.997,0.0,4.011,2.992,0.0,57.7,1.972,0.0,3.019,898.523,27.206,2823.689,52.261,0.0,2.987,2.013,0.0,0.0,5.14,25.089,5.11,3.883,8.199,6.033,482.968,0.984,28.528,0.973,0.0,27.679,0.0,0.0,5.058,0.0,3.889,36.934,15.05,0.0,1.973,11.073,442.149,83.944,0.0,363.983,9.882,3.011,98.333,1.028,6.137,7.035,57.399,262.439,25.333,52.502,0.978,4.033,0.0,16.506,38.737,1.003,3.002,0.0,14.662,16.311,3.946,6315.745,119.056,0.0,21.153,4.006,143.615,16.814,3.059,82.641,0.0,116.791,443.715,17.482,2.001,6.172,26.422,945.62,16.432,7.098,3.972,24.223,38.786,1.012,65.901,12.724,17.582,200.328,41.806,0.0,2.037,2.007,109.327,6.047,34.818,3.057,0.0,25.407,37.838,1.009,7.815,0.973,86.659,4.089,6.138,20.266,3.045,1.967,0.0,0.0,0.0,1.951,0.0,23.54,1.97,5.108,0.0,1.988,14.116,12.325,27.384,91.508,8.033,1.004,2259.586,107.636,3.897,8.974,0.0,7.939,41.905,5.031,0.0,0.0,84.501,59.785,7.043,65.14,33.514,0.0,43.084,0.0,22.428,445.82,6.003,572.402,9.79,27.613,0.997,0.0,0.0,102.878,1.986,747.816,20.001,8.764,5.041,2.027,0.0,0.0,0.0,18.277,106.607,18.673,0.0,0.0,2.001,3.012,1.018,75.0,14.008,0.0,1.949,15.346,0.0,12.076,1.004,5.994,49.958,1.016,4.911,8.944,9.044,6.158,28.126,20.478,1.957,0.0,103.838,6.986,0.0,8.959,668.646,7.784,77.882,16.078,3.97,13.094,0.0,4.902,203.073,15.193,0.0,0.0,10.881,2.005,12.28,100.918,74.993,144.473,0.0,3.072,14.091,0.0,30.86,65.912,1.968,24.724,9.228,7.07,7.784,2.992,2.945,13.808,4.003,0.0,1.994,90.48,57.647,34.008,54.159,24.399,201.983,10.767,5.063,136.746,0.0,5.966,9.226,6.152,0.0,108.85,212.37,0.0,0.0,0.986,0.0,10.062,2.97,12.067,12.978,6.791,42.76,14.219,3.042,1.022,37.884,4.003,37.004,22.368,0.0,8.943,81.403,14.231,11.221,10.9,0.0,215.751,0.977,2.056,123.236,2.916,3.927,2.932,0.0,0.0,132.913,5.123,2.058,4.062,0.0,36.269,6.799,12.156,3.957,51.746,0.973,97.736,11.92,0.999,4.999,0.0,514.534,3.943,3.039,25.112,1.028,0.0,123.066,93.681,5.851,5.987,24.468,0.999,82.577,0.992,96.242,6.96,10.928,0.976,69.318,154.949,12.22,0.0,9.266,20.528,15.213,120.218,0.0,101.003,4.997,30.132,4.886,21.849,1.004,1.002,4.958,0.0,45.938,663.193,178.353,1.013,4.94,16.317,138.663,2.045,5.917,0.998,1.01,3.963,5.097,90.683,0.0,54.589,0.0,0.0,0.987,12.278,155.145,1.013,2.051,3.926,1.0,126.077,55.456,0.0,0.0,24.447,132.563,19.014,10.067,0.982,75.866,0.0,7.082,0.0,6.939,87.335,3.938,23.84,6.171,4.888,2.023,7.027,0.0,24.304,86.223,25.617,90.249,32.271,14.355,16.468,15.885,77.365,118.361,7.187,13.884,105.867,88.861,5.839,0.98,14.187,122.392,102.975,0.992,33.635,21.11,9.716,15.829,3.975,14.691,0.0,0.0,4.855,0.0,152.462,0.0,71.418,0.982,5.052,2.01,32.489,50.456,480.551,0.972,8.112,56.756,2.95,5.028,1.941,43.099,4.879,1306.838,43.824,31.357,0.0,2.016,41.232,0.0,74.171,2.938,135.897,29.353,1.963,5.979,13.147,47.646,7.887,40.112,0.993,28.651,86.547,36.671,25.13,9.142,226.45,0.0,11.134,14.756,0.0,case
GS012,B1,F,31,7.019,533.131,0.0,168.168,10.175,1.967,0.0,6.034,1.028,0.981,2.974,1.003,8.776,17.183,5.12,13.257,0.0,13.007,119.019,0.0,49.824,34.327,24.696,422.342,51.42,0.0,0.0,5.881,0.991,5.04,1.971,3.084,0.998,35.816,842.445,10.965,15.891,7.993,1.004,0.975,12.93,253.152,0.0,12.723,5.89,4.045,37.318,1.952,7.015,6.105,444.509,21.173,8978.435,35.407,1.973,6.031,1.009,0.0,35.084,1.016,23.625,8.008,8.843,2.912,2.006,858.352,2.041,55.451,1.017,6.16,19.405,0.0,0.0,105.232,0.975,5.87,23.809,7.176,1.967,24.984,6.812,330.754,206.104,0.0,382.407,35.619,0.0,54.737,1.979,2.015,12.049,248.976,312.6,61.116,73.05,0.0,5.963,15.929,21.693,95.326,0.0,5.024,1.958,3.994,19.002,6.14,13484.104,156.912,0.0,11.261,0.976,92.152,8.21,0.996,47.736,0.0,461.213,460.707,18.949,0.0,22.565,4.962,480.134,22.262,1.981,4.077,13.217,21.652,1.022,111.583,37.932,22.377,133.987,130.206,1.016,1.023,10.196,51.908,4.888,12.276,5.13,2.038,14.333,40.268,0.993,6.989,6.009,124.36,1.024,5.978,31.916,7.035,7.879,0.0,1.025,2.023,28.528,0.0,11.324,2.027,9.031,0.0,4.964,10.144,12.912,66.487,137.48,7.985,4.023,2692.523,172.999,2.02,61.194,0.0,7.789,113.923,2.043,1.018,1.978,76.391,142.973,11.697,64.368,34.389,0.0,147.931,5.963,15.32,312.164,16.517,125.549,14.129,36.436,1.963,0.0,2.969,136.212,0.0,60.193,18.177,30.229,8.133,0.0,0.999,0.0,1.001,15.337,102.479,20.229,2.045,1.017,10.057,15.542,3.959,44.35,6.833,0.0,1.952,1.01,3.021,7.964,0.98,3.94,62.252,1.005,0.978,10.009,20.645,2.02,66.712,38.744,4.869,0.0,74.053,5.039,3.064,5.122,273.783,8.991,43.687,21.805,5.039,42.46,0.981,2.008,489.352,26.514,0.0,1.015,58.086,0.0,20.387,46.393,42.903,369.194,0.0,0.0,13.663,1.024,111.626,102.369,0.997,29.268,2.911,12.982,2.041,11.297,41.16,14.707,8.768,2.947,7.12,157.056,59.25,44.193,16.464,108.937,232.517,32.839,10.749,174.999,2.987,2.008,6.894,3.995,1.027,140.621,14.327,0.994,3.064,0.0,0.0,3.958,0.977,11.051,19.413,7.043,174.228,148.344,69.623,1.975,8.928,0.0,47.453,44.615,0.975,9.169,90.122,18.424,1.952,67.452,0.0,67.814,29.74,0.0,178.814,1.01,0.998,0.987,0.0,0.0,345.802,6.951,5.958,5.893,0.0,3.923,11.877,37.835,0.999,34.56,0.0,60.719,27.553,0.0,1.012,0.0,501.357,1.006,1.02,7.055,0.0,8.122,79.003,231.207,23.538,0.0,2.962,44.876,160.885,1.023,62.499,5.133,26.93,0.0,85.015,81.871,2.942,1.015,14.304,40.809,3.959,93.005,0.0,168.663,1.025,16.111,0.0,54.776,0.0,9.742,18.722,1.016,11.725,530.043,75.987,5.075,1.977,32.737,471.78,0.0,7.117,1.941,3.029,0.975,2.922,141.112,4.852,44.074,0.0,0.0,10.002,59.879,656.886,0.0,10.968,3.891,0.0,199.219,69.578,2.052,0.0,11.03,154.301,65.765,2.032,5.835,50.744,3.044,15.918,0.0,1.006,116.449,13.634,16.418,8.119,0.0,3.984,6.099,1.987,13.624,50.682,8.193,33.312,29.949,14.573,0.0,18.931,56.07,100.666,1.004,61.491,119.985,29.566,2.936,11.829,36.43,112.098,36.939,0.0,72.444,50.551,7.865,26.17,1.025,29.841,0.0,0.0,5.961,0.979,811.045,25.052,104.405,3.984,2.953,0.0,52.499,222.15,382.283,0.972,67.183,96.148,6.038,8.133,1.012,11.971,13.32,3943.218,87.799,18.705,0.0,10.25,133.479,0.984,99.203,5.09,110.439,19.054,12.357,16.664,1.012,9.808,7.093,53.009,0.0,44.078,185.217,35.337,18.547,33.5,67.518,0.0,0.982,24.035,2.056,case
GS013,B1,M,47,1.002,63.581,0.984,65.393,19.233,0.0,0.0,0.976,0.0,1.026,11.305,4.066,14.351,4.909,1.998,2.035,7.027,16.354,111.828,0.0,26.651,21.226,29.174,226.929,41.144,0.0,2.003,10.945,1.028,0.0,1.992,0.978,1.012,46.702,472.039,1.003,0.984,10.149,5.148,0.977,11.115,178.735,1.994,0.975,3.007,0.0,21.963,2.971,1.015,8.811,709.612,11.064,4860.187,68.86,2.058,5.003,1.027,0.0,1.021,1.028,8.899,2.029,3.913,31.142,0.985,880.729,0.0,23.69,0.0,0.0,9.231,0.0,0.0,77.749,2.927,3.914,67.803,19.43,0.0,7.181,9.073,41.445,65.319,0.0,534.337,26.659,1.007,76.653,4.092,0.98,13.701,37.929,164.61,25.684,78.86,1.011,9.037,0.0,7.768,149.953,0.0,1.957,2.031,4.915,1.028,3.043,7992.095,412.788,0.0,18.162,1.004,60.981,8.219,1.945,118.754,0.0,598.008,94.44,5.074,2.034,6.13,16.553,471.373,34.32,7.022,1.997,15.695,17.463,0.0,36.88,16.461,4.963,93.013,31.888,0.0,1.013,3.011,121.532,18.428,8.192,1.018,4.994,36.38,15.647,0.0,5.135,5.142,14.124,3.083,0.0,12.931,0.0,17.442,0.0,0.0,0.0,4.939,1.966,3.992,0.0,3.015,0.0,4.084,1.941,14.064,31.151,64.073,1.019,3.003,300.369,60.876,1.008,46.201,0.0,4.07,72.66,3.978,0.0,0.0,10.755,90.963,1.026,38.91,22.43,0.0,96.143,0.0,15.074,815.752,41.541,192.67,9.134,11.275,0.0,2.029,4.09,48.097,0.0,487.765,12.869,87.576,0.0,1.95,3.062,0.0,0.0,1.016,98.714,21.353,1.007,0.0,0.0,2.035,1.0,31.145,2.969,0.0,0.993,5.922,0.0,5.088,1.017,2.987,32.272,0.0,1.975,11.919,6.948,5.127,68.148,13.775,4.928,0.0,18.873,10.106,2.002,0.0,111.815,4.863,73.494,7.92,1.995,8.928,1.965,2.913,356.798,13.093,0.0,0.0,9.843,0.979,4.048,76.228,1.951,223.494,0.0,0.0,3.979,3.021,61.884,71.903,1.985,21.545,2.968,11.184,0.989,9.266,29.719,7.97,10.67,3.027,3.024,165.388,54.407,104.99,23.374,44.765,63.443,5.125,0.0,54.44,0.994,1.007,2.053,1.976,1.029,187.32,132.283,1.0,0.0,0.0,0.0,2.95,2.025,0.0,5.995,5.886,178.13,46.822,24.603,0.982,30.651,1.029,45.796,23.495,5.991,1.003,92.041,11.171,12.054,74.214,1.007,61.556,13.388,3.014,60.15,0.976,3.009,0.0,0.0,1.008,267.551,7.206,4.978,2.005,0.0,5.061,6.113,65.816,1.953,23.037,0.982,38.609,10.999,0.0,2.946,0.0,203.282,3.963,4.052,3.916,0.0,0.0,98.173,279.776,25.226,7.156,9.099,17.013,47.843,0.971,68.184,9.102,9.183,0.0,22.721,143.558,16.12,1.0,4.056,36.651,8.079,34.619,0.0,68.628,1.963,23.448,2.046,107.02,1.011,8.228,5.109,0.997,5.037,325.194,62.077,1.01,0.0,47.142,164.414,0.0,4.105,1.992,0.0,3.961,1.982,151.393,2.048,77.751,0.0,1.979,1.97,8.89,225.132,2.03,0.997,3.066,0.0,27.447,18.312,2.918,0.0,21.348,41.953,46.007,0.992,1.014,17.363,0.0,10.713,0.999,6.154,65.317,11.2,26.59,11.171,0.0,5.866,6.899,1.026,11.295,74.091,2.011,85.95,46.349,11.035,3.999,3.076,156.464,108.013,0.997,51.019,91.85,72.098,1.978,3.964,11.956,21.33,23.858,4.011,16.359,9.123,1.99,11.753,2.984,13.079,0.0,0.0,0.0,2.022,320.388,22.275,98.235,2.004,1.965,8.209,48.269,172.21,308.795,0.0,6.846,98.086,1.005,0.0,0.0,22.363,2.998,860.709,73.38,35.899,0.0,10.081,73.683,0.0,18.579,1.996,128.803,37.32,2.993,4.069,6.922,6.18,0.0,51.177,0.983,29.581,205.924,21.472,30.349,23.057,243.505,0.0,9.959,7.008,0.0,case
GS014,B1,F,47,2.046,404.488,2.925,99.231,6.992,3.02,0.971,1.955,2.958,2.984,7.044,3.881,22.219,15.653,2.05,9.915,1.97,22.553,86.363,0.0,28.002,29.031,21.315,869.52,46.9,0.0,0.0,0.995,0.0,0.0,1.007,4.975,0.977,58.937,630.488,9.816,8.224,4.892,3.085,8.03,5.144,119.089,1.005,4.026,1.016,1.001,15.436,17.815,0.0,5.0,2049.683,37.204,6028.012,8.071,5.903,5.971,0.0,0.0,22.561,0.0,22.973,8.094,11.881,22.652,3.028,117.085,1.978,44.812,0.0,1.011,21.911,0.0,0.0,47.56,2.017,0.0,23.439,7.08,0.0,20.098,5.108,236.924,87.952,0.0,134.742,34.389,2.92,107.936,4.979,3.006,9.222,126.175,225.541,22.857,28.41,0.0,3.009,0.0,0.0,50.335,0.982,2.022,0.0,3.951,17.625,5.878,6239.489,114.014,0.0,6.0,1.016,90.056,7.041,0.0,156.55,0.0,107.184,216.652,8.909,2.05,19.605,5.043,314.567,14.058,4.019,2.927,3.932,5.143,0.0,64.654,30.994,12.841,165.851,42.123,0.977,2.972,7.925,25.691,4.081,31.737,4.055,1.967,8.159,38.302,2.043,15.244,2.03,28.024,2.936,5.856,8.861,2.058,8.095,0.0,0.0,0.0,10.788,0.0,17.78,0.0,4.078,0.0,3.931,2.939,28.739,34.54,143.666,18.653,1.007,420.682,54.55,3.058,40.831,0.0,41.795,52.591,6.067,0.0,0.0,74.126,58.592,2.041,70.293,40.9,0.0,133.816,3.06,12.908,164.822,7.159,250.845,21.169,15.242,1.969,3.035,2.989,20.446,0.976,122.264,3.884,42.002,19.757,1.998,1.966,1.021,1.029,19.216,67.953,18.209,2.019,0.0,0.0,12.65,0.0,67.785,9.269,0.0,15.834,3.914,0.0,4.036,0.0,5.949,23.669,0.0,4.875,9.176,8.178,0.0,3.997,8.993,3.057,0.0,57.404,0.979,0.997,4.081,57.654,1.011,16.615,1.997,1.012,16.028,0.989,9.843,314.596,0.986,0.0,0.0,17.976,0.0,3.905,90.062,49.409,255.353,2.011,9.111,9.195,0.0,22.829,143.085,1.984,5.106,2.997,27.372,12.162,18.449,59.081,34.502,12.65,1.947,0.0,84.083,92.213,34.164,15.806,61.507,377.331,7.895,1.976,27.897,0.0,2.053,4.9,0.999,0.998,136.825,514.043,1.027,1.012,0.0,0.0,11.861,4.088,6.894,18.581,9.257,184.711,44.323,36.206,1.027,26.941,0.0,14.967,20.061,5.091,5.961,34.676,15.413,14.015,29.295,0.0,40.425,17.487,0.0,24.21,0.0,0.997,0.0,0.0,0.0,363.707,3.978,1.981,0.972,0.0,19.15,10.152,51.426,1.982,19.205,0.0,40.012,5.871,0.999,0.985,1.013,353.773,0.972,11.915,4.997,0.989,6.958,117.582,26.797,12.083,10.142,6.006,10.838,142.954,0.0,37.537,3.058,8.914,0.0,27.591,98.218,5.009,2.042,13.884,82.191,1.956,77.52,0.0,158.22,0.0,18.44,1.012,9.783,0.0,0.97,7.045,1.02,2.046,657.329,194.719,0.988,0.0,8.024,215.464,0.997,0.0,2.92,1.958,5.028,2.975,67.905,0.971,23.506,1.03,1.014,7.136,43.597,227.051,0.0,2.92,4.898,0.0,156.603,54.765,0.974,0.0,10.269,54.665,30.357,2.002,0.994,16.782,3.967,18.479,0.0,9.842,44.553,4.86,37.926,8.75,5.948,3.077,0.0,0.0,1.006,59.387,2.005,69.337,31.785,13.712,6.996,3.969,117.231,48.14,5.932,81.939,52.259,30.408,5.097,11.133,10.208,33.837,42.117,1.03,45.869,27.301,13.119,15.164,0.0,20.098,0.0,0.0,2.916,0.0,61.357,19.558,114.636,3.083,0.996,6.872,31.292,80.825,55.162,0.0,9.733,31.833,1.985,1.024,1.006,22.332,0.0,532.668,21.733,22.177,0.0,9.954,11.23,0.0,59.524,1.967,126.545,16.947,11.293,8.968,1.961,20.211,4.936,5.013,3.009,30.239,217.755,3.989,10.721,16.069,216.65,0.0,2.0,0.97,0.986,case
GS015,B1,F,75,4.949,130.658,0.997,110.297,22.228,4.967,0.0,0.0,0.0,1.023,0.0,0.978,17.641,9.09,1.009,4.899,0.0,5.079,52.111,0.0,18.874,10.149,18.106,846.551,3.941,0.0,0.0,1.017,1.965,0.0,1.028,0.977,0.0,16.263,184.182,2.929,2.941,20.445,1.988,0.983,4.109,140.431,0.994,2.954,2.052,5.0,16.335,10.0,0.0,0.0,924.488,18.358,2397.223,18.94,5.025,0.988,0.985,1.016,20.173,0.0,34.465,4.039,7.808,8.979,0.0,232.283,0.0,17.776,2.018,0.975,12.974,0.0,0.0,57.433,0.0,0.985,56.691,4.868,1.997,3.031,8.083,192.922,34.028,0.0,848.702,19.509,0.0,62.09,0.986,4.003,3.087,18.692,187.264,53.542,25.079,0.0,4.859,1.988,3.058,45.476,0.0,1.025,0.0,2.968,6.089,6.155,1172.097,205.716,0.0,15.296,0.0,32.294,10.741,1.015,37.21,0.0,167.786,164.971,9.902,0.0,0.993,3.061,337.05,6.907,1.015,0.0,2.991,7.066,0.0,55.559,20.389,12.206,24.294,15.17,0.0,1.974,6.816,41.746,11.315,5.882,0.0,2.031,23.949,127.901,0.0,10.138,9.981,20.43,3.941,0.973,11.256,0.0,1.988,0.0,0.0,0.0,5.907,0.0,3.933,0.0,6.096,2.933,0.0,7.147,9.745,27.422,36.929,2.006,0.0,1577.914,52.547,0.997,9.921,0.0,12.861,43.939,0.972,0.0,0.0,28.397,9.783,3.03,44.709,8.815,0.989,181.07,0.0,8.135,313.587,13.95,309.529,2.002,2.045,0.0,0.99,1.006,15.808,0.999,129.546,12.638,41.121,10.048,0.0,0.0,0.0,0.989,7.209,24.688,1.964,0.988,2.044,0.0,2.031,0.0,11.992,4.031,0.0,1.024,0.983,0.0,2.03,0.0,9.099,2.97,0.0,15.384,3.043,7.858,3.054,43.943,5.037,1.013,0.0,104.869,4.895,1.029,2.03,38.925,1.026,26.526,4.035,1.016,30.331,0.98,4.022,132.348,0.0,0.0,1.021,25.375,0.0,2.055,104.331,54.371,103.364,0.0,1.018,1.019,1.007,29.472,66.586,0.0,6.945,1.968,8.188,5.127,5.12,29.524,16.369,7.848,1.016,0.994,156.283,23.72,72.77,24.682,54.473,169.608,11.197,0.0,163.297,0.0,0.995,1.007,5.049,0.0,24.091,82.804,0.0,2.004,0.0,0.0,6.028,4.072,7.999,10.943,6.169,107.902,50.543,16.139,0.0,3.052,1.941,37.548,3.056,0.997,6.06,29.101,10.735,1.954,32.421,0.0,30.662,5.118,3.02,29.672,0.973,0.0,0.971,0.0,0.0,155.05,3.078,1.003,0.994,0.0,9.061,5.132,30.763,3.069,8.8,0.0,69.454,12.954,0.0,1.0,0.0,184.549,1.989,8.986,2.008,0.0,0.0,36.526,56.385,9.814,0.978,4.893,29.16,86.563,0.0,17.735,6.803,11.913,1.027,12.992,38.881,1.942,0.0,2.947,15.71,4.977,11.133,0.999,32.44,0.0,5.0,0.0,113.014,0.0,1.03,7.207,0.0,5.847,309.789,34.447,0.0,3.061,25.339,72.439,0.974,2.054,0.0,0.0,0.0,0.0,114.34,0.0,76.574,0.0,2.042,3.884,5.132,44.066,0.0,2.041,12.041,0.0,84.783,29.465,2.023,0.0,19.134,88.725,29.285,7.196,3.06,4.041,0.0,5.87,0.0,2.975,60.01,1.959,14.17,9.708,1.995,0.0,3.035,1.948,0.0,24.518,5.989,43.834,8.815,33.496,4.011,1.003,72.039,35.568,0.0,39.109,29.54,12.118,1.94,1.983,10.223,34.012,46.855,0.0,50.149,16.937,24.412,4.05,1.014,35.104,0.0,0.0,0.988,0.991,90.116,10.029,81.57,0.988,0.0,1.005,31.437,35.689,181.021,0.0,1.986,46.151,1.015,1.026,0.98,9.018,5.993,1125.851,22.042,29.149,0.0,7.014,17.83,1.995,25.696,9.157,72.845,38.365,0.0,1.025,2.923,31.25,5.076,59.257,3.901,1.976,152.867,7.98,6.17,9.865,44.24,0.0,4.938,3.889,1.966,case
GS016,B1,M,53,14.023,446.826,2.018,188.181,7.127,5.089,1.017,5.064,1.963,2.913,15.709,2.054,6.069,36.162,0.977,14.044,2.035,14.086,74.661,0.0,41.895,39.391,18.521,919.194,63.229,0.0,1.015,8.769,0.0,4.93,1.005,7.043,1.012,210.417,355.155,1.979,27.812,5.918,0.0,2.03,46.152,228.115,1.02,7.765,0.985,0.0,52.455,9.247,3.052,1.965,877.001,5.962,1343.624,43.109,0.0,7.124,0.0,0.985,12.697,6.811,18.408,9.226,4.014,40.968,1.967,1846.403,0.979,38.26,1.011,1.017,7.905,0.0,0.0,181.54,3.087,3.995,69.418,4.988,1.984,18.589,0.998,358.076,85.38,1.018,529.806,24.306,4.05,66.89,7.023,1.99,18.526,127.58,161.902,30.715,29.818,0.0,7.138,1.941,2.06,88.968,1.004,3.959,0.0,7.112,5.103,2.029,1396.633,426.343,0.0,16.87,2.932,238.234,15.126,0.979,39.009,0.0,444.343,229.139,39.069,0.978,13.925,8.08,210.957,41.121,5.064,2.97,46.816,30.544,0.0,66.425,17.188,4.055,101.781,50.723,0.99,0.0,1.004,61.431,9.09,17.907,5.902,4.068,25.304,130.767,0.976,7.018,6.003,69.003,6.813,7.06,16.153,7.819,4.062,0.0,0.0,0.0,10.265,0.0,8.171,1.02,8.984,0.0,0.993,16.315,16.391,64.1,218.431,6.161,1.968,1914.106,15.224,8.205,91.432,0.0,19.092,141.058,2.99,0.99,0.976,35.787,129.608,6.922,14.273,31.592,0.0,268.462,2.979,9.028,832.018,9.762,605.475,22.479,6.161,1.944,3.081,2.057,21.583,2.986,635.343,16.513,15.398,5.038,2.019,1.985,1.003,1.98,23.104,82.08,58.077,0.0,1.985,0.0,6.814,5.058,116.067,24.774,0.0,4.963,4.874,0.0,0.994,1.029,3.002,18.565,0.0,5.937,7.982,15.988,2.008,24.323,33.768,2.977,0.0,79.251,11.839,0.0,7.779,744.15,4.089,16.959,16.437,1.981,68.581,1.026,7.904,387.21,20.372,0.997,1.01,42.76,0.0,4.997,257.082,221.498,223.141,0.0,0.982,5.081,0.0,119.7,232.568,1.015,25.716,2.993,3.927,13.169,12.774,72.391,44.415,34.139,4.876,3.044,293.163,147.933,34.304,40.26,47.713,425.39,17.942,3.016,71.845,2.024,10.152,3.035,2.058,0.0,362.556,126.331,0.974,4.056,0.0,0.0,5.916,5.821,1.983,20.675,7.953,109.005,39.855,48.927,0.0,21.471,0.0,34.461,31.27,9.911,9.722,43.011,13.038,4.951,18.003,3.075,96.735,2.958,0.0,105.652,0.0,1.985,0.0,0.976,0.0,269.575,5.991,7.822,3.084,0.0,16.616,33.291,41.702,0.0,76.404,0.0,286.128,11.326,0.0,4.9,0.995,197.1,1.017,7.836,7.093,2.036,4.087,316.251,40.499,8.872,26.427,8.827,9.866,94.887,0.0,132.746,10.998,10.801,0.0,18.929,98.473,24.686,0.0,9.868,70.574,16.894,36.746,0.0,108.146,8.797,20.505,1.007,187.564,0.0,5.111,14.757,6.158,8.18,624.633,113.443,5.007,1.008,45.58,542.028,0.981,0.995,1.995,2.059,11.793,2.958,153.304,1.948,36.616,0.0,3.058,12.944,52.312,271.842,1.025,0.976,13.18,0.0,104.538,23.508,0.984,1.017,10.258,102.619,17.474,2.963,1.001,51.993,0.0,13.9,0.0,6.012,125.64,4.056,28.293,15.876,7.171,8.215,13.007,3.062,6.865,69.995,7.777,93.711,154.777,12.03,2.059,4.02,135.319,30.31,7.125,49.724,156.455,49.07,11.667,4.082,8.043,62.522,39.129,3.074,57.426,10.994,22.494,26.543,2.952,44.202,1.956,0.0,2.972,0.993,444.448,16.388,128.987,0.992,0.0,3.036,57.728,65.056,953.435,0.0,6.124,141.638,1.019,4.875,0.0,47.351,3.927,440.434,123.116,38.514,0.0,22.575,80.157,0.0,21.249,3.91,191.229,52.688,12.672,1.001,1.949,33.055,8.861,28.625,0.0,33.591,214.747,33.12,29.647,71.936,64.451,0.0,10.148,17.876,1.973,case
GS017,B1,M,57,0.0,91.038,0.0,135.313,15.803,0.984,0.0,2.016,0.988,1.02,3.916,8.063,4.922,10.107,5.132,10.02,3.033,3.015,171.628,0.0,33.356,15.187,1.992,399.394,21.506,0.0,0.0,5.987,0.999,1.953,0.0,2.038,0.993,120.631,291.869,0.974,1.948,3.073,1.968,0.999,1.955,170.052,1.011,6.93,0.974,3.085,31.676,15.034,1.014,3.993,348.671,17.323,1499.432,17.45,0.987,3.03,0.0,0.0,8.032,1.026,12.076,5.907,1.007,5.064,4.06,420.298,0.987,29.457,0.0,1.001,8.83,0.0,0.0,25.74,0.0,1.026,43.168,16.016,1.993,22.345,0.0,124.91,44.345,0.0,322.582,45.718,0.0,70.784,0.0,2.03,2.033,44.871,108.493,19.209,6.877,0.0,5.823,3.007,7.122,38.169,0.0,3.036,0.0,2.029,0.0,2.02,1636.186,203.323,0.0,12.656,3.01,32.225,47.493,1.019,47.649,0.0,169.613,102.201,42.11,0.99,8.218,9.952,487.416,19.928,0.0,0.0,9.119,23.067,0.0,27.699,11.133,10.236,29.496,16.772,0.0,0.0,1.012,53.665,11.248,5.143,1.007,3.917,6.15,74.911,0.0,7.872,2.004,43.537,8.088,6.961,9.225,3.057,7.995,0.0,0.0,0.0,16.284,0.0,5.879,1.022,1.016,0.0,1.015,5.096,32.835,0.0,112.135,2.042,0.0,3861.467,23.311,0.0,13.79,0.0,14.384,60.05,0.0,0.0,0.0,8.166,24.7,9.226,55.618,23.564,0.0,41.309,0.0,11.915,556.562,5.992,118.189,11.065,0.988,0.0,1.03,5.0,29.283,0.0,333.664,7.009,21.768,3.999,2.91,0.0,0.0,0.0,4.923,26.049,21.588,0.0,0.0,0.0,8.114,0.986,24.125,3.032,0.0,1.961,6.126,0.0,1.012,1.021,6.822,30.232,0.0,2.922,4.963,4.046,0.0,10.739,6.964,12.337,0.0,134.306,3.044,1.012,4.914,327.58,2.987,30.266,1.972,1.963,31.863,0.0,2.981,68.7,4.904,1.003,0.0,36.36,0.0,9.886,14.197,74.229,102.826,0.0,0.0,16.056,0.0,33.935,37.984,0.0,16.177,1.0,12.904,7.088,13.922,24.718,30.108,29.511,1.009,2.038,71.382,54.47,12.79,31.161,101.002,113.646,12.28,0.0,113.385,0.0,3.021,9.137,0.0,0.0,75.311,209.725,0.0,1.002,0.0,0.0,5.013,1.017,1.982,6.112,3.933,99.238,31.373,4.907,0.981,21.429,0.0,38.835,6.104,0.0,2.996,28.074,13.628,5.015,16.362,0.0,30.332,2.015,0.0,18.395,0.0,0.971,0.975,0.0,0.0,48.542,1.952,1.026,3.968,0.0,4.054,0.0,4.08,0.997,39.479,0.0,62.153,47.235,1.948,1.019,0.0,211.939,2.985,12.856,12.893,0.0,2.026,24.763,155.329,17.202,1.013,3.907,19.44,98.071,0.0,168.3,8.226,5.998,0.0,23.359,24.794,7.206,0.0,8.048,11.119,14.996,78.11,0.0,45.002,1.968,27.425,1.977,63.611,1.999,6.165,7.947,0.0,1.994,1004.383,94.31,2.018,3.901,24.555,420.521,0.0,4.109,1.017,2.015,8.79,8.765,26.724,0.0,14.999,0.0,1.005,3.953,14.902,146.758,0.0,0.0,1.007,0.0,87.436,144.624,0.0,0.0,15.327,42.579,19.138,7.773,2.978,41.856,0.0,2.99,0.0,5.835,34.79,2.935,9.232,5.888,2.916,0.992,4.905,2.037,2.989,59.431,2.94,113.588,41.116,1.945,0.0,2.039,140.249,72.293,7.093,44.717,49.519,32.092,6.805,1.014,38.999,31.682,40.242,0.0,28.333,22.102,0.976,16.428,0.999,57.693,0.0,0.0,0.0,0.0,213.49,15.638,47.238,2.042,0.0,4.091,25.656,16.157,186.225,0.999,7.791,25.529,0.0,0.995,0.998,28.83,7.966,246.468,25.092,16.598,0.0,3.082,64.093,2.006,26.316,0.972,61.642,18.816,3.907,0.0,1.028,19.501,1.017,18.406,0.0,9.206,20.987,19.469,17.566,44.63,55.303,0.0,7.887,16.178,0.0,case
GS018,B1,F,72,5.102,155.861,0.0,126.099,8.81,3.881,0.0,4.101,0.0,2.979,1.983,0.0,40.978,9.99,4.002,6.13,4.112,21.991,242.612,1.015,32.906,5.002,24.586,484.99,57.609,0.0,0.986,4.965,0.989,2.92,1.018,0.0,0.0,204.094,946.643,4.118,3.981,15.827,3.034,1.012,14.835,319.918,0.974,5.057,2.013,2.975,18.187,22.915,0.0,4.025,571.834,23.507,4081.88,88.233,1.974,0.988,2.01,0.0,27.513,6.036,13.184,0.974,12.955,17.195,1.03,197.139,1.992,73.716,0.0,2.973,13.273,0.0,0.0,108.249,1.997,0.0,59.662,7.994,0.0,25.178,3.069,23.936,249.299,1.016,698.774,63.375,1.989,101.701,0.0,6.029,6.154,95.534,74.391,29.317,31.141,0.0,9.738,2.044,10.765,38.964,0.98,1.943,3.02,2.956,10.172,3.069,3371.492,81.142,0.98,33.907,5.926,165.343,61.983,1.026,77.502,0.997,762.179,186.287,32.185,0.0,1.025,11.974,703.355,36.488,1.982,3.048,9.048,30.394,0.997,22.152,13.184,11.717,64.138,75.865,0.0,4.083,11.266,65.57,7.944,13.282,1.949,3.968,15.06,102.118,0.0,11.148,8.084,45.88,0.0,2.059,51.905,2.042,1.967,0.0,0.0,0.0,3.947,1.014,3.975,1.99,4.954,3.003,2.022,5.939,31.95,49.99,130.388,6.845,0.0,4119.765,66.822,3.926,77.41,0.0,15.727,75.943,2.975,2.912,0.975,33.625,223.185,20.382,109.389,6.089,0.0,238.811,4.934,16.626,936.753,35.825,846.302,24.36,10.129,0.0,0.984,3.018,35.728,1.986,463.577,3.938,40.838,6.134,0.0,0.0,0.0,0.0,15.305,333.456,18.447,0.982,0.0,4.093,3.938,2.999,21.765,15.393,0.0,1.0,5.042,0.0,1.002,1.013,10.716,1.973,0.99,15.575,26.498,29.459,8.935,54.526,23.707,3.016,0.0,82.437,8.877,0.0,1.018,554.596,2.05,43.179,11.146,0.0,36.798,4.1,2.948,149.486,13.323,0.983,0.994,5.854,1.002,6.834,59.108,51.046,81.593,0.0,0.0,23.887,1.027,24.786,102.665,0.0,38.632,2.956,19.731,7.834,39.463,68.702,8.811,7.026,1.986,3.08,71.206,72.899,106.667,32.007,296.631,728.1,25.72,1.0,283.492,2.019,7.893,4.008,7.018,0.0,68.266,624.544,2.008,6.079,2.995,0.0,2.006,1.941,8.24,32.65,0.0,268.732,76.978,12.855,0.0,31.516,0.0,57.574,16.688,1.967,10.046,129.635,8.918,16.046,37.5,1.002,98.379,19.324,0.973,174.381,0.0,2.959,0.0,0.0,0.0,266.432,13.215,11.7,3.952,0.0,10.21,21.381,67.54,0.999,38.943,0.0,150.362,96.914,0.0,0.0,0.974,832.285,7.004,4.004,28.453,0.0,2.946,119.036,141.357,6.089,7.12,13.638,15.909,179.232,0.0,208.451,5.142,6.912,2.036,5.144,179.839,5.956,0.0,3.95,23.441,5.009,30.812,0.0,53.992,2.918,34.17,1.992,34.219,1.0,5.942,33.096,0.983,13.674,601.178,293.933,3.923,8.961,93.285,99.766,0.988,2.937,0.0,4.118,2.031,5.897,64.789,0.0,11.801,0.0,2.001,3.948,34.043,253.192,0.983,0.0,4.929,0.992,150.344,40.975,0.0,0.976,39.358,139.064,18.217,8.044,5.858,37.969,3.97,38.819,0.0,14.082,109.277,1.941,11.781,17.466,3.077,1.997,3.966,4.963,5.993,60.319,6.127,129.172,48.088,20.672,3.89,3.051,266.107,238.027,4.094,43.542,75.863,38.993,3.896,1.003,17.482,25.565,41.938,3.066,65.787,52.357,32.785,9.195,4.023,62.491,0.0,0.0,3.055,2.937,462.838,3.911,16.293,1.992,0.994,1.0,62.597,94.727,376.796,0.0,17.797,47.975,6.895,1.95,0.971,34.361,23.514,385.449,50.015,49.757,0.0,3.898,156.39,0.0,45.808,3.02,133.89,147.93,3.985,12.962,2.033,79.238,4.946,129.38,0.0,17.668,155.909,47.285,17.08,16.05,118.254,0.0,6.826,18.581,0.976,case
GS019,B1,M,71,2.961,90.991,0.987,66.603,38.266,0.0,0.0,2.93,2.997,0.98,2.989,3.903,22.496,7.005,4.007,12.218,3.949,14.84,40.566,0.0,26.406,32.846,14.189,415.952,22.551,0.0,0.0,6.909,6.032,2.012,4.001,4.878,0.976,57.692,545.911,8.174,5.915,19.136,1.024,0.978,3.951,100.448,2.944,1.026,2.03,2.01,16.427,6.821,1.022,7.878,922.775,13.126,11258.461,3.039,0.977,0.999,4.053,0.0,3.065,4.892,9.129,0.987,12.102,29.7,0.987,1019.866,0.999,47.314,0.0,3.985,6.009,0.0,0.987,63.035,4.106,1.024,25.323,8.87,1.001,22.516,3.031,625.174,293.082,0.0,332.548,30.14,0.0,110.92,4.968,6.103,3.055,112.452,153.27,15.251,7.88,0.0,1.948,1.006,4.942,37.93,0.0,4.046,0.0,1.019,12.114,5.84,3096.713,488.063,0.0,18.341,4.086,48.179,6.921,0.0,60.594,0.0,450.21,602.252,25.962,0.0,11.81,21.533,580.168,32.57,4.116,2.927,6.153,36.559,0.0,31.598,43.084,0.998,142.207,47.847,0.0,1.009,8.055,52.483,7.089,12.692,3.998,11.965,19.56,155.346,1.016,4.089,6.047,17.148,0.0,7.841,34.261,0.0,3.941,1.025,0.0,0.979,16.768,0.985,4.049,1.014,7.94,1.022,0.0,0.971,5.085,22.102,217.588,4.085,1.007,2669.156,247.758,1.009,73.213,0.0,21.329,35.951,1.012,1.955,0.997,78.774,83.631,1.959,113.682,82.302,0.0,41.837,1.984,31.755,513.418,8.952,140.594,19.046,12.695,0.0,0.0,4.082,34.359,0.0,705.793,23.438,24.092,0.0,0.0,0.0,0.0,1.017,4.899,390.672,8.836,1.959,0.0,4.074,5.055,3.983,61.602,5.125,0.0,13.223,4.028,1.002,3.934,0.0,2.997,53.772,0.0,2.956,10.745,1.989,5.939,38.197,26.165,5.885,0.0,46.24,5.084,0.978,17.662,407.602,0.0,25.422,8.185,0.0,13.625,0.0,4.009,92.94,24.865,0.975,0.981,22.571,1.993,17.412,195.216,33.582,161.179,0.0,7.992,7.762,0.979,20.969,212.98,0.0,49.698,3.021,4.048,1.946,10.058,49.741,23.036,17.244,0.981,4.976,52.723,17.304,62.668,31.628,22.45,301.775,5.965,1.987,195.106,1.013,8.177,5.962,3.952,0.0,35.802,355.252,2.012,1.993,0.0,0.0,6.927,3.026,8.219,19.026,3.891,102.466,152.313,29.905,0.977,29.815,0.987,11.849,17.865,5.091,7.937,14.093,14.174,6.827,72.869,1.978,36.288,6.818,3.976,70.739,1.028,0.0,0.0,2.005,0.0,322.555,2.994,7.095,5.096,0.0,8.859,17.942,57.387,1.004,39.542,0.0,38.054,16.181,0.0,4.968,0.0,196.171,0.99,7.121,21.238,0.0,7.997,242.151,32.847,12.617,12.239,2.024,34.505,165.68,0.0,144.793,3.923,4.021,0.0,3.923,99.156,18.944,0.982,15.417,38.854,2.983,45.793,0.0,92.081,5.075,51.022,0.0,31.337,0.0,10.009,3.958,2.022,20.848,858.534,119.785,0.0,1.02,49.8,382.636,0.0,1.016,0.0,1.997,1.941,2.049,92.034,0.985,6.017,0.0,2.042,12.014,11.203,366.084,1.952,0.0,10.291,0.0,56.195,14.31,2.017,0.0,25.367,51.142,27.442,6.079,0.0,30.13,4.876,10.725,0.0,15.074,120.259,3.002,11.807,8.218,1.023,1.0,2.971,3.055,1.982,74.494,2.002,68.888,11.84,2.022,2.029,5.039,60.661,70.99,6.978,15.609,37.202,41.889,1.009,3.041,56.046,41.722,70.861,1.006,32.869,8.173,3.952,36.383,0.0,107.315,0.0,0.0,0.993,0.0,102.816,12.316,151.912,5.049,2.0,5.006,11.026,31.69,219.47,0.0,13.866,14.356,0.0,1.014,1.026,14.784,9.734,1605.861,27.834,20.557,0.988,27.727,111.534,0.0,23.9,5.004,96.053,66.194,6.884,19.535,0.0,5.988,3.049,12.228,3.07,8.737,167.294,20.323,4.857,49.986,179.371,0.0,4.988,7.926,1.029,case
GS020,B1,F,69,0.0,105.005,0.995,132.554,5.118,0.978,0.0,0.989,1.006,0.0,2.056,3.045,4.92,11.023,0.0,4.044,0.0,6.038,75.16,2.012,20.398,43.425,31.563,613.841,8.754,0.0,0.998,5.975,2.963,0.995,0.0,2.058,0.0,46.109,358.283,2.034,0.0,4.063,1.979,0.0,2.918,180.336,0.0,1.977,1.012,0.0,35.325,9.204,0.0,0.0,445.686,33.863,4269.805,8.08,1.977,3.007,1.948,0.0,15.781,0.0,14.09,1.952,1.006,26.512,1.005,925.07,0.0,20.325,0.0,0.0,10.93,0.0,0.0,25.259,0.0,0.971,22.509,2.937,1.017,3.064,3.952,470.72,247.038,0.0,172.584,16.639,2.918,54.839,0.984,3.064,1.001,39.936,194.089,30.785,42.135,0.0,2.931,1.029,4.043,29.629,0.0,15.578,0.0,3.939,6.985,3.046,2512.771,282.467,0.0,38.62,1.987,37.8,22.571,3.0,48.149,0.0,238.759,243.854,16.812,1.03,3.016,5.922,81.537,4.027,1.026,8.756,0.974,17.477,0.0,40.738,6.799,2.006,71.949,18.662,0.0,2.918,0.0,15.726,4.967,12.004,0.0,0.0,1.984,59.496,0.981,7.13,2.034,61.497,1.99,2.962,58.624,3.068,0.0,0.976,0.0,0.0,7.79,0.0,6.962,0.999,1.029,1.005,2.057,5.893,9.912,33.615,109.508,6.904,0.0,1604.981,38.749,2.99,4.097,0.0,7.175,53.256,3.927,0.0,0.0,21.909,17.852,2.019,20.347,23.748,0.0,35.167,2.018,21.438,252.589,8.857,245.367,13.168,11.206,0.0,1.012,1.967,19.452,1.002,183.284,11.036,68.152,6.98,0.0,0.0,0.0,2.029,8.235,169.935,17.771,0.0,0.974,0.988,9.006,1.985,30.442,1.018,0.0,6.012,0.0,0.0,3.052,0.0,9.722,15.065,0.0,1.971,4.081,8.844,0.0,43.062,12.673,0.0,0.0,45.712,2.004,1.013,0.0,45.993,0.0,15.07,11.828,2.958,21.517,0.995,2.005,232.704,9.964,0.0,0.0,5.93,0.0,4.99,84.062,71.275,116.265,1.02,1.948,7.999,0.0,10.228,93.84,2.952,4.964,0.99,13.049,1.98,15.966,6.872,27.252,8.83,2.039,5.93,22.947,81.313,66.643,27.667,97.744,142.035,7.965,1.025,164.695,2.992,4.935,8.098,1.986,0.0,138.104,65.859,1.958,1.012,0.0,0.0,5.972,0.0,7.067,4.855,4.882,71.08,56.225,19.899,2.057,5.149,0.0,20.77,13.336,1.008,4.101,30.262,7.04,0.0,9.255,0.0,21.1,11.81,1.022,32.027,0.0,0.0,0.976,0.0,0.0,118.539,3.888,0.992,1.98,0.0,9.761,17.821,12.289,1.958,29.853,0.0,97.014,9.805,0.0,1.952,0.0,84.237,0.0,1.985,6.802,0.0,2.97,37.668,59.048,8.038,6.005,5.866,12.906,52.698,0.0,104.439,3.971,5.846,0.0,9.248,45.607,13.974,0.991,6.961,2.994,8.085,73.322,1.028,48.557,6.056,6.065,0.0,14.13,0.0,14.304,3.921,0.0,21.607,742.119,35.988,1.017,0.0,9.027,123.307,2.017,1.953,0.0,0.0,0.0,3.083,26.27,1.957,25.589,0.0,1.027,0.976,11.009,119.875,0.0,0.975,0.982,0.0,123.083,35.805,1.003,0.0,6.094,11.01,7.966,2.955,2.048,5.95,0.0,6.846,1.022,1.972,61.645,6.846,5.997,5.995,4.093,1.03,3.07,2.935,0.993,12.85,3.933,23.901,49.638,0.988,3.996,3.902,28.467,82.776,0.0,36.47,59.131,30.591,4.91,2.92,8.22,15.171,30.372,2.03,45.246,8.884,6.002,6.93,2.056,49.723,0.978,0.0,3.067,0.989,197.103,14.075,68.992,1.008,0.0,4.01,16.338,56.534,95.32,0.0,11.09,20.309,1.949,0.0,0.0,27.513,6.162,419.075,33.252,23.652,0.0,5.123,46.627,0.0,34.3,1.024,38.162,31.759,5.914,1.995,3.936,9.826,2.014,77.957,0.0,13.17,165.94,6.812,9.201,11.244,21.204,0.0,0.978,4.86,0.0,case
GS021,B2,F,38,0.995,573.313,1.002,254.529,30.512,0.974,0.0,1.963,4.039,2.934,3.953,3.942,14.056,10.188,2.026,21.411,0.985,8.734,110.576,0.99,1.024,67.178,48.736,956.363,17.281,0.0,1.017,2.037,2.026,0.0,4.017,5.145,0.988,155.695,209.692,13.065,38.635,7.191,3.059,0.985,42.435,113.47,2.008,3.974,3.05,2.954,36.979,11.118,3.086,0.988,636.977,25.861,3790.637,82.748,4.017,1.967,1.008,0.0,13.983,0.973,13.168,21.696,33.733,47.762,7.855,192.392,1.97,36.594,0.0,1.012,28.932,0.0,1.015,34.279,1.953,7.851,63.334,23.776,0.994,41.042,1.008,550.004,101.821,0.979,55.0,61.057,2.04,54.383,0.0,0.988,6.089,191.319,118.996,35.444,31.424,0.99,4.041,6.992,2.995,102.109,3.935,19.137,0.0,3.906,7.139,18.849,1451.843,73.103,0.0,41.85,0.0,39.447,92.216,1.981,90.484,1.014,372.37,1098.758,3.06,8.208,10.882,18.82,576.045,30.708,3.052,5.859,19.915,10.265,3.073,29.64,14.236,35.344,19.547,26.713,0.0,4.034,1.017,15.585,6.048,22.008,0.0,1.016,21.621,720.6,0.0,3.999,2.958,155.259,10.825,6.053,68.096,2.058,14.646,0.0,0.0,0.988,3.016,0.0,3.056,1.021,3.051,3.999,1.972,71.969,16.153,47.056,50.101,17.368,1.991,1547.335,78.083,7.132,66.993,0.0,29.796,47.553,0.994,0.0,3.056,79.905,95.698,10.849,69.363,146.005,0.0,74.728,1.024,14.608,440.06,13.16,81.079,30.41,56.329,2.009,6.127,3.022,27.601,4.09,538.483,29.379,34.727,2.952,0.0,1.015,0.0,1.007,44.702,86.026,93.667,0.0,1.02,5.927,33.856,4.002,60.559,2.938,0.0,24.422,3.956,0.0,5.973,2.044,36.673,22.341,0.0,8.237,5.082,5.871,4.047,62.283,32.833,4.119,1.023,34.927,12.743,2.037,26.439,430.276,5.893,24.016,10.806,3.962,34.107,8.76,5.847,955.677,9.935,0.0,0.0,7.095,0.0,5.045,99.483,137.264,409.485,2.054,5.056,14.083,0.0,24.625,260.252,2.027,71.163,8.212,20.383,10.023,99.02,35.558,11.659,16.402,1.008,1.965,128.896,179.046,108.986,72.517,183.753,105.069,11.705,1.006,226.957,8.185,11.308,37.504,0.982,0.0,119.195,455.707,2.043,1.964,0.99,1.027,7.122,6.882,38.108,0.98,36.117,121.477,49.135,590.462,0.0,32.285,1.022,58.512,8.885,12.927,1.971,83.146,27.522,42.064,76.816,0.0,97.794,10.22,0.0,127.937,0.0,0.994,9.172,0.0,0.0,73.11,4.924,6.005,13.07,0.0,6.065,19.606,52.922,2.025,80.955,0.0,234.501,27.752,0.0,19.468,0.0,171.863,0.0,6.156,3.943,1.01,5.018,145.246,162.579,34.33,9.217,17.991,12.217,69.623,0.0,91.45,19.432,12.859,0.0,15.582,51.87,5.084,0.0,8.073,49.993,20.386,136.209,0.999,108.47,12.329,26.099,1.026,204.905,0.0,25.163,17.996,0.0,58.34,438.758,66.621,3.065,1.014,40.048,251.082,0.0,11.057,0.982,1.009,6.831,26.307,386.592,0.0,117.45,0.0,0.0,3.015,10.1,114.732,1.002,0.992,9.134,0.0,24.051,122.743,3.033,0.978,33.138,322.512,22.614,10.088,2.962,66.27,3.043,20.553,0.0,8.207,74.218,46.266,6.07,8.802,13.173,0.0,4.973,0.0,4.022,131.976,0.0,351.361,87.489,14.632,15.249,6.093,258.803,9.894,7.062,162.853,432.424,73.7,12.172,2.93,36.803,73.455,47.363,5.004,307.157,18.057,12.235,15.824,0.987,114.603,5.087,1.005,0.0,0.999,1412.015,3.02,164.653,12.107,2.033,15.38,89.53,64.348,568.258,0.0,7.808,13.145,4.109,0.985,0.0,103.008,11.965,2942.926,101.76,62.301,0.0,3.884,45.426,0.98,110.954,1.021,653.62,47.537,19.899,1.007,0.986,15.213,18.428,46.804,1.005,44.766,54.069,6.032,55.275,75.39,132.146,4.078,1.996,4.908,0.0,control
GS022,B2,F,79,3.063,860.76,0.0,218.918,10.892,1.986,0.0,5.101,3.031,2.017,0.0,1.974,8.988,31.48,2.036,7.125,3.969,12.26,245.568,1.993,6.02,23.044,34.614,1306.122,12.808,0.0,0.0,6.048,4.034,2.048,8.804,1.014,0.993,219.635,956.415,6.81,21.619,15.158,5.057,0.0,113.498,92.328,0.0,1.019,2.002,2.94,42.471,5.1,0.997,0.994,1361.496,20.136,3427.757,38.039,0.0,8.821,1.973,0.0,8.178,1.018,28.747,18.146,30.669,6.17,2.021,174.573,0.0,49.346,0.991,1.979,22.363,0.0,0.0,51.97,0.0,1.983,43.148,1.003,1.013,45.413,1.976,245.215,54.528,1.03,85.816,34.904,4.067,91.912,4.921,1.943,2.044,326.017,82.043,39.488,67.208,0.0,2.991,9.153,2.955,205.731,0.0,8.222,0.0,20.559,16.109,6.101,948.584,248.937,0.0,41.169,1.966,69.665,17.579,0.0,104.136,1.008,466.656,1169.643,33.18,3.017,0.993,4.111,398.971,15.31,4.913,0.0,22.257,6.929,2.965,20.784,11.321,20.961,91.905,20.384,1.0,0.0,4.95,45.852,7.171,11.309,0.0,1.979,18.513,260.411,0.0,10.227,4.904,242.444,28.311,5.981,55.044,8.191,12.023,0.0,0.0,0.981,2.992,0.0,2.017,1.008,9.89,0.0,1.982,38.064,24.466,56.328,157.25,18.205,0.978,2279.256,40.813,5.111,104.212,0.0,104.535,45.824,2.044,0.0,0.0,106.804,103.425,12.67,19.231,40.552,0.0,44.706,0.0,19.466,645.038,5.007,208.258,16.522,22.36,3.039,0.0,0.984,114.537,0.978,679.296,15.117,44.497,12.311,7.208,3.898,0.0,0.0,27.732,93.483,25.073,0.989,2.027,1.014,13.357,0.978,90.358,7.019,0.0,10.235,4.02,0.0,1.019,1.016,10.968,39.75,0.0,7.977,7.848,13.053,7.03,72.667,40.931,6.98,0.0,59.223,6.904,2.938,23.355,169.737,2.999,89.156,2.957,1.022,109.101,2.032,1.992,353.486,38.923,0.0,0.0,13.764,0.0,10.948,281.178,211.398,266.78,1.02,7.003,15.327,2.034,25.886,79.603,1.975,26.779,9.176,5.145,6.074,155.184,29.712,13.204,11.685,2.968,2.027,126.886,163.143,38.818,29.197,48.772,144.106,17.691,3.011,59.056,5.951,8.84,10.962,4.091,0.0,102.404,327.812,8.944,2.008,4.87,0.0,15.923,9.194,20.496,19.539,29.468,236.56,22.245,137.655,0.0,13.617,3.035,141.724,9.232,9.095,1.003,45.512,14.241,15.616,37.48,0.0,6.899,3.07,0.0,429.967,0.0,0.976,13.226,0.979,1.025,148.512,5.037,2.025,25.962,0.0,17.904,35.74,285.151,0.0,22.45,0.0,294.235,38.501,0.0,10.689,2.998,152.584,4.096,8.889,17.154,0.986,5.052,26.508,90.137,11.104,11.257,10.761,11.268,80.815,1.955,420.663,38.337,12.765,0.975,10.765,17.211,10.176,0.0,2.054,24.679,3.974,138.12,1.961,141.975,3.984,32.088,1.012,180.347,0.0,19.71,33.49,0.0,38.989,764.973,20.431,5.071,1.006,46.409,227.097,1.952,3.044,3.082,0.0,0.0,7.907,450.751,1.028,76.118,0.0,0.979,0.0,23.016,149.121,8.216,3.889,0.991,0.0,28.62,26.679,1.986,0.0,40.155,252.87,16.628,2.991,10.92,18.077,0.0,5.831,0.0,4.037,172.304,7.166,20.556,10.671,8.865,5.831,14.081,1.943,2.045,65.504,4.064,131.598,138.025,4.881,0.0,11.031,240.347,61.386,4.071,65.638,188.78,46.049,12.293,1.941,15.849,23.0,74.14,4.872,73.56,116.844,6.109,5.82,1.015,216.645,3.977,0.0,1.021,2.018,645.929,2.052,261.168,6.991,0.986,11.759,24.553,15.978,49.116,1.009,23.81,91.716,0.973,0.988,1.997,40.147,10.829,1289.157,26.745,120.306,0.0,26.522,47.638,0.0,159.397,0.998,162.139,0.995,17.683,4.977,7.858,15.696,20.656,29.61,3.882,15.95,139.67,85.99,89.702,21.396,14.24,0.973,8.137,12.659,0.0,control
GS023,B2,M,41,8.086,506.331,0.0,276.349,19.366,2.042,0.0,0.0,0.0,2.948,5.112,7.806,62.456,4.901,1.004,13.025,6.898,14.694,51.644,1.016,20.483,25.355,30.604,372.224,9.094,0.0,0.0,15.217,6.856,1.006,19.477,3.979,0.0,87.317,1441.521,10.878,1.014,4.106,1.022,2.035,44.221,115.908,0.0,4.992,3.979,0.0,67.954,16.916,0.0,0.986,298.849,8.07,3629.872,12.246,0.0,0.0,1.027,0.999,13.718,4.936,50.602,7.02,19.529,60.638,10.17,186.142,2.031,42.453,1.009,2.931,23.036,0.0,0.0,61.228,2.024,3.888,10.914,6.933,0.0,66.055,4.012,101.803,41.193,2.02,103.091,47.269,3.968,91.78,0.0,1.018,1.977,318.315,114.945,10.683,18.196,2.916,4.99,6.975,6.054,334.396,0.0,23.612,0.0,2.01,8.219,4.996,3217.963,537.447,0.0,66.061,0.0,18.627,92.714,0.0,378.689,0.0,350.509,1207.295,13.292,7.053,10.814,11.904,222.63,12.254,2.053,1.951,15.625,15.792,3.926,8.019,33.558,11.747,68.23,37.671,0.0,0.0,18.523,45.188,3.954,10.271,1.019,1.013,21.9,424.402,0.0,6.972,10.051,55.408,17.765,2.993,21.645,4.969,1.947,0.0,0.0,0.979,7.026,0.0,7.985,0.974,4.062,0.0,1.981,20.092,21.161,17.183,132.875,4.048,2.036,1408.046,92.659,11.231,104.425,0.0,30.82,73.91,1.01,0.0,0.986,80.61,145.828,7.969,63.756,79.653,1.0,90.594,2.981,36.138,2191.07,9.179,55.62,27.104,69.745,2.044,2.976,1.986,16.437,0.0,212.962,4.986,23.477,5.099,4.104,4.908,0.0,1.03,37.388,202.258,8.903,0.0,0.0,4.964,43.012,6.055,110.005,0.0,0.0,0.0,0.0,4.113,5.867,0.0,2.991,9.989,0.0,3.991,16.017,15.859,7.016,143.538,22.813,4.026,0.0,57.665,4.058,3.904,6.141,541.645,10.256,38.878,45.931,4.09,65.95,0.0,0.0,304.568,14.279,0.0,0.0,13.323,1.011,8.03,33.781,211.944,325.685,1.001,4.08,25.148,1.977,29.369,288.662,3.037,61.149,2.996,18.809,10.758,62.853,15.127,14.305,3.033,0.0,1.941,69.852,235.497,99.079,48.156,68.391,150.259,30.681,1.976,226.253,10.297,13.39,22.376,7.781,0.0,90.431,179.448,0.0,0.985,1.981,1.003,26.859,2.037,34.078,5.073,20.466,38.961,28.76,150.442,2.024,16.25,0.0,48.712,5.928,5.101,0.978,69.054,25.483,30.69,74.967,1.024,31.684,4.058,0.0,491.441,0.0,2.973,1.972,1.001,4.956,113.391,2.031,8.22,7.002,0.0,19.0,8.0,30.287,1.981,107.201,0.0,377.978,14.245,1.012,15.587,0.0,240.358,3.914,4.87,13.034,1.009,4.026,56.42,92.347,12.889,20.789,39.433,19.707,28.525,0.991,130.986,25.696,19.332,0.0,51.146,75.667,6.048,0.0,6.128,68.576,5.077,263.021,0.0,33.778,20.528,3.017,3.005,39.511,0.0,37.781,9.93,1.945,28.276,1007.727,16.142,2.917,0.0,16.838,855.597,0.0,0.982,3.931,0.0,4.97,15.647,177.185,0.997,59.354,0.0,0.0,0.0,12.641,104.528,0.983,0.977,16.041,1.02,69.869,28.235,5.969,1.008,41.57,175.166,8.755,4.099,0.0,22.487,4.987,20.789,0.0,12.155,134.0,6.985,19.576,2.938,6.129,5.144,7.096,0.0,14.043,137.543,0.978,19.858,29.827,12.63,5.038,12.101,80.894,82.789,13.322,94.653,335.278,25.1,28.334,5.868,28.499,39.894,50.406,0.0,55.341,78.111,4.062,18.484,1.968,210.878,3.035,0.0,3.944,0.0,649.707,7.959,109.347,3.933,1.996,1.99,41.223,4.911,49.519,0.997,23.046,16.706,1.002,5.004,0.0,68.505,16.283,2180.019,116.627,102.655,0.0,15.103,13.012,0.0,85.195,0.985,147.431,84.206,14.617,1.018,0.976,14.11,15.378,24.934,0.0,6.846,84.143,39.996,19.905,39.634,24.38,0.0,10.133,2.964,1.963,control
GS024,B2,F,32,5.131,815.143,0.0,135.138,1.946,5.13,0.0,0.0,2.961,1.998,0.989,2.011,77.096,6.885,2.043,5.11,0.996,5.058,68.933,0.0,5.05,25.254,36.57,471.686,0.0,0.0,0.997,3.977,4.04,0.0,2.919,3.011,0.991,146.045,705.115,6.113,12.343,1.009,2.004,2.044,105.485,214.184,0.0,1.975,6.162,0.0,35.746,10.105,0.981,5.093,1209.824,7.152,5684.97,31.903,2.051,2.033,0.972,0.0,3.98,0.0,5.908,14.157,24.607,9.896,6.142,114.145,0.999,54.019,0.0,2.049,25.095,0.0,1.028,64.91,2.052,0.982,48.552,4.002,3.936,12.667,2.929,30.006,72.251,0.0,117.379,25.069,5.142,45.045,1.99,5.103,2.977,496.369,136.987,25.065,19.133,0.0,2.928,12.686,6.036,115.627,0.0,17.133,6.888,4.098,9.941,2.024,1661.788,352.458,0.0,26.349,0.981,87.794,75.176,2.029,139.865,0.0,210.983,190.959,17.945,5.847,14.761,14.416,422.038,15.214,4.095,0.0,39.392,33.008,1.021,12.952,12.12,32.99,58.753,33.063,0.0,0.986,10.227,24.867,12.721,6.982,2.026,4.055,24.577,1110.388,0.0,1.02,1.972,242.208,3.913,1.001,98.19,4.053,39.999,1.023,0.0,0.0,9.719,1.987,10.233,0.0,8.792,2.021,0.0,21.399,14.212,65.209,66.07,3.896,0.0,885.877,20.667,4.077,54.762,0.0,35.211,93.853,0.995,0.0,0.985,53.816,130.145,4.023,97.328,33.945,0.0,148.453,2.007,15.43,646.995,3.013,326.003,19.405,26.344,0.0,0.0,6.857,17.268,1.027,487.497,32.246,18.591,3.947,2.037,1.0,0.0,0.0,29.239,33.562,7.818,1.019,1.02,0.0,26.614,3.0,47.586,6.963,0.0,6.017,2.028,2.013,3.983,1.964,4.032,50.172,1.016,8.882,19.493,4.048,5.84,113.456,5.849,3.052,0.0,66.018,12.14,1.029,2.983,147.809,0.0,36.828,5.145,1.995,4.002,2.028,10.233,1010.948,19.58,0.0,1.965,0.0,0.0,1.03,98.741,83.937,210.798,5.011,2.036,12.628,0.0,89.728,185.576,2.058,13.069,4.976,62.892,3.963,37.274,33.41,14.069,8.19,6.863,2.015,25.211,150.624,56.239,10.844,35.494,128.468,46.022,0.0,118.175,0.0,1.999,23.664,10.256,0.0,95.723,202.302,2.034,1.992,0.0,0.0,12.795,2.018,23.841,3.944,6.169,82.447,83.074,279.331,0.0,20.547,1.02,20.648,12.061,15.944,0.995,127.866,13.17,15.999,117.498,0.0,31.88,4.865,0.0,324.852,1.945,3.009,1.003,0.0,0.0,297.543,3.07,3.913,4.049,0.0,28.173,41.066,126.89,1.001,54.653,0.986,198.438,10.203,0.0,5.874,0.0,128.675,0.984,0.0,25.285,4.102,4.013,29.76,93.969,23.525,4.049,15.365,20.478,101.125,0.0,67.816,0.992,10.174,0.0,5.114,62.605,18.205,0.0,7.11,41.576,3.998,90.602,1.018,166.101,1.0,27.336,0.0,135.029,1.025,9.111,24.305,0.0,15.11,1019.704,38.574,6.118,0.0,23.042,463.063,2.995,5.105,4.053,0.0,5.119,7.044,219.556,0.0,47.931,0.0,1.02,1.016,13.687,95.622,2.016,0.998,14.7,0.0,32.39,65.159,2.988,0.998,31.766,485.032,20.64,9.254,0.0,37.239,1.023,1.002,1.01,4.891,46.543,31.076,25.257,1.942,1.007,0.0,4.958,0.995,12.114,50.998,0.0,98.109,26.622,25.644,10.246,32.11,139.815,8.001,4.013,20.717,166.551,105.662,2.95,11.747,12.044,24.469,102.601,1.009,74.721,25.496,6.791,12.141,2.911,239.42,7.109,0.0,0.971,1.025,2671.264,3.948,119.21,2.946,0.0,12.878,29.077,160.015,47.05,0.0,27.047,33.957,0.0,1.953,2.038,74.86,5.079,1104.919,53.381,58.241,0.0,16.974,17.184,0.0,84.9,1.009,92.455,31.257,3.995,0.0,4.025,23.447,12.27,79.577,2.026,11.197,139.014,39.173,31.495,24.272,122.987,2.039,0.974,5.141,0.0,control
GS025,B2,F,37,1.019,520.349,0.0,156.621,28.657,1.012,0.0,0.0,0.0,2.028,2.039,8.014,19.12,6.911,0.983,4.021,2.99,3.887,50.883,2.024,1.992,11.062,20.466,1217.14,1.024,0.0,1.025,6.817,0.995,0.0,8.949,1.002,0.998,29.599,555.377,0.993,2.06,2.911,0.976,2.972,20.112,10.026,0.986,2.017,1.013,0.0,19.106,10.055,1.995,0.0,1180.422,24.855,1466.088,19.54,0.0,2.047,2.014,2.914,14.001,2.965,14.116,15.906,5.891,2.915,0.0,210.278,0.0,22.994,0.0,1.983,8.229,0.0,1.009,53.427,1.016,4.975,40.574,0.0,2.046,18.691,1.024,88.991,90.818,0.0,329.615,27.288,0.0,89.575,3.947,0.0,1.026,300.484,43.024,10.813,2.993,0.0,3.881,7.158,3.98,161.148,0.0,19.542,0.0,0.0,4.078,3.086,872.03,174.932,0.0,19.047,0.0,78.117,42.829,0.0,209.689,1.012,254.498,553.856,6.938,2.037,12.286,4.051,233.396,3.002,4.096,0.0,3.06,11.746,0.0,13.709,31.077,16.722,17.551,42.148,0.0,2.057,13.19,14.915,3.089,11.204,0.0,9.044,31.077,499.678,1.028,5.001,2.054,126.805,10.889,7.885,18.086,2.945,23.439,0.0,0.0,1.984,10.067,0.0,14.311,0.0,4.069,0.0,4.037,23.46,27.323,15.801,73.798,6.124,0.0,2178.57,28.745,1.992,37.026,0.0,25.479,27.977,0.0,0.0,1.009,23.314,102.434,7.203,48.652,38.945,0.0,73.99,0.994,11.012,811.651,1.019,294.476,31.025,23.575,0.0,0.971,0.981,36.178,0.0,436.27,9.203,6.015,3.886,2.012,2.986,0.0,0.0,8.143,173.231,11.126,0.0,2.052,0.995,31.381,1.025,57.461,3.933,0.0,5.081,1.029,0.973,2.961,1.983,2.944,22.954,0.988,1.008,6.049,3.073,8.825,26.683,12.276,1.02,0.0,28.834,3.892,4.055,4.857,192.3,2.009,58.47,7.18,2.021,17.322,0.0,5.948,414.553,6.036,0.0,0.0,16.823,0.0,2.965,108.618,24.173,180.574,0.0,1.982,0.99,0.987,31.371,69.021,0.989,24.597,4.865,15.228,0.0,35.334,35.943,7.039,0.975,0.0,3.014,104.582,75.381,84.105,4.065,65.928,51.661,3.906,2.02,53.461,1.979,0.0,52.831,0.997,0.0,97.255,139.273,0.0,0.0,0.0,0.996,2.028,1.017,9.052,7.105,0.0,60.668,33.553,100.383,2.911,10.066,0.987,4.055,4.046,8.923,0.0,19.177,2.94,8.852,7.959,0.0,47.197,2.049,0.0,172.901,0.0,0.976,0.0,0.0,0.0,13.594,1.945,2.058,2.986,0.0,9.9,4.113,53.399,1.015,208.396,0.0,164.543,34.806,1.968,10.264,1.006,96.019,0.0,5.077,18.442,3.005,1.025,66.861,16.131,2.957,3.045,17.499,14.044,43.833,0.971,90.454,7.775,5.001,0.0,34.967,58.172,4.919,0.0,5.853,52.379,4.068,274.115,3.891,135.577,3.038,46.294,1.993,35.142,0.0,24.734,1.953,0.0,9.932,732.258,8.943,3.977,0.0,10.813,116.798,0.0,7.033,3.066,0.0,1.021,2.054,441.781,1.952,19.085,0.0,1.028,0.0,9.953,115.175,0.0,1.023,0.0,0.0,50.523,15.417,2.02,0.0,32.279,176.989,54.627,2.914,0.0,49.033,4.045,5.988,1.009,5.879,26.009,36.551,18.642,9.004,2.026,0.978,2.003,1.006,3.891,54.216,0.981,129.968,61.961,4.052,1.975,3.934,142.611,12.098,3.959,9.967,164.683,27.708,2.982,2.955,21.147,4.875,51.329,0.0,86.931,118.3,7.003,4.961,3.92,312.14,0.0,0.0,2.993,1.967,1255.322,19.223,96.238,2.047,0.0,0.0,18.355,20.459,175.587,0.0,8.876,19.563,1.003,0.0,0.0,71.017,6.061,1884.286,52.176,9.701,0.0,9.009,26.703,1.026,43.083,0.993,35.198,17.339,20.707,0.983,0.0,8.039,9.703,6.847,2.024,14.037,116.175,34.557,9.254,44.708,141.628,0.0,0.997,1.979,0.977,control
GS026,B2,M,46,3.052,1580.447,1.962,271.252,47.882,5.939,0.984,2.981,1.993,3.963,5.91,10.236,67.958,9.961,8.931,1.984,1.986,11.814,187.959,1.961,6.003,19.816,107.087,2595.777,11.909,0.0,0.988,5.118,0.0,0.987,6.085,5.83,1.018,143.136,1227.675,5.006,25.509,19.54,3.943,0.0,110.581,177.504,1.019,0.0,5.008,3.05,95.129,7.909,0.0,7.174,1206.058,11.98,6708.409,91.702,0.995,4.045,1.004,0.0,11.199,0.989,28.803,17.8,26.424,36.073,5.143,551.218,2.002,22.679,5.0,4.019,11.899,0.981,0.0,33.576,0.977,1.994,70.566,5.101,0.976,38.548,3.939,68.511,202.556,0.0,268.351,83.919,3.886,77.519,3.899,6.985,5.05,339.35,124.178,27.466,42.984,0.0,3.09,13.277,4.988,266.207,0.996,18.435,1.972,8.818,13.197,34.481,2241.355,150.258,0.0,27.614,0.0,67.383,44.126,4.044,262.345,3.006,577.787,366.25,44.693,0.0,5.146,5.133,1057.368,6.819,4.938,0.984,75.716,5.925,0.999,26.016,10.089,61.916,133.072,84.528,0.992,2.965,15.556,43.829,8.737,17.587,0.0,1.027,18.038,562.597,2.054,7.095,14.255,129.115,21.555,15.666,37.978,5.985,20.597,0.0,0.0,0.982,9.263,0.984,6.823,0.998,32.273,0.991,1.998,42.339,29.289,20.787,74.516,6.959,4.088,1428.289,119.76,14.757,35.342,0.0,21.386,66.179,2.005,0.975,4.103,25.828,96.498,19.919,38.716,155.136,0.0,51.782,0.0,45.053,268.141,7.045,283.385,23.842,33.077,0.0,1.02,2.978,66.258,0.975,599.485,23.739,12.291,14.32,0.997,6.139,0.0,0.0,8.186,45.675,3.985,1.001,1.022,1.972,14.923,4.0,53.948,2.968,0.0,12.677,7.923,0.982,7.192,2.005,11.262,65.454,4.06,14.733,11.079,10.058,8.829,89.352,36.472,3.055,0.0,64.272,22.838,1.004,2.04,419.209,11.002,148.736,4.023,14.984,22.899,3.881,3.934,886.563,26.524,0.0,4.97,12.725,0.0,8.094,85.746,58.436,533.148,0.0,4.899,27.427,0.999,21.44,165.559,6.177,51.95,3.048,14.381,9.059,43.933,13.897,6.07,7.063,4.094,7.03,64.764,131.792,167.565,6.954,83.656,178.822,19.74,3.954,112.64,0.985,11.019,41.144,13.857,1.021,141.038,305.388,0.0,0.99,1.942,0.979,24.654,0.984,44.622,26.403,19.404,398.346,13.806,332.53,0.999,85.736,0.975,9.872,4.862,12.908,0.978,37.052,11.804,7.08,43.205,0.0,273.388,8.82,0.0,421.777,0.0,4.902,10.19,1.006,2.029,198.291,5.149,3.92,10.064,1.999,15.553,20.46,126.104,0.0,55.488,0.0,427.251,3.04,0.0,15.957,1.988,183.255,8.211,3.083,81.805,0.974,1.981,15.661,107.981,12.344,3.071,22.859,41.862,56.053,2.0,216.363,32.511,11.813,0.0,54.908,45.331,3.063,0.0,5.85,55.144,11.863,224.303,4.851,120.149,14.292,44.054,3.014,105.476,0.0,26.659,8.731,0.976,23.842,595.045,89.82,4.937,0.0,41.451,772.703,0.0,15.449,3.006,0.0,16.804,24.626,242.86,0.0,73.341,0.0,3.898,2.011,17.225,398.952,5.993,1.992,13.784,0.0,73.66,73.423,4.973,0.0,40.394,367.856,4.967,17.639,16.079,53.176,0.996,11.863,0.0,8.784,163.893,23.33,29.587,10.057,4.02,0.0,11.826,4.027,11.043,57.2,0.972,24.561,128.171,3.982,0.0,3.882,272.546,23.451,11.7,246.585,167.675,70.417,33.946,23.669,25.453,40.655,80.295,0.0,331.245,87.945,4.117,5.093,5.043,240.285,2.004,0.994,5.018,3.056,635.209,4.02,218.825,20.229,1.946,2.028,13.924,114.182,376.883,2.02,1.014,21.143,0.0,5.948,1.023,41.024,5.869,1083.109,50.389,58.476,1.004,5.863,31.989,0.0,92.352,5.912,312.897,68.078,31.285,6.918,6.101,7.797,8.986,66.085,5.915,13.777,309.519,171.949,130.868,167.822,145.595,2.047,3.09,12.207,0.0,control
GS027,B2,M,69,1.996,1084.218,0.0,333.717,18.886,0.989,1.009,0.0,2.036,1.978,0.0,3.055,68.642,10.206,6.175,10.112,2.911,9.269,202.654,2.989,8.183,87.045,23.03,1548.475,11.145,0.0,0.0,7.93,1.01,0.0,0.0,15.448,2.043,168.551,490.342,11.291,23.862,8.237,2.995,0.994,69.633,63.038,0.0,1.952,1.004,1.025,28.354,28.548,0.97,4.038,1137.864,14.626,3318.729,24.447,1.018,8.968,0.0,3.997,6.153,0.0,42.127,24.047,20.09,4.029,18.894,275.618,1.003,29.865,0.0,3.003,18.548,0.0,0.0,25.389,0.0,8.033,17.166,4.04,1.967,29.394,2.972,69.51,119.75,0.978,803.992,24.33,7.097,99.345,1.947,6.819,5.002,318.053,97.697,16.368,17.462,0.0,3.005,16.155,3.026,658.479,3.05,31.654,4.03,6.948,8.226,25.179,2167.236,759.045,0.0,20.84,4.036,74.625,84.571,0.0,259.991,0.0,314.088,647.367,8.092,7.803,2.988,7.114,443.657,19.481,1.982,2.998,20.911,12.891,0.0,33.25,31.341,35.004,40.015,42.735,0.0,0.987,2.923,43.877,8.206,2.966,0.985,2.931,21.425,834.697,0.0,12.947,4.994,135.067,15.747,7.995,124.615,4.08,29.767,0.0,0.0,0.0,4.041,1.008,6.121,0.0,3.881,0.0,0.0,30.589,14.201,75.687,99.665,6.999,0.0,2182.6,85.145,5.865,16.304,2.02,18.087,191.241,3.062,0.0,1.012,51.643,135.144,6.058,120.171,76.786,0.0,15.125,0.0,41.123,1174.006,5.136,314.469,12.236,12.153,0.0,1.028,7.014,74.167,2.931,722.916,22.045,19.117,5.917,8.047,6.084,0.0,0.0,77.847,285.361,26.973,1.945,1.023,3.96,18.485,6.924,110.149,0.999,1.012,1.99,8.821,0.0,5.925,0.0,0.0,58.465,0.999,5.009,27.849,0.0,13.868,26.934,6.875,8.117,0.0,35.886,12.924,2.978,6.823,563.796,6.055,44.237,9.099,0.971,81.447,7.939,1.027,558.594,11.687,2.043,1.028,6.946,1.027,0.984,137.245,101.713,206.59,2.046,4.858,8.16,0.997,25.147,248.467,4.925,54.156,2.046,11.141,3.028,65.776,54.553,35.492,13.257,0.0,2.036,164.667,497.576,37.761,67.513,84.636,93.891,23.122,0.0,180.003,0.972,14.759,35.324,9.064,1.028,309.771,170.906,1.981,2.056,0.991,1.016,16.051,3.996,18.201,22.362,8.211,161.999,90.588,210.676,0.988,37.137,3.991,66.629,4.084,7.939,2.047,38.389,5.842,28.654,27.545,0.0,83.449,9.107,0.0,242.622,1.944,2.936,5.927,0.0,4.08,131.034,8.924,3.891,4.945,0.0,16.728,36.58,110.714,0.0,37.96,1.016,617.405,41.985,1.029,5.859,4.072,289.898,0.988,6.169,6.144,0.982,10.769,11.167,94.338,18.254,15.009,23.484,10.858,32.917,0.0,34.762,14.859,3.064,0.0,34.316,146.747,7.971,1.009,8.945,34.285,1.011,61.287,0.0,105.379,16.413,54.033,0.0,56.658,0.0,13.632,14.001,0.0,31.307,617.409,120.867,4.048,0.97,46.497,468.47,1.956,11.045,11.992,1.027,6.965,4.057,631.437,0.0,91.191,0.985,0.998,2.957,12.187,172.157,1.026,12.279,24.599,0.998,5.103,82.062,3.047,0.0,29.191,230.776,32.011,1.993,0.0,15.802,0.973,1.028,0.0,6.111,45.783,29.286,32.914,11.71,3.008,0.974,3.077,0.978,10.162,85.866,1.026,194.524,99.015,10.072,10.676,9.107,174.547,33.093,5.09,107.274,164.186,105.765,21.371,3.958,21.472,44.704,45.26,2.991,97.66,107.258,1.954,12.048,3.019,404.213,0.0,0.0,3.016,0.0,580.91,2.913,101.495,2.01,3.993,6.859,36.026,162.52,241.598,1.981,12.17,50.79,1.028,4.042,3.012,24.277,15.331,657.051,39.945,59.304,0.0,19.114,35.968,0.0,109.188,2.021,97.374,66.084,13.752,3.041,6.098,21.972,5.137,126.666,4.912,54.129,77.89,17.302,53.478,84.674,52.474,0.99,4.909,5.037,0.98,control
GS028,B2,M,62,2.947,819.391,1.011,407.349,10.987,0.0,0.0,0.0,4.115,0.985,0.988,2.023,188.022,2.939,0.0,14.796,5.981,13.682,43.08,1.998,10.242,88.487,47.884,769.293,4.058,0.0,0.0,3.064,2.06,1.998,14.019,6.067,2.992,282.952,735.172,8.964,11.929,4.899,7.879,0.985,69.189,106.312,0.0,4.095,2.038,1.979,85.422,34.243,0.0,4.098,2679.13,14.737,3213.444,68.943,0.0,1.982,0.985,0.0,17.799,0.0,55.796,0.993,75.257,12.243,4.016,90.533,1.018,74.147,2.951,4.018,34.383,0.0,1.025,96.592,4.969,8.176,119.389,26.341,11.918,35.709,1.002,197.396,84.534,1.947,391.993,13.255,16.0,285.391,0.999,3.034,12.068,465.768,127.527,26.338,29.814,0.0,12.653,29.69,25.87,72.986,1.004,4.862,0.989,11.146,6.868,12.278,3456.867,243.322,0.0,29.077,0.0,92.306,46.186,0.997,465.725,0.0,291.722,466.177,28.154,15.081,14.091,35.081,264.845,21.177,2.025,1.955,8.092,8.959,4.029,11.876,25.641,18.958,43.472,8.871,1.028,3.913,11.842,37.601,0.987,14.052,4.114,3.008,40.47,372.375,1.945,38.382,9.076,116.956,16.521,2.034,37.9,15.686,27.143,0.0,0.0,0.0,15.942,1.017,5.985,1.96,11.707,2.026,4.947,10.813,1.016,44.518,209.171,4.985,6.078,1572.736,38.556,7.201,62.094,0.0,20.442,97.142,3.048,0.0,1.017,151.59,168.809,35.914,67.711,81.455,0.0,61.692,0.0,8.77,1328.908,0.0,287.407,35.193,56.911,0.985,4.901,6.046,29.59,2.016,507.996,26.006,75.618,3.942,2.936,2.969,0.0,2.019,33.682,307.925,25.76,0.0,0.977,1.027,33.53,0.0,139.301,10.298,0.0,9.134,9.002,5.021,3.022,2.019,19.434,41.495,0.0,11.793,12.329,2.04,0.986,74.582,57.47,2.977,0.0,22.319,3.924,4.942,2.011,432.126,0.981,39.06,5.032,2.041,63.965,6.005,10.115,204.905,27.747,0.0,0.974,8.963,0.0,5.942,137.875,198.765,348.45,0.0,2.038,10.986,2.915,53.302,317.001,4.015,138.116,7.148,29.528,15.933,39.86,136.433,12.63,45.664,1.982,3.056,59.951,364.975,26.698,7.095,139.33,195.256,47.348,0.985,212.125,1.991,5.009,18.813,7.065,0.0,165.501,254.85,1.997,5.887,2.017,0.996,9.069,9.731,22.396,8.769,16.738,103.899,63.477,163.749,0.0,60.376,0.0,67.108,34.992,10.74,2.97,60.414,7.947,2.947,141.591,0.0,229.927,5.829,7.006,550.573,0.0,4.923,7.172,0.971,0.99,350.959,3.078,7.914,25.357,0.0,25.897,4.904,240.328,1.016,161.744,0.0,245.395,46.875,4.076,16.974,0.0,176.711,6.898,5.897,11.285,5.094,7.065,67.783,192.756,8.026,17.268,15.872,6.066,22.988,2.038,619.398,12.342,8.899,0.0,29.682,81.922,10.892,0.0,1.992,27.681,4.995,111.905,2.036,13.78,14.275,9.899,3.993,93.572,0.987,38.339,13.249,0.0,69.796,589.553,52.688,1.023,0.98,48.573,651.05,3.012,6.977,0.998,1.989,1.993,10.236,1522.321,0.0,78.288,0.0,4.069,2.021,17.918,242.844,6.118,5.929,9.082,0.0,9.185,90.438,2.979,0.0,12.111,166.034,56.774,6.113,0.996,51.918,0.0,10.064,0.994,22.058,66.493,51.79,42.227,14.952,1.007,7.09,15.404,1.03,2.025,37.604,7.119,58.158,156.276,4.044,2.915,9.752,231.635,22.368,24.146,69.718,175.961,35.76,33.838,5.859,38.823,27.976,40.494,3.889,115.721,53.466,28.364,7.878,6.158,109.594,0.0,0.0,17.229,1.944,737.773,8.944,242.157,11.317,4.936,18.325,40.794,33.64,90.848,0.0,7.104,40.055,1.96,10.269,5.019,42.914,21.524,1355.439,27.409,18.652,0.0,6.898,53.188,1.024,64.476,0.0,254.621,146.44,13.822,1.015,5.075,4.977,11.714,74.156,5.055,35.287,58.444,23.679,67.531,35.441,64.245,3.085,19.898,5.938,2.017,control
GS029,B2,M,36,6.138,721.404,5.012,205.862,40.328,1.023,0.0,2.057,4.891,0.984,0.0,3.915,75.793,29.138,4.034,7.172,0.977,26.423,178.992,1.945,13.988,2.016,65.752,971.963,6.904,0.0,0.0,7.788,15.075,1.02,11.885,5.936,1.007,226.029,1622.655,3.998,4.102,6.178,0.0,4.098,50.331,231.493,1.013,3.889,7.808,0.0,29.194,16.41,0.996,0.989,2043.322,11.754,3341.391,57.155,0.0,3.906,2.004,3.086,15.803,1.009,6.87,0.0,37.864,31.183,3.998,305.491,2.016,130.477,0.998,4.083,14.743,0.995,0.0,20.691,0.982,2.996,49.475,23.28,0.0,31.799,12.258,117.825,41.961,0.999,645.886,124.022,5.856,57.004,1.946,2.932,4.953,435.761,117.189,27.523,17.116,0.0,13.261,9.232,12.159,70.067,0.0,5.06,1.019,23.76,5.114,25.645,1506.089,136.793,1.002,36.566,0.0,138.6,82.261,2.059,150.196,0.0,422.974,517.339,25.42,9.254,8.011,11.091,421.599,15.44,2.985,2.005,56.942,35.349,3.059,12.652,26.557,10.059,27.508,44.427,0.0,1.002,5.82,21.868,41.662,3.904,0.993,7.081,25.602,209.569,1.022,44.656,2.05,173.595,16.747,3.92,99.539,6.178,9.872,2.942,0.0,0.976,14.828,1.0,31.505,1.026,25.895,0.0,2.039,17.08,27.61,36.43,87.631,12.985,8.03,171.063,45.768,3.085,27.849,0.0,27.669,103.092,0.98,0.0,0.0,89.133,55.256,1.983,88.067,65.608,0.0,93.644,0.0,29.805,609.978,15.076,98.819,30.281,39.843,4.109,0.985,2.965,63.44,5.999,339.957,20.897,55.088,7.181,11.284,1.96,0.978,0.988,44.619,94.779,28.346,2.95,0.985,0.0,8.763,7.172,137.776,2.036,0.0,8.991,2.958,0.982,26.721,3.886,3.088,43.878,3.059,1.969,8.201,0.996,6.894,59.737,38.37,2.045,0.0,48.337,33.747,0.983,6.069,887.335,0.0,50.318,11.95,0.0,71.436,3.972,8.239,711.552,14.618,0.0,1.983,21.834,1.95,6.11,154.52,37.808,715.382,0.0,1.964,2.929,3.081,38.003,197.559,7.007,58.022,1.023,12.058,4.003,47.677,48.58,3.959,17.459,1.019,0.974,109.317,367.854,59.869,17.29,78.431,221.3,14.124,0.0,109.653,0.975,4.99,21.19,4.991,2.036,155.399,164.571,1.018,0.982,1.004,0.981,17.755,1.013,23.382,9.975,10.992,194.081,119.119,114.376,1.0,42.701,1.024,107.907,26.747,0.987,6.088,76.239,46.079,15.213,180.651,0.973,146.629,2.036,0.976,158.18,0.989,2.932,8.856,1.949,0.0,346.161,10.766,5.917,5.908,0.0,37.98,34.641,143.169,0.983,163.401,0.0,212.459,20.663,0.0,30.244,0.0,141.584,0.983,11.08,6.948,0.0,2.01,120.836,20.553,15.335,21.679,22.798,16.636,48.29,0.0,231.931,17.403,18.586,0.971,59.467,112.672,3.073,0.0,6.072,124.564,5.012,130.148,0.983,163.511,50.093,20.426,4.104,350.052,0.0,28.957,9.187,0.0,72.965,455.322,66.163,3.01,0.995,22.71,336.331,0.0,4.114,1.99,1.945,0.972,11.864,86.49,1.972,53.21,0.0,3.883,3.945,7.953,419.876,0.0,5.135,20.358,0.972,34.166,174.923,6.805,0.979,18.075,97.29,42.033,12.335,5.079,28.941,2.053,5.962,2.002,8.187,34.861,6.989,8.106,9.845,7.149,5.871,1.009,2.977,2.032,102.515,1.001,87.534,104.155,17.251,7.064,5.114,255.962,19.848,9.01,202.831,110.832,102.736,21.523,7.138,36.837,64.73,63.173,0.989,101.852,159.269,32.926,18.398,4.115,52.679,2.992,0.0,1.964,0.0,409.647,10.134,111.887,6.998,2.041,3.927,44.639,20.227,393.539,0.0,23.632,27.48,0.986,1.978,0.993,63.486,4.023,1895.99,14.779,27.482,0.0,12.006,69.899,0.979,103.297,4.867,466.921,38.223,7.853,0.0,2.91,15.804,2.044,135.26,6.128,14.228,61.793,12.673,47.215,180.824,79.015,0.0,20.59,7.057,0.0,control
GS030,B2,F,62,3.977,359.15,0.0,111.924,28.333,0.982,0.0,3.972,0.0,1.988,1.0,7.191,8.176,2.932,2.053,0.0,2.007,6.09,106.289,3.074,0.997,32.386,50.171,1166.379,6.958,0.0,0.978,8.927,1.003,0.0,2.951,6.031,0.974,141.999,548.093,6.094,11.732,4.117,2.037,0.0,202.044,69.244,1.029,2.931,0.982,3.011,44.987,21.717,0.986,1.983,3255.077,27.398,1085.827,24.172,0.0,5.034,1.946,0.0,7.041,0.0,25.871,8.007,43.112,27.777,13.254,154.215,1.024,21.369,0.0,0.0,6.141,0.992,0.0,65.148,1.989,3.952,37.243,10.225,1.993,27.28,2.968,58.96,153.178,1.98,330.72,29.536,6.904,36.19,2.928,4.094,6.061,107.704,229.245,7.961,13.367,0.0,11.252,2.948,0.0,364.654,1.017,24.192,1.02,5.096,1.002,24.061,2406.341,227.479,1.959,13.787,2.051,25.597,17.214,2.046,114.742,0.0,148.119,194.294,7.022,0.0,9.019,11.101,750.98,35.43,0.0,0.0,22.456,5.109,0.0,16.79,35.952,29.568,43.104,82.054,0.0,0.0,21.432,26.594,1.944,8.84,3.004,1.947,27.296,2277.067,0.0,14.634,10.891,118.544,11.848,2.026,62.08,5.054,0.0,0.0,0.0,2.018,8.129,0.0,11.087,2.911,11.752,1.008,1.006,62.592,15.967,47.956,31.187,6.067,2.964,1020.625,28.246,3.048,148.349,1.02,26.426,159.138,0.0,0.0,0.0,38.617,64.948,1.015,67.417,63.535,0.0,37.982,0.994,13.271,660.747,2.959,347.587,12.624,39.213,2.036,0.972,5.943,47.041,0.0,240.941,29.29,80.05,3.98,0.0,3.002,0.0,0.0,65.81,9.202,23.441,1.016,0.0,4.076,7.032,4.95,110.795,4.05,0.0,4.915,2.049,2.998,3.965,0.0,2.053,14.868,2.051,0.0,8.761,9.81,7.096,152.399,9.84,2.044,0.0,39.945,18.431,1.021,3.959,204.675,4.033,29.45,20.72,10.087,46.337,1.966,10.148,358.162,16.965,0.0,0.982,6.963,0.0,1.019,330.927,128.337,276.999,1.963,8.057,26.263,0.0,17.615,46.732,2.014,33.376,7.954,61.613,14.276,66.638,66.106,18.702,9.081,0.0,5.948,98.553,240.576,41.069,11.086,120.243,104.653,14.402,3.034,181.304,5.995,0.976,19.508,3.044,1.014,92.303,76.33,1.958,4.065,0.0,0.989,1.953,4.86,10.273,14.419,13.898,91.317,70.647,237.506,1.03,9.052,3.075,61.685,4.095,45.013,0.0,53.735,12.81,3.034,49.099,0.0,129.064,2.951,2.964,188.375,1.024,2.97,4.04,0.0,3.014,93.893,4.115,0.0,19.242,0.0,15.593,28.623,243.438,1.96,130.57,0.0,130.18,8.826,0.996,4.057,0.0,58.749,7.904,1.947,8.219,0.986,5.039,29.138,22.551,21.199,5.983,13.179,6.027,20.526,0.0,66.528,18.694,1.969,0.985,51.963,43.764,8.816,0.0,7.891,18.979,10.165,347.982,1.021,196.458,57.025,3.029,0.0,191.635,1.017,33.909,0.0,0.0,33.711,335.904,62.096,6.033,1.011,6.838,168.286,0.987,1.968,1.027,0.983,13.125,6.819,330.623,1.017,29.96,0.0,0.989,4.062,28.501,222.875,0.0,1.001,2.051,0.0,37.256,102.231,2.006,0.0,34.443,179.466,26.119,2.922,4.081,34.711,0.976,18.427,0.0,13.885,30.652,11.308,15.058,9.133,6.908,7.151,7.142,1.013,2.946,6.885,2.972,40.683,67.88,6.083,0.0,4.08,264.586,36.065,9.175,83.231,266.124,132.715,2.048,4.901,13.041,28.363,36.997,0.996,67.324,20.464,4.036,9.039,5.009,239.892,1.954,0.0,1.025,3.915,1134.48,4.022,165.42,4.014,0.0,16.067,27.728,34.648,115.976,0.0,27.46,11.76,1.0,3.053,3.082,99.113,16.762,1125.489,102.813,86.641,0.0,8.113,12.036,0.0,55.567,1.021,322.825,41.818,4.12,6.877,0.994,10.922,15.828,33.357,2.917,35.885,169.841,46.668,32.789,66.796,13.793,0.0,1.981,3.059,0.981,control
GS031,B2,F,58,7.126,178.166,0.973,195.617,2.992,1.003,0.0,2.036,2.055,1.008,0.978,1.946,29.434,6.058,5.114,3.022,2.933,6.965,62.901,1.992,4.991,32.162,16.189,737.74,0.0,0.0,0.99,2.042,0.0,0.0,3.008,0.0,2.986,145.697,574.487,4.898,10.71,3.089,10.95,1.029,45.78,111.939,2.019,6.828,1.023,0.0,29.309,1.98,0.0,0.994,2551.417,11.792,1543.804,44.754,1.027,8.862,1.957,0.0,3.004,2.965,19.634,3.992,31.323,10.867,2.001,841.108,0.0,6.165,2.02,1.971,3.94,0.0,0.0,19.092,0.977,1.016,49.314,8.047,0.0,4.913,0.0,101.265,27.639,0.0,212.049,23.043,0.0,85.817,1.018,8.814,0.993,250.917,40.381,7.061,5.03,0.0,5.147,16.753,8.757,223.864,0.0,23.019,5.109,5.05,4.106,10.299,3116.258,417.521,0.997,8.738,0.0,73.832,13.235,1.025,103.947,0.0,393.035,382.58,12.776,5.121,12.637,12.868,479.923,5.91,1.007,1.94,23.341,33.081,0.0,9.965,40.444,4.018,3.995,13.082,0.0,2.001,7.124,15.025,14.337,0.0,2.976,2.04,15.214,487.393,0.0,7.911,6.815,28.514,3.98,4.859,24.132,0.0,9.745,0.0,0.0,0.0,0.975,0.0,5.961,1.003,4.857,1.008,3.075,19.539,1.023,9.767,81.602,2.055,0.0,1682.084,35.956,2.957,77.508,0.0,9.984,68.944,3.037,0.0,0.0,59.267,43.588,0.997,82.59,19.586,0.0,18.379,1.975,0.0,205.698,3.012,265.918,20.535,3.913,0.0,1.977,0.0,37.715,1.942,338.542,7.768,9.207,3.941,2.045,0.0,0.0,0.0,11.007,353.48,12.269,0.0,0.976,0.972,12.053,1.979,18.257,2.993,0.0,5.984,0.0,1.002,5.862,1.009,7.135,9.85,0.0,9.0,25.473,1.029,5.05,26.805,7.94,1.964,0.0,34.372,1.941,1.025,2.926,429.446,4.066,34.45,2.934,4.051,68.773,0.0,3.893,345.654,22.404,0.0,0.0,0.0,0.0,6.959,167.961,126.653,27.69,0.0,0.0,16.768,0.981,29.478,182.69,4.998,19.203,0.985,13.094,7.971,13.247,12.041,5.144,1.011,3.007,1.98,67.974,24.387,75.169,15.759,14.997,76.045,6.137,1.977,122.894,2.038,1.949,22.098,0.976,0.0,44.856,53.048,2.047,0.98,1.949,0.0,17.474,4.081,17.86,1.017,9.187,23.283,57.566,264.432,2.004,4.916,0.98,20.529,9.118,18.962,0.0,14.645,5.829,20.271,38.467,0.0,48.864,3.033,0.0,267.369,0.0,1.956,5.883,0.0,0.0,171.639,0.99,0.971,14.19,0.0,4.993,6.91,180.817,1.007,188.794,0.0,303.184,18.1,1.002,6.813,1.012,158.653,2.003,0.0,13.047,0.0,1.029,221.644,174.119,16.088,2.913,8.828,30.528,2.049,0.0,55.625,13.039,5.888,0.0,41.298,20.135,3.964,0.999,2.0,16.326,14.032,41.286,2.03,19.118,11.218,4.871,0.0,120.901,0.0,11.124,3.063,0.0,65.7,853.897,55.062,1.968,1.016,33.108,160.63,0.0,1.985,1.97,1.005,22.626,11.309,160.254,0.999,105.858,0.0,1.016,0.0,8.901,823.52,0.0,2.058,12.745,0.0,30.3,43.669,1.952,0.985,32.944,33.131,17.051,10.909,4.08,21.026,4.082,0.988,0.0,13.303,59.408,23.552,12.162,8.767,6.134,0.979,5.874,0.993,0.988,14.789,0.0,50.446,39.537,4.863,3.053,1.99,41.793,18.957,1.955,43.139,135.996,33.303,2.051,2.048,25.689,8.83,61.719,0.0,114.567,47.048,6.165,15.82,5.973,122.766,1.983,0.0,0.0,0.0,394.392,7.123,198.104,7.022,1.026,11.884,40.636,24.629,174.855,1.967,11.818,11.983,0.0,1.003,1.0,10.216,4.046,470.055,62.122,18.065,0.0,2.921,55.154,0.988,53.209,1.026,146.459,19.776,9.122,1.987,5.93,19.413,14.992,20.588,3.036,14.974,129.24,68.901,15.772,40.045,42.063,4.051,5.983,3.97,0.0,case
GS032,B2,F,46,8.012,197.697,0.0,102.848,9.773,1.004,0.0,0.0,3.08,0.983,0.0,6.982,18.686,0.986,0.972,5.978,1.007,4.091,73.875,2.023,0.976,41.783,22.306,969.203,8.164,0.0,1.015,5.127,2.955,0.0,0.99,2.966,1.963,97.509,118.015,8.217,7.834,3.894,5.019,0.979,68.967,80.287,0.0,1.016,3.021,1.968,27.37,11.878,0.0,2.026,308.532,2.912,3009.959,27.421,4.063,1.956,2.025,1.015,1.001,0.0,25.597,6.817,31.357,14.78,1.0,154.85,0.0,24.672,0.0,1.023,7.124,0.0,0.0,41.05,0.997,4.003,60.45,17.484,0.978,12.698,3.971,132.289,50.272,1.012,112.079,60.651,1.028,68.306,0.971,1.946,2.003,228.071,89.674,6.104,17.589,0.0,3.948,3.032,8.235,98.998,0.0,6.129,0.0,9.052,1.013,18.302,9978.047,166.289,1.016,5.981,1.963,45.671,75.143,0.0,208.26,0.988,302.766,415.625,6.031,3.004,1.979,3.003,261.034,5.029,3.015,1.984,22.225,15.678,1.01,16.887,17.498,29.135,34.719,0.975,0.0,1.024,5.928,17.843,8.017,0.0,1.956,0.983,6.107,260.633,0.0,4.034,9.076,78.105,6.946,4.919,84.217,3.98,3.079,0.0,0.0,0.975,4.044,0.0,0.0,0.0,4.876,0.0,2.023,38.8,10.952,10.8,25.145,6.161,1.016,621.313,29.396,4.982,64.213,0.0,36.807,280.084,0.0,0.0,2.974,33.495,27.753,21.466,57.862,24.645,0.0,48.069,5.066,22.473,151.385,4.103,75.02,2.976,7.901,0.0,0.975,5.024,67.616,0.0,217.285,11.993,17.251,2.961,0.0,2.965,0.0,0.0,10.874,86.125,8.868,0.0,0.0,0.0,7.065,2.92,50.391,0.994,0.0,0.0,3.052,0.0,1.959,1.016,7.898,4.913,0.0,2.98,18.468,7.912,1.03,184.601,3.947,0.987,0.0,17.346,5.068,3.086,5.019,407.779,4.014,33.034,7.002,3.044,7.097,0.0,5.922,340.372,13.095,0.0,0.0,1.01,0.0,1.026,55.824,57.119,96.762,5.031,0.994,3.885,1.997,25.625,141.358,2.93,32.192,2.007,32.473,0.992,13.178,8.091,13.995,2.995,0.975,3.88,38.851,123.954,18.156,6.011,71.986,96.649,9.087,0.0,154.488,2.045,5.065,13.839,1.983,0.978,242.544,109.031,0.982,4.923,0.0,0.0,6.179,0.988,8.779,9.01,13.297,37.0,15.034,24.588,0.0,11.052,0.0,12.307,17.908,5.053,2.936,60.319,8.977,5.869,9.255,0.0,188.633,2.99,0.0,352.497,1.994,0.0,5.111,0.0,0.0,76.212,5.126,0.0,3.927,0.0,35.556,38.45,173.252,1.021,100.825,0.0,681.777,18.132,0.0,15.015,0.0,62.222,2.941,3.887,10.153,0.0,1.021,86.525,479.127,2.93,6.96,3.023,19.698,28.641,0.0,143.318,6.155,10.033,0.0,33.585,21.734,1.027,0.0,2.999,23.347,3.084,92.754,0.976,77.862,5.136,28.168,0.0,109.962,0.991,13.863,2.948,0.0,31.232,1605.805,43.552,1.02,2.009,37.615,194.784,1.02,5.143,0.995,2.022,2.044,7.204,517.211,1.951,58.211,0.0,0.995,1.018,11.777,671.999,0.0,2.927,1.011,0.0,10.889,58.62,0.0,2.016,58.809,75.783,46.771,3.027,0.979,5.011,2.044,8.163,1.003,1.019,7.966,4.066,28.184,12.129,0.0,3.902,8.789,1.989,6.073,51.426,4.111,108.88,44.148,10.76,2.971,7.03,124.886,12.271,0.972,21.463,244.377,38.517,10.18,4.061,22.389,17.516,141.622,0.0,164.396,104.901,24.605,3.961,0.0,37.932,0.998,0.0,5.88,0.0,946.042,5.059,259.087,0.992,2.015,2.058,73.997,63.73,90.414,0.0,16.394,30.04,0.0,5.013,0.98,48.932,0.977,746.677,37.513,41.72,0.0,13.202,108.976,2.013,81.271,0.996,57.782,2.915,0.0,0.0,0.0,1.989,3.079,16.243,1.014,40.804,248.611,30.088,51.206,42.323,63.207,0.974,2.933,3.086,0.981,case
GS033,B2,M,33,3.975,953.554,0.0,119.095,27.809,2.049,1.013,0.0,2.012,8.777,1.963,3.896,39.955,13.926,3.067,14.639,1.0,8.988,202.082,0.0,14.096,99.457,39.434,1315.906,18.735,0.0,0.0,2.926,1.944,1.0,15.35,10.209,3.927,94.911,891.542,6.109,20.348,15.201,3.045,0.983,17.178,220.056,2.948,4.119,0.997,1.954,82.018,19.158,4.081,3.074,1031.737,19.672,3194.503,50.329,7.179,3.045,4.116,2.034,14.825,4.879,23.863,39.295,58.199,27.829,2.048,985.607,0.0,47.812,1.007,3.056,19.562,1.945,0.0,81.24,1.006,4.119,96.71,27.027,6.844,9.73,6.124,131.811,38.609,1.022,920.216,50.582,0.99,154.872,1.998,9.771,0.995,676.507,58.515,24.542,4.043,0.976,9.217,15.104,11.931,78.115,0.975,18.682,0.0,3.885,11.07,2.029,3960.643,77.792,0.0,20.183,4.029,139.771,84.512,3.002,263.144,0.0,286.866,237.219,9.862,4.961,26.874,4.005,552.778,94.321,2.967,1.993,17.852,24.564,3.04,31.53,34.346,16.072,112.7,16.33,0.0,2.933,10.732,62.054,3.072,5.845,0.0,0.0,57.665,582.066,0.0,9.109,15.191,174.33,1.018,13.26,32.663,6.842,44.892,0.0,0.995,0.0,7.177,0.998,5.067,0.977,2.982,3.083,2.976,56.676,18.495,58.609,36.578,9.02,2.006,1695.584,9.134,4.902,107.049,0.0,40.032,94.139,0.0,1.996,2.012,84.808,68.171,5.975,78.215,133.597,0.0,40.192,2.983,17.313,356.947,4.103,219.004,27.775,41.839,1.966,0.0,9.978,62.426,1.025,894.544,32.047,25.603,2.947,2.959,0.0,0.0,1.026,24.344,204.953,8.735,0.973,0.997,0.0,16.022,2.029,111.715,2.952,0.0,14.15,12.749,1.026,5.95,4.071,13.012,32.358,0.994,0.99,15.316,4.117,21.576,131.64,42.554,5.116,0.0,25.563,2.036,0.0,2.967,667.522,5.834,80.362,10.911,3.077,70.465,0.0,8.005,218.66,17.029,0.0,3.087,13.693,1.017,8.115,91.631,72.177,157.893,0.0,0.0,13.732,0.0,19.24,121.837,2.991,111.248,0.999,11.762,13.809,70.123,46.563,9.917,23.733,4.886,7.051,77.363,227.908,57.387,58.019,235.608,132.938,24.222,3.049,236.341,4.005,3.903,68.054,9.235,0.0,238.924,302.36,0.0,1.029,1.027,0.986,18.461,0.0,14.253,6.793,18.583,130.155,118.849,178.072,0.0,9.953,8.079,73.101,10.216,13.972,0.0,119.7,2.022,11.227,157.987,0.0,70.104,4.022,0.992,349.869,1.953,1.007,9.848,0.0,0.0,223.024,2.013,5.106,2.942,0.0,7.773,32.294,197.477,0.0,87.272,0.998,373.974,45.608,0.985,17.555,0.0,116.261,0.997,3.045,11.168,2.032,9.864,54.199,190.342,31.611,13.365,8.231,33.157,41.318,0.0,171.329,34.681,4.877,0.0,38.581,68.976,15.702,0.0,4.077,75.1,32.073,203.399,0.0,203.602,28.956,51.978,5.892,265.147,1.028,16.233,17.568,1.995,19.854,1782.447,33.147,4.971,2.051,39.438,536.808,0.0,6.031,2.032,0.984,6.974,24.52,223.21,0.0,50.2,0.0,0.0,5.911,2.04,192.23,1.956,2.014,16.146,0.0,22.66,79.115,4.049,0.986,35.009,258.195,70.951,8.055,4.952,35.427,2.98,4.855,0.0,10.96,67.383,18.451,7.122,21.746,1.948,2.055,1.974,0.0,5.064,172.917,5.877,188.812,69.899,13.874,7.857,20.604,332.059,29.742,16.102,75.866,74.032,174.372,21.623,1.976,30.562,4.063,123.552,2.92,152.43,120.064,5.879,9.749,4.952,107.811,0.0,0.0,2.95,2.002,1826.72,9.178,76.61,6.989,1.991,11.666,39.873,35.842,177.232,1.016,10.079,46.896,6.053,0.0,1.021,27.962,24.654,856.444,66.238,88.829,0.0,2.933,75.853,0.0,88.079,4.107,168.072,53.681,8.044,2.953,2.989,33.897,7.058,66.206,12.198,5.857,107.415,28.264,32.14,22.242,100.926,1.011,4.085,7.015,0.0,case
GS034,B2,M,77,1.016,127.211,2.024,100.689,0.98,0.0,0.0,2.054,1.02,3.9,0.976,0.977,58.471,9.708,2.969,1.011,0.0,5.059,51.853,2.055,10.249,59.874,44.828,888.9,7.187,0.0,0.0,3.983,0.975,1.024,8.109,14.882,0.0,102.519,2034.745,6.926,23.2,8.103,9.083,1.029,24.043,106.627,0.0,1.004,9.196,0.0,26.401,21.413,3.955,3.917,1566.166,9.996,1794.217,70.213,3.083,5.852,0.0,0.0,14.12,2.02,1.998,9.772,43.608,9.848,1.973,811.768,1.941,51.933,0.998,0.983,9.852,0.0,0.0,52.077,3.928,2.918,25.365,23.298,0.0,4.048,5.04,185.24,116.289,0.0,123.177,56.224,2.029,137.179,0.982,2.996,10.239,464.912,139.026,16.119,37.75,0.0,2.991,4.998,6.17,176.705,1.014,21.676,2.919,5.148,1.0,11.679,14349.376,457.482,0.0,6.015,1.008,217.706,60.379,2.95,245.541,0.0,730.445,268.76,13.108,5.053,2.966,19.975,499.635,31.647,1.989,5.051,5.142,6.082,0.0,33.199,10.759,40.493,23.305,24.707,0.0,1.005,13.907,35.51,13.229,24.544,1.021,1.996,5.147,470.803,0.0,42.531,3.013,224.235,5.997,4.992,82.865,6.992,4.994,0.0,0.0,0.0,7.045,0.0,4.859,1.023,8.823,0.0,1.004,27.383,12.973,24.341,85.036,5.904,4.034,2392.989,45.516,1.965,40.133,0.0,49.267,125.886,2.026,1.017,0.0,43.254,55.725,22.262,114.574,62.683,0.0,31.678,2.989,23.001,597.904,6.837,241.779,15.945,26.714,1.015,2.912,0.0,19.123,0.976,176.218,30.528,15.322,13.204,0.99,0.0,0.0,0.994,31.59,71.615,14.844,0.0,0.0,4.856,11.089,13.619,109.754,1.0,0.0,4.929,5.028,4.87,4.099,1.003,18.038,16.367,1.025,12.79,2.975,13.188,5.92,148.328,18.733,2.969,0.0,48.222,12.716,8.044,7.136,212.268,6.99,58.624,4.97,0.98,16.974,1.029,4.052,302.031,2.979,0.0,1.029,3.976,0.0,2.979,449.266,81.689,291.857,2.045,2.928,32.587,2.058,39.432,263.556,0.0,8.856,3.949,33.648,0.998,89.304,34.412,9.102,2.996,2.01,6.16,77.359,107.913,51.75,36.883,79.134,315.091,11.219,4.032,155.154,3.032,8.016,7.178,10.225,0.0,63.688,326.126,4.856,1.983,0.0,0.0,6.061,4.003,14.556,11.709,10.044,269.805,61.394,39.196,0.972,42.258,0.0,87.181,10.15,6.937,3.939,63.629,14.678,35.844,97.938,2.031,104.125,6.08,0.981,208.097,0.0,1.989,6.933,0.0,0.0,104.827,7.154,6.13,4.86,1.007,7.858,19.443,224.44,0.0,74.842,0.0,215.335,9.846,0.0,2.055,0.0,184.332,0.987,3.891,37.437,3.937,8.198,70.02,458.261,29.988,22.31,16.287,15.339,33.503,0.0,110.798,7.772,17.337,0.0,6.096,53.381,9.01,0.0,9.711,59.957,11.073,85.14,4.066,160.335,7.827,39.155,1.001,188.362,0.0,17.432,0.988,0.0,59.265,1082.056,43.065,7.88,3.05,98.341,193.821,0.991,2.948,0.977,0.0,3.081,6.008,193.429,5.855,8.8,0.0,1.027,1.008,5.019,127.4,0.986,1.004,2.957,0.0,62.702,97.625,0.0,0.0,76.073,289.144,11.84,18.493,7.072,80.498,4.091,0.0,1.026,6.147,91.305,6.919,20.424,15.942,7.1,1.027,3.058,2.967,1.985,34.975,2.954,84.906,50.541,13.694,3.971,13.771,247.078,14.063,5.984,66.963,175.7,44.603,8.029,7.158,24.993,22.422,28.871,2.035,50.65,39.579,16.431,8.149,3.997,91.231,0.0,0.0,5.062,2.012,2556.894,14.555,178.575,1.018,0.0,3.904,15.705,66.377,91.992,0.0,22.304,17.834,1.965,3.006,3.034,39.598,10.799,913.533,123.283,21.394,0.0,10.284,203.295,0.0,232.238,6.08,106.185,48.042,42.688,2.009,2.013,2.932,8.783,35.95,2.046,11.802,181.863,16.536,24.324,63.01,52.27,0.0,1.99,8.859,0.0,case
GS035,B2,M,79,3.98,583.391,0.0,431.031,25.333,0.989,0.0,0.0,0.0,3.001,2.038,0.99,38.908,6.959,2.994,1.978,2.956,18.458,93.766,4.934,14.615,34.295,22.269,667.421,1.004,0.0,0.0,1.027,0.0,1.002,19.488,0.0,2.051,51.297,391.734,10.047,13.955,3.902,7.111,1.007,59.047,79.93,0.0,0.977,4.972,2.956,28.973,4.863,0.98,0.0,2341.714,11.144,3728.736,20.535,0.0,0.991,0.0,5.012,14.814,0.0,7.13,8.812,46.103,11.79,4.11,99.099,0.0,11.862,1.942,2.032,37.423,0.0,0.0,8.749,2.993,0.0,28.621,25.204,0.988,40.513,2.99,166.589,49.482,0.0,343.129,56.417,1.985,63.512,0.0,0.0,6.07,390.308,60.184,8.824,7.944,0.0,2.059,23.673,19.339,347.622,0.0,16.354,0.0,10.004,13.116,0.0,6510.776,376.559,3.976,16.171,2.972,81.569,51.57,0.984,162.131,0.0,278.683,326.091,19.515,7.014,21.807,21.45,221.216,38.691,2.02,1.947,25.127,4.915,0.0,19.229,67.546,13.612,14.339,73.807,0.0,0.986,12.725,22.253,7.208,1.022,1.995,2.011,15.213,292.893,0.0,16.91,8.235,174.689,6.982,0.98,6.98,3.97,18.009,0.0,0.0,0.0,6.029,0.0,5.094,1.014,7.894,0.0,1.02,25.67,3.035,14.858,95.407,1.975,2.042,722.204,48.536,0.999,111.709,0.0,41.456,64.542,0.0,0.0,1.002,27.54,23.613,21.125,82.172,77.82,0.0,93.558,1.009,16.742,69.499,4.944,37.617,18.61,49.689,1.001,3.989,1.028,45.198,2.965,554.964,12.87,30.284,5.878,1.012,0.987,0.0,0.0,15.368,258.317,6.125,0.973,0.0,2.999,27.426,2.027,42.884,7.843,0.0,1.023,7.131,0.0,2.969,1.988,8.947,18.738,0.0,4.087,11.118,6.007,7.812,156.216,21.663,3.9,0.0,9.069,3.967,3.088,13.051,343.206,2.0,6.066,7.979,2.055,65.39,3.936,4.042,458.662,1.004,0.0,0.0,14.78,0.0,1.011,57.468,40.966,211.183,0.0,6.122,10.283,1.997,27.36,141.366,3.088,18.846,1.019,39.758,8.841,70.557,5.952,19.696,7.81,0.0,1.02,34.534,223.729,102.214,42.23,62.744,112.568,10.054,0.0,184.118,0.0,9.185,11.0,4.107,0.0,112.64,41.779,0.0,5.007,1.021,0.0,19.634,0.991,27.771,8.854,21.562,134.922,128.396,364.825,0.0,51.618,0.972,20.411,17.386,6.008,3.941,69.918,8.126,12.646,55.605,0.0,156.603,5.034,0.0,407.468,1.016,0.0,5.918,0.0,1.994,53.73,5.019,1.002,2.977,0.0,28.352,27.854,258.346,0.0,141.256,0.0,56.61,21.363,1.012,17.002,0.0,145.116,0.0,3.984,12.058,1.996,2.979,254.324,103.096,1.946,3.086,9.029,6.112,101.156,1.018,268.531,1.99,24.714,0.999,11.174,32.213,7.909,0.0,2.998,87.181,13.985,118.039,0.0,152.076,13.81,16.183,0.0,116.233,0.0,2.019,5.04,0.0,14.854,548.507,22.536,1.987,0.971,19.852,265.474,0.978,9.052,0.0,0.991,4.043,11.188,158.003,0.0,18.67,0.0,3.029,1.025,11.028,862.606,2.015,3.003,2.017,0.0,31.85,38.954,3.052,0.0,12.065,250.473,35.946,12.936,3.047,62.937,2.057,6.117,3.039,5.115,30.071,22.165,19.592,6.949,0.0,2.042,8.089,0.977,4.047,16.1,4.107,63.354,119.594,5.118,0.981,6.158,75.977,45.246,6.815,5.038,187.762,52.649,3.004,5.055,12.14,18.513,61.384,2.985,219.488,31.729,5.01,1.966,2.92,54.001,0.975,0.0,2.913,0.0,1412.464,0.991,164.226,1.013,0.999,6.016,24.166,10.978,94.184,0.0,9.116,9.019,1.012,0.984,2.954,38.901,6.881,281.117,75.223,24.657,0.0,15.098,36.612,0.992,23.522,2.034,422.244,13.137,2.999,4.01,3.075,18.335,23.352,11.307,6.06,57.977,111.72,28.277,19.241,33.91,45.666,0.0,6.885,11.153,1.026,case
GS036,B2,F,63,3.041,445.626,1.015,313.236,22.556,1.952,0.0,3.032,1.005,1.995,3.038,10.95,52.061,5.851,0.0,8.924,3.069,11.874,20.732,2.928,2.96,101.94,50.61,1541.871,8.835,0.0,0.991,17.499,2.961,0.0,20.562,0.0,1.03,96.911,644.067,21.744,4.0,6.812,8.214,0.97,110.142,133.354,0.982,3.884,1.027,3.944,44.775,11.674,0.992,9.068,1443.126,18.061,3325.041,37.581,0.983,1.025,3.04,1.02,1.998,1.952,6.834,23.08,3.991,6.913,7.861,266.147,1.008,22.169,0.991,1.029,24.154,0.981,1.027,24.266,2.03,1.967,74.706,9.763,0.991,36.039,1.996,268.166,22.155,1.022,761.045,105.261,7.978,152.334,0.0,3.027,7.066,683.195,195.57,9.885,15.969,0.0,1.941,11.142,0.0,193.112,0.0,11.119,3.085,11.751,7.954,5.863,2484.105,1042.897,0.0,16.409,2.057,87.371,64.602,3.076,198.43,0.0,83.627,1540.319,5.951,1.999,3.035,8.178,203.763,6.048,1.946,1.005,26.476,2.938,2.002,13.208,23.166,5.932,42.03,26.28,0.0,0.976,4.008,25.468,11.14,5.034,0.983,4.851,23.268,24.339,0.971,19.777,5.922,135.798,7.866,1.959,132.165,1.029,20.338,0.979,0.0,0.0,2.96,0.0,15.939,0.0,8.192,1.006,2.929,61.492,9.009,22.192,56.703,8.745,0.982,1016.076,26.961,1.006,70.063,0.0,65.54,297.439,1.025,0.0,3.065,23.261,58.302,11.268,93.94,108.458,1.008,56.12,2.016,17.969,1712.905,10.117,310.457,36.835,62.513,0.974,3.033,3.981,41.928,5.123,762.223,21.382,39.968,4.886,0.987,0.0,0.0,0.0,55.259,49.037,10.824,0.0,3.04,1.002,14.708,4.971,85.869,7.796,0.0,0.0,4.012,0.0,7.973,1.0,22.919,8.051,2.999,3.887,11.113,1.958,4.047,123.709,10.049,6.809,0.0,21.556,21.357,0.0,6.029,135.185,3.064,27.144,16.279,4.03,26.997,3.939,7.965,444.472,14.929,0.0,0.98,6.017,0.0,2.028,64.575,239.498,431.088,0.0,3.013,5.126,1.011,19.525,229.037,7.075,84.337,6.177,25.202,1.021,63.144,23.46,7.038,21.511,2.973,0.0,149.693,122.781,32.788,34.455,152.533,175.363,16.596,1.003,166.691,0.0,12.016,33.442,2.98,0.0,29.231,246.192,2.917,0.0,2.04,0.0,6.054,1.985,11.129,8.098,25.199,37.203,19.504,64.13,0.0,14.686,0.0,45.172,11.901,8.753,0.979,51.058,5.037,10.278,16.188,0.0,22.768,2.925,0.0,92.236,0.974,1.004,1.026,1.02,3.042,163.542,2.957,4.977,15.632,0.0,52.211,27.05,189.029,2.914,89.857,0.0,367.078,62.331,0.0,15.668,0.0,152.299,4.954,4.862,12.721,0.0,5.051,375.187,115.49,6.134,1.022,21.831,2.928,36.81,1.951,199.62,21.538,22.598,0.972,68.335,59.147,11.214,0.0,1.004,57.699,17.071,169.941,8.076,67.881,3.069,10.975,0.0,56.232,1.03,7.177,4.95,0.0,21.185,1204.41,68.902,5.983,0.976,35.984,229.427,0.0,3.949,4.853,1.027,5.915,3.023,355.288,0.0,87.696,0.0,2.994,0.995,17.531,496.017,1.023,4.074,12.283,1.012,26.59,59.486,4.906,1.012,24.974,348.844,42.229,4.998,3.079,25.524,3.91,0.971,0.974,5.114,86.06,17.142,41.596,23.737,1.969,1.014,1.968,0.992,4.039,76.337,3.919,101.159,343.085,4.982,5.983,5.995,192.273,13.956,6.164,130.272,105.229,88.481,3.907,12.043,34.78,27.628,97.848,1.956,339.784,9.918,15.526,11.294,4.014,329.014,1.0,0.0,5.105,0.996,1543.876,5.982,44.589,4.012,0.985,6.942,8.14,93.292,377.967,0.0,0.994,30.175,0.0,0.981,0.0,57.265,4.919,501.312,39.979,43.822,0.0,11.81,160.079,0.0,155.497,0.975,288.409,28.979,18.818,1.004,0.994,18.124,22.119,102.135,6.023,23.352,68.931,24.364,49.472,49.617,199.693,2.018,1.966,12.288,0.0,case
GS037,B2,M,42,0.0,297.327,0.979,308.455,7.911,0.0,0.0,1.953,0.0,0.0,0.994,1.005,19.817,5.96,0.0,3.958,0.0,17.77,39.045,0.991,30.502,102.326,39.023,1288.721,0.987,0.0,0.0,3.953,3.041,1.009,1.023,5.953,0.0,150.417,667.328,5.925,1.021,3.949,5.856,0.0,34.752,22.593,0.0,0.0,2.011,0.986,21.281,12.792,2.042,0.99,1446.146,17.4,316.629,11.973,1.961,2.041,0.0,0.0,24.721,0.0,17.309,12.213,16.739,29.216,4.919,97.151,5.01,46.223,1.987,0.0,15.937,0.0,0.0,53.006,0.0,5.105,51.45,16.42,5.099,7.879,0.0,32.504,63.681,1.015,256.326,43.277,2.026,10.799,0.0,4.048,5.959,48.669,170.464,10.107,9.053,0.0,5.004,0.98,3.946,134.932,0.985,5.848,1.028,4.917,3.04,10.861,4003.31,383.165,0.0,2.99,3.055,109.358,27.132,2.049,56.467,0.0,495.642,227.69,3.048,1.015,9.02,8.809,137.711,14.98,0.0,1.023,25.359,17.719,0.974,9.246,63.213,11.746,27.251,65.16,0.0,0.986,2.978,22.417,1.999,5.088,2.02,3.044,15.143,291.243,0.0,23.186,2.991,18.773,10.984,4.063,23.264,2.934,3.055,0.0,0.0,0.0,0.987,0.0,0.0,3.076,4.023,0.979,4.031,20.547,11.708,27.577,74.054,6.883,0.0,1085.583,16.798,7.017,55.385,0.0,10.289,24.722,0.978,0.0,0.978,74.685,87.824,10.989,81.015,33.308,0.0,67.421,3.056,8.102,522.884,0.972,76.564,7.056,27.196,1.009,1.946,1.997,24.61,0.99,111.549,9.094,17.039,5.019,1.004,0.0,0.0,0.0,16.019,192.219,8.049,0.0,1.004,0.0,5.904,7.915,98.663,0.0,0.0,1.011,0.0,2.007,2.035,0.0,6.832,5.035,0.975,8.849,14.403,5.868,0.984,73.698,2.952,5.016,0.0,14.3,6.933,2.0,1.943,374.259,4.003,52.456,0.984,3.022,26.261,0.999,0.0,240.588,6.853,0.0,0.0,8.017,0.0,2.967,50.938,72.201,203.565,0.0,4.93,18.209,0.0,13.919,95.897,2.023,2.968,5.134,24.605,0.976,67.77,8.797,28.22,9.085,1.989,0.997,90.818,100.213,45.014,38.691,46.476,91.009,21.359,1.005,63.712,4.862,5.111,36.072,7.172,1.026,60.215,246.824,0.0,1.018,0.0,0.0,13.386,3.969,4.015,2.05,15.548,34.101,31.041,115.042,2.032,26.13,1.01,19.717,6.874,1.99,1.028,16.535,13.645,3.04,4.976,0.0,44.073,2.052,0.999,178.288,0.974,4.06,4.959,0.0,0.0,30.026,1.025,1.008,0.997,0.0,32.942,20.598,229.169,0.0,56.696,0.0,156.558,22.103,2.06,3.037,0.0,168.425,0.98,6.862,6.873,0.0,5.858,145.355,68.759,4.082,10.075,15.857,13.679,5.887,0.0,51.159,18.817,7.065,0.0,15.307,28.384,12.011,0.0,4.118,16.885,9.0,124.269,3.993,38.864,9.173,46.126,0.0,38.952,0.0,12.269,19.497,1.006,17.468,380.645,28.768,1.952,1.015,76.227,244.018,1.022,8.917,0.997,0.0,1.018,3.002,411.538,0.0,25.511,0.0,0.988,1.029,9.925,629.86,0.984,2.007,4.878,1.022,1.992,40.883,0.0,0.0,32.631,125.959,26.364,3.888,2.023,19.845,0.0,7.801,0.0,4.087,28.597,14.022,16.98,3.908,3.974,3.017,7.176,0.0,0.0,87.981,0.98,33.935,29.431,22.408,1.97,4.024,35.388,10.722,5.833,83.559,175.839,36.264,6.08,2.039,41.825,8.872,47.978,5.823,84.49,60.6,2.989,6.863,0.0,81.858,0.0,0.0,6.062,0.0,564.105,0.983,188.977,9.085,0.0,1.025,8.136,82.577,79.893,0.0,12.907,18.752,0.0,0.0,0.993,19.8,7.928,511.473,33.251,9.867,0.0,13.17,95.119,1.022,58.392,3.925,186.379,30.618,5.881,0.99,1.022,11.741,15.315,60.657,3.968,41.136,179.532,31.688,23.923,53.549,23.565,0.0,1.941,10.864,0.0,case
GS038,B2,F,65,0.0,2357.449,0.0,128.618,41.11,0.0,0.0,1.013,1.023,5.937,0.0,8.938,34.043,20.79,3.041,19.514,4.038,30.122,236.133,1.009,15.323,90.454,27.808,282.618,11.672,0.0,0.0,3.902,7.194,0.985,6.03,10.268,4.01,330.414,1921.71,11.981,23.616,3.984,4.049,1.028,62.364,103.703,1.007,8.964,5.077,4.934,133.318,21.394,3.981,2.942,2736.545,3.014,5228.054,49.075,4.078,0.984,0.0,2.008,20.732,1.02,19.761,6.087,22.151,9.218,4.07,503.297,0.993,13.863,0.0,3.91,26.526,0.987,1.998,28.565,0.972,7.898,95.506,4.882,0.97,32.862,8.856,238.029,42.634,0.982,610.771,123.139,0.0,138.794,3.891,8.751,0.977,404.431,138.874,65.989,12.054,1.022,1.01,44.655,4.892,526.626,0.0,27.373,4.861,2.034,23.62,6.79,12394.15,462.721,1.026,6.127,1.016,116.291,42.392,1.017,615.124,0.978,68.067,457.263,45.775,1.018,10.113,7.192,442.09,25.825,4.885,6.876,54.394,23.202,1.016,45.821,37.652,38.023,76.08,53.159,0.0,0.986,7.786,23.409,12.164,5.945,3.023,6.071,20.294,260.787,1.024,18.584,11.004,248.229,25.382,3.063,37.334,12.345,6.025,0.99,0.0,0.0,3.978,2.036,18.545,1.985,8.219,0.0,2.937,61.864,23.274,65.663,117.496,19.174,2.025,1239.293,12.352,7.062,151.256,0.0,73.343,140.636,0.977,0.0,2.007,42.862,67.991,34.471,117.418,103.924,0.0,42.868,0.989,38.327,1501.786,2.929,392.488,38.943,44.78,3.056,2.029,15.185,30.594,1.948,510.964,39.964,5.135,9.942,0.994,3.058,0.982,0.0,54.401,181.021,36.22,0.987,0.974,1.986,28.563,2.009,64.037,3.042,0.0,15.98,0.0,1.94,9.075,1.978,15.627,24.087,3.891,1.018,17.532,13.017,9.094,254.079,15.578,4.909,0.0,218.366,35.312,2.035,14.656,534.037,2.978,43.552,3.967,11.169,27.302,4.024,2.044,965.547,32.213,1.015,0.0,21.415,0.0,5.824,91.549,139.525,93.862,1.954,3.945,16.924,1.025,73.594,372.526,8.104,61.852,8.048,55.329,12.831,144.84,52.178,20.475,16.723,1.996,3.017,113.285,293.663,88.275,16.066,277.61,51.622,28.352,0.975,507.417,3.945,10.247,66.549,21.131,0.0,233.8,219.601,3.958,5.957,7.11,0.973,1.998,8.169,12.799,27.164,61.858,91.674,20.869,457.454,0.0,64.483,3.014,104.624,26.518,13.279,3.076,100.161,3.894,19.544,69.931,0.0,206.396,0.986,0.0,356.54,0.0,3.0,7.023,0.0,1.022,165.187,0.0,2.95,29.574,0.979,41.06,30.102,342.153,0.0,118.856,1.019,790.424,8.077,0.97,11.116,0.0,98.461,4.028,14.152,23.886,1.978,1.012,316.525,190.801,11.041,7.103,36.344,44.504,13.936,2.046,200.638,20.693,7.124,0.0,58.643,92.165,16.41,0.983,6.902,104.011,16.093,436.712,1.018,214.282,25.463,17.243,7.06,84.462,0.0,17.888,8.864,0.0,22.124,582.784,121.383,4.006,3.031,83.845,271.065,1.022,2.008,2.989,2.034,6.157,20.784,303.338,0.0,65.992,1.017,0.0,12.204,42.231,635.933,3.95,2.969,10.785,0.0,7.929,61.479,3.956,0.982,28.866,624.854,32.695,13.046,3.034,15.547,11.064,9.136,0.0,31.317,74.16,2.003,7.98,7.86,7.168,10.03,6.81,0.981,6.922,37.21,6.986,82.021,62.876,9.042,1.98,20.438,444.822,44.982,2.034,80.77,439.231,132.378,11.113,9.14,66.058,17.165,332.201,2.956,282.704,167.796,28.546,26.763,0.0,154.953,0.0,0.0,7.072,0.996,804.397,5.864,442.791,6.892,2.031,20.617,23.536,55.764,61.12,0.0,11.106,34.389,4.871,5.005,1.95,68.479,6.133,2297.199,51.383,24.557,0.0,9.719,25.588,0.0,177.2,10.209,349.479,71.353,5.027,5.916,1.008,6.114,3.067,21.774,6.833,24.604,304.595,19.432,17.049,135.558,25.022,0.0,5.991,9.013,0.987,case
GS039,B2,M,36,0.0,396.067,0.0,82.084,18.851,0.0,0.0,3.034,0.0,2.046,1.973,0.0,13.88,18.714,1.004,2.962,2.027,15.674,170.031,2.986,8.772,61.288,34.921,1580.103,2.016,0.0,0.0,7.11,2.039,1.992,18.349,2.993,2.05,484.82,379.631,7.158,6.054,12.061,7.076,3.96,45.813,66.31,1.017,0.0,2.041,1.002,58.15,11.166,0.992,5.133,1978.129,20.452,1632.176,9.744,2.042,1.981,1.02,0.0,26.371,2.034,18.387,2.022,39.491,67.907,12.858,575.125,2.016,51.686,1.027,3.036,17.268,0.978,0.0,7.872,2.953,1.025,38.234,2.912,1.995,7.902,0.0,28.264,70.932,0.0,669.805,45.614,0.976,77.949,0.0,5.058,6.85,201.741,38.903,10.011,31.255,0.0,3.003,2.93,5.865,50.967,0.0,21.1,0.0,2.945,2.983,23.378,8556.853,80.82,0.0,24.601,2.036,96.375,55.671,5.835,326.356,0.0,64.069,327.765,20.432,1.98,5.922,2.035,561.742,20.372,0.0,6.076,38.835,13.043,0.0,11.066,39.8,46.091,111.605,30.548,0.0,0.0,4.976,33.011,1.0,8.746,6.116,0.99,18.723,568.04,0.0,17.05,10.169,103.289,8.017,10.872,40.69,5.031,22.391,1.006,0.0,0.0,1.949,1.947,9.735,1.008,9.783,0.993,1.016,56.885,32.203,52.377,160.479,15.574,0.0,2174.538,38.295,3.049,110.5,0.0,31.172,115.504,0.0,0.0,2.941,90.126,15.934,14.925,34.151,62.196,0.0,44.209,3.901,8.82,533.708,24.223,355.386,21.617,51.034,0.978,0.0,4.994,44.492,0.97,604.598,6.155,11.272,3.038,2.943,1.018,0.0,0.971,22.077,487.527,12.98,2.993,0.996,10.143,20.431,1.982,39.39,2.005,0.991,3.962,3.034,0.972,2.949,0.0,15.32,43.818,0.0,10.129,19.685,2.925,14.734,21.781,13.731,2.946,0.0,22.088,12.334,3.007,1.98,504.511,4.931,33.174,8.172,1.953,19.179,1.003,3.018,130.047,14.404,0.0,3.024,10.264,1.001,10.151,270.333,111.696,100.298,0.0,6.156,14.718,1.987,20.493,142.027,1.957,47.814,4.946,17.808,9.257,51.019,20.845,6.977,7.835,1.964,0.0,53.584,457.558,18.226,5.842,57.189,47.963,3.94,0.0,144.907,7.941,7.809,14.89,5.85,0.986,186.967,360.929,0.97,1.99,1.949,0.0,14.291,4.092,18.747,5.915,17.173,199.863,132.86,271.172,0.979,52.596,0.0,79.841,18.841,1.965,2.997,38.152,3.932,30.575,48.807,0.974,165.587,6.126,1.01,231.552,0.0,2.05,10.846,0.988,2.014,120.799,7.792,0.976,11.234,0.981,14.243,15.55,158.212,1.007,95.702,1.003,145.634,2.946,0.995,6.925,0.973,147.239,5.12,6.971,16.009,0.0,7.86,131.74,198.777,8.873,8.877,16.781,25.712,62.364,1.017,100.579,19.434,7.102,0.0,92.412,61.93,7.803,1.003,0.0,34.733,13.084,231.102,1.969,137.8,2.048,15.834,3.059,63.33,0.0,27.628,4.036,0.0,68.448,610.157,29.566,1.01,2.946,83.842,478.073,1.952,2.935,0.0,0.0,13.069,14.02,168.463,0.0,163.922,0.0,0.0,3.929,17.333,872.249,3.08,1.023,5.089,0.0,21.578,29.181,2.002,0.0,43.083,168.491,29.267,6.02,1.999,62.805,0.987,6.058,0.0,7.137,43.185,14.981,21.682,16.25,7.814,0.0,0.99,0.0,3.085,19.43,0.0,183.977,85.712,20.34,6.019,21.329,193.669,11.115,4.912,52.515,228.956,18.44,6.078,7.78,8.875,20.766,43.851,0.975,214.847,39.034,14.877,7.091,1.968,219.818,0.0,0.0,2.965,1.985,1673.856,10.818,248.553,2.979,0.0,1.015,12.832,68.394,167.018,1.007,42.318,61.521,5.048,7.913,0.0,36.123,12.252,776.628,24.628,28.462,0.0,34.215,99.726,0.0,87.162,0.974,826.243,104.306,18.522,2.945,3.998,29.888,28.837,46.643,7.153,41.859,110.195,108.458,22.112,153.499,70.528,1.956,9.97,9.704,0.0,case
GS040,B2,F,76,9.053,578.576,0.994,479.287,32.375,1.022,0.0,0.973,1.011,7.146,0.0,10.842,30.662,22.178,1.015,6.849,6.01,11.268,254.253,1.957,12.899,62.25,75.007,1148.269,2.928,0.0,2.911,10.08,1.983,2.007,13.92,7.073,2.054,126.268,1242.588,10.846,16.3,6.813,6.151,1.016,171.003,128.002,2.06,6.997,11.321,2.024,89.728,17.143,1.022,0.0,3600.427,4.113,4950.593,42.004,3.071,4.021,1.944,2.008,8.076,4.11,21.999,24.371,70.243,29.341,4.884,661.244,5.013,39.079,1.016,4.884,18.051,0.991,0.994,41.943,1.95,4.101,156.578,9.215,4.075,15.249,4.959,251.598,87.396,0.0,363.118,67.681,5.039,135.826,2.004,5.041,2.937,378.445,162.394,14.646,16.684,0.0,8.191,23.648,2.046,316.764,0.0,17.928,2.018,8.075,14.221,8.784,12789.669,638.305,0.0,33.455,1.007,73.937,82.648,2.918,323.992,0.0,346.661,272.98,10.269,1.957,17.184,11.311,374.657,41.877,3.009,5.854,42.642,8.963,2.057,23.351,33.517,43.091,59.29,28.234,0.0,1.012,6.797,32.379,1.958,22.065,5.07,0.999,21.248,696.041,0.0,13.614,3.068,102.905,20.477,6.01,53.598,7.095,35.87,0.998,0.0,0.994,15.962,4.86,15.256,1.96,2.983,0.0,7.003,40.715,8.141,9.962,262.94,13.111,1.019,2960.966,120.999,11.708,131.95,0.0,93.109,84.495,2.017,0.0,2.007,61.645,38.879,29.05,70.431,132.688,0.0,46.366,0.0,32.094,659.096,9.02,247.2,20.944,87.697,0.0,5.051,2.96,41.564,2.912,162.105,6.889,152.061,16.448,2.91,0.0,0.0,5.027,11.15,375.393,34.447,0.0,0.0,4.868,20.858,0.0,108.488,7.935,0.0,13.972,5.136,0.0,5.146,0.976,1.027,20.467,4.061,20.365,19.455,3.929,5.979,69.291,21.364,1.958,0.0,107.95,24.751,5.837,8.907,123.975,4.972,27.654,15.102,7.027,23.26,6.946,1.972,990.351,10.165,0.0,0.0,4.029,0.984,3.088,381.479,27.062,109.994,4.047,8.003,47.641,2.06,30.769,442.738,1.964,21.53,1.025,33.952,16.023,50.042,49.372,49.062,16.03,2.028,6.125,61.724,236.745,86.091,15.537,64.443,91.666,14.641,3.938,170.628,12.657,20.168,83.382,17.084,1.023,147.352,96.336,1.005,4.056,1.0,3.069,22.323,0.976,22.353,10.91,30.179,104.843,173.453,152.437,0.0,51.984,1.008,37.372,14.699,5.97,1.016,81.99,19.279,17.535,76.846,2.041,199.198,7.103,1.01,458.281,2.027,2.985,6.035,0.0,0.0,115.148,2.93,1.015,14.23,0.0,41.787,28.238,172.823,0.979,61.072,0.0,708.058,77.68,1.969,5.847,3.899,198.761,1.961,7.2,7.033,0.0,1.983,282.02,91.983,16.676,22.72,10.25,20.087,18.795,0.0,146.179,3.881,9.006,0.0,23.394,71.29,5.001,1.03,4.925,32.343,17.072,98.896,3.886,63.66,13.939,25.283,1.955,210.561,0.0,24.164,17.427,0.981,43.229,668.787,142.908,1.027,2.915,39.144,267.421,0.0,5.983,2.054,0.975,8.749,8.195,724.136,1.998,117.693,0.0,3.069,2.035,17.403,678.76,1.954,3.894,14.202,0.0,27.23,36.454,0.977,1.971,95.149,145.495,65.517,16.126,9.713,24.323,1.01,24.598,0.993,15.888,66.298,41.028,26.626,13.895,3.051,7.826,2.91,1.947,2.011,51.214,4.082,102.556,104.341,4.886,10.282,25.822,262.079,83.82,0.985,80.784,103.267,55.021,10.809,10.132,65.348,21.154,133.097,2.978,45.89,170.823,7.814,19.167,8.224,658.234,1.986,0.0,6.804,0.0,1809.056,12.211,375.15,1.948,0.995,0.981,50.277,77.224,47.592,1.013,56.94,11.147,0.0,8.891,11.292,57.062,6.965,255.378,21.363,42.19,0.0,21.44,166.165,2.008,70.23,4.034,78.831,58.495,18.935,1.942,1.009,8.152,9.856,99.985,5.085,86.647,124.455,146.62,14.23,66.027,113.638,0.0,0.994,7.057,0.0,case
GS041,B3,F,47,8.755,90.924,0.998,51.803,43.052,3.061,0.0,0.0,0.979,5.991,8.965,0.984,57.874,25.484,2.955,3.992,4.016,7.955,54.054,4.116,47.141,49.793,86.668,929.2,14.592,0.0,0.0,10.818,1.001,0.0,1.983,1.985,1.962,276.89,729.544,6.095,2.983,4.9,2.953,2.958,141.793,33.874,2.93,1.989,2.049,3.005,182.163,3.018,0.0,7.166,695.997,9.103,1530.6,27.718,0.977,2.974,3.026,0.0,12.098,0.0,38.926,3.015,18.374,23.595,26.246,1296.608,0.0,66.173,4.055,1.986,34.57,0.0,0.0,61.046,0.0,4.056,118.438,30.395,1.004,48.824,1.99,330.309,88.358,0.0,28.354,18.467,1.997,79.598,26.706,4.91,5.841,112.232,111.649,39.622,62.834,0.0,8.828,6.989,16.118,57.221,0.0,3.932,0.0,21.193,24.489,3.022,9966.384,87.067,0.0,15.698,0.0,200.774,40.771,1.996,112.364,0.0,396.974,604.67,50.785,1.002,2.989,20.439,207.82,83.382,0.992,4.084,28.382,3.993,1.026,49.261,30.605,10.218,84.651,93.815,0.0,7.898,2.031,22.218,3.01,14.378,2.051,2.056,18.826,308.043,0.0,11.11,7.127,102.972,1.002,8.76,98.091,2.04,3.036,0.0,0.0,0.0,5.004,2.048,15.088,0.0,5.127,0.0,2.02,18.281,47.755,25.179,286.83,5.906,3.08,4331.986,20.795,1.023,46.666,0.976,4.97,101.424,3.904,0.0,3.013,102.608,112.204,15.368,54.482,83.619,0.0,122.089,0.0,22.679,397.405,5.075,577.592,36.105,37.404,0.976,6.126,2.057,27.597,3.923,139.704,14.093,14.716,3.903,3.943,2.005,0.0,0.0,13.605,106.256,3.934,1.028,0.97,1.025,9.227,0.999,88.88,17.462,1.019,3.912,5.92,0.0,1.008,1.02,11.767,28.536,1.009,8.846,24.962,23.072,2.919,72.533,12.66,8.025,0.0,24.669,7.106,0.0,4.936,175.979,17.065,34.827,5.098,8.111,84.24,2.926,2.974,161.949,12.036,0.0,0.0,9.961,1.001,1.006,147.42,22.411,114.242,1.998,0.0,35.704,1.008,33.129,111.727,2.004,28.264,3.035,12.994,3.063,16.856,67.422,28.503,11.963,4.081,6.144,39.646,30.888,141.909,59.471,133.79,87.962,3.08,5.082,187.632,0.988,6.076,13.326,4.977,0.0,35.995,71.122,0.974,9.011,0.0,0.0,16.305,2.978,8.769,31.016,57.276,327.84,36.832,57.475,3.049,99.231,6.061,31.561,0.994,10.953,0.99,118.752,11.051,4.956,28.36,1.947,95.257,18.838,0.0,135.007,1.997,3.9,2.045,0.0,4.04,159.519,14.667,5.004,9.258,0.0,13.164,17.663,48.033,0.0,119.032,1.004,352.001,6.057,0.0,4.904,2.016,171.814,0.0,6.851,11.128,0.0,4.863,20.796,50.696,27.52,31.216,1.994,12.082,103.922,0.0,198.721,13.821,60.631,1.008,18.463,166.397,6.045,0.0,2.032,45.339,10.791,91.995,0.0,52.021,43.952,21.358,2.988,25.825,1.016,15.993,30.462,0.0,63.205,432.269,62.357,2.979,1.992,17.355,155.567,3.069,2.015,1.998,0.0,1.962,2.934,153.621,0.994,27.809,0.0,0.974,4.022,0.0,55.541,1.98,3.993,3.97,0.0,84.059,45.357,0.0,0.0,31.761,419.722,34.752,0.993,2.002,21.9,0.0,3.93,0.0,13.995,70.226,2.978,3.029,13.744,3.919,1.023,2.977,5.976,12.725,20.155,3.062,104.905,103.96,19.904,2.031,9.163,103.856,297.219,4.063,10.086,70.211,40.603,4.005,7.078,32.978,21.921,98.134,4.984,148.447,59.974,2.0,19.918,1.968,90.464,0.0,0.0,10.811,0.991,687.132,15.561,72.206,0.982,1.03,4.046,26.342,55.8,179.727,0.0,9.138,42.748,0.98,4.851,0.0,33.473,15.573,2000.208,25.539,33.018,0.0,15.422,65.59,1.01,180.071,1.01,92.914,56.506,2.988,0.0,0.0,12.831,13.75,35.332,3.03,15.839,243.121,11.221,98.589,17.693,96.257,0.0,7.128,5.9,1.951,control
GS042,B3,M,46,2.018,117.466,0.0,122.312,10.868,4.952,0.0,1.954,0.977,2.925,2.954,5.037,58.296,0.0,2.06,13.067,0.99,5.113,200.678,0.0,10.085,165.256,56.061,1254.591,12.976,0.0,0.0,31.082,1.967,0.0,0.0,0.988,0.0,211.995,1024.199,3.051,13.997,2.965,1.941,0.0,28.968,57.861,0.995,2.994,7.063,4.055,15.917,7.05,1.966,6.908,268.523,8.743,1393.851,36.654,0.0,0.99,1.014,2.008,3.97,0.977,54.616,4.047,16.412,4.045,21.433,67.269,0.99,36.68,0.0,4.012,9.098,0.0,0.0,78.049,2.921,8.813,34.999,8.175,0.977,14.162,0.976,286.398,55.969,0.0,106.795,18.552,1.029,67.005,7.159,2.946,4.111,108.888,12.257,83.005,29.779,0.979,5.935,0.985,1.954,58.33,0.0,15.266,0.977,1.98,11.972,3.894,2946.069,280.402,0.0,47.958,0.0,260.472,63.248,0.998,108.48,0.0,106.209,514.998,11.99,0.0,21.378,38.54,28.795,13.973,0.971,3.089,32.666,6.113,0.0,30.648,10.831,10.94,141.564,35.232,0.0,8.084,3.02,6.968,0.995,12.904,3.083,3.902,80.127,99.093,0.978,13.339,5.02,293.492,9.93,0.0,88.335,0.0,24.396,1.016,0.0,0.0,3.007,0.0,2.933,0.0,1.994,2.973,0.996,12.768,5.097,23.803,79.244,11.852,0.974,2990.118,37.269,0.0,56.796,0.0,10.198,18.685,7.093,0.0,0.0,99.953,36.667,12.877,168.214,91.153,0.0,90.7,5.833,10.88,407.385,8.024,145.512,10.23,14.679,1.006,2.942,2.91,28.329,0.0,70.815,12.963,32.76,1.963,1.03,0.0,0.0,0.0,35.956,31.857,10.285,0.0,0.972,0.0,3.066,2.055,86.069,9.235,0.0,8.982,6.005,0.0,4.05,1.025,32.729,30.773,0.0,4.931,7.185,2.045,3.882,34.447,45.094,5.952,0.0,42.129,1.969,6.817,10.873,17.981,9.743,62.995,29.515,3.02,33.635,2.997,0.0,74.164,6.79,0.0,0.0,17.608,1.006,1.975,93.988,111.21,45.2,0.0,3.939,10.881,0.981,24.285,113.791,5.048,32.101,9.743,11.97,2.021,26.743,55.725,11.184,39.062,2.044,4.01,31.165,34.572,76.787,7.921,54.016,75.883,2.951,2.036,316.15,1.987,6.097,18.175,5.945,0.0,155.209,159.845,0.0,5.85,1.024,0.0,8.104,4.012,3.937,7.112,11.049,129.546,75.781,19.106,2.031,26.652,0.0,7.805,3.982,7.102,0.0,47.905,40.562,5.908,24.586,0.991,126.487,12.284,0.0,96.766,0.0,2.986,0.977,1.001,1.971,84.399,0.981,4.11,1.006,0.0,14.16,8.066,49.516,0.0,109.256,3.089,280.939,7.194,1.028,3.956,0.0,44.937,5.943,1.988,11.678,0.0,2.04,83.454,52.284,10.674,13.174,5.041,10.08,64.231,1.007,69.155,18.293,13.251,0.0,72.319,28.368,8.132,0.0,1.005,7.986,3.981,46.702,2.048,91.037,9.096,14.939,7.006,69.121,0.0,11.927,12.932,0.0,51.491,282.424,54.729,0.995,0.996,10.779,62.526,0.0,1.97,5.068,0.0,3.082,21.367,274.028,0.0,21.625,0.0,0.0,5.07,6.01,53.177,2.926,3.032,5.878,0.0,18.073,17.953,0.975,0.0,13.089,191.209,25.467,5.923,1.005,24.845,0.977,4.955,1.013,10.91,129.355,20.996,13.165,10.94,1.006,4.077,4.035,3.079,19.53,68.449,0.985,140.604,104.024,22.289,1.943,5.085,72.645,91.199,3.086,46.323,30.171,47.717,11.199,4.096,30.997,17.716,45.866,8.085,128.061,14.832,15.606,11.658,2.019,118.429,1.014,0.0,4.055,0.998,1462.36,17.511,24.254,2.001,0.973,2.038,18.052,265.491,347.934,0.979,18.016,98.893,3.028,4.096,3.887,43.67,5.989,1879.209,30.609,27.591,0.0,21.102,10.08,1.961,30.723,0.99,125.802,49.716,21.579,1.023,6.905,8.874,13.092,26.261,6.891,9.172,108.068,3.989,32.756,18.263,41.533,1.028,0.0,0.0,2.039,control
GS043,B3,M,75,8.176,156.926,0.0,110.88,22.99,4.995,0.0,4.007,0.0,0.984,1.958,0.0,52.774,15.426,0.974,3.062,1.96,5.917,197.438,7.092,4.071,52.006,71.919,73.989,11.913,0.0,0.0,7.83,0.979,3.939,0.0,3.037,0.0,172.447,113.345,1.984,6.051,13.01,0.0,0.0,5.124,59.07,0.0,1.993,4.041,1.993,89.998,16.918,0.991,2.058,344.48,1.005,2447.792,23.121,2.019,0.975,3.086,0.988,1.008,3.972,39.493,2.987,11.158,4.016,0.982,288.677,0.0,80.616,2.982,0.0,20.077,0.0,0.0,58.007,0.0,0.978,32.485,14.248,0.0,7.864,0.978,13.81,30.75,0.0,249.125,19.612,0.998,34.183,5.987,1.985,4.096,94.927,69.147,11.15,54.775,0.0,6.03,0.0,10.073,95.37,0.0,6.107,0.97,13.625,26.085,3.907,2343.074,339.611,0.0,37.799,0.0,33.449,41.166,1.008,167.363,0.0,50.831,220.001,12.962,0.0,5.137,14.551,342.125,3.981,1.011,0.0,7.985,2.055,0.0,11.688,19.189,10.059,174.604,55.244,0.0,0.997,2.976,49.971,3.899,11.967,0.0,3.967,12.02,252.293,2.017,7.872,3.058,65.231,0.996,3.949,64.34,3.968,9.826,0.0,0.0,0.0,0.983,0.0,12.264,0.0,0.0,0.0,0.977,2.012,20.582,12.938,73.57,0.981,0.0,1316.967,36.338,0.988,26.705,0.0,3.883,21.637,0.0,0.0,1.01,41.291,22.36,6.835,29.705,43.061,0.0,39.889,4.932,31.149,904.598,0.0,297.549,53.445,37.644,0.991,1.972,3.024,47.125,3.04,97.147,10.914,9.168,4.941,1.958,8.027,0.0,0.0,9.261,13.084,8.091,2.007,0.0,1.984,5.06,0.994,77.117,3.884,1.019,7.04,2.965,1.022,3.91,0.0,21.909,22.417,0.0,12.989,7.874,4.937,2.028,35.187,35.734,1.956,0.0,34.181,19.304,0.993,4.883,81.137,0.999,37.322,7.825,6.896,54.269,0.0,2.006,190.305,4.957,0.0,0.996,2.002,0.0,4.048,136.454,108.312,50.847,4.939,1.004,3.056,0.0,46.071,71.745,0.0,10.062,1.995,4.061,9.918,12.96,47.726,9.204,7.855,1.01,0.0,51.349,17.46,28.781,28.249,138.295,179.568,0.988,0.0,49.869,3.08,11.672,10.722,5.053,0.0,67.743,48.545,1.029,1.026,0.983,0.0,4.098,5.044,2.942,17.65,4.078,119.021,23.241,57.914,2.005,11.309,0.975,7.981,6.938,10.104,1.954,65.696,16.369,0.0,25.805,0.0,185.17,15.841,1.968,70.119,0.985,1.016,0.0,1.015,0.0,70.702,0.0,0.0,0.0,0.0,13.103,5.103,47.645,2.052,11.988,0.989,219.592,17.742,0.0,6.157,1.021,54.836,3.961,2.056,11.31,0.991,1.012,2.981,23.389,0.994,19.221,1.965,9.07,93.092,0.0,97.915,10.771,19.795,0.0,58.904,73.309,2.992,0.0,2.999,9.265,6.077,57.584,0.0,51.274,6.12,15.959,0.0,30.705,0.0,3.063,5.002,0.0,10.966,477.922,32.247,3.072,3.069,11.112,114.224,2.015,1.969,1.007,0.0,3.0,15.228,27.016,0.977,18.926,0.0,0.0,1.022,13.105,26.17,1.958,1.003,0.984,0.0,29.273,9.931,0.0,0.0,15.902,309.682,4.01,2.922,4.038,30.793,3.026,8.146,0.0,4.899,73.854,5.864,3.042,3.978,1.971,1.951,3.042,0.0,11.984,81.334,0.985,89.052,33.32,13.334,2.929,6.868,124.878,21.532,5.093,11.007,8.951,68.536,1.029,1.986,24.137,9.999,47.149,0.0,71.584,10.209,10.205,5.855,0.0,49.585,0.0,0.0,0.0,0.0,834.589,9.724,36.115,1.97,3.003,1.017,36.881,82.501,133.233,0.0,7.173,33.146,0.974,2.029,0.0,134.695,14.262,831.005,8.233,13.176,0.0,9.108,12.787,1.953,38.757,0.0,44.54,31.644,8.746,4.865,3.02,1.011,10.19,35.481,2.031,3.976,74.871,4.964,51.107,12.809,40.482,0.0,0.994,0.975,1.997,control
GS044,B3,M,54,9.832,210.449,2.048,107.901,19.87,0.0,0.0,0.982,0.981,2.041,1.99,3.974,46.429,7.075,0.981,6.034,0.0,4.028,172.98,0.0,4.997,116.926,42.107,752.899,4.911,0.0,0.0,9.832,2.056,0.0,1.944,1.029,1.008,255.467,382.686,5.056,6.067,11.316,6.045,4.007,14.555,93.223,1.015,7.199,3.019,3.044,45.294,7.786,0.0,2.963,479.845,10.87,1250.98,9.701,0.996,5.124,3.988,1.948,4.904,4.099,23.205,4.011,14.596,34.056,11.131,1063.91,1.025,66.772,3.972,6.156,9.955,0.0,0.0,17.221,1.021,6.068,163.78,17.518,1.975,39.301,2.036,43.121,105.829,0.0,504.256,9.938,0.0,56.118,13.029,5.129,0.0,104.747,130.838,47.181,172.558,0.0,9.806,1.995,3.019,30.63,0.0,5.108,1.008,25.377,29.041,3.883,1212.485,324.108,0.0,12.669,0.0,95.524,24.646,2.038,87.156,0.973,223.704,209.002,28.769,0.0,6.081,12.964,420.095,2.015,0.996,2.046,24.52,33.542,0.0,31.255,9.038,5.128,134.973,117.468,0.0,0.0,3.036,15.36,4.999,5.116,0.0,5.971,2.055,83.409,0.999,20.18,6.797,213.329,12.324,3.944,103.255,5.851,10.059,0.0,0.0,0.0,2.049,0.0,5.824,0.985,3.895,3.002,2.052,26.38,16.07,25.724,241.033,5.022,0.0,1150.473,63.528,0.0,49.928,1.021,4.924,20.258,1.025,0.0,1.001,14.18,34.075,6.942,97.264,88.437,0.0,15.683,5.096,5.051,588.675,0.986,455.951,11.138,47.876,3.025,0.997,0.0,87.688,3.972,93.201,11.797,26.778,3.907,2.016,4.065,0.0,1.991,26.484,109.264,5.026,0.0,0.0,1.019,25.546,3.022,69.89,1.003,0.0,12.171,2.023,1.016,5.832,1.945,36.78,98.181,0.0,6.156,14.16,29.443,4.063,28.091,12.674,1.949,0.0,51.343,4.867,0.0,2.0,311.64,7.763,24.658,12.866,6.794,42.828,2.017,0.992,627.767,8.744,0.0,1.973,27.194,0.0,1.014,17.222,52.954,18.955,0.0,2.03,28.659,0.0,14.093,123.135,10.183,27.996,1.962,23.073,0.0,9.757,4.995,24.577,20.051,4.862,3.882,43.205,63.245,46.588,2.933,152.331,97.49,1.027,0.984,121.355,2.025,6.032,6.023,2.985,1.004,119.69,74.201,0.995,1.961,1.028,0.0,2.994,3.052,3.92,2.012,18.37,74.216,40.626,57.089,0.0,92.565,0.998,16.469,6.02,5.925,0.988,11.698,23.759,9.879,42.1,0.0,259.533,13.124,3.012,108.596,0.996,1.011,1.992,0.0,0.0,123.853,5.905,4.052,6.119,0.0,31.539,16.344,77.253,5.947,134.105,0.0,188.582,14.698,2.013,15.266,0.0,71.282,6.987,7.128,20.575,0.0,5.064,14.195,56.242,3.076,13.92,5.024,4.029,234.903,0.0,206.583,10.936,20.272,0.0,13.149,174.797,18.837,0.0,9.733,28.353,1.013,34.99,1.027,16.005,3.041,25.719,4.008,384.364,0.0,5.979,3.939,0.975,59.959,202.429,71.05,5.939,0.0,18.533,227.535,1.004,0.995,0.983,0.0,2.98,16.251,170.817,1.008,98.376,0.0,2.029,6.121,11.088,51.26,0.0,1.017,0.971,1.955,15.246,5.002,4.055,0.0,21.595,193.586,12.216,9.051,4.917,6.093,0.977,18.108,0.0,16.548,26.023,35.911,15.14,11.039,3.882,0.0,0.0,0.997,3.915,47.871,2.052,82.242,57.336,16.694,2.966,2.024,48.45,22.359,8.154,18.926,57.584,52.094,3.956,1.944,7.065,10.81,50.175,4.0,87.385,7.981,10.819,32.566,0.0,120.383,0.0,0.0,0.999,0.0,350.192,21.498,74.407,2.008,0.0,4.908,27.002,84.2,98.338,1.963,30.596,63.019,1.994,2.051,1.016,56.608,30.799,2073.939,32.072,21.685,0.0,12.204,20.339,0.0,37.281,0.995,42.948,50.339,6.808,2.052,6.824,2.953,1.997,30.203,5.03,8.901,69.636,7.876,14.768,10.292,9.925,0.0,1.997,2.981,3.048,control
GS045,B3,F,34,24.675,667.65,0.971,283.965,26.572,6.003,0.0,1.016,3.083,7.034,3.064,0.0,79.172,8.753,3.999,4.01,2.946,12.954,113.854,4.01,23.629,85.01,39.223,749.883,34.845,0.0,3.92,21.035,0.0,1.022,0.0,4.043,4.004,198.141,305.7,5.104,12.724,5.049,0.0,5.098,55.917,48.678,1.943,2.918,4.904,1.019,23.599,3.015,6.932,8.829,1829.551,14.317,2204.592,55.941,0.0,2.91,0.0,1.007,4.018,0.995,21.482,13.68,16.53,6.062,14.89,366.685,0.0,91.277,0.0,0.0,40.517,0.0,0.0,33.78,1.943,4.906,126.356,15.074,1.001,2.032,0.979,639.867,28.846,0.0,336.389,11.744,2.005,45.828,3.917,0.997,7.769,159.448,85.717,55.057,142.135,0.0,4.897,3.027,5.836,89.021,0.984,18.972,1.014,15.899,19.065,2.048,4521.198,403.745,0.0,24.176,2.004,84.048,19.81,1.026,141.944,0.977,234.711,659.619,12.797,0.981,6.064,18.538,482.673,5.1,3.084,8.119,17.482,21.495,0.0,41.587,26.796,15.767,48.611,49.821,0.0,7.181,10.99,11.912,2.917,6.136,2.997,2.999,91.306,227.122,1.003,17.243,1.027,48.636,4.037,6.096,124.928,6.144,7.131,1.0,0.0,0.0,3.979,0.0,13.814,0.0,10.018,6.883,1.953,9.005,15.825,14.183,281.491,10.912,1.974,4140.252,80.784,1.028,77.007,0.0,8.885,24.074,0.987,0.0,2.049,4.016,28.992,16.043,53.597,50.111,0.0,75.816,3.958,1.015,776.428,5.038,796.742,13.605,53.106,1.009,1.942,3.077,8.184,0.999,51.464,5.139,20.639,7.907,2.029,5.883,0.0,0.0,16.196,124.218,5.092,0.973,0.0,4.045,0.996,9.187,55.713,9.932,0.0,1.014,2.969,3.077,3.913,1.007,9.804,40.161,0.993,14.038,9.861,29.562,0.0,44.209,32.576,10.844,0.0,94.814,13.607,1.97,2.027,121.749,4.896,15.31,45.605,10.015,26.303,0.0,2.033,295.36,2.91,0.987,0.0,29.016,0.0,5.933,199.458,137.994,31.245,2.938,2.045,17.898,0.986,4.909,46.315,2.983,25.917,1.992,26.723,4.026,4.875,30.215,15.597,51.503,1.976,5.091,52.62,34.651,61.592,49.794,255.906,148.571,12.692,7.767,326.473,1.026,12.156,5.877,4.902,1.022,300.735,87.476,0.0,4.971,1.987,0.0,20.003,5.062,7.082,4.108,21.619,263.399,18.978,83.799,1.004,9.22,0.0,48.205,15.384,4.889,2.937,164.544,25.398,4.976,25.505,0.0,85.734,25.564,1.015,52.815,1.005,2.924,0.0,1.958,3.022,71.545,0.0,6.953,8.212,0.0,28.885,10.884,93.29,2.988,121.146,2.048,54.874,66.661,0.0,2.921,0.985,89.897,3.979,4.002,7.115,1.014,0.0,27.721,117.618,13.329,15.53,10.982,3.952,96.934,0.974,316.525,29.219,8.12,0.0,91.997,285.787,33.393,2.017,6.131,10.93,18.347,54.064,2.989,31.71,32.127,22.816,0.0,97.107,0.974,39.676,4.999,0.0,101.587,272.05,74.985,1.948,1.942,20.448,263.672,0.0,3.066,2.916,0.0,5.958,7.828,185.089,2.986,112.688,0.0,0.973,11.279,20.392,54.8,0.0,5.096,0.0,0.0,60.63,25.668,1.02,0.995,24.255,114.835,6.805,18.388,2.922,40.801,1.979,14.314,0.0,9.142,142.101,7.889,6.855,13.044,5.104,1.006,9.979,2.048,10.686,54.377,0.0,56.017,263.18,8.221,1.972,13.745,210.911,199.339,15.396,7.192,126.837,73.136,14.685,2.918,42.757,58.172,92.25,6.991,106.687,51.564,12.63,14.884,2.918,313.616,0.0,0.0,8.945,0.0,325.755,17.128,63.654,0.996,0.0,8.827,81.489,147.738,86.97,0.0,30.416,52.384,3.039,0.0,0.997,110.612,10.058,1967.824,19.342,3.017,1.005,14.846,29.415,0.0,148.411,1.008,25.654,54.392,1.012,1.977,6.892,1.953,9.712,58.603,1.953,17.241,194.14,8.09,38.173,13.878,9.022,0.0,3.065,11.227,1.012,control
GS046,B3,M,34,9.058,88.006,0.0,169.254,12.635,1.993,0.0,5.062,0.0,3.031,1.0,4.945,36.222,7.763,0.976,6.917,2.035,5.067,144.4,6.914,6.151,40.033,28.995,475.156,8.223,0.0,0.0,7.799,1.002,0.0,2.985,3.003,0.981,60.129,153.865,4.053,4.08,19.234,4.016,0.0,17.425,42.268,0.0,6.79,0.999,1.95,63.708,7.066,0.0,2.006,114.559,6.07,2579.532,106.973,0.99,2.003,0.0,1.989,5.009,0.0,39.254,0.998,10.943,6.903,1.981,261.606,0.0,28.544,2.955,1.027,16.204,1.028,0.0,42.074,2.014,3.988,52.097,0.0,0.0,10.741,0.0,39.413,100.619,0.0,77.833,12.757,1.025,75.263,1.973,4.1,8.968,40.205,60.442,31.245,37.989,0.0,7.915,3.043,12.29,26.403,0.0,6.131,0.0,7.182,9.809,2.928,6578.901,425.055,0.0,78.716,0.0,115.458,49.55,0.0,55.191,0.0,153.71,322.164,35.931,0.0,8.897,3.021,156.155,30.996,5.055,2.918,16.031,35.061,0.0,60.25,10.839,10.23,114.63,95.709,0.0,1.977,1.018,28.167,3.89,9.085,1.966,2.058,14.156,102.356,0.0,11.678,2.913,17.742,1.947,10.251,48.718,0.979,5.928,0.0,0.0,0.0,5.96,0.985,3.022,0.0,0.0,0.978,1.015,16.297,59.533,23.757,335.708,6.936,2.933,2230.12,26.522,0.993,23.137,0.0,1.006,56.508,1.003,0.0,0.0,45.771,32.878,21.589,61.25,84.467,0.0,57.391,14.393,32.441,163.698,0.985,293.53,33.308,41.938,1.982,0.0,1.991,65.061,0.0,97.446,6.161,60.63,3.903,0.999,3.895,0.0,0.0,14.256,97.13,13.699,0.984,0.0,1.015,20.477,2.963,68.643,5.123,0.0,2.049,0.0,0.0,2.963,1.957,15.275,47.649,0.999,21.547,27.314,8.856,0.0,77.411,52.39,4.977,0.0,14.353,8.24,4.114,7.036,104.167,3.028,19.228,3.038,4.104,76.089,1.941,4.03,659.717,11.186,2.022,0.0,20.974,0.0,1.015,161.867,35.2,37.078,2.003,1.025,11.824,0.0,53.003,170.458,6.954,35.591,2.016,14.35,11.71,23.101,19.401,12.806,65.844,0.0,0.0,47.716,7.198,175.42,42.576,301.191,46.232,0.998,2.007,161.347,0.0,3.058,47.865,4.109,0.0,65.751,56.35,2.047,13.293,1.001,0.975,8.911,5.044,1.027,17.074,20.244,124.489,21.165,61.025,0.0,29.046,2.055,22.203,12.108,11.085,1.026,64.709,18.434,17.729,31.559,1.998,58.502,11.008,0.0,68.834,1.013,1.029,1.019,0.0,0.0,69.635,2.935,5.058,2.049,0.0,15.876,9.105,37.768,1.015,25.446,0.991,373.645,3.911,0.0,6.052,0.0,25.296,3.054,5.99,3.941,1.96,1.012,14.981,28.214,9.052,19.304,7.183,3.91,33.339,0.0,133.436,8.944,28.689,0.0,32.533,36.582,1.949,0.0,5.069,33.346,16.604,23.63,3.024,39.009,20.382,4.89,2.049,36.979,1.021,12.87,7.062,0.0,30.318,216.517,54.299,0.992,1.961,15.013,87.124,1.977,2.932,3.894,0.0,1.008,17.039,94.786,0.992,51.038,0.0,0.975,9.075,7.131,58.243,2.913,0.987,20.678,0.0,35.189,13.14,4.014,0.0,11.251,84.721,13.112,3.044,5.891,17.281,3.898,2.998,1.017,20.528,40.717,1.008,11.692,6.908,2.001,0.986,5.111,0.0,0.0,12.97,0.0,141.591,151.852,6.114,7.018,34.722,81.95,150.165,3.909,9.793,11.169,15.341,4.862,0.998,7.99,33.079,46.114,3.072,97.503,21.119,2.96,1.968,3.045,54.334,1.01,0.0,4.004,0.0,654.946,18.724,82.595,4.03,0.0,1.029,17.114,85.953,222.598,0.0,11.968,55.848,1.027,4.02,1.009,113.414,0.0,935.067,10.194,6.167,0.0,4.028,25.512,0.0,59.15,0.974,134.557,33.752,18.459,2.037,0.0,2.926,4.89,22.341,2.954,9.071,101.368,7.171,117.756,10.049,54.121,0.0,2.999,5.906,1.019,control
GS047,B3,M,51,17.81,101.574,0.0,97.198,70.524,2.036,0.0,3.977,1.015,0.0,1.022,4.913,8.006,3.988,0.0,8.234,1.001,9.132,160.532,4.928,3.013,26.446,80.793,412.319,2.943,0.0,1.012,9.137,1.013,0.984,1.953,5.11,1.026,69.336,442.664,0.0,10.263,6.02,2.053,0.0,59.472,114.803,0.0,4.096,1.95,2.966,47.589,3.044,1.013,3.923,770.796,18.609,1804.493,7.162,1.029,0.0,2.023,2.048,10.273,1.001,36.85,1.991,2.023,3.024,10.165,587.087,1.022,37.998,0.995,1.009,4.057,0.0,0.0,156.017,0.0,1.983,44.261,2.953,0.0,21.234,4.081,67.61,145.835,0.0,281.809,18.423,1.013,61.668,6.106,1.019,1.0,47.313,248.657,27.551,33.497,0.0,2.007,1.97,10.0,66.909,2.048,5.083,0.0,11.158,1.021,5.097,3592.722,356.794,0.0,85.014,1.99,43.986,16.943,1.974,128.972,0.0,96.119,196.782,21.493,0.0,5.953,10.672,128.843,8.195,0.0,2.957,17.714,98.813,0.985,23.438,5.115,9.212,164.145,122.856,0.0,0.0,6.922,16.112,2.034,9.749,1.976,5.124,13.076,186.799,0.0,1.948,2.057,157.454,1.01,6.052,74.758,9.944,3.022,0.0,0.0,0.0,6.094,1.01,3.014,0.0,4.992,0.0,0.0,12.272,16.936,14.079,255.605,3.985,0.0,3555.347,72.361,1.014,67.015,0.975,7.769,14.659,3.072,0.0,0.0,8.101,69.801,0.0,18.912,18.147,0.0,103.796,7.79,35.306,540.587,4.971,162.911,14.654,20.845,0.0,2.996,0.0,18.458,2.919,89.962,13.283,11.179,6.116,0.0,3.965,0.0,3.88,7.785,177.352,2.965,0.0,0.0,1.014,0.979,0.996,95.008,0.988,0.0,5.932,2.996,0.0,2.04,0.997,7.777,25.676,0.0,14.204,34.286,30.207,2.956,52.67,10.282,2.053,0.0,28.646,8.158,0.98,1.947,58.763,3.988,32.857,15.427,6.009,56.663,0.0,0.0,292.78,9.259,0.0,0.0,14.162,0.0,6.034,87.151,54.168,37.995,3.952,2.0,7.812,0.0,15.311,251.24,4.94,39.08,5.957,29.737,8.832,13.327,12.701,8.056,24.044,1.03,0.0,50.495,58.575,165.74,26.338,45.151,69.695,2.059,4.91,251.281,0.986,8.074,0.0,1.001,0.0,42.909,42.012,0.0,8.927,0.0,0.0,16.276,3.028,32.252,21.056,6.171,86.919,37.228,10.151,1.025,52.406,0.98,31.008,8.916,14.619,1.019,53.13,16.739,4.936,34.08,0.0,61.185,17.878,1.022,40.276,0.0,0.985,0.0,1.0,1.024,52.877,4.086,7.896,4.061,0.0,14.968,10.92,33.957,0.0,29.446,0.0,110.259,9.931,0.0,1.956,0.0,19.571,2.047,5.115,0.0,4.091,0.986,41.319,89.49,11.158,22.49,8.893,6.069,167.845,0.0,175.496,28.546,13.198,0.0,43.932,149.677,6.153,0.999,7.205,20.984,1.96,33.577,0.0,79.677,13.293,22.588,1.957,138.602,0.0,1.027,6.79,0.0,42.536,426.312,41.797,6.038,0.0,12.076,115.754,0.0,2.993,3.067,1.017,1.002,22.096,78.181,0.0,44.003,0.0,1.003,1.02,7.864,57.038,0.0,3.036,9.187,0.0,82.37,21.429,3.919,0.979,28.505,98.901,10.904,6.943,0.0,38.179,0.991,4.094,1.019,2.001,25.755,12.985,3.966,9.817,0.0,0.0,1.996,4.045,1.941,63.021,0.971,52.469,86.814,1.975,2.053,3.009,48.856,90.696,1.943,25.724,18.804,100.542,3.066,1.018,6.915,44.467,34.972,10.899,169.561,39.984,6.844,17.65,0.981,63.303,0.0,0.0,2.056,0.0,571.385,36.616,30.536,0.0,1.025,10.077,55.394,24.044,142.577,0.0,3.933,128.376,2.031,0.971,0.0,72.715,2.033,307.903,54.182,19.66,0.0,5.009,6.116,0.0,58.353,1.027,253.37,20.422,8.04,0.0,2.991,0.0,2.012,12.662,0.0,12.14,136.862,6.9,63.303,7.774,67.477,0.0,2.031,16.803,0.982,control
GS048,B3,M,59,6.105,283.48,0.0,175.256,77.612,4.023,0.997,0.0,0.0,0.0,6.01,0.0,43.054,4.933,0.0,2.027,2.011,4.046,155.592,7.855,6.085,34.526,38.646,228.346,17.428,0.0,0.0,8.86,0.0,0.0,1.996,4.1,1.022,67.752,408.71,0.0,0.0,9.176,2.926,1.005,24.415,10.198,2.054,1.006,7.792,0.0,62.231,18.065,0.0,0.992,1204.742,7.832,1937.172,34.997,0.982,7.986,1.966,0.0,8.869,2.942,37.588,2.014,7.981,22.42,4.947,643.195,0.0,14.007,1.999,0.0,33.248,0.0,0.0,15.994,0.0,0.997,35.245,4.905,0.975,24.276,1.03,135.167,33.014,0.0,191.192,10.198,0.0,21.535,10.285,0.0,11.116,128.927,171.681,25.411,107.406,0.0,6.057,4.075,7.123,17.291,0.0,13.129,1.017,41.915,15.572,8.896,2238.844,414.879,0.0,34.594,0.0,38.017,22.649,1.025,76.013,1.004,104.709,542.88,8.766,0.0,9.055,6.031,306.557,21.985,0.0,3.04,27.527,26.137,0.0,20.468,7.909,8.87,45.166,31.488,0.0,0.0,6.964,2.961,5.933,21.424,2.989,0.996,92.675,97.784,0.0,4.017,8.791,138.614,10.017,3.945,96.802,0.982,7.899,0.0,0.0,0.0,8.071,0.0,9.945,0.0,6.169,1.0,1.981,13.702,25.511,13.652,154.731,3.079,0.998,758.023,63.142,0.0,29.177,0.0,8.069,33.982,0.0,0.0,0.0,129.311,16.375,9.879,130.536,65.958,0.0,57.038,4.025,18.432,905.039,1.947,384.042,2.002,34.04,1.019,5.134,0.0,55.77,0.0,85.585,10.174,33.738,3.048,0.0,2.938,0.0,0.988,7.854,60.502,21.767,0.0,0.0,1.028,19.18,5.964,64.006,4.049,0.0,6.025,9.264,1.983,2.949,1.022,4.928,23.357,0.0,7.131,12.052,11.319,2.035,5.044,24.582,2.998,0.0,18.097,7.098,0.0,3.906,105.093,8.071,29.17,5.853,6.045,13.031,0.0,0.974,158.665,9.839,1.019,0.0,43.346,0.0,10.175,81.178,63.958,10.033,2.935,2.017,14.877,0.0,13.058,70.773,2.014,5.143,1.006,10.779,7.109,17.509,8.061,14.13,32.311,1.945,3.049,59.586,11.932,125.887,19.309,198.202,71.066,0.984,2.04,318.116,3.05,6.053,5.02,2.055,0.0,117.918,46.857,1.018,7.182,0.0,0.0,9.921,2.997,13.23,11.734,21.988,164.533,11.289,21.229,0.0,23.469,1.01,5.827,13.217,4.978,0.992,70.864,33.675,6.879,29.568,0.0,79.717,11.135,0.0,88.398,0.0,1.016,2.01,0.0,0.97,43.396,6.989,1.017,0.0,0.0,2.024,5.011,48.889,0.0,66.534,0.0,532.009,18.213,0.0,2.934,0.0,106.851,2.005,2.978,8.004,0.994,2.03,30.787,36.801,7.859,46.55,12.273,5.076,41.343,0.0,109.716,38.561,2.031,0.975,18.998,107.612,14.963,0.0,7.05,9.242,4.027,7.124,0.0,30.566,3.883,19.763,0.0,49.424,0.996,2.016,14.917,0.0,66.22,220.594,14.35,9.068,1.945,10.688,110.746,0.971,2.932,4.049,0.0,6.842,14.7,85.112,0.988,47.172,0.0,1.004,2.039,8.757,56.437,1.995,1.019,3.969,0.0,33.701,19.292,0.976,1.969,11.182,87.139,14.892,4.861,5.127,25.005,3.894,10.694,0.0,14.33,73.891,21.134,1.963,9.998,1.94,2.055,2.04,2.932,9.262,22.785,0.0,75.014,178.888,14.719,3.05,14.653,101.474,95.214,2.993,14.388,22.333,56.064,13.198,2.046,14.605,43.757,80.458,9.961,80.647,29.134,8.211,10.77,0.0,103.064,2.055,0.0,1.98,0.986,884.789,12.966,16.899,1.002,0.0,3.917,14.108,200.822,43.938,1.965,7.785,32.106,0.992,5.004,0.0,32.85,1.981,513.432,14.747,6.858,0.0,5.976,21.378,0.0,105.105,0.0,180.667,5.906,9.055,0.0,3.065,8.209,4.064,38.616,17.165,3.062,102.849,6.918,23.953,10.27,72.22,0.0,0.0,10.253,1.003,control
GS049,B3,F,68,3.971,612.205,2.048,127.081,85.267,3.936,0.0,2.021,0.0,2.019,5.055,3.03,76.371,15.4,1.997,5.032,0.987,4.052,177.03,3.93,14.023,71.083,24.993,1256.451,36.436,0.0,0.0,20.651,1.02,0.0,3.08,4.053,2.024,66.475,558.297,2.955,9.744,7.135,4.012,0.0,53.087,63.206,3.027,0.0,10.92,0.0,30.919,15.596,1.0,8.878,141.136,23.513,673.797,54.405,0.0,3.975,3.08,0.0,0.98,2.985,34.128,0.975,26.464,8.849,28.758,878.623,0.0,98.885,0.0,0.0,29.847,0.0,0.0,52.842,0.0,1.949,36.746,22.587,1.009,49.432,0.0,100.121,46.18,0.0,321.738,42.221,8.995,131.672,5.095,5.009,3.027,566.504,227.687,21.667,94.173,1.987,15.886,2.04,6.82,67.534,0.0,5.023,0.0,36.11,8.788,11.969,1408.347,392.779,0.0,25.629,1.005,422.159,29.527,2.018,114.757,0.0,155.758,478.777,49.84,1.008,11.167,3.031,400.425,2.0,0.0,8.841,27.37,15.656,0.0,17.478,57.244,11.05,280.722,203.597,0.0,3.923,4.886,7.921,4.086,17.781,2.975,6.121,7.979,139.012,0.0,29.0,2.03,122.081,5.98,8.99,44.635,5.037,10.117,0.0,0.0,0.0,7.801,1.004,2.014,1.998,3.079,0.0,0.97,32.431,34.189,9.093,279.371,9.789,1.021,3040.773,104.762,0.0,90.179,1.014,8.207,64.247,3.063,0.0,2.03,74.338,15.96,0.99,13.351,89.969,0.0,16.837,2.995,19.588,1645.591,10.957,167.435,17.704,57.388,1.013,4.053,1.001,59.91,1.025,144.334,8.117,15.193,17.617,4.93,3.955,0.0,0.0,6.971,91.541,14.216,0.991,0.0,6.874,4.92,1.952,72.451,16.462,0.0,4.007,20.185,2.962,0.0,0.0,15.015,106.747,0.984,10.046,7.984,19.833,4.056,40.271,34.275,16.208,0.982,35.419,5.866,1.977,8.942,53.92,8.972,32.965,17.293,2.017,48.667,4.014,5.037,186.576,15.733,1.957,0.0,21.443,1.016,1.963,100.998,21.542,18.036,0.0,2.947,6.805,2.998,40.374,102.74,0.99,37.713,0.0,39.143,18.277,6.932,39.792,30.029,72.682,1.028,1.011,38.214,20.438,203.514,18.584,98.57,201.299,1.966,3.926,183.179,0.0,1.976,8.888,5.027,2.989,35.016,453.31,0.0,4.899,2.027,0.0,8.151,3.025,23.336,22.61,21.388,204.286,26.136,72.114,0.0,20.881,6.091,36.516,1.026,12.143,1.943,45.201,17.819,0.98,18.26,2.989,145.666,30.524,0.988,95.742,2.054,3.938,1.004,0.0,0.0,250.279,10.189,10.157,1.982,0.0,18.102,16.748,44.707,0.0,47.478,0.996,348.581,49.641,0.0,9.706,0.0,131.463,0.0,2.045,16.232,4.952,0.0,30.402,19.317,9.062,58.959,7.032,6.994,174.911,0.0,241.314,30.764,10.234,0.0,54.409,120.643,19.378,1.003,2.99,12.262,10.717,63.198,3.923,59.447,12.87,16.34,0.0,173.503,0.991,9.013,27.692,0.0,104.738,446.199,44.403,5.903,4.095,15.831,156.663,2.958,0.0,0.999,0.0,6.101,15.904,76.104,1.987,24.752,0.0,0.0,7.117,27.809,80.844,0.0,2.915,3.07,0.982,51.072,20.042,8.114,1.009,28.773,205.078,23.418,7.893,0.988,51.122,1.018,3.919,2.007,5.852,37.735,17.256,5.063,41.442,4.054,4.006,2.047,5.055,2.954,87.73,1.977,115.161,140.874,10.945,10.86,17.637,84.924,44.195,3.899,23.332,10.167,17.387,5.859,2.048,20.214,42.316,115.199,9.823,26.535,35.966,9.754,18.204,3.009,107.571,4.047,0.0,3.088,0.0,756.826,24.533,3.977,1.008,0.0,1.017,51.518,183.547,189.743,0.0,19.048,31.135,1.01,2.007,0.991,53.213,5.044,1255.215,10.7,48.506,0.0,5.074,6.159,0.0,68.81,2.035,220.64,11.253,6.149,1.965,6.853,8.231,1.971,22.339,0.985,38.359,113.807,6.036,26.824,26.375,37.974,1.011,1.009,6.897,0.0,control
GS050,B3,F,52,11.326,189.381,1.025,363.157,6.927,2.971,0.993,1.002,1.013,4.017,1.027,5.949,68.409,16.67,5.925,13.112,0.0,20.615,245.11,5.068,13.767,158.582,44.952,999.464,18.763,0.0,0.0,4.883,0.0,0.0,2.02,1.018,0.0,187.477,341.229,9.926,13.879,3.031,1.997,1.964,20.935,101.922,1.941,1.988,1.01,1.953,91.86,23.217,6.944,4.026,124.689,31.397,4506.661,18.118,2.049,6.106,2.013,2.028,23.264,4.102,58.989,4.065,11.918,0.0,11.895,685.257,1.024,30.199,5.149,1.026,73.771,0.0,0.0,53.54,1.011,3.899,96.353,15.908,1.005,37.573,1.005,200.162,127.077,0.0,555.362,8.182,1.964,80.543,6.15,7.138,3.045,236.65,125.109,26.294,24.168,0.0,16.039,0.0,4.978,75.99,2.928,9.098,0.0,29.139,38.19,15.187,5201.042,326.103,0.0,2.004,0.0,145.209,38.944,1.021,129.182,1.978,87.375,595.8,24.459,0.0,26.882,10.848,373.238,18.518,0.982,0.0,4.115,20.198,1.005,31.318,13.835,5.09,100.558,59.823,0.0,2.949,6.894,15.245,4.933,7.131,0.0,6.882,92.537,418.0,0.988,2.983,7.795,68.909,5.101,8.012,37.436,3.003,3.034,0.0,0.0,0.0,4.028,0.0,9.212,0.0,4.115,1.01,1.975,13.134,23.399,13.846,110.513,7.207,4.019,1371.928,32.084,6.114,59.078,0.0,3.032,74.256,2.995,0.0,0.0,25.86,40.765,14.857,180.134,18.878,0.0,56.733,2.942,18.493,647.375,8.942,344.247,11.834,22.21,1.0,1.01,0.0,46.187,4.085,55.377,17.067,40.838,0.998,6.0,2.944,0.0,0.0,0.0,85.165,41.034,0.0,1.015,1.016,15.214,0.0,113.973,9.044,0.0,6.152,3.916,0.99,5.147,0.0,13.744,31.27,0.0,36.308,35.754,26.728,3.045,7.818,10.08,6.037,0.0,70.316,19.306,1.959,14.371,308.642,3.979,30.061,27.677,10.861,50.602,6.171,2.015,709.748,8.198,1.009,3.005,26.467,0.0,1.948,179.132,20.698,55.262,9.8,0.999,10.152,0.0,64.684,77.81,4.957,41.819,4.021,14.789,15.192,3.958,74.06,7.102,9.144,4.023,1.97,90.293,33.629,176.291,44.236,179.425,259.941,3.04,1.009,67.455,1.006,4.912,7.017,7.832,0.0,259.409,120.852,2.022,6.938,1.021,0.0,6.81,2.011,3.051,18.165,19.422,238.039,36.146,144.817,0.0,22.542,0.984,20.426,6.097,12.664,2.039,51.039,53.585,5.036,55.976,0.0,114.699,14.283,0.0,172.024,4.918,0.0,1.984,0.0,0.0,36.47,3.9,2.006,6.979,1.015,22.642,24.505,50.597,0.0,62.573,0.989,381.969,18.394,0.971,20.815,0.0,61.265,2.006,7.065,4.962,0.0,3.948,48.728,37.886,27.786,50.845,10.082,11.837,131.202,2.056,36.446,14.389,28.504,0.0,48.331,255.797,28.513,0.0,0.0,23.385,21.874,69.08,1.949,45.111,6.853,45.942,5.134,110.267,0.0,13.815,6.792,0.0,95.085,750.954,54.398,10.027,0.0,21.963,190.518,0.984,2.002,1.982,0.0,1.997,10.688,112.915,2.918,116.782,0.0,2.01,4.925,7.991,30.663,4.039,0.0,1.973,0.0,61.584,8.754,2.026,0.0,11.215,113.266,23.058,7.888,6.136,4.91,0.0,14.347,0.0,35.949,35.902,4.015,15.215,31.897,4.032,3.032,2.016,6.134,4.1,66.818,4.1,119.36,40.967,22.609,5.89,19.176,99.614,341.4,8.913,54.329,22.579,51.247,12.068,1.017,15.865,18.559,51.079,4.048,191.894,38.795,9.89,13.756,7.185,146.151,0.976,0.0,3.036,0.0,898.615,11.057,169.842,1.007,0.0,7.099,27.766,275.08,217.493,3.001,43.676,33.314,1.004,0.0,0.975,81.266,5.99,1339.656,21.302,21.996,0.0,7.975,19.318,0.0,80.219,2.993,236.727,9.169,5.822,0.0,7.913,12.102,5.043,12.853,1.022,16.161,84.759,18.433,40.444,22.571,63.189,1.978,6.059,12.081,1.95,control
GS051,B3,F,40,6.142,511.802,0.0,102.695,48.959,8.14,0.0,2.939,1.019,0.0,1.012,2.033,35.872,14.381,2.055,2.986,1.014,13.195,264.456,1.996,1.957,168.844,54.765,762.254,9.982,0.0,0.0,13.221,0.0,0.0,0.98,1.977,0.0,72.296,394.727,0.0,3.024,11.966,8.992,2.012,38.03,53.025,5.089,0.0,2.019,0.0,74.535,9.038,2.017,4.038,431.082,7.11,4547.267,15.374,1.962,1.005,1.971,0.0,10.783,0.974,25.742,0.0,12.219,6.129,4.026,267.693,0.978,78.94,2.019,3.924,27.268,0.0,0.0,59.419,0.0,2.922,99.234,36.578,0.0,21.357,0.0,216.401,27.531,0.0,199.052,21.849,2.0,101.142,7.971,0.0,3.008,195.759,137.286,17.547,68.681,0.0,5.839,5.07,4.872,4.011,0.0,2.013,0.998,12.882,9.083,7.862,26781.778,181.532,0.0,20.914,1.98,145.637,47.373,0.0,162.464,1.02,74.802,361.179,27.296,0.0,14.752,6.042,367.978,12.735,5.929,4.01,3.94,10.821,0.0,28.391,4.02,17.033,124.007,76.784,0.0,3.934,1.993,43.601,1.94,0.995,1.0,2.01,49.3,90.894,0.0,1.948,2.06,35.204,7.126,3.957,40.125,0.0,7.963,0.0,0.0,0.0,11.904,0.0,10.261,0.973,3.08,3.067,4.112,23.468,2.01,11.145,359.624,3.056,1.014,1299.411,67.354,0.0,36.108,0.0,9.005,34.255,3.022,0.0,1.017,30.647,65.464,0.0,41.084,46.997,0.0,82.274,4.099,12.047,615.927,15.012,234.278,11.221,24.228,2.042,4.874,3.02,3.006,0.0,147.582,2.058,30.535,1.002,0.0,7.042,1.962,0.0,7.77,97.462,9.704,0.0,0.981,1.005,13.098,0.994,59.763,7.188,0.0,3.905,1.021,0.0,10.837,1.008,16.366,22.94,0.979,16.341,14.908,6.153,1.962,18.44,13.684,7.036,0.0,30.777,4.096,2.941,2.951,95.168,4.107,23.328,13.329,14.626,12.339,0.0,1.941,351.833,0.993,1.985,0.0,16.09,0.0,7.864,18.739,48.666,18.637,0.975,0.0,26.281,0.0,29.441,50.271,2.946,17.196,2.925,7.113,1.027,15.65,16.026,21.067,0.983,1.969,1.028,38.763,63.474,87.467,37.782,31.563,65.306,7.063,0.981,166.584,0.0,2.988,1.015,4.03,0.0,25.939,117.89,1.978,14.841,0.0,0.0,1.978,4.875,8.822,6.851,19.167,29.398,19.87,25.539,0.0,33.235,1.016,39.618,12.731,7.023,2.982,120.632,19.714,1.997,64.867,1.943,12.206,17.596,3.063,82.218,0.0,0.0,0.987,0.0,0.987,135.662,2.915,3.073,1.018,0.0,12.672,38.633,36.358,3.049,18.51,0.0,181.331,23.643,0.0,6.092,0.0,104.503,0.991,9.238,17.5,0.0,5.062,109.366,78.798,2.964,24.045,7.824,4.03,193.914,0.0,125.041,19.494,16.387,0.0,23.554,158.674,29.278,0.0,2.016,50.859,39.334,38.082,3.929,20.766,34.021,36.056,0.984,166.316,0.0,5.938,1.973,0.0,70.227,463.558,31.066,1.017,3.009,5.016,49.561,0.0,6.988,0.0,1.004,3.081,16.516,73.954,0.0,28.205,0.0,0.0,5.976,1.001,102.279,2.053,0.986,6.04,0.0,23.63,5.061,1.002,0.0,39.808,88.434,20.971,3.972,1.01,40.741,4.019,4.043,0.0,26.669,5.867,18.035,16.055,8.807,1.97,0.973,1.004,5.85,14.088,181.404,2.954,33.371,47.198,5.114,3.009,13.231,99.471,200.99,2.044,16.265,63.572,61.058,10.086,3.91,8.025,32.193,194.393,0.0,136.773,26.457,6.894,10.758,0.0,126.928,0.999,0.0,2.01,0.981,382.769,14.031,47.498,0.0,0.0,2.022,34.985,52.008,124.122,0.0,11.131,62.295,1.02,1.963,2.937,30.334,1.964,794.102,7.104,8.931,0.0,3.959,125.522,0.0,29.757,0.0,39.158,25.076,5.919,0.0,4.05,2.921,2.914,34.633,1.018,6.998,92.795,10.929,53.379,8.919,53.023,1.011,0.971,4.988,0.0,case
GS052,B3,M,65,0.0,94.376,0.987,236.326,102.964,0.0,0.0,2.99,0.0,2.036,1.955,5.075,28.548,23.387,1.015,4.976,0.979,11.244,105.893,1.953,23.083,60.26,102.93,407.665,20.599,0.0,0.0,5.844,0.0,0.996,0.0,9.851,1.007,115.375,550.525,0.973,9.965,4.018,7.075,1.97,63.85,74.564,0.0,7.169,2.958,0.991,278.532,8.144,2.006,3.921,438.635,23.591,1323.117,70.712,0.0,2.025,0.0,1.003,8.059,2.032,28.451,2.034,6.06,9.094,6.961,2066.39,0.0,55.771,4.06,0.0,11.88,1.017,0.0,44.08,0.0,1.008,71.958,33.105,1.008,22.068,2.007,391.636,54.758,0.0,238.184,39.933,1.014,49.901,6.911,9.122,3.057,330.611,418.086,15.195,70.518,0.0,9.144,0.0,5.108,15.339,0.0,15.39,1.008,28.607,14.584,16.655,17258.869,447.882,0.0,51.113,2.027,72.724,20.575,1.963,128.532,1.011,226.943,390.582,3.084,0.0,12.647,22.578,197.023,25.086,5.088,10.836,15.661,22.635,3.037,22.342,27.08,8.865,55.423,77.482,0.0,2.04,1.006,20.324,0.0,16.876,0.0,6.848,36.391,267.894,0.978,21.493,7.009,296.774,2.014,4.865,143.132,0.995,15.607,0.0,0.0,0.0,5.944,0.985,4.109,0.0,2.952,1.008,3.086,12.834,15.578,30.888,241.535,10.119,0.976,3054.126,47.515,2.924,41.777,1.015,8.752,85.103,7.775,0.0,0.992,7.07,44.488,9.737,34.835,50.863,0.0,44.121,2.965,31.116,1391.289,2.028,298.564,16.783,46.446,0.993,0.0,11.973,33.951,0.982,98.183,13.666,36.24,12.759,0.0,5.069,0.0,0.0,26.497,167.635,7.873,1.005,1.028,5.06,9.82,1.014,7.965,1.961,0.0,6.013,0.989,0.979,8.99,0.0,7.864,49.297,0.998,16.361,15.29,18.482,0.0,36.905,31.749,2.996,0.0,55.9,4.975,0.976,5.863,295.054,2.055,52.318,31.678,2.91,25.813,2.036,1.029,288.674,9.782,0.0,0.993,6.158,0.992,8.035,118.497,100.917,20.371,0.982,0.0,8.168,0.0,113.947,41.519,0.988,13.072,0.0,10.873,11.207,35.696,9.993,15.214,55.553,3.062,2.013,74.348,48.111,174.788,7.878,62.127,44.819,5.017,4.101,121.751,1.001,4.101,18.375,4.998,1.011,299.315,104.771,2.006,16.029,0.0,0.0,3.016,6.857,5.869,10.725,6.164,103.747,27.744,17.32,2.023,30.565,1.025,12.235,16.08,8.759,10.742,30.092,46.53,6.973,56.437,0.977,95.798,13.003,1.0,199.248,0.0,3.979,0.0,0.0,4.049,13.807,1.944,2.005,2.968,0.0,43.024,13.903,27.437,0.0,78.859,0.0,256.436,22.636,0.0,6.004,0.989,164.934,4.073,0.986,32.292,2.017,2.922,35.962,198.461,19.023,15.392,9.141,31.419,106.215,0.975,78.78,15.006,7.958,0.0,83.487,172.894,26.557,3.069,4.07,24.886,24.103,30.252,6.163,143.764,4.088,29.67,6.173,125.704,0.983,11.85,6.917,0.0,17.736,67.536,26.05,0.984,2.053,41.608,73.407,0.0,0.0,0.988,0.977,7.801,14.017,28.818,2.0,34.956,0.0,1.958,1.011,14.846,410.365,0.0,3.051,1.973,0.0,41.847,18.501,5.956,0.0,42.312,294.824,27.667,1.971,0.0,17.874,2.021,10.954,2.055,15.959,37.515,21.539,10.692,24.75,1.97,1.003,0.979,1.997,6.086,101.718,7.986,61.302,71.559,9.019,8.037,1.011,46.884,726.016,0.0,25.556,27.61,108.417,6.135,4.904,33.478,16.145,93.682,13.16,70.135,20.089,12.624,16.323,2.0,189.409,2.048,0.0,2.046,0.0,915.174,32.399,115.165,0.0,0.0,14.882,31.983,207.967,115.375,0.0,12.613,149.492,0.972,1.977,1.013,132.2,25.982,3671.585,21.252,18.42,0.0,9.153,130.207,5.059,110.498,0.0,46.629,24.502,2.947,2.018,2.031,9.778,10.672,114.655,1.021,19.226,243.179,16.509,79.554,9.178,35.679,0.0,4.084,7.816,4.011,case
GS053,B3,M,39,2.939,215.603,0.0,107.648,69.737,1.017,0.0,0.99,0.0,1.003,0.0,0.99,46.242,14.282,1.019,0.971,0.0,3.038,156.515,1.024,15.046,22.114,20.496,688.97,3.055,0.0,0.0,16.222,0.993,0.0,3.08,0.992,0.0,165.65,46.751,2.983,0.0,6.951,0.0,0.0,22.022,13.747,0.0,4.089,4.907,2.039,19.462,9.022,0.98,6.176,358.174,5.081,2910.995,32.699,0.0,3.93,0.0,3.004,6.941,0.0,26.631,3.918,11.705,7.838,8.888,1828.662,0.0,23.408,0.978,1.999,9.918,0.0,0.0,19.389,0.971,2.005,69.274,20.369,0.0,17.78,0.0,88.291,41.025,0.0,42.102,7.869,0.0,43.431,4.014,2.037,0.0,110.252,41.548,33.321,12.915,0.0,4.046,2.057,3.932,58.317,0.0,7.012,0.0,8.867,8.031,7.95,8454.962,120.667,0.0,46.252,0.0,160.708,7.881,4.988,53.058,0.0,18.261,276.204,29.06,0.0,7.117,13.618,240.1,13.06,3.076,5.018,3.943,26.58,1.961,14.94,17.044,0.987,94.248,49.89,0.0,0.0,1.02,16.065,1.004,0.983,1.001,1.016,29.408,131.902,1.014,3.954,0.996,74.381,4.943,1.012,40.262,0.991,8.172,0.0,0.0,0.0,2.998,0.0,11.046,0.0,2.023,0.999,0.0,3.976,16.366,16.329,170.193,1.978,0.0,1469.433,89.331,0.0,12.999,1.02,0.0,42.003,0.0,0.0,1.028,46.896,36.94,3.928,37.09,50.835,0.0,63.495,1.029,12.109,987.598,14.702,208.221,10.279,30.784,0.997,1.007,1.963,43.325,1.959,144.163,5.103,14.119,2.947,0.981,0.0,0.0,0.0,8.894,164.028,7.156,0.0,0.0,1.987,5.888,3.969,27.531,4.056,0.0,0.977,10.232,0.98,0.0,1.014,13.151,22.382,0.0,15.566,39.838,8.977,4.089,55.175,11.747,1.985,0.0,16.227,16.258,0.0,5.997,88.345,3.066,11.201,10.12,5.99,20.026,3.03,2.017,47.446,5.912,0.0,0.0,30.56,0.0,0.0,29.892,41.694,30.757,0.0,1.023,8.222,0.0,61.613,78.358,3.024,22.052,0.0,11.871,11.225,14.374,28.969,3.011,24.792,2.002,0.972,22.189,7.013,28.898,17.882,39.49,58.498,1.024,4.059,87.684,0.0,4.116,12.161,2.925,0.0,66.694,109.755,0.989,7.879,0.0,0.0,5.826,4.881,2.987,9.792,22.069,116.387,22.395,16.411,0.0,55.334,0.0,10.896,11.82,5.047,0.0,24.209,10.91,5.926,45.387,1.01,56.982,7.189,0.0,117.259,0.0,1.016,0.0,0.0,0.0,59.223,2.978,1.007,0.0,0.0,5.94,7.952,37.105,2.004,14.773,3.023,143.162,13.253,0.0,0.0,0.0,73.255,0.979,5.066,11.858,0.0,0.977,35.916,129.038,5.103,32.012,1.992,3.026,58.026,0.0,71.685,31.15,4.912,0.0,58.324,247.212,3.973,1.964,0.0,42.41,16.869,71.073,3.028,98.005,26.42,33.224,3.007,220.367,1.94,3.905,26.776,1.014,15.282,187.155,9.189,0.0,0.0,9.72,44.93,0.0,2.973,1.995,0.975,2.059,9.242,97.489,0.0,9.255,0.0,0.982,4.951,12.789,228.097,1.002,1.01,2.939,0.0,29.592,2.009,4.063,1.012,21.488,39.026,14.31,2.055,2.97,25.672,1.0,2.026,2.056,3.057,43.822,13.762,7.925,19.51,0.99,0.0,1.994,0.0,3.077,40.432,3.061,30.521,135.571,7.925,5.863,3.008,24.459,72.774,4.003,13.815,14.687,25.128,2.936,1.943,17.086,21.563,67.822,2.008,58.592,36.475,2.953,7.81,0.998,60.521,3.024,0.0,0.974,1.023,201.43,11.748,72.868,0.0,0.0,1.951,19.236,59.295,177.027,1.015,34.548,109.759,0.0,1.983,0.988,11.102,17.977,1629.926,32.574,16.985,0.0,1.949,20.448,0.0,81.743,2.025,196.368,22.303,0.976,1.017,2.985,6.822,5.987,17.808,0.0,7.11,43.157,2.945,23.101,29.438,16.623,0.0,2.915,15.197,0.985,case
GS054,B3,F,58,3.042,149.874,1.002,48.033,23.461,1.019,0.0,0.0,0.0,0.0,0.0,0.0,19.216,3.059,0.0,5.05,0.973,1.989,116.377,4.114,0.997,59.132,31.744,533.231,11.897,0.0,2.054,6.902,0.0,0.0,1.011,3.052,0.0,54.06,441.487,2.019,0.972,1.988,7.778,0.0,23.418,49.215,2.989,2.961,5.138,0.0,81.145,12.123,0.971,2.041,111.419,5.051,1973.559,16.976,0.0,1.99,0.993,0.0,15.788,1.024,30.626,6.869,12.615,10.709,2.91,797.966,0.0,52.873,0.0,0.0,4.907,0.0,0.0,45.901,3.052,0.978,58.728,0.992,0.985,21.482,0.0,123.962,35.596,0.0,157.263,2.042,1.009,68.192,4.857,0.0,3.937,121.177,56.701,41.964,67.59,0.0,2.962,2.991,2.008,0.0,0.0,2.924,0.974,13.789,7.91,2.032,12000.028,233.936,0.0,20.206,3.059,93.023,13.686,1.957,184.273,0.0,45.858,219.477,22.637,2.039,13.993,32.982,317.075,3.054,2.005,0.975,10.724,16.622,2.056,7.902,42.705,2.939,42.141,125.093,0.0,7.869,6.109,39.851,7.95,8.853,0.0,2.951,14.27,19.775,2.0,8.74,4.003,143.031,3.002,3.078,38.122,8.068,4.024,1.015,0.0,0.0,3.032,1.023,11.252,1.028,4.09,0.0,0.982,8.007,21.34,25.431,345.692,1.002,1.022,1842.717,19.548,0.0,22.313,0.0,3.998,16.035,2.027,0.979,0.0,15.894,5.044,15.683,91.869,23.258,0.0,33.438,1.024,13.645,193.049,9.991,73.151,15.382,36.528,1.99,0.0,0.98,9.87,3.043,67.629,4.107,4.072,2.043,1.016,0.0,0.0,0.0,9.147,174.822,10.14,0.0,0.0,1.969,1.959,1.003,38.027,1.011,0.0,1.012,4.09,0.0,0.0,1.007,12.787,28.413,0.0,13.386,5.081,20.578,0.997,24.713,6.093,5.967,0.0,11.809,3.072,2.044,1.017,256.811,0.993,19.516,8.956,0.973,23.454,1.951,1.003,62.73,6.915,0.0,0.0,15.753,0.0,4.024,23.702,41.668,23.161,0.0,1.992,23.426,0.0,12.054,32.32,4.917,4.023,1.009,21.915,3.906,9.989,11.76,16.575,34.066,1.01,0.0,31.852,32.556,96.014,38.489,37.783,35.504,4.01,2.953,89.481,1.026,2.052,10.063,3.027,0.0,38.977,78.663,0.0,7.914,1.009,0.0,0.985,3.944,1.983,2.917,8.849,79.061,16.999,45.632,0.996,19.404,2.014,4.857,4.955,2.953,6.811,16.725,19.562,2.918,32.007,1.01,40.904,3.082,2.055,27.534,0.0,0.0,0.979,2.034,0.0,92.231,8.938,1.025,0.983,0.0,14.622,11.862,30.056,1.019,25.937,0.0,112.026,4.066,0.0,2.052,0.0,10.283,3.982,3.898,6.104,0.0,1.0,56.202,60.667,6.914,8.784,7.107,1.954,45.621,0.0,107.022,2.985,5.834,1.971,10.804,120.521,7.199,0.0,4.078,35.219,25.831,39.278,2.013,54.668,1.026,2.059,3.033,62.318,1.026,8.826,3.053,0.0,16.983,192.248,23.026,1.01,0.0,33.415,84.233,0.0,1.977,0.0,0.0,0.0,7.186,23.561,0.0,47.711,0.0,0.0,3.92,13.144,90.376,1.022,1.027,2.912,0.0,35.591,7.826,0.0,0.0,8.989,164.777,6.972,0.0,4.111,6.049,0.973,5.14,0.0,3.915,47.568,8.152,2.027,9.757,0.0,1.01,3.024,1.02,5.136,17.874,1.976,33.598,22.08,1.021,1.003,1.984,5.948,39.3,2.027,14.419,37.264,35.848,0.983,2.951,12.152,7.976,27.175,4.908,85.964,31.454,7.125,4.86,0.985,61.257,0.0,0.0,1.0,2.022,423.837,21.782,90.996,0.0,0.0,1.993,25.026,111.028,220.411,0.0,7.956,43.661,0.973,1.012,0.0,32.104,10.862,986.196,17.879,20.992,0.0,5.126,5.08,0.0,12.95,0.0,62.334,23.655,5.116,2.944,2.007,0.0,4.113,14.131,1.001,12.257,81.083,2.954,29.677,10.149,51.732,0.0,3.958,3.011,3.048,case
GS055,B3,M,36,13.203,211.606,2.984,454.04,45.432,0.0,0.0,0.0,0.0,0.984,0.0,2.06,27.75,8.893,4.037,10.776,2.965,27.756,128.174,8.015,12.008,18.66,30.125,346.115,0.0,0.0,0.0,3.019,1.951,0.0,3.014,4.976,0.989,21.759,19.407,0.994,6.823,2.952,3.03,0.0,46.025,52.876,5.002,3.896,4.01,0.981,14.365,14.792,0.994,3.007,441.42,19.606,659.848,56.158,2.025,2.014,0.0,0.976,8.942,1.019,57.019,4.995,0.988,5.112,9.046,774.633,0.0,19.795,3.061,1.021,0.0,0.0,1.97,61.416,0.0,3.976,31.066,10.965,0.0,8.061,0.995,7.154,41.179,0.0,31.943,13.2,3.001,63.357,3.016,4.887,2.957,92.614,43.725,32.749,86.129,0.0,0.0,3.003,16.264,22.365,0.0,5.923,1.017,2.976,29.817,3.931,19449.574,122.109,0.0,13.588,1.963,103.336,7.187,1.003,129.725,0.972,185.218,609.744,22.52,1.985,4.024,8.213,706.175,12.34,5.108,1.978,17.358,26.55,0.989,30.095,28.01,16.653,127.051,38.129,0.0,3.078,10.216,5.919,1.029,5.113,1.015,4.99,9.715,391.301,0.0,12.254,0.985,56.868,7.135,1.026,14.568,5.047,3.903,0.0,0.0,0.0,2.934,0.0,2.996,0.0,5.101,0.0,0.0,38.581,43.645,64.124,123.233,1.977,0.994,1194.479,32.931,1.021,36.177,1.025,23.599,18.126,2.007,0.0,0.0,10.151,52.416,6.073,62.392,30.424,0.0,106.89,3.082,51.247,173.275,2.045,212.804,24.821,37.447,0.997,3.886,2.951,19.429,0.0,94.672,10.268,32.188,4.041,0.0,1.013,0.0,0.0,24.17,184.244,0.0,0.993,0.0,1.006,10.219,1.95,54.059,11.663,0.0,1.016,2.981,1.023,4.885,0.0,22.073,59.67,1.026,2.969,37.016,12.062,2.037,21.025,17.198,10.049,0.0,33.416,0.98,5.075,3.065,394.026,8.02,18.53,10.298,2.024,26.198,1.03,3.017,511.606,6.936,0.0,0.0,15.233,0.0,2.913,98.157,26.929,82.19,0.0,1.004,24.467,0.0,141.608,115.878,2.944,33.52,1.026,7.092,5.084,4.007,17.863,10.152,22.611,1.018,0.995,20.439,20.576,88.229,36.744,67.055,54.82,3.996,0.994,162.779,0.0,9.065,13.188,1.007,0.0,25.411,100.926,2.011,0.978,0.0,0.0,4.967,1.009,10.703,23.979,33.759,186.852,19.191,85.859,2.05,32.596,0.0,86.016,10.842,5.954,1.021,125.431,15.447,7.766,86.973,0.0,88.541,49.321,3.035,61.433,0.0,1.01,1.003,0.977,2.05,142.852,0.0,3.066,1.004,0.0,13.168,16.064,79.638,0.0,49.952,1.017,36.232,30.472,0.0,1.958,0.97,35.093,4.016,7.015,11.815,0.0,1.976,102.146,89.303,15.179,20.131,5.875,2.024,152.834,0.0,69.388,19.517,19.485,0.0,54.026,118.323,15.348,0.0,4.083,36.568,18.345,103.817,2.917,112.801,11.845,22.027,1.004,226.292,0.0,11.088,4.889,0.0,18.04,457.911,29.717,0.0,0.0,16.566,167.954,0.0,0.0,4.894,1.979,1.022,2.911,181.547,0.974,118.882,0.0,5.101,0.986,6.87,187.537,0.0,0.974,2.987,0.0,19.062,19.515,0.0,0.0,6.053,131.318,15.243,2.992,0.0,28.92,0.0,13.085,0.0,18.03,40.506,11.056,8.732,14.104,0.998,0.98,2.013,0.0,4.071,35.011,0.0,36.769,79.533,3.073,2.961,9.213,50.513,73.122,13.987,5.927,44.834,20.198,7.977,4.107,24.984,33.388,5.107,6.915,146.484,21.44,5.88,11.161,0.0,88.187,0.0,0.0,7.941,0.0,479.333,11.895,95.212,1.026,0.0,0.0,53.758,27.243,225.247,0.0,4.902,43.164,2.01,0.0,2.043,8.987,9.964,1057.139,24.775,6.979,0.0,0.998,19.456,1.01,37.447,1.992,11.975,32.229,17.281,1.017,2.915,7.087,11.058,40.108,0.0,3.068,71.264,6.985,90.58,2.989,5.132,0.991,2.928,2.046,0.997,case
GS056,B3,F,44,3.988,206.725,0.0,175.557,42.361,2.96,0.0,7.186,0.0,1.009,2.022,1.024,38.193,7.803,1.021,7.965,1.953,3.979,256.915,0.0,7.831,23.828,19.305,496.529,3.081,0.0,0.0,7.059,0.0,0.0,1.999,2.002,1.01,57.423,326.969,0.973,2.036,6.986,7.208,0.0,33.65,25.366,3.026,2.961,7.149,0.0,86.366,2.95,0.0,0.0,435.038,13.898,581.022,17.479,0.973,3.928,2.016,1.016,14.163,2.957,11.846,2.02,4.038,2.036,3.007,630.736,0.998,40.134,0.0,0.0,17.462,0.997,0.0,33.736,0.989,4.959,72.983,45.954,2.006,31.152,2.944,101.797,31.556,0.982,72.157,7.062,2.026,25.375,9.021,4.876,4.871,29.384,77.836,33.097,145.134,0.0,7.81,1.012,12.697,18.437,1.015,1.989,0.972,2.963,7.846,4.027,4255.065,137.897,0.0,28.196,6.138,165.069,9.079,1.988,56.504,0.0,255.207,186.866,3.936,0.0,6.001,13.053,103.207,19.826,0.985,4.098,34.908,8.983,0.0,8.197,15.529,15.943,61.666,107.733,0.0,3.017,5.044,28.022,3.999,10.783,0.0,0.0,25.625,401.527,0.0,24.664,2.045,94.741,3.028,4.011,68.009,0.982,1.961,0.0,0.0,0.0,1.026,1.007,1.984,0.0,0.979,1.948,0.983,18.22,24.502,10.733,226.698,0.996,1.955,1162.22,16.961,0.0,30.811,0.0,4.975,32.432,1.026,0.0,0.0,27.542,45.103,12.867,69.845,15.808,0.0,66.687,0.975,18.754,929.799,3.062,34.656,6.099,43.073,1.942,2.036,0.0,24.166,2.973,167.996,9.848,11.115,6.872,0.998,2.98,0.984,1.019,12.311,46.085,23.534,0.0,0.0,0.0,12.155,0.0,79.284,1.991,0.0,2.015,6.047,0.0,4.084,0.991,5.904,40.975,0.0,1.959,5.867,11.153,1.021,49.249,19.275,2.048,0.98,9.042,9.005,1.951,2.93,196.529,12.981,12.623,37.733,0.0,2.058,1.002,4.894,99.605,11.796,0.0,1.012,2.995,0.0,0.0,100.65,27.274,23.126,0.998,0.971,22.133,1.016,16.65,117.49,0.0,20.116,1.971,4.047,9.985,3.965,60.328,15.295,31.032,1.975,1.005,84.912,33.94,51.662,21.332,370.56,44.068,1.973,4.089,154.81,1.017,7.907,5.079,11.986,0.0,61.126,206.899,0.0,8.978,0.0,0.0,18.896,1.968,14.334,2.941,1.015,66.536,29.39,63.412,0.0,23.608,0.975,24.329,6.069,5.875,2.046,35.935,4.037,4.041,16.042,1.011,76.329,6.168,0.0,181.113,0.0,0.974,0.0,0.0,0.0,71.732,7.126,0.993,0.0,0.0,0.979,5.07,23.531,1.024,102.773,0.0,210.69,38.494,0.0,4.007,0.0,64.168,2.955,5.959,10.885,0.0,4.015,147.556,141.942,5.087,9.27,8.205,16.927,67.411,0.0,93.886,13.263,17.951,0.0,22.54,122.708,14.947,0.0,12.972,43.053,1.96,70.595,0.982,30.594,4.03,9.924,0.0,163.043,0.0,19.391,7.036,0.0,5.007,492.123,22.021,1.987,1.021,10.981,101.395,0.0,0.0,0.0,0.0,0.0,7.035,66.298,2.018,67.057,0.0,1.996,2.94,8.948,145.168,2.926,1.025,3.998,0.0,26.483,7.122,0.0,0.0,19.943,196.193,10.081,0.0,1.954,28.974,2.054,6.076,1.994,18.164,108.805,11.718,14.897,21.802,3.059,0.995,1.94,5.846,6.101,47.997,1.964,42.153,42.176,13.794,7.796,5.146,54.737,40.661,6.842,46.869,8.903,26.066,0.0,1.963,27.212,15.7,89.206,4.087,17.83,11.835,6.077,14.672,0.997,104.799,1.021,0.0,2.96,1.013,214.456,18.88,94.324,2.019,0.979,9.812,10.152,149.927,317.587,0.98,17.042,80.733,0.0,1.971,1.003,12.099,8.109,1033.264,20.396,6.869,0.0,16.148,42.921,1.003,69.008,0.995,160.562,66.945,3.993,0.976,0.0,3.012,4.042,65.269,5.025,1.01,89.488,6.151,53.879,44.213,94.736,0.0,2.988,2.951,1.011,case
GS057,B3,F,64,6.123,487.763,1.003,160.996,4.992,9.845,1.021,2.046,1.019,0.991,2.919,0.0,29.837,9.002,0.0,17.203,2.921,8.141,111.068,1.988,7.953,165.575,36.942,232.559,13.225,0.0,0.0,3.0,0.0,0.975,0.983,9.003,0.0,95.37,696.911,1.968,0.987,4.001,8.041,1.019,24.335,12.901,1.019,1.002,0.984,0.994,74.456,13.29,0.976,0.0,1173.266,17.091,1640.771,29.489,0.0,5.038,1.02,2.059,20.412,2.973,16.018,3.067,13.217,6.022,18.947,462.532,0.0,92.273,1.003,0.0,27.201,0.0,0.0,73.275,0.983,6.068,37.105,25.559,0.0,37.563,1.009,347.389,66.97,0.0,153.837,36.291,2.041,16.764,6.165,3.975,0.988,82.033,164.442,22.949,189.148,1.006,8.169,6.111,11.215,37.646,0.991,6.046,0.0,4.063,16.816,38.97,11736.685,275.326,1.023,66.1,1.967,122.692,16.222,1.962,104.981,0.0,165.986,343.596,38.853,0.0,8.96,11.76,599.802,8.977,2.056,1.99,2.057,55.934,0.0,17.628,20.926,7.146,273.157,17.25,0.0,2.976,7.176,33.495,0.981,3.018,0.0,3.0,19.3,246.673,2.991,4.873,1.999,34.065,14.374,7.969,7.166,3.918,21.592,0.0,0.0,0.0,9.151,0.0,4.092,0.0,2.057,6.163,0.989,4.992,18.27,25.784,271.562,19.836,0.977,2393.762,62.572,2.937,92.259,0.0,3.953,28.408,2.982,0.0,0.0,35.79,40.782,25.212,58.03,54.006,0.0,74.386,5.147,26.207,458.357,7.174,478.606,9.014,57.859,1.016,0.97,1.962,26.617,3.993,90.038,8.918,25.554,1.019,0.0,3.084,0.0,0.0,17.871,100.899,10.825,0.0,1.021,0.0,8.798,3.028,21.563,1.983,0.0,5.026,3.006,3.077,6.858,0.0,10.945,33.749,0.981,11.143,8.864,13.317,1.949,89.34,25.211,2.971,0.0,19.453,21.885,0.993,6.026,712.903,3.987,67.894,22.262,2.005,15.398,1.012,2.947,422.677,5.111,0.983,0.0,20.486,0.983,8.982,92.246,67.161,56.567,0.0,0.972,18.698,1.002,35.046,21.622,0.0,25.397,10.006,20.064,16.188,73.386,40.737,14.367,32.044,4.042,2.944,58.309,33.911,86.948,50.986,63.717,21.971,4.038,1.97,38.962,1.017,6.105,23.35,0.0,0.992,69.679,247.56,0.0,6.079,0.0,0.0,10.689,8.14,3.042,10.88,9.831,92.747,65.644,63.377,2.02,69.104,0.0,39.171,11.271,13.887,3.013,54.578,29.774,4.041,37.586,0.0,166.741,6.91,0.0,66.329,0.0,0.0,0.996,0.974,0.0,145.232,13.067,1.026,5.071,0.0,3.971,17.768,58.501,0.995,86.977,0.0,184.127,12.355,0.0,12.824,0.0,41.36,0.989,4.061,9.207,0.0,5.843,47.236,222.82,3.92,9.783,8.119,12.666,57.222,0.0,123.362,22.505,35.042,0.0,51.105,120.362,16.27,0.0,3.985,23.824,19.52,52.598,0.993,30.445,5.892,14.589,0.0,142.89,1.021,2.928,8.859,1.014,10.071,749.705,11.126,6.022,3.978,44.895,101.464,1.979,5.144,0.981,1.009,0.0,4.077,226.92,1.018,53.525,0.0,2.912,1.027,4.992,91.266,5.118,1.025,1.014,0.0,80.109,12.332,1.003,0.0,24.327,173.72,12.748,2.039,4.915,4.988,1.02,5.892,0.0,13.94,25.247,39.445,1.967,5.948,4.908,3.032,5.888,3.015,10.791,68.112,1.959,43.359,114.883,5.136,13.007,12.896,106.552,96.525,4.058,13.677,71.764,61.325,1.941,0.99,12.116,8.139,90.51,2.992,258.52,48.603,8.072,11.698,2.007,152.549,0.0,0.0,3.004,0.0,1019.326,10.897,180.833,0.0,0.0,4.952,44.507,40.704,202.809,1.965,4.092,106.176,0.0,2.059,9.237,86.314,29.594,2563.863,18.007,26.976,0.0,5.098,57.649,2.021,42.902,0.0,94.254,19.09,0.985,0.0,4.857,2.028,10.794,26.062,6.157,5.828,143.722,9.772,15.438,18.083,43.665,0.0,0.0,3.004,0.0,case
GS058,B3,F,56,11.816,328.51,1.95,407.101,32.781,6.057,0.0,0.972,0.0,1.02,2.964,0.0,32.101,5.918,0.0,8.864,2.997,4.062,182.09,2.975,6.156,104.425,17.862,406.517,7.137,0.0,2.035,19.061,3.04,0.0,3.071,3.922,0.991,224.395,734.921,2.923,11.051,5.006,4.091,2.021,77.703,25.413,2.029,1.02,2.054,0.0,176.824,12.074,0.0,6.047,991.538,6.987,981.448,39.476,2.012,1.026,1.018,0.976,21.653,0.0,84.691,1.011,7.853,3.971,12.98,1034.071,0.0,18.285,6.102,0.982,36.3,0.0,0.0,68.933,0.975,3.032,185.143,7.144,3.993,16.667,0.974,618.99,23.354,2.001,102.824,27.068,0.0,38.222,2.914,5.922,7.961,87.532,450.227,14.883,28.64,0.0,2.006,5.87,19.638,38.738,1.012,11.694,0.0,14.735,13.234,4.982,13971.667,335.428,0.0,55.292,1.943,49.102,30.841,0.0,52.13,0.0,183.326,276.737,8.186,1.952,5.09,12.982,821.116,26.572,4.115,2.925,11.664,15.526,0.0,65.079,40.43,17.359,256.828,334.014,0.0,3.933,1.014,20.472,6.119,4.027,4.013,0.0,160.89,132.866,1.995,22.079,7.842,52.355,16.899,9.217,142.22,3.956,31.137,0.0,0.0,1.028,10.863,0.0,6.071,0.0,1.963,5.125,1.998,29.311,32.9,18.716,398.101,8.165,5.072,6338.477,85.731,2.917,120.422,0.0,8.224,53.246,3.076,0.0,0.0,39.151,19.825,11.792,142.817,52.204,0.0,329.821,0.0,19.95,862.622,6.947,232.036,20.388,135.23,2.048,1.02,5.897,66.133,1.006,89.618,38.096,6.097,2.0,0.0,1.003,0.0,0.0,8.952,211.658,12.939,1.998,1.013,3.905,6.851,2.053,156.608,21.347,1.006,1.983,8.06,0.0,4.95,0.977,8.768,68.985,3.883,19.11,30.697,23.397,2.978,106.662,35.49,7.782,0.0,81.417,5.114,2.033,5.113,173.489,5.847,14.096,25.9,4.031,56.519,1.996,7.128,113.52,14.095,0.0,0.0,44.28,3.043,6.946,17.245,74.359,10.008,2.018,0.0,16.479,2.016,45.445,68.281,5.946,36.872,7.017,2.024,8.987,14.816,44.849,37.488,45.077,5.017,0.971,27.736,52.06,137.797,16.811,107.705,47.351,4.943,4.956,453.484,1.006,14.07,27.756,1.98,0.0,127.322,67.68,0.98,1.022,0.974,0.0,15.825,0.0,8.088,23.791,8.1,33.491,28.674,26.645,1.964,55.188,2.02,43.827,15.766,8.026,1.959,73.893,33.227,9.162,51.552,0.997,236.75,18.614,0.0,66.407,0.995,4.014,1.963,2.038,4.021,125.01,1.021,5.09,5.143,0.0,44.966,5.141,96.042,0.996,53.746,0.0,104.141,9.112,0.99,10.854,0.0,62.265,4.104,12.827,18.343,0.986,3.02,220.321,74.071,8.85,13.9,24.978,21.401,10.973,0.0,159.364,73.459,18.471,0.0,56.364,102.162,28.262,0.972,2.961,14.584,14.237,27.794,1.004,79.177,4.905,5.888,5.008,111.63,0.0,14.275,21.09,0.0,77.137,242.423,85.145,0.0,3.959,20.643,250.009,1.029,0.0,1.949,0.979,5.976,10.256,147.774,1.01,66.783,0.0,0.0,5.054,11.681,429.898,0.0,7.022,14.094,0.0,38.734,5.133,1.022,0.0,12.838,214.492,19.814,7.126,3.042,18.92,2.005,4.855,2.048,14.699,141.532,6.024,13.828,18.462,6.061,1.972,5.866,0.0,17.586,3.019,0.979,170.925,112.76,27.235,4.943,9.822,44.09,470.506,18.88,35.721,43.689,67.989,1.997,2.031,46.025,54.147,47.564,3.893,95.716,19.263,7.819,21.93,2.012,157.161,0.0,0.0,3.046,0.0,1308.089,11.993,196.323,0.998,0.0,10.242,40.128,178.296,391.934,3.054,29.699,74.954,0.0,4.061,1.025,41.897,7.958,2265.699,32.754,11.985,0.0,14.918,193.137,1.016,38.534,0.985,107.452,68.43,14.728,1.021,8.937,7.096,6.952,123.907,0.0,7.845,493.428,11.961,35.197,18.768,69.277,2.042,5.964,9.767,1.945,case
GS059,B3,M,70,9.188,352.151,0.977,138.554,26.235,4.868,0.996,0.995,0.0,0.996,0.977,9.727,34.357,21.11,1.005,11.254,5.884,5.926,270.122,0.97,30.991,106.56,30.789,683.555,12.297,0.0,1.006,13.271,1.002,0.999,1.985,1.98,0.0,259.594,506.074,3.963,2.047,2.057,10.077,0.0,28.531,33.133,0.0,3.052,5.899,1.976,36.994,22.172,1.022,0.0,672.848,5.113,2949.514,33.952,1.996,4.065,0.99,3.916,9.954,3.033,28.154,5.001,17.446,8.814,18.462,690.189,0.0,73.232,0.994,0.0,0.0,0.0,0.0,85.65,1.965,9.983,90.719,18.174,0.0,3.016,0.0,337.103,42.97,0.0,230.399,33.558,2.04,182.023,4.943,2.001,7.891,230.673,24.375,40.723,81.982,0.0,5.139,2.024,8.052,38.956,0.0,11.649,1.982,19.856,1.943,15.803,8727.403,169.196,1.002,57.71,5.96,72.92,39.685,3.053,71.319,0.0,162.697,1096.958,23.848,3.086,3.901,10.276,962.946,4.96,9.763,1.02,15.977,9.01,0.0,48.239,42.066,28.174,115.706,95.244,0.0,5.897,11.714,14.322,1.008,21.149,0.0,4.937,47.772,297.546,0.0,10.798,5.907,148.539,7.8,5.12,71.814,7.884,3.883,0.0,0.0,0.0,6.968,0.0,5.933,0.0,1.014,1.001,0.984,21.159,20.075,13.9,325.112,12.348,1.952,4871.198,43.967,0.0,46.139,0.0,3.949,58.019,1.022,0.0,2.053,12.858,32.156,14.353,45.918,22.891,0.0,59.306,7.025,37.212,563.716,0.971,217.63,21.23,30.306,3.026,5.114,0.0,25.838,2.043,63.025,14.911,42.772,11.126,0.999,0.0,0.0,0.0,11.044,191.528,2.985,0.0,1.02,1.006,13.008,1.027,177.617,12.252,0.0,5.924,0.0,0.996,5.118,0.999,15.433,36.086,1.005,12.112,12.849,23.541,0.0,44.683,23.205,13.645,0.0,82.231,11.961,2.916,7.989,184.168,4.998,15.781,13.949,6.851,31.801,5.103,1.006,157.646,10.258,0.0,0.973,7.843,0.0,3.999,48.373,45.209,33.024,1.016,0.0,7.007,0.0,13.281,63.257,1.008,43.143,4.108,11.216,14.305,31.486,23.624,8.063,32.435,3.087,11.962,44.123,33.555,45.157,11.204,39.13,247.522,7.826,0.984,239.555,3.92,14.117,34.821,0.0,0.0,91.757,27.786,0.0,4.874,0.0,0.0,2.057,2.977,5.824,10.808,18.753,171.539,98.937,59.44,2.001,20.513,1.953,29.068,16.622,8.795,10.021,101.784,46.965,1.004,23.745,0.985,77.145,12.982,1.019,122.205,0.99,1.942,0.999,1.956,1.026,135.14,5.101,0.0,0.0,0.0,50.919,10.998,143.094,0.999,27.325,0.0,140.057,10.876,0.992,3.906,0.972,80.026,0.988,1.955,15.662,2.976,0.0,110.6,95.382,5.943,11.136,9.26,12.25,152.263,0.0,197.059,29.506,10.043,0.0,49.726,254.234,36.871,0.979,2.955,47.517,15.857,20.586,2.922,113.305,9.714,24.4,3.013,62.997,0.0,13.019,26.557,0.0,43.719,599.808,47.82,0.986,3.064,24.342,47.181,2.916,3.081,0.976,1.018,7.837,4.898,98.986,1.953,43.799,0.0,1.007,4.877,3.054,185.555,0.98,1.009,4.048,0.0,12.726,20.188,8.964,0.0,19.783,306.358,8.736,2.008,3.08,19.779,0.977,4.928,0.985,10.791,106.829,12.281,11.924,24.972,0.0,6.106,5.031,5.893,15.751,61.208,10.17,223.782,89.517,2.942,2.0,7.776,262.422,65.317,0.988,5.071,30.47,24.379,7.969,3.999,55.587,21.71,121.503,2.057,151.194,25.293,11.252,21.642,2.935,206.764,1.021,0.0,0.988,0.0,1259.7,6.8,117.565,8.236,0.975,5.123,37.203,178.097,408.131,1.008,31.103,91.099,1.018,3.048,0.0,80.602,36.668,748.222,58.575,23.142,0.0,0.0,93.926,0.0,143.484,0.99,217.272,75.928,9.011,4.047,6.868,7.142,1.018,58.854,0.993,13.719,280.963,10.978,118.823,5.936,35.871,0.0,2.046,12.746,2.953,case
GS060,B3,M,51,0.0,289.059,0.0,248.553,17.45,3.017,0.0,4.077,1.019,5.069,4.061,7.935,27.031,5.124,0.0,5.963,2.017,17.6,187.519,4.911,8.887,54.383,109.708,675.4,7.952,0.0,0.0,5.913,4.007,0.0,2.025,2.914,0.0,113.428,752.031,3.985,5.96,5.836,7.029,0.994,30.686,53.307,0.0,1.96,2.022,0.982,178.04,7.96,1.024,6.864,492.744,10.207,3792.995,98.97,0.985,0.989,3.052,0.0,20.247,0.0,36.788,2.003,4.105,12.615,2.03,568.758,0.0,42.422,2.059,0.0,8.13,0.0,0.99,34.43,0.0,2.98,167.365,10.882,1.024,11.991,0.999,102.583,99.756,0.974,41.732,7.784,0.0,37.843,4.952,2.022,3.026,104.674,195.55,19.07,83.578,0.0,2.987,6.906,17.713,50.756,0.0,0.971,0.0,29.521,20.468,20.423,15500.341,357.909,0.0,58.829,4.114,142.559,26.741,0.0,143.924,0.0,179.885,360.111,22.057,3.033,5.88,16.164,526.583,33.987,0.0,4.001,6.117,12.229,0.981,23.349,9.961,22.193,153.783,28.681,0.0,0.983,12.774,24.842,1.009,7.12,2.996,1.967,72.008,124.428,0.972,23.748,3.912,65.639,10.019,9.077,50.691,4.946,11.028,0.0,0.0,0.0,6.106,0.0,11.19,0.0,0.971,0.0,1.025,8.811,3.96,13.203,343.633,2.988,1.962,4027.255,49.106,1.949,20.789,0.984,0.0,21.588,0.0,0.0,0.0,22.352,88.579,15.282,56.546,65.939,0.0,87.601,4.908,6.031,576.868,13.32,202.611,43.235,14.794,0.986,1.024,0.0,4.037,8.113,136.741,3.974,25.561,2.92,1.974,1.006,0.0,1.017,46.109,119.068,6.978,0.0,0.0,4.864,11.973,1.94,73.36,0.0,1.0,1.967,0.0,0.979,0.0,0.0,18.624,66.649,0.0,13.325,10.763,8.898,1.008,34.754,31.347,5.018,0.0,20.475,1.028,1.03,7.947,118.552,3.991,29.863,19.137,2.0,5.918,0.981,0.0,268.943,4.076,1.008,1.002,1.948,1.029,11.804,87.981,30.818,41.449,0.0,0.983,58.964,3.063,34.875,159.828,0.0,16.098,4.094,6.851,1.006,13.632,51.355,7.019,11.313,2.936,2.009,22.787,21.36,26.043,16.669,28.595,164.365,1.964,0.0,112.11,2.039,7.863,5.113,8.177,0.0,160.178,78.665,2.048,1.97,1.99,0.0,5.061,1.009,13.777,11.141,7.997,39.004,52.145,77.649,0.0,38.89,0.0,46.122,12.239,7.968,3.084,81.783,8.185,6.938,1.943,0.0,148.425,30.46,0.0,99.101,0.0,3.054,0.974,0.0,0.976,35.243,13.944,3.012,2.944,0.0,19.691,22.478,10.711,0.975,50.921,0.99,138.041,52.919,0.0,11.776,0.0,82.396,0.0,7.16,0.989,2.024,0.0,79.789,110.743,5.011,30.352,1.011,20.667,48.627,0.0,36.872,25.044,8.78,0.0,25.282,127.612,5.953,0.0,5.03,25.959,8.783,34.925,0.982,84.79,0.978,14.82,1.013,110.513,0.0,12.936,11.71,0.0,40.984,99.948,86.087,9.164,0.0,16.555,113.475,0.993,6.851,1.987,0.0,1.022,7.002,54.818,0.982,102.602,0.0,0.0,2.942,15.785,159.775,1.005,0.995,14.931,0.0,75.261,10.142,1.941,0.0,59.439,150.437,26.569,5.132,0.995,9.905,0.0,8.815,0.0,9.725,66.796,8.077,8.107,18.623,5.922,2.016,1.984,2.927,4.065,14.083,2.05,46.303,107.673,9.919,5.0,2.911,82.438,173.324,0.0,18.788,14.992,21.095,2.024,10.127,42.913,13.26,165.851,14.415,83.81,15.294,9.877,6.021,5.124,19.451,1.017,0.0,0.0,0.0,133.125,7.148,103.079,0.0,0.974,5.069,21.365,153.931,115.659,0.0,13.239,21.385,0.0,5.938,0.991,96.721,11.184,1315.618,5.982,53.351,0.0,12.216,51.418,1.005,61.291,0.0,36.771,73.545,10.04,2.018,4.1,7.137,3.983,35.925,4.073,3.049,45.732,9.78,117.137,14.841,14.01,1.01,6.118,2.946,0.0,case
