sample_id,batch,sex,age,condition,1000000_at,1000007_at,1000014_at,1000021_at,1000028_at,1000035_at,1000042_at,1000049_at,1000056_at,1000063_at,1000070_at,1000077_at,1000084_at,1000091_at,1000098_at,1000105_at,1000112_at,1000119_at,1000126_at,1000133_at,1000140_at,1000147_at,1000154_at,1000161_at,1000168_at,1000175_at,1000182_at,1000189_at,1000196_at,1000203_at,1000210_at,1000217_at,1000224_at,1000231_at,1000238_at,1000245_at,1000252_at,1000259_at,1000266_at,1000273_at,1000280_at,1000287_at,1000294_at,1000301_at,1000308_at,1000315_at,1000322_at,1000329_at,1000336_at,1000343_at,1000350_at,1000357_at,1000364_at,1000371_at,1000378_at,1000385_at,1000392_at,1000399_at,1000406_at,1000413_at,1000420_at,1000427_at,1000434_at,1000441_at,1000448_at,1000455_at,1000462_at,1000469_at,1000476_at,1000483_at,1000490_at,1000497_at,1000504_at,1000511_at,1000518_at,1000525_at,1000532_at,1000539_at,1000546_at,1000553_at,1000560_at,1000567_at,1000574_at,1000581_at,1000588_at,1000595_at,1000602_at,1000609_at,1000616_at,1000623_at,1000630_at,1000637_at,1000644_at,1000651_at,1000658_at,1000665_at,1000672_at,1000679_at,1000686_at,1000693_at,1000700_at,1000707_at,1000714_at,1000721_at,1000728_at,1000735_at,1000742_at,1000749_at,1000756_at,1000763_at,1000770_at,1000777_at,1000784_at,1000791_at,1000798_at,1000805_at,1000812_at,1000819_at,1000826_at,1000833_at,1000840_at,1000847_at,1000854_at,1000861_at,1000868_at,1000875_at,1000882_at,1000889_at,1000896_at,1000903_at,1000910_at,1000917_at,1000924_at,1000931_at,1000938_at,1000945_at,1000952_at,1000959_at,1000966_at,1000973_at,1000980_at,1000987_at,1000994_at,1001001_at,1001008_at,1001015_at,1001022_at,1001029_at,1001036_at,1001043_at,1001050_at,1001057_at,1001064_at,1001071_at,1001078_at,1001085_at,1001092_at,1001099_at,1001106_at,1001113_at,1001120_at,1001127_at,1001134_at,1001141_at,1001148_at,1001155_at,1001162_at,1001169_at,1001176_at,1001183_at,1001190_at,1001197_at,1001204_at,1001211_at,1001218_at,1001225_at,1001232_at,1001239_at,1001246_at,1001253_at,1001260_at,1001267_at,1001274_at,1001281_at,1001288_at,1001295_at,1001302_at,1001309_at,1001316_at,1001323_at,1001330_at,1001337_at,1001344_at,1001351_at,1001358_at,1001365_at,1001372_at,1001379_at,1001386_at,1001393_at,1001400_at,1001407_at,1001414_at,1001421_at,1001428_at,1001435_at,1001442_at,1001449_at,1001456_at,1001463_at,1001470_at,1001477_at,1001484_at,1001491_at,1001498_at,1001505_at,1001512_at,1001519_at,1001526_at,1001533_at,1001540_at,1001547_at,1001554_at,1001561_at,1001568_at,1001575_at,1001582_at,1001589_at,1001596_at,1001603_at,1001610_at,1001617_at,1001624_at,1001631_at,1001638_at,1001645_at,1001652_at,1001659_at,1001666_at,1001673_at,1001680_at,1001687_at,1001694_at,1001701_at,1001708_at,1001715_at,1001722_at,1001729_at,1001736_at,1001743_at,1001750_at,1001757_at,1001764_at,1001771_at,1001778_at,1001785_at,1001792_at,1001799_at,1001806_at,1001813_at,1001820_at,1001827_at,1001834_at,1001841_at,1001848_at,1001855_at,1001862_at,1001869_at,1001876_at,1001883_at,1001890_at,1001897_at,1001904_at,1001911_at,1001918_at,1001925_at,1001932_at,1001939_at,1001946_at,1001953_at,1001960_at,1001967_at,1001974_at,1001981_at,1001988_at,1001995_at,1002002_at,1002009_at,1002016_at,1002023_at,1002030_at,1002037_at,1002044_at,1002051_at,1002058_at,1002065_at,1002072_at,1002079_at,1002086_at,1002093_at,1002100_at,1002107_at,1002114_at,1002121_at,1002128_at,1002135_at,1002142_at,1002149_at,1002156_at,1002163_at,1002170_at,1002177_at,1002184_at,1002191_at,1002198_at,1002205_at,1002212_at,1002219_at,1002226_at,1002233_at,1002240_at,1002247_at,1002254_at,1002261_at,1002268_at,1002275_at,1002282_at,1002289_at,1002296_at,1002303_at,1002310_at,1002317_at,1002324_at,1002331_at,1002338_at,1002345_at,1002352_at,1002359_at,1002366_at,1002373_at,1002380_at,1002387_at,1002394_at,1002401_at,1002408_at,1002415_at,1002422_at,1002429_at,1002436_at,1002443_at,1002450_at,1002457_at,1002464_at,1002471_at,1002478_at,1002485_at,1002492_at,1002499_at,1002506_at,1002513_at,1002520_at,1002527_at,1002534_at,1002541_at,1002548_at,1002555_at,1002562_at,1002569_at,1002576_at,1002583_at,1002590_at,1002597_at,1002604_at,1002611_at,1002618_at,1002625_at,1002632_at,1002639_at,1002646_at,1002653_at,1002660_at,1002667_at,1002674_at,1002681_at,1002688_at,1002695_at,1002702_at,1002709_at,1002716_at,1002723_at,1002730_at,1002737_at,1002744_at,1002751_at,1002758_at,1002765_at,1002772_at,1002779_at,1002786_at,1002793_at,1002800_at,1002807_at,1002814_at,1002821_at,1002828_at,1002835_at,1002842_at,1002849_at,1002856_at,1002863_at,1002870_at,1002877_at,1002884_at,1002891_at,1002898_at,1002905_at,1002912_at,1002919_at,1002926_at,1002933_at,1002940_at,1002947_at,1002954_at,1002961_at,1002968_at,1002975_at,1002982_at,1002989_at,1002996_at,1003003_at,1003010_at,1003017_at,1003024_at,1003031_at,1003038_at,1003045_at,1003052_at,1003059_at,1003066_at,1003073_at,1003080_at,1003087_at,1003094_at,1003101_at,1003108_at,1003115_at,1003122_at,1003129_at,1003136_at,1003143_at,1003150_at,1003157_at,1003164_at,1003171_at,1003178_at,1003185_at,1003192_at,1003199_at,1003206_at,1003213_at,1003220_at,1003227_at,1003234_at,1003241_at,1003248_at,1003255_at,1003262_at,1003269_at,1003276_at,1003283_at,1003290_at,1003297_at,1003304_at,1003311_at,1003318_at,1003325_at,1003332_at,1003339_at,1003346_at,1003353_at,1003360_at,1003367_at,1003374_at,1003381_at,1003388_at,1003395_at,1003402_at,1003409_at,1003416_at,1003423_at,1003430_at,1003437_at,1003444_at,1003451_at,1003458_at
GS001,B1,M,62,control,6.2442,14.2883,6.5288,13.3173,9.5453,6.6564,3.9911,9.0493,7.5272,7.1341,6.3198,5.04,12.4093,11.626,7.592,10.2365,7.0781,9.8232,14.7947,5.1367,13.3868,12.1146,12.241,14.8954,11.0243,5.1383,4.8061,8.4578,7.2479,4.2849,3.9414,6.4481,4.6664,14.2224,14.9212,6.9762,8.9567,8.1308,7.9381,6.4673,10.6493,14.7002,6.4102,6.4232,6.5529,5.9755,10.9464,11.4878,7.6443,9.4667,14.6834,11.5773,15.1257,11.8446,6.5165,6.7421,4.9995,2.3901,11.1826,5.4459,10.1181,8.1837,5.6867,11.9998,5.2996,13.501,2.9842,11.4224,5.7393,8.6798,9.8285,2.9897,3.6845,11.5849,2.5602,6.918,11.8761,6.0954,5.4925,8.8645,3.3457,14.3306,13.9674,4.9813,14.4135,11.6398,4.6923,14.4011,4.7181,9.9975,7.2842,12.0482,13.6722,11.8583,13.5381,3.2855,8.7191,7.8937,9.592,14.0931,3.3861,9.1867,3.9795,7.4491,10.9993,8.4328,15.1035,14.4681,4.7111,10.1677,2.606,13.2458,8.8359,4.1852,13.1841,2.8514,14.4794,14.9232,10.6995,4.5875,10.0357,8.3688,14.5296,10.5891,6.9356,4.1719,11.0111,10.511,4.5454,11.2112,10.432,9.1723,12.8087,12.5002,3.8204,6.8074,9.6746,12.334,6.7672,10.3048,6.7362,7.5361,11.4028,13.3552,3.5704,5.6922,8.4828,11.6922,5.6752,9.3651,13.403,9.9302,7.16,5.6094,3.5012,4.3274,10.164,4.1302,9.8309,4.0519,8.5883,4.5092,5.7582,7.6434,7.4312,11.5157,14.3733,10.5925,4.8267,15.2045,12.485,4.3991,12.9865,3.604,11.6336,12.6944,9.9351,3.4751,3.4974,10.528,12.0327,7.7629,12.3787,8.5741,3.9153,14.4714,5.0344,9.663,15.1956,7.6445,14.1116,10.6263,10.7763,7.681,4.3195,4.5212,13.6961,4.7602,14.6714,9.6844,12.9248,8.6528,3.6441,4.7747,3.7123,7.6592,9.4941,13.6892,10.944,4.3346,4.1359,7.484,11.1137,3.832,13.0556,7.6799,3.9204,4.4695,6.7571,2.7389,2.53,6.0694,8.0325,11.3925,4.7667,8.289,9.8161,10.228,6.1753,13.988,10.2354,8.2068,2.2017,13.8871,8.7756,2.4186,9.7523,14.8152,4.7803,11.6109,9.5093,2.5327,13.7216,2.8245,8.1296,14.5563,10.9378,5.8262,3.5145,10.7959,4.931,8.7461,14.6317,13.2247,13.8779,3.4299,7.6831,10.1917,3.2849,11.2833,13.5323,2.9088,9.2341,3.0579,9.198,7.3101,11.6103,13.1743,10.955,11.1878,5.8323,3.1952,12.4834,13.2292,10.3521,9.5164,13.2396,13.766,9.7748,5.9664,13.9834,6.8687,7.5612,4.2039,7.9306,3.1351,14.6224,14.6473,6.5182,2.8668,3.9708,3.0333,10.2068,3.1942,5.4259,12.3627,8.8124,13.1321,13.1834,11.2234,6.0174,10.8085,5.2463,13.1253,9.679,5.957,5.5283,13.7563,11.9793,7.0763,12.0125,3.036,12.6808,6.8041,7.9621,14.2878,5.6403,6.3884,5.1905,2.9789,3.1641,14.2636,7.1292,6.6744,9.0989,5.9011,10.052,9.9774,12.1294,6.5768,12.2207,5.4892,14.1704,8.7144,2.6323,5.0319,2.5348,15.3207,2.5841,8.7943,10.6428,2.6809,5.4615,12.9289,13.5883,10.5286,10.1015,8.9682,10.6795,12.204,4.5906,14.2279,9.4978,8.8305,3.0108,12.0667,11.6309,10.8767,2.8623,8.8914,10.549,2.8663,11.3624,4.8346,12.6807,2.6811,10.7499,6.7317,12.2702,3.6531,7.4776,10.9763,3.1308,11.5946,14.5713,13.6962,8.0592,7.6122,9.4884,13.7155,7.0543,4.9861,7.213,3.2031,8.7448,5.0969,13.0096,3.5105,8.6878,3.879,5.1115,7.482,10.799,12.6972,4.8315,4.9794,8.5837,4.8807,14.2657,9.8973,6.9404,5.4128,8.0703,14.6351,11.2137,7.9577,6.5748,11.6357,6.41,8.4676,6.582,10.1646,14.2807,6.7506,9.868,6.1513,7.8626,8.6674,8.1053,6.3192,8.3175,13.6118,5.025,14.0051,12.1754,11.4988,8.5753,7.6752,13.5938,14.0821,9.1145,12.3376,12.7437,12.8412,5.1815,8.9275,12.3679,12.6141,13.2264,6.207,11.7587,11.5831,9.4962,9.8394,7.0331,10.0114,4.0567,3.5541,8.4961,5.0721,13.7565,10.5725,11.7419,3.7902,5.8864,8.5979,13.0454,13.8792,14.1355,3.6863,5.2432,12.5823,4.9988,3.547,5.6537,10.4103,7.3467,15.3774,13.3935,11.6063,5.2573,10.0129,11.3719,3.6726,12.7974,5.0509,12.9015,12.1463,7.5005,6.9354,8.5145,9.5032,8.5683,13.643,6.3577,9.1097,14.4333,7.799,8.5653,11.1632,13.1837,5.7631,3.7765,11.1133,4.6196
GS002,B1,F,63,control,9.2431,13.1187,4.1726,12.4458,11.9828,7.1182,3.8722,8.3326,8.5108,4.7596,9.1796,7.931,9.5165,12.1511,5.4237,7.6228,6.9668,9.9314,12.6128,4.9039,11.1493,12.9872,9.5929,14.8279,9.1802,3.8988,4.3291,9.6605,3.88,3.7988,4.6313,4.8674,4.0633,13.6514,15.0507,4.9521,9.009,9.7232,5.9913,6.367,10.4791,14.6756,3.8817,6.5383,8.6532,7.3075,11.3379,10.1594,3.9024,10.3128,14.4047,11.8456,15.0392,10.7379,8.0918,4.9746,2.8688,6.3659,10.523,6.2264,10.4792,6.8588,8.71,10.5107,5.2071,14.3425,5.6439,11.9578,2.5308,5.6168,7.2764,4.763,5.2506,13.5186,7.4822,5.7661,13.345,7.1684,5.4394,7.8626,5.8953,14.4821,14.1967,4.6343,14.8478,9.5222,4.7426,14.1351,8.4913,9.2736,7.4781,12.0814,14.8366,11.1861,11.612,5.5166,7.5237,7.9603,8.6473,13.4421,2.6294,8.472,2.9987,7.2277,8.4025,8.617,14.7544,14.5278,2.4633,11.7963,2.5271,13.7151,12.5781,4.1577,11.1497,6.1538,14.7384,14.3078,12.0566,7.254,6.1862,8.5391,15.1063,12.3165,6.0135,8.3824,10.4507,13.1975,6.2458,13.0398,11.2449,7.7499,14.6179,12.632,4.1447,3.2454,8.0804,13.741,10.5126,11.1427,3.8319,7.2539,11.2106,13.7563,3.9507,7.6955,5.518,13.2406,4.2823,9.8693,10.0578,7.6598,7.5142,4.3769,3.362,4.7936,10.7452,4.8581,7.0948,5.4209,9.8286,3.0979,3.5429,7.7789,7.8651,11.3891,13.4537,9.9124,4.8554,14.8885,13.9358,4.7637,11.5916,3.7769,7.428,13.2074,8.5552,3.2881,3.0656,11.267,13.1466,8.7438,12.5659,10.7114,3.4049,13.9904,7.2006,8.4649,15.3561,7.6522,14.6341,10.059,10.7242,5.9777,5.3726,4.5329,11.9169,5.7678,13.7518,9.8274,14.0043,9.4862,4.6917,2.9118,3.2661,6.0625,8.5988,12.5942,9.843,5.9611,3.2328,3.4956,3.4591,6.7377,12.8655,11.097,3.6937,7.8805,6.9772,3.4842,8.4115,7.121,7.2999,11.9131,3.2734,10.6615,10.4643,10.2706,6.6971,13.3863,11.2981,4.9752,3.8252,13.5723,11.3634,3.2928,9.941,15.1767,8.075,12.4498,11.9489,6.6946,13.146,5.2497,8.9626,12.957,10.0986,2.3593,3.4787,11.9265,3.6513,10.723,14.2551,12.6468,13.9936,3.4376,4.0686,5.3385,4.3441,11.3415,13.3429,3.9872,11.9521,5.9743,9.3399,8.8142,7.072,11.4599,11.2127,9.3466,5.6471,6.3341,13.1796,12.1226,13.1949,12.7656,14.095,14.6103,9.6639,6.4586,14.7336,4.2878,6.2128,9.3498,7.8376,3.4062,13.6543,15.0398,6.4926,6.6646,4.6642,3.5212,7.6194,3.2737,8.642,9.2208,6.612,13.4853,14.1813,11.072,3.1166,12.5088,3.024,12.1899,7.9681,9.7659,2.5355,10.6275,8.8942,7.8948,12.0125,4.2564,12.1032,9.4468,6.3959,14.1176,4.4748,2.6811,6.3834,2.4638,6.242,14.511,6.6486,6.7461,8.8839,2.8182,12.9113,10.2441,9.7852,4.8501,13.0438,7.1778,13.8494,11.2344,5.4837,6.8622,5.091,14.7508,7.249,8.6539,9.1891,4.7559,6.3373,11.3658,11.7745,12.1095,11.1394,10.3886,11.4187,11.9898,6.8584,13.7009,10.931,11.0184,3.2827,5.4369,14.1429,11.3712,3.0026,9.4788,12.7343,5.0617,12.7861,5.1366,14.372,6.3538,9.1499,5.2279,12.2848,2.9603,7.8927,6.7164,2.7609,10.3053,14.8669,14.453,3.0177,5.5529,9.5744,14.1083,5.6844,8.1968,2.8917,5.9815,6.244,9.0097,13.3521,3.0556,12.4143,2.9635,4.4945,4.739,9.1827,9.9624,6.8216,8.7941,10.5797,3.3687,13.0881,11.2497,3.1642,3.4907,8.3753,14.1126,9.7692,8.644,9.6263,11.3405,5.9752,8.5482,3.5923,4.352,13.9673,9.507,9.0027,9.4748,8.732,7.9907,6.7451,6.1361,7.8337,11.8553,5.4888,14.1324,13.202,9.3005,5.8654,10.2852,13.5355,12.7486,5.2889,7.0777,13.1896,10.6287,3.5956,6.2578,11.8449,11.1343,13.4321,4.2154,11.3572,11.0064,11.2869,10.2043,5.6817,13.3723,4.4435,3.8688,8.1704,5.9212,14.4182,11.8517,11.1722,6.5748,6.8836,8.2034,13.3865,12.7614,13.9717,5.5055,9.6377,12.5981,4.7591,7.7506,5.7615,11.7857,6.4267,14.9616,11.6062,10.7518,4.0521,11.3337,11.6005,4.6388,12.8696,4.5174,14.029,9.6098,9.682,5.627,6.5372,10.8912,8.1676,12.7751,3.5523,7.7961,12.9108,12.5247,9.769,11.4668,13.949,4.4514,9.452,10.4768,6.9849
GS003,B1,M,66,control,8.0615,14.5841,6.6968,14.0128,11.4879,6.9059,5.4371,7.9726,5.939,8.675,7.3279,6.9941,9.2234,7.4936,7.1037,7.4991,5.7219,9.4598,13.4289,4.4131,11.0626,13.7877,11.8519,15.0047,12.5075,4.8691,4.4154,8.8345,4.0218,4.5793,7.1005,4.2362,5.0012,14.1633,14.2819,9.184,9.2859,11.7105,7.4521,5.1143,9.5616,14.4845,4.351,5.2906,4.4903,4.6956,12.0065,10.3267,4.4692,8.0118,14.5858,9.7169,15.1422,7.8361,4.5298,4.9981,4.0435,4.7318,10.3187,8.9584,11.1835,4.3907,11.604,12.5773,8.1729,14.2144,7.1994,12.4506,4.7788,5.3862,7.7632,4.789,2.9846,12.7556,7.0804,8.6203,10.9535,9.7832,2.9066,7.0305,7.1918,15.0767,15.2678,3.4297,14.6989,12.6929,8.6394,13.1328,7.0869,7.845,7.6674,13.8625,12.2471,12.0484,9.1913,6.3448,8.5169,5.32,10.7901,14.2168,2.7951,7.3888,5.4885,7.6261,8.5231,8.1682,14.7212,14.4498,2.8518,9.4371,3.2899,14.2955,13.1718,3.5566,12.3959,5.7817,13.6807,14.4343,11.1573,5.8758,6.8302,11.1629,14.8331,8.6844,8.3866,6.7953,10.4452,12.4735,2.9977,11.0615,12.0295,7.8826,13.827,12.9626,3.281,8.8549,8.4702,12.4896,6.9146,9.1079,8.5082,3.5632,10.3709,12.8595,2.7944,8.2503,7.5294,13.2344,7.2074,7.4701,11.9131,7.3085,7.734,4.1942,3.0024,2.948,11.8268,4.8456,6.9389,4.5671,7.0537,2.9093,7.0743,9.1539,9.6172,10.7926,14.9851,8.6342,6.5657,14.7325,14.5925,4.9074,10.4405,3.1603,12.3105,13.0047,9.76,3.0862,5.8721,11.7534,11.839,8.7226,13.0553,12.2359,2.4562,12.6629,2.5988,11.4127,14.606,2.5413,14.4564,11.4365,10.8776,2.6343,3.2976,6.2833,9.9726,6.5193,14.233,11.0171,12.2477,7.8453,2.8972,2.8225,2.8413,2.7865,10.0421,10.7583,12.5628,4.8697,2.7293,5.2568,13.1258,5.0432,13.3928,9.2837,2.5974,5.5175,7.2314,2.5897,9.5304,4.9668,7.1964,11.5272,2.7653,8.255,12.2263,6.484,7.2819,13.1329,12.3595,6.6282,2.2775,13.5505,9.9132,2.6656,10.0989,13.878,4.8489,11.2328,10.2751,6.0956,10.7462,8.4347,5.0786,15.1416,10.2938,2.6677,5.3977,10.8337,5.3337,8.3404,13.5217,11.9479,10.6421,5.3725,5.4438,5.3143,5.3929,12.3609,14.1137,5.7896,13.134,7.6998,9.624,5.664,9.8596,11.1396,10.6271,7.7265,2.2209,5.4173,13.1746,10.9611,10.6682,11.5562,14.6253,13.3849,7.9199,6.3395,8.205,5.8976,7.3913,8.8605,7.7402,5.6514,14.1333,14.5553,3.402,8.1667,5.8582,3.5515,9.2966,4.9968,9.0951,9.3582,12.447,14.1172,10.1236,12.2968,4.9782,9.5481,3.7178,13.6687,8.3887,7.1703,5.0834,12.7773,7.9451,9.5811,13.0613,3.1235,13.9257,6.3693,4.1454,13.1484,4.7205,7.285,4.8397,4.6578,4.9929,13.3385,6.7186,8.7122,7.7501,3.8229,9.6461,10.851,13.8053,5.1518,13.9659,3.638,12.7336,8.4269,3.899,3.4669,4.6745,14.1135,4.5544,11.1359,10.3382,4.153,8.0157,11.9129,12.1622,10.5481,8.4215,10.2994,10.6605,14.6945,3.8268,14.6199,9.3904,9.9213,4.3485,9.4231,11.9355,4.2858,3.7603,10.045,13.1862,4.6358,12.1605,4.1819,12.0292,7.8358,9.1831,6.9154,10.0643,3.8522,9.2036,8.9751,4.1711,4.6669,14.6272,13.3358,4.066,5.7441,11.9662,14.2326,7.22,6.5766,5.6572,4.134,7.7522,6.5885,13.4296,6.9235,13.7372,3.7291,3.7338,6.9175,10.2175,11.9121,3.3402,4.1271,10.2573,3.7559,14.0921,13.3198,3.815,3.923,11.0047,14.2145,10.5018,7.6445,3.816,10.3146,3.2907,10.5061,3.6439,10.0825,10.8634,6.6097,9.8222,9.0317,5.8142,7.5104,9.5096,3.7233,11.4178,13.7685,6.5754,12.445,13.2741,11.0357,8.7154,10.4573,13.9923,14.6692,10.1489,12.1389,11.84,12.1717,8.5462,9.036,12.5047,10.799,13.7861,6.369,12.8396,9.5713,11.8539,9.6277,5.5498,14.1977,6.4786,3.5632,6.9342,2.5808,14.8437,11.8583,12.9018,6.4959,6.714,8.9612,10.5006,12.8541,13.3245,3.7277,10.3529,11.7923,6.0958,5.8583,6.0946,8.6575,3.641,14.6132,12.5822,10.8669,3.5649,5.8604,11.2003,6.0527,13.4973,6.9316,14.9155,12.6119,9.0872,7.0299,5.6522,12.2539,6.5292,13.0825,6.2191,10.3076,13.7778,11.6037,8.7282,12.8567,13.3011,2.9381,8.7719,10.7365,4.2412
GS004,B1,M,68,control,9.7322,14.725,4.545,12.7534,8.6541,6.261,4.6096,4.5861,7.4974,6.5229,6.4294,9.8929,4.2253,11.2356,6.2069,10.4203,6.1795,10.6171,14.2489,8.206,11.7067,12.8383,6.3644,14.8759,8.9635,4.6703,4.8525,9.6774,5.7829,4.2095,4.3536,5.9597,6.0189,13.0798,14.1362,9.4204,8.9145,9.7656,3.9261,6.2555,9.9923,13.6122,4.9708,7.8149,4.986,6.7347,12.6308,10.5406,4.666,8.1432,14.8789,9.765,14.6543,8.9523,7.8115,7.5836,4.3769,5.1896,9.8834,3.9263,8.6383,9.116,7.4456,11.2536,8.118,13.5219,3.1012,12.5523,6.1924,6.5516,9.7437,3.1617,6.5451,12.7708,2.9534,6.7873,14.3631,7.8811,3.0325,11.2026,7.0555,14.8788,13.7247,3.1449,14.8957,10.0046,3.1071,13.8778,2.86,8.941,10.8269,13.0031,14.1159,12.6714,10.6496,2.6315,8.9871,2.5915,9.7152,12.7728,6.4246,8.0645,3.3212,8.1039,6.3585,7.3218,14.8098,14.3139,4.6616,12.155,3.9764,13.6478,11.382,5.9965,13.3543,3.9205,14.6443,14.8802,11.6785,5.9514,8.6109,10.4644,14.1477,12.1588,3.4221,8.0931,12.1094,12.1142,3.8028,11.922,11.9704,8.0086,13.5856,12.4507,6.6908,3.4806,7.3365,13.116,8.6893,10.6077,6.8347,7.139,10.5375,13.9438,5.0098,10.5596,4.9134,12.9431,6.6501,7.3341,12.6547,7.9711,5.3753,5.3422,2.9791,3.2313,8.6411,3.7232,9.56,7.1066,8.701,7.4895,6.7905,10.7995,10.8801,11.7369,12.9556,8.3678,3.6536,14.8263,13.4868,4.9383,12.7026,3.7674,10.2642,13.6247,8.9889,3.6672,3.3012,10.9114,13.0932,10.2716,12.486,12.2018,3.2264,13.736,4.0956,7.6736,14.8077,8.0764,14.8461,8.1833,10.0829,5.3215,3.4056,3.5085,11.4892,6.8151,14.5129,9.151,13.0567,11.2179,6.8245,3.5668,5.8387,3.5118,6.7866,11.9689,11.4483,3.6672,3.8369,3.8096,9.3537,3.6905,12.4157,10.1033,3.6265,3.8373,8.3329,3.8518,7.6737,4.2876,3.3812,12.625,3.8873,7.3382,9.4278,9.4145,5.6992,13.228,11.0594,5.4132,3.2061,13.0381,10.3919,2.2406,2.8145,14.5859,6.8353,11.4327,9.665,2.7431,11.769,5.2636,5.6082,14.4628,11.7706,2.4823,3.0542,10.5636,2.2556,7.8481,10.8281,12.2629,13.8289,2.5642,2.8693,8.3923,2.5176,11.9932,14.2508,2.7397,11.3339,5.3325,6.8495,8.5079,9.2459,10.5553,11.511,10.3534,2.9564,7.8091,14.4681,10.4929,11.8373,10.5061,13.844,14.1952,8.9405,2.8964,13.035,6.6354,7.6324,7.4323,8.0344,2.8948,14.2678,14.6127,2.6367,8.0744,5.2268,5.9345,11.5882,2.9771,12.3223,10.3039,10.5297,12.8917,13.2102,12.346,6.9341,11.059,3.1381,13.5646,9.0756,10.1356,5.4314,13.2696,11.6319,7.2274,11.9556,5.892,14.0281,8.9243,4.1582,11.4985,3.0813,5.015,3.3489,3.5149,5.3022,14.5822,8.7129,5.588,7.008,3.176,12.7319,8.0015,11.0434,3.8502,10.908,5.9647,14.2409,13.2154,4.655,6.9426,4.8753,14.2319,6.788,8.3586,7.7207,5.9152,7.577,10.8366,10.6296,10.0614,8.9195,9.6696,11.3049,13.6396,4.7901,14.5369,7.8164,11.1773,4.7869,13.7532,12.5709,10.6795,4.9463,9.0565,12.8505,8.3278,12.5356,5.4904,12.0956,7.6637,10.7985,7.0003,13.4967,5.6814,6.707,8.6174,4.6383,8.2742,14.938,12.8946,8.1037,5.1352,9.6892,14.8294,5.5158,7.151,6.8844,5.3566,6.8946,4.8661,13.9434,5.1815,9.0213,4.3985,5.9758,9.2871,9.8925,13.0384,5.5001,6.9244,9.3642,4.2759,12.4342,11.2278,4.2408,6.7298,10.2469,14.4933,11.5893,4.1004,8.5204,11.6364,7.2169,8.569,5.6559,9.7416,13.2458,7.9656,10.1682,8.4924,5.6603,7.0378,4.2455,4.1995,8.1261,11.7066,4.74,12.5722,14.5989,10.1466,9.745,10.098,13.9542,13.7758,6.1366,12.9307,13.1449,12.5175,4.1834,9.3431,12.2971,13.3206,13.1562,4.6522,11.2616,10.701,10.284,11.4988,6.3576,12.1534,5.8831,4.3275,5.9604,4.4432,15.1356,5.268,13.7598,5.9275,4.2917,5.251,11.5339,14.2761,14.9329,5.4895,6.9795,10.7161,5.2431,5.7472,5.187,11.7476,7.4464,15.3395,10.3408,9.9013,4.7238,9.7808,11.0258,4.7582,12.8693,5.2947,13.5922,10.9178,8.3393,10.3792,9.0871,9.3499,9.1117,12.7462,4.6929,12.4326,14.2714,9.8643,10.1852,12.7315,13.8526,4.2805,9.0617,8.0334,6.0186
GS005,B1,M,56,control,5.9113,14.2719,4.4342,13.0206,10.7289,4.518,4.8265,6.0027,6.8669,5.9815,8.3884,5.8261,11.7421,11.2208,6.6188,11.287,6.0751,7.522,13.9063,6.2499,11.5718,11.1017,12.0377,14.8571,11.0578,4.2071,4.1625,8.5624,5.398,6.4504,5.504,6.5637,3.753,13.8313,14.6805,6.065,9.3941,11.2261,4.2077,6.6582,4.679,14.7924,4.2509,7.9902,5.8507,4.624,10.3162,9.6016,5.6664,6.3435,14.8839,10.1517,14.9053,10.364,5.9587,8.5217,6.1611,2.9582,12.804,6.518,9.7093,2.908,6.0971,11.5994,2.9261,13.6684,7.9219,12.1344,5.6722,5.8699,11.1584,3.1502,6.0964,11.1204,2.6056,7.7389,12.5627,8.4615,2.6284,11.8974,6.0203,14.0778,14.3248,2.8622,14.2117,10.6209,7.5803,13.6905,7.3572,9.7841,7.6858,12.6911,14.4625,9.8986,11.5305,3.9659,9.7809,10.3964,9.6801,12.529,4.1,5.7842,3.787,8.8895,8.1855,6.1344,15.3106,13.0748,3.7726,8.8237,3.7704,13.1573,10.1553,3.7375,13.6644,5.778,14.878,14.772,10.8854,3.1204,9.2077,11.3789,15.0899,11.4025,6.1511,5.4565,9.5783,11.0675,3.0271,12.1191,12.8086,8.2164,14.0139,12.2057,2.4746,6.4567,8.8238,12.0088,9.3413,8.506,5.1295,6.9495,12.5585,12.3879,6.7352,9.0087,3.4579,12.5613,7.6735,7.5976,13.4759,3.4249,9.0612,3.2753,3.0955,4.6966,9.5092,3.4653,9.7202,3.5426,3.8136,3.0835,5.2209,7.0957,11.0018,10.319,14.5386,7.8886,3.6898,15.0305,14.5071,4.1758,13.2503,3.3577,10.0767,11.9838,7.8844,3.5579,6.2646,10.9202,13.6856,9.0921,12.7791,9.6857,3.5909,12.1927,5.0536,9.1175,14.8663,5.9153,15.2051,8.7488,9.2067,3.6304,3.8024,7.7758,11.8815,3.7566,14.7019,9.3437,12.5826,8.9732,3.1255,3.2567,5.7418,3.4192,9.6827,8.6489,11.5904,3.3427,2.3791,8.6732,10.4489,2.6174,12.5431,6.6329,2.5228,10.4141,8.2343,6.0593,6.9321,2.986,9.9475,11.6058,5.1655,2.7885,9.4576,10.0797,8.8763,13.4532,11.8739,7.7868,2.8389,13.9009,10.2334,6.6552,6.8195,14.5031,8.7626,12.0809,7.6964,6.9941,10.6893,6.6569,6.8589,14.0837,8.8745,2.8931,2.3747,8.6248,2.5876,8.8649,13.67,13.1256,14.9629,5.2547,5.5907,6.6654,6.4487,13.5558,14.5351,2.6888,10.2165,5.357,9.3673,7.6384,9.3993,12.9159,13.1804,11.8001,2.8886,6.0825,13.8235,8.7719,14.1282,9.7747,13.8261,14.3127,10.4082,7.7587,13.6023,5.5922,8.9579,7.4323,9.4776,5.4268,13.1092,14.7908,5.553,2.665,2.9673,3.5837,10.6505,6.3652,8.0602,11.5862,11.1329,13.9343,12.1545,12.2335,3.3198,8.8288,6.1649,12.3434,10.031,9.417,2.9118,10.1156,12.0979,11.322,11.8321,3.6334,11.2198,5.1413,3.2691,13.0937,3.897,4.0138,5.1587,4.7686,4.2384,14.3551,7.3764,9.9822,7.6581,4.5672,11.3212,7.7723,11.0723,4.9942,11.9734,4.8418,13.9772,9.9863,4.4286,4.5311,7.4943,14.6031,6.9967,9.6187,11.2511,6.4328,6.6696,10.934,11.9563,7.503,10.495,7.9646,9.0931,13.1432,5.0142,13.852,11.2082,8.9264,5.4288,11.8902,12.325,9.4109,5.5437,7.3617,10.2059,8.2396,13.2378,4.6918,13.465,9.6138,10.819,3.9736,13.8015,3.3464,6.1638,11.446,3.5791,12.8632,14.0543,14.0542,7.016,4.2509,9.6033,13.6417,5.3953,8.5892,8.2306,3.896,9.3103,9.9414,13.6253,5.4043,14.2665,3.9145,6.0425,7.6917,13.1524,13.4966,3.9986,7.895,7.4891,5.0241,14.0114,12.3004,6.5458,4.1344,4.3975,12.3606,13.0062,6.1658,4.3606,11.6429,5.7819,8.2167,4.0277,8.2971,13.7713,7.8533,9.6428,10.4323,8.6109,6.5408,9.1129,5.194,10.9059,11.7681,6.7567,12.8913,12.5883,11.8854,7.0837,7.814,13.4187,13.9487,8.1796,11.1314,11.3275,13.1961,5.4534,8.0148,10.4092,13.5421,11.5907,7.9404,11.8881,8.5586,11.0977,10.4119,4.9749,12.3713,4.3225,4.2059,6.7432,4.739,13.4169,10.2226,12.4156,7.3389,3.5106,7.0523,13.4807,14.3556,14.4142,4.2429,9.1627,9.4075,8.4195,7.1834,4.8699,12.6421,7.6493,15.2365,12.1437,11.9106,5.2274,9.1641,11.1974,4.3935,10.7105,9.4553,13.0558,11.0236,4.9835,4.6473,5.0893,10.5923,8.447,13.7529,7.5272,10.0591,13.0356,10.2758,10.713,12.7476,13.3101,7.2303,4.8397,5.5598,6.5331
GS006,B1,M,35,control,8.0736,12.308,7.3197,13.7828,13.1746,4.6168,3.6541,6.7595,7.2115,5.4183,9.5309,3.7776,7.4415,11.6684,6.0909,9.4595,7.105,9.4172,13.5563,3.7156,12.9111,12.4369,9.6263,14.3927,10.9988,4.0805,4.793,5.7979,3.9026,7.4695,4.7586,7.4208,6.2438,14.5863,14.5972,8.4018,10.2028,9.5183,7.5581,5.6334,10.5392,14.3322,3.4285,9.1319,4.7855,4.7486,9.2632,10.7621,5.6021,9.449,15.3978,8.9566,15.4486,11.9703,6.2856,2.8147,5.9064,3.1171,12.1387,2.4772,11.9279,7.8514,8.3712,7.0234,2.6029,14.1554,5.5271,14.4698,4.6469,6.7065,6.2492,2.2333,4.6477,13.0875,6.1763,6.0886,13.2174,5.8592,7.1067,10.9637,6.1429,14.2626,13.9435,4.2066,14.5847,13.5197,8.3435,13.9678,6.6293,2.444,5.6721,12.6594,13.6141,11.7269,11.4169,3.53,9.7826,3.6233,7.0427,14.4019,4.3722,5.7081,3.187,7.9897,7.9281,8.0454,14.9938,14.7674,2.7828,8.7926,5.9033,9.4338,11.3665,4.3115,12.8496,3.0409,14.1763,14.8052,9.7832,5.5779,9.865,4.3713,14.3028,10.7214,4.1571,7.6527,10.7518,10.9405,3.0809,12.5723,10.7281,7.2145,14.3094,12.2355,3.1887,7.5759,7.3639,12.9038,11.8888,11.4958,7.4426,3.107,11.1667,13.4009,4.8617,9.4796,8.8102,13.4586,7.2275,8.0028,13.5524,5.1687,7.8865,3.2071,3.5123,4.4342,10.3476,4.2377,8.8247,3.4129,5.1983,3.1823,9.5262,8.7135,6.4369,11.6719,14.22,8.801,4.9589,14.6168,13.724,3.3883,10.521,3.2206,10.4418,10.7978,6.504,3.2951,4.7479,10.9349,11.9017,9.0231,12.2743,11.8256,3.2797,14.0078,7.7554,10.9473,14.7428,5.0044,14.3078,8.4984,11.2092,3.2801,3.6181,4.0242,11.5421,7.9512,14.8482,7.9562,13.6122,10.8369,4.3339,4.3064,2.7516,5.6311,9.588,13.6267,12.5182,2.9464,4.0273,8.9279,8.1346,8.2446,12.7531,10.9029,2.8933,5.6621,6.9428,2.7372,6.446,2.2899,10.009,13.5819,4.7258,5.3538,12.0299,10.4267,6.6727,13.191,13.1775,7.4547,2.1893,12.4649,8.2338,2.7009,5.5979,14.8493,6.5011,12.9175,12.0211,8.2623,12.501,4.7638,8.6493,14.3352,9.6765,2.4072,2.5939,10.881,2.4398,10.0234,13.0951,12.9363,13.3452,4.7432,4.677,6.9263,5.0995,13.8444,14.0823,6.7729,12.7504,6.2938,10.3493,7.4993,10.1614,12.3212,11.3546,9.4074,4.8328,7.7803,14.2175,13.7066,14.1914,9.8667,12.597,14.3331,9.0363,6.0618,11.6303,4.8992,7.8445,9.0039,6.3098,6.6724,14.4467,13.5863,5.2728,3.7576,2.3469,2.9248,10.3332,5.3708,6.3412,9.993,6.8975,11.5861,12.3532,11.8885,6.5343,10.6795,3.0946,11.7772,11.9363,9.235,8.4989,14.5325,10.3596,8.0288,11.5436,2.8174,13.116,7.2328,3.8583,11.1274,4.1744,6.1266,5.5405,4.2353,2.622,13.9592,8.7648,7.4666,8.2715,2.8448,8.8251,11.5876,11.9002,3.1087,12.864,4.5453,14.2752,5.9205,3.9362,5.2864,7.5089,13.955,8.8573,8.8909,7.9441,4.7279,8.4523,12.1154,12.9466,9.0874,9.7204,8.0912,10.498,13.6824,5.5275,12.4224,5.46,9.9238,5.0228,11.6902,11.602,9.2371,3.6739,9.8427,10.7436,9.1986,9.5597,6.9127,13.9676,9.5995,11.4783,6.7473,10.7537,3.7342,6.9073,7.8904,3.699,12.5181,14.8656,14.1825,8.7094,6.499,9.9981,14.8586,5.1121,5.7681,5.9314,5.9185,7.6761,5.9144,13.5889,5.6412,10.4646,3.8421,6.8783,10.5674,9.7169,14.2596,4.6608,8.3131,9.8116,3.7843,13.7636,11.7529,9.6179,3.5673,10.148,13.5618,9.8983,7.1198,6.4622,11.6409,4.4166,9.7863,3.9545,8.3863,13.1686,10.2281,9.3694,9.0358,3.8856,6.8842,8.8921,6.8014,9.0157,12.7079,4.5406,12.9607,11.5695,9.4379,8.2062,7.5265,14.7472,12.8111,7.4064,10.6885,11.2234,11.9707,7.4243,6.6671,9.047,13.2567,13.0486,5.0958,11.2923,10.746,11.1947,10.3839,5.3823,12.9642,3.782,3.7463,4.2539,4.4904,15.3268,10.9203,12.5399,7.1007,4.7275,8.4466,12.5377,11.6345,14.4348,4.4835,11.6573,10.4896,8.0111,6.3638,5.1367,13.1983,7.969,14.9504,12.5863,10.0926,3.4777,10.8685,8.3476,5.3757,13.2569,6.2347,14.6348,12.0294,7.7277,9.0567,6.3352,9.7323,7.9538,10.8114,3.6944,12.3269,13.9591,11.8712,13.3409,11.6119,13.503,5.351,9.4049,8.483,5.7097
GS007,B1,M,36,control,7.8684,14.0995,5.9354,13.0785,11.7953,6.6626,3.8857,6.4428,4.8554,8.6614,9.1517,3.5641,10.8381,8.8801,5.5363,6.8359,5.2511,8.4059,14.2315,4.7962,10.6523,9.6635,12.4518,14.6223,11.0288,3.8726,3.6316,10.4167,3.9828,6.3077,3.8193,6.8836,4.2841,14.6121,14.5802,5.8336,6.1867,9.4385,5.8909,3.9461,7.8279,14.1804,5.2247,5.9738,5.2679,7.3864,12.1273,9.4906,3.2268,7.8991,13.6748,7.2627,15.0882,12.7182,6.9618,7.3871,5.8374,3.0384,8.0226,6.6298,7.5603,6.9763,6.396,11.8818,6.7706,13.8396,7.1809,12.8733,4.9036,5.2902,8.3979,5.1348,2.4778,13.0816,5.132,9.1476,12.112,10.7643,3.6782,11.2492,7.9642,15.0386,14.1898,3.2733,14.8697,12.3824,5.6186,13.6552,5.5475,2.9644,5.5809,13.8307,12.1764,8.1117,12.1107,5.8986,8.1914,8.3538,11.0159,13.0296,5.8024,8.4212,6.776,11.4729,9.3356,9.3778,15.3987,14.5839,3.5321,9.2115,3.5561,12.9818,8.3709,2.9694,12.9914,2.9726,14.4609,14.5663,9.7616,3.0837,9.6105,11.5909,14.5162,9.8938,4.1997,6.8859,6.9163,12.5073,3.1009,11.7914,12.2188,7.786,14.4495,9.4186,2.8712,8.2021,7.6986,13.7952,6.2424,9.9626,8.2862,8.0286,9.4379,12.2392,3.2241,6.5943,8.822,11.4185,7.0044,4.059,12.4871,4.6224,10.0574,3.4194,3.2586,3.2458,10.7453,3.7365,8.3109,3.4507,8.1774,4.2081,5.5646,9.0066,10.5055,10.148,15.1555,8.604,7.3885,14.7377,13.6991,6.1169,12.8108,4.2441,9.9753,11.5018,9.0875,3.4816,3.2606,13.4818,13.6797,4.1906,12.4812,11.5311,3.2953,13.3639,6.6149,11.3256,15.3718,6.5482,14.7193,10.1912,10.812,3.0834,6.7869,7.4831,13.5781,6.2338,14.3654,9.7379,12.9229,8.4716,5.867,5.0196,3.175,6.1416,10.1855,11.9652,8.3245,2.7507,2.4156,4.7547,8.7452,8.1367,12.1738,9.4837,2.3974,8.423,10.2345,4.6385,7.2426,2.3356,9.1253,11.5861,5.318,8.0535,9.9936,11.7303,5.0388,13.018,9.5479,5.6213,2.5078,14.1963,7.8911,6.122,10.5826,14.7562,7.8324,9.5049,8.9957,3.1493,11.1574,4.58,6.704,14.1933,9.7095,2.5164,5.007,11.8819,4.9813,9.9827,13.8203,11.0293,14.8286,2.5143,4.2738,6.2706,2.7356,13.3557,14.1664,2.5883,13.4921,4.8744,8.5684,8.8955,10.4187,13.2294,12.0526,11.0564,7.5658,8.2871,14.2945,12.3698,13.5118,12.1645,14.0842,14.8227,7.9788,6.6277,13.8821,6.7374,8.5821,11.7269,2.8238,2.6418,14.4978,14.9758,4.9409,7.2644,2.7355,3.6931,8.7614,6.8375,10.1452,6.9869,9.1399,13.0349,11.4495,11.7638,4.7355,10.5096,2.9703,11.1463,10.1489,7.4173,6.6357,12.3029,9.9263,8.269,12.4675,2.5711,14.5118,9.6464,4.8488,12.9519,6.1867,5.2876,6.8114,4.1777,3.2123,13.4215,8.6805,9.3884,5.5819,3.3426,11.4525,7.7883,11.8082,6.6091,11.0597,4.3959,13.0208,11.6042,4.4669,3.3157,5.8613,14.1567,7.1932,4.7411,10.8696,4.1556,4.1465,9.5985,10.431,10.7301,12.9977,6.9954,12.2305,12.8077,4.866,13.4918,8.7967,9.4616,4.3043,12.8159,11.9124,9.1428,3.6894,10.2696,10.3745,5.8521,10.8129,5.8878,11.8175,7.3653,10.199,8.3869,13.4008,4.0002,11.1771,10.0285,3.5774,11.0928,14.9589,14.28,7.7285,6.1076,10.2257,14.208,6.1963,6.1814,4.6851,4.884,8.2798,8.5525,13.0936,6.2761,14.3381,3.7945,5.9764,5.9914,9.6172,14.1006,6.1216,7.8011,10.2783,3.7377,13.9843,12.3478,4.766,5.2389,10.4169,13.3272,8.8179,10.5315,8.7129,11.4254,4.8219,12.295,3.5614,8.0208,13.127,8.0449,10.222,7.6964,4.5031,7.7487,9.4416,6.942,6.0493,13.5263,5.1112,11.7336,11.3591,12.3439,6.6877,8.3981,13.9618,13.2816,6.6336,12.6049,12.719,9.8433,8.5983,3.7037,12.6172,10.7154,13.906,3.8177,12.0729,12.2347,10.5589,9.4708,7.1526,13.2782,6.5426,3.7527,8.0247,3.756,14.569,6.9518,12.0262,4.5427,4.2091,8.9622,10.4333,12.3336,14.6554,3.5355,6.4526,13.5649,4.3397,6.1493,6.0614,10.9103,6.8528,14.953,11.6647,12.4092,4.5955,9.818,10.4112,6.2,13.5663,6.5841,12.8026,11.7826,9.3923,8.1123,4.5791,10.2171,4.1599,10.8922,4.3093,12.0671,14.3228,11.6103,7.3625,11.2235,13.746,3.9406,9.1626,11.7041,5.3693
GS008,B1,F,55,control,5.0261,14.4821,5.0379,14.0628,7.7971,6.6994,4.4727,5.7512,5.8423,6.3688,8.289,7.2876,9.6604,11.3685,5.2421,10.6221,6.1314,8.6633,12.8019,5.6447,11.6492,14.075,10.2696,14.8757,12.3748,4.4164,4.1093,9.5219,4.5551,8.0385,5.1403,5.8249,5.1696,14.5025,14.3131,9.1727,5.5885,9.4757,8.2119,6.6478,10.8827,13.92,4.7374,8.1785,4.6933,4.2814,12.1745,11.0853,4.4901,9.5441,14.7812,11.4584,14.6466,10.8134,4.6661,5.1128,4.8741,8.0909,8.7925,4.2689,7.1216,5.2551,7.763,10.7711,5.093,13.3666,6.038,11.9286,4.4308,4.8139,7.8924,4.7471,4.5829,13.4798,4.8414,6.8638,11.4968,9.3267,4.4022,9.5151,8.3982,14.2244,14.7046,4.1768,14.3208,9.4905,6.9115,9.3937,3.4687,10.8666,9.9206,11.6594,14.3213,12.4383,13.349,2.6149,7.8272,6.0953,11.4375,12.4745,3.0542,8.1633,3.1307,6.787,10.6022,7.0542,15.0368,14.8513,2.8724,10.631,6.4548,12.8177,10.6352,2.7095,11.8215,2.3502,14.288,13.7322,10.7045,6.9442,8.6761,6.6438,14.8875,11.2536,3.2258,7.2148,10.0465,11.5931,6.3514,12.0764,10.328,9.8863,12.274,11.6011,3.5323,7.3264,6.8131,13.2486,7.8764,6.8736,7.6661,9.2237,10.9003,13.875,3.1371,10.3307,10.1056,10.9482,5.3479,7.5278,12.5629,7.8311,5.3147,3.2248,3.1724,3.2506,11.1308,3.0222,9.3109,5.3532,7.6773,3.4362,5.1972,9.0726,9.0823,10.8395,13.8999,3.5756,2.6216,15.2758,11.9233,3.1979,9.2255,3.1194,8.9305,12.5246,8.6999,3.1085,2.7743,14.1924,11.2659,7.1946,13.5917,11.2943,2.7941,14.3343,7.6503,8.8717,14.3413,7.7458,14.3916,10.183,10.4019,4.6875,2.3396,5.0682,13.5494,4.8836,14.649,5.2163,11.7029,6.4247,7.7918,5.1441,2.7176,6.2544,10.6751,11.9289,11.8174,3.0796,6.8539,3.0076,9.8008,2.5516,12.3168,9.5129,2.3488,9.6652,2.4835,2.8978,5.5601,2.7742,8.5871,10.6119,2.6514,6.2697,10.1535,9.873,5.8538,12.8707,7.8008,9.816,2.8102,13.5846,8.9556,2.823,7.2271,14.8225,6.0146,13.1659,11.9405,5.626,11.0457,2.4587,7.7259,14.7681,9.4885,2.2262,3.7518,11.0548,3.3563,9.0275,12.588,13.8089,14.0479,5.9917,8.8207,10.094,3.3126,13.4048,13.8953,7.7158,9.3682,6.9383,10.5906,5.3922,9.3462,11.3882,10.8841,11.0332,3.5725,4.1689,14.321,12.4342,13.4692,11.074,12.3516,14.9509,10.9233,5.5372,13.0911,4.0189,4.0597,9.3761,5.6591,4.1413,14.0715,14.6429,5.8664,5.203,3.8936,4.7757,8.1405,6.9335,9.5966,8.5351,5.7653,13.4712,11.7893,12.0115,7.7768,9.7935,3.9591,12.4292,10.1997,5.9971,9.9556,12.288,12.1067,8.7832,11.536,4.2217,13.1707,8.9008,6.9165,13.3809,6.6406,5.6478,7.1655,4.3891,4.4065,14.4902,4.1873,8.7776,7.2551,4.2656,11.3935,9.4856,12.2314,4.1246,11.4681,5.6391,14.061,10.9991,4.5479,5.6598,4.2905,14.5747,7.4036,8.8797,10.9647,5.6654,6.3115,11.4096,12.4664,10.1217,9.2079,9.2466,8.7114,13.3203,4.6438,13.7736,9.392,9.6996,5.7628,13.3072,13.0107,8.3177,7.0746,8.269,11.73,7.2289,12.6747,3.661,13.1433,8.5872,11.9012,6.5052,12.4763,4.1246,5.4004,9.8792,3.8705,11.3146,14.5866,13.9316,6.6172,3.7588,10.4996,14.2047,4.9015,8.1231,6.2038,6.5292,8.1081,8.6204,13.4801,7.9021,13.3125,3.3685,5.2423,3.5612,13.138,13.7516,3.5158,3.2548,10.257,5.1224,14.2175,13.2806,5.5817,3.6266,10.1939,12.0678,11.2484,7.4997,8.5384,12.1514,4.0708,5.6205,3.8669,7.0006,13.0269,8.4181,9.6532,10.4677,7.2129,8.3765,8.9447,5.6629,6.018,10.8085,7.3075,13.2953,14.0908,8.1845,8.7969,5.7693,12.3277,13.766,7.3203,11.8181,13.8792,12.0856,10.58,4.0872,11.467,13.0559,13.2397,6.5395,11.283,11.9735,8.4802,9.1182,3.7107,12.826,4.0385,4.0726,8.059,6.2091,14.4409,7.8523,9.0971,3.942,3.7236,7.9609,13.4466,13.8551,14.2191,3.9928,10.6036,13.7369,6.8596,7.1976,7.0149,12.6333,7.8897,14.2619,13.2342,12.2477,3.8255,10.5224,9.0884,6.3466,12.1484,5.9221,13.3552,12.0128,8.7372,7.6035,7.005,10.6714,8.6507,9.1545,3.8491,12.4587,14.1625,11.5971,12.2305,11.1002,13.4106,6.7865,8.7165,9.9837,4.9584
GS009,B1,M,67,control,6.3218,14.3099,4.3868,14.133,7.8432,5.2802,5.5457,8.6994,4.566,4.6738,5.1553,7.9475,10.8638,7.6381,5.7052,6.7414,6.8088,10.12,13.9626,4.9983,9.3353,11.727,11.0886,14.5581,10.6785,4.2194,4.7236,8.1943,4.6154,6.379,4.113,4.5437,6.5826,14.6098,15.0091,8.7413,10.4824,8.8817,7.2847,6.1052,9.193,13.8568,5.6032,10.1683,4.743,4.796,11.3168,9.4388,7.705,10.3608,14.6774,11.7159,14.7517,12.7978,8.5488,8.485,6.7643,5.2213,11.5529,5.1502,11.5542,7.7815,5.6447,10.8097,5.0104,14.4819,8.163,9.581,4.5091,6.8904,9.7414,5.2009,4.7242,13.6905,4.5956,7.7992,11.2232,8.7539,4.7183,11.4893,5.4127,14.5947,14.2824,6.5587,14.7133,11.0956,8.0638,9.8905,6.0528,6.7183,10.0853,14.0105,14.8299,9.6913,11.6104,4.6457,10.5829,8.5143,8.8296,14.1271,3.0696,10.3288,5.968,9.6979,8.2429,7.4344,15.1516,14.4401,3.3486,11.6266,2.8751,14.6008,8.689,5.9933,12.8423,6.7306,14.6325,14.7956,10.206,3.5347,8.8322,10.8345,14.3992,11.7616,2.9093,7.0192,9.7812,9.5282,3.0133,8.7692,11.7179,6.5131,13.49,12.6514,3.3517,6.0677,7.2748,11.7739,6.6989,9.9844,3.2594,3.0991,10.3156,13.5754,3.9982,10.827,3.1575,13.8337,5.749,3.1326,11.7301,5.173,10.4517,3.2852,3.5575,7.4319,8.4865,2.8851,11.0293,3.1309,7.4798,3.7415,7.4079,11.1192,5.2456,11.5234,13.3214,9.3337,5.3377,15.2528,13.4865,6.7091,11.1902,2.6829,12.0285,13.4004,7.9912,6.3064,3.5151,13.1193,13.289,8.5611,12.9056,13.3867,5.506,14.3396,5.0259,9.4888,14.7909,6.4986,14.1023,8.8035,10.3263,6.1812,6.796,5.4557,12.5206,6.7046,14.8269,10.1964,11.9749,4.9199,2.8506,2.819,2.4182,6.8296,9.0889,13.2402,6.7505,2.2758,5.3558,8.0761,7.4866,9.2356,12.5909,2.5348,3.2814,6.2921,8.5897,2.2241,5.5273,5.1615,10.0781,11.9191,2.5921,2.366,10.0063,10.7087,6.9127,12.3556,10.1633,5.7034,2.8614,12.7678,7.5828,2.9766,10.1707,14.2917,6.4046,12.5436,11.2513,2.5969,12.8769,7.899,7.9595,13.8511,9.9084,2.4742,3.0848,9.7512,5.7555,9.4909,14.1564,12.8808,15.0003,6.7494,4.6732,8.864,7.4323,11.8743,13.3507,2.2556,12.5175,6.7031,9.4542,5.3767,8.2354,13.6309,12.0203,11.1883,2.7947,3.0629,13.7043,10.4574,13.4519,11.1625,13.636,14.0166,7.2087,2.8004,14.2824,5.9087,6.2891,12.0409,6.7667,2.896,12.8623,14.0991,3.0378,9.0597,5.6323,3.3481,9.4619,5.8426,9.1696,10.4994,9.7026,11.3196,14.0328,11.3859,3.9713,11.9869,3.5399,8.8905,11.9325,7.4939,8.9211,12.7783,10.4243,9.1523,11.0187,3.9163,12.5519,6.894,5.9186,14.1589,6.2352,8.0424,4.0789,5.8172,3.9503,13.5595,4.1068,7.9152,6.3764,4.5065,11.1908,11.1487,10.8928,4.1165,12.7379,4.8094,14.2435,12.3717,5.7443,6.0638,8.5525,13.7757,5.876,3.897,4.0219,5.8196,5.668,11.6628,11.9033,11.9704,9.0091,9.959,12.2272,13.7721,4.3374,13.6532,7.0186,8.5868,4.2599,11.5209,12.7289,9.539,4.0028,7.5954,12.7562,5.7311,12.3117,4.2566,12.4424,9.2982,9.7781,5.5136,13.6564,4.1144,8.6743,9.1741,3.8059,10.5583,15.2441,11.8077,4.4744,3.9666,13.2651,13.9236,4.2418,9.6988,7.0209,4.0525,7.6497,11.5584,12.4885,5.4522,12.3126,3.4849,3.3973,8.813,11.2889,11.96,3.452,3.5165,8.0739,3.7771,12.9935,12.7838,3.7234,3.7098,7.7112,14.2254,11.6195,8.5476,7.0823,10.4267,5.827,8.9291,7.3417,9.6453,13.4365,7.4747,11.0486,10.0508,7.4901,7.0242,8.5887,3.8633,7.133,12.1765,5.5236,13.3774,13.9316,3.774,8.4766,9.6272,13.3975,12.1342,7.6773,13.0457,10.9391,12.8118,7.6015,6.3512,13.1702,11.4715,14.0475,5.7808,12.205,11.1708,9.5584,8.4412,7.7454,12.7776,5.3712,3.886,7.6282,5.7921,14.574,8.7766,13.0835,6.5469,3.3769,3.7048,12.9967,14.0307,14.8906,3.9539,8.2864,12.9345,7.9695,6.708,7.4287,12.8619,9.4212,14.4858,12.8072,10.1163,3.6756,7.9705,10.5069,3.9572,11.0469,4.0664,14.5767,13.1185,5.5071,7.1305,8.3699,10.9709,8.5613,9.0789,7.0955,10.155,13.8086,13.217,10.8259,11.6595,13.8521,3.6667,8.4251,11.713,4.4924
GS010,B1,F,47,control,7.2638,12.5943,4.1672,10.9229,10.1285,8.3017,5.4444,8.0434,7.9227,5.6957,7.4946,7.8577,10.9049,9.8905,7.5649,9.1882,4.4937,10.096,14.2137,4.6335,12.5969,12.3479,11.3821,14.7153,11.9154,4.3387,4.4113,9.056,5.2815,7.289,5.1875,7.2944,6.1521,13.62,14.7553,3.9773,9.3073,10.2024,7.9089,6.5013,9.0024,14.0277,4.4679,7.9789,6.3111,5.2725,13.4201,10.9343,7.2459,8.549,14.9791,8.2948,15.1265,11.2213,6.3669,4.3578,5.7776,6.1221,10.9322,5.4312,12.0646,6.2837,10.265,11.0785,7.7795,14.6902,5.7919,13.5412,6.1632,7.0147,9.8479,4.0279,4.5439,11.596,5.3796,3.1582,12.2114,7.5141,5.6878,10.5815,5.9035,14.9802,14.0798,3.071,14.7326,10.6684,5.6436,13.7359,7.1009,8.7419,8.8503,10.63,14.3269,10.0829,10.5715,5.3199,9.7906,6.2864,8.985,13.0298,3.0073,5.4522,3.1848,9.2049,11.3433,8.9895,14.9188,14.4997,2.6994,11.9183,3.5916,13.7928,10.7252,5.2381,10.0243,3.0114,13.2069,15.2898,10.7961,3.2039,7.9664,10.9644,14.4392,12.2215,4.6074,8.6195,10.7143,10.1727,4.4212,13.4637,10.7225,5.9306,14.1875,13.0477,2.6482,6.8055,6.8493,12.1006,9.3812,8.5159,8.9281,2.9186,10.2215,14.2902,4.3681,10.3061,2.5703,12.7625,4.2041,8.5401,8.8531,9.1046,9.2628,3.0709,3.2186,3.3139,11.4131,2.6623,9.1247,7.2837,5.7563,4.4174,6.7359,8.4879,10.6744,11.5988,13.6238,9.2101,5.405,14.8718,13.9085,7.9232,8.9408,2.9912,13.1131,12.4593,6.4421,2.9413,5.2346,11.0886,13.9957,7.4171,12.3004,10.4245,2.7336,14.2882,5.5716,11.9582,15.1711,9.7784,14.5164,9.0347,9.94,6.2147,4.966,7.2682,13.9633,2.9645,14.5761,8.1782,12.6038,6.7983,2.8617,5.1519,2.9868,2.8335,7.9828,13.4449,9.8512,2.6024,2.975,6.7565,8.1678,4.9744,11.5513,7.9408,2.692,7.0598,7.6222,2.8303,4.2834,5.203,8.0042,7.1877,2.8145,8.4924,9.9762,10.7152,6.3871,14.3423,12.6876,8.8623,3.0194,14.2536,6.7291,2.6965,9.2962,14.5102,4.885,14.2842,8.4683,6.5606,13.4387,3.272,7.4243,14.4158,11.3972,2.6797,5.2179,10.0668,3.1669,7.9245,13.9392,12.983,14.5396,5.0858,6.5988,6.1155,5.2242,11.0292,14.2452,5.0848,10.6863,9.0451,7.8965,7.5291,10.7394,13.2395,9.8514,11.8032,5.2407,6.9485,14.4136,13.4861,12.5497,12.6866,10.6471,14.2927,9.4934,8.4725,14.1819,3.5233,8.221,9.334,5.3081,5.7695,13.1983,13.8343,3.9705,6.8568,5.2931,3.9536,9.8503,5.7817,10.0283,11.5794,7.6193,13.8565,12.3038,9.3345,5.3086,8.9838,6.5041,12.0446,9.7649,10.2954,7.5674,8.0161,10.7713,7.8603,12.6174,3.941,11.9522,10.2617,5.466,14.0104,4.1225,4.663,4.9648,4.03,3.8255,13.094,7.5687,8.0942,6.952,4.0391,9.5759,9.4808,12.1892,3.7918,12.3536,3.0897,13.0562,12.3549,4.2278,4.6249,4.5181,14.929,5.8847,4.172,7.4729,4.4714,6.2395,12.3327,12.0928,8.921,10.1393,11.346,11.6048,14.224,4.1675,13.2919,9.3019,10.1958,3.8155,11.6198,12.791,7.7629,3.8877,8.391,13.5989,6.8752,11.1466,3.6732,12.9936,4.9285,11.5939,4.2356,13.1031,4.5985,6.0777,6.2124,3.4719,11.3382,14.6425,14.0519,6.8266,7.5746,8.7634,14.7636,4.3911,8.8084,3.9925,6.2435,3.3694,8.5533,13.8618,4.2953,10.3259,3.448,4.6739,10.2208,9.5673,13.4542,3.2453,4.7102,9.806,3.3767,11.3468,13.4221,8.727,4.697,9.2562,13.9498,12.1833,9.3221,6.3159,9.8221,6.4571,12.5307,3.7516,9.4464,11.6409,7.5691,9.0919,9.512,8.0913,5.8947,8.7926,6.2321,9.3704,12.9403,6.4154,14.0481,13.2653,12.436,3.6515,6.3728,12.7916,13.304,10.1648,11.2614,13.2281,12.1351,7.8742,10.3562,13.2383,12.4802,12.9986,3.4215,11.2189,11.2949,10.3754,11.2826,7.0493,12.4906,5.8227,3.6778,5.6953,7.8488,12.9013,10.9879,10.9869,5.7749,3.6178,5.2269,11.7651,14.0953,14.0387,3.6072,8.5999,12.7457,4.8442,6.3216,3.3909,11.9244,5.3383,14.4895,12.5235,11.7395,3.4819,8.5223,7.6872,3.2172,12.6677,3.4219,13.0446,12.0814,7.5799,8.939,6.8955,9.8272,7.4928,11.9388,6.6187,12.3323,14.2436,11.5743,12.1859,11.479,11.9673,6.7725,6.2605,8.3484,3.8166
GS011,B1,M,46,case,9.035,14.5158,5.842,13.3866,12.2621,8.5381,4.8767,4.3565,5.6686,5.4133,6.8702,6.7606,10.9488,10.2347,8.7132,7.8513,5.8759,9.6875,12.126,4.6226,11.0529,13.4581,10.1671,14.5361,10.7784,4.5313,3.9994,9.2324,6.6762,4.9834,5.9471,5.734,4.5589,13.684,15.2817,8.0357,7.3948,8.4313,9.4969,5.009,10.8004,13.9736,4.4142,6.5916,6.7186,4.4987,13.1741,5.514,4.8684,6.7624,14.777,11.6591,14.4799,12.9506,4.1856,7.0406,6.0704,4.0695,4.3178,7.1502,10.9764,8.1878,7.6293,9.1862,8.5207,15.2411,5.3349,11.7849,5.1477,4.0673,11.6803,3.5194,3.2386,7.3995,2.7219,7.5961,11.9607,10.666,2.9511,5.7338,9.9049,14.3799,13.3383,3.013,14.3822,9.5926,6.6576,13.8032,5.4492,8.2134,8.7468,13.244,14.8287,11.2382,12.4165,5.5128,7.3871,2.9792,10.7668,12.3997,5.6219,6.5967,2.547,10.5334,10.8875,7.3699,15.0564,13.6391,2.7234,10.6496,6.9122,14.1641,10.7431,6.864,13.1254,3.7506,13.6952,14.7392,10.3355,6.2164,8.3187,10.6343,14.9722,10.2146,8.8585,7.0239,11.2017,12.0983,4.8003,12.7054,10.1387,10.8842,13.8137,12.3158,3.3604,6.2187,6.1496,13.6408,8.6215,11.8238,6.7162,3.0588,11.3767,11.892,4.9206,8.7422,4.8138,13.0531,7.6901,8.4508,11.1536,6.6501,6.1624,2.7754,3.4794,3.2131,5.9328,3.5693,11.2888,5.6425,7.5846,2.9031,6.0385,10.2504,9.6398,11.2685,13.6884,9.1194,4.6396,14.671,13.8022,7.2274,9.6199,2.7704,8.4669,11.7814,7.7023,3.1191,3.0117,12.8551,12.4505,8.9594,12.7708,12.2393,2.704,12.3563,2.8495,11.1054,14.5628,8.2704,14.4398,9.2184,11.9295,5.0471,2.5423,2.6551,13.5587,6.4431,15.0062,10.6335,9.4297,7.498,6.4974,2.68,3.0706,2.603,10.0182,13.8536,10.6936,2.6065,2.4039,5.9013,6.4943,4.6791,13.2077,10.3635,2.3512,5.3892,10.6716,2.7467,10.1036,5.3074,7.5786,12.2511,5.4481,7.544,8.9051,8.7945,8.2685,11.212,11.2964,6.6581,2.3757,13.7636,8.9366,2.6121,8.9265,14.8433,8.7121,12.7956,10.6044,7.2268,10.4364,2.9649,7.3866,14.5105,10.3702,2.3912,3.231,9.5662,5.9694,9.6335,13.4822,13.3189,14.1393,4.0505,6.311,10.5707,3.2564,11.8567,12.7007,6.6918,10.737,9.1317,9.0809,8.8737,6.7489,6.6467,10.679,7.3575,4.2597,6.5363,12.9013,12.4218,12.2182,12.1892,11.357,14.6491,9.4438,8.3878,14.2921,3.95,7.6944,8.7014,7.7052,4.0734,13.8055,14.1477,4.1957,3.7696,5.184,3.783,9.6232,6.4336,9.6418,9.6619,8.4888,12.6105,10.4018,6.4618,5.4377,11.9703,7.1008,11.4895,11.0243,4.2348,9.3923,13.1917,9.9854,9.7186,9.6379,3.9904,14.7421,4.8286,6.377,14.4656,6.9904,7.4368,6.3014,4.187,3.925,14.1535,8.1109,5.4914,6.8184,4.2146,12.0217,8.669,9.7001,7.3866,12.3428,5.0425,13.5566,9.3125,5.23,7.8648,4.0439,14.2422,7.1857,6.172,11.7756,5.0762,4.3509,14.0481,13.4209,8.2022,8.2209,11.3705,5.6155,12.9698,4.871,13.6936,8.8256,9.6784,5.1667,12.8411,14.0984,9.7968,4.1632,9.1528,10.7572,10.348,13.8325,3.6238,13.1191,8.0265,11.447,8.3137,10.7963,4.734,4.9404,7.407,3.8545,12.6142,14.2511,14.1734,4.6234,7.9938,10.1869,14.1495,5.8568,8.2302,4.3465,4.4268,7.1705,8.182,13.6624,3.7082,12.1771,3.562,3.822,4.9457,9.7048,13.9575,4.9797,6.199,7.2819,4.6652,14.2503,12.3688,3.5134,3.7618,10.7778,14.1009,10.6441,9.4216,4.5445,13.0271,3.3415,8.3122,3.0409,8.694,13.174,7.3632,10.784,8.4059,7.8685,6.3518,8.9129,3.0598,11.5058,13.0733,11.3289,13.9188,11.4313,10.3723,10.3583,10.5157,12.8748,14.238,8.4669,9.9784,13.7084,13.4385,8.1376,6.3121,9.5412,14.1423,13.2288,6.0063,12.0406,10.9277,9.0599,10.2404,6.7608,9.8537,3.8632,3.7777,7.6843,3.3753,14.4473,3.2212,12.9367,5.2118,7.6016,6.1543,11.6162,12.4218,14.8801,5.9196,9.0976,12.6429,6.5241,7.9358,5.2388,12.2936,7.5788,15.1127,12.2363,11.5378,3.9338,5.3297,12.5273,3.7588,12.6426,6.4379,14.2359,12.1557,6.4629,8.2869,9.9109,12.1917,9.1392,11.9905,5.5186,11.6439,13.5403,11.5834,11.1401,9.2395,14.5225,3.1385,9.466,10.329,3.9918
GS012,B1,F,31,case,7.9086,14.7299,3.3402,13.9493,9.1531,5.7081,3.804,7.7494,5.1428,5.2694,6.559,5.0649,8.7866,10.395,6.8275,9.339,3.4515,9.6425,13.6883,3.1203,12.052,11.4806,10.7038,14.5841,11.8358,4.5222,4.2328,7.4547,4.8216,7.1588,6.6042,6.5158,4.8492,11.4307,14.6051,9.2816,10.2246,8.8425,4.7941,4.6198,9.4751,14.15,3.2672,9.3914,8.3556,6.8354,11.9287,6.1845,7.6489,7.8213,14.578,10.4655,14.9729,11.6882,6.3152,8.0829,4.9793,2.5303,11.9149,5.2423,10.638,8.6954,8.3611,6.3622,6.2783,15.1156,6.4014,12.2066,5.5499,7.9085,10.5448,3.6911,3.5294,13.0139,4.7428,7.2444,10.6163,8.1016,6.2133,10.6151,7.739,14.2663,14.1344,3.1129,14.3817,11.0743,3.0544,12.1852,5.4672,6.1779,9.869,13.8279,13.7552,12.7847,12.6255,3.3761,7.7922,10.0211,10.5937,13.0057,2.3718,7.0844,6.2212,7.148,10.205,7.5613,14.5714,14.5457,2.7207,8.9255,4.1389,13.5758,8.4253,4.3188,12.2294,3.3526,15.0123,15.035,10.5866,4.0432,10.4969,7.3249,14.8187,10.4409,6.1285,6.6473,10.0006,10.89,4.6366,13.4461,11.4212,10.888,13.447,13.6666,4.3919,4.5326,9.2019,12.428,6.9398,9.3045,6.8118,5.9136,9.0222,11.398,5.3901,8.5071,7.8912,13.5994,4.4767,7.5678,11.3336,8.2672,8.2215,3.7101,4.2025,6.0822,10.9273,3.7143,9.1726,5.7018,9.0796,3.3305,7.3458,8.7377,9.436,12.4253,14.2002,8.197,6.5401,14.8354,13.9538,6.1596,12.3361,3.4294,8.5102,13.4042,5.4653,4.4142,5.6502,12.9754,13.6868,9.0313,12.6187,11.2908,3.7702,14.0698,7.8286,10.1709,14.2164,10.5203,13.2504,9.9383,12.0572,5.3889,3.9611,6.6432,13.7424,3.7562,12.8607,10.6889,11.3284,9.052,3.9608,4.407,3.4253,4.2827,10.1318,13.4094,10.3938,5.4751,4.5758,9.0809,10.2261,7.208,11.7525,8.0974,2.8756,5.9386,4.1255,6.5191,8.5435,4.5419,7.0766,12.3502,4.4635,4.1881,9.0681,10.4891,5.6313,12.7409,11.8416,7.156,2.5608,12.9536,7.5819,6.5331,6.9837,14.518,8.8639,12.2967,10.6566,7.7394,11.7152,4.0963,6.0995,14.8472,11.1977,2.5581,4.4168,12.2897,3.3462,10.2815,11.8446,11.5852,14.389,3.2503,2.7533,9.6391,4.5772,13.4929,13.0334,4.3019,11.7231,6.2961,9.1307,6.0964,9.3543,11.6876,10.1917,8.0492,6.7669,8.0758,14.0687,12.4695,11.9941,10.2487,13.3407,14.493,10.9676,9.081,14.1843,6.3778,5.9845,7.9763,6.3307,3.8666,14.001,9.8467,4.4013,6.6189,3.9816,2.6981,6.8394,5.0048,9.1532,10.0709,7.6486,13.8412,13.793,12.5216,5.8893,8.3633,3.038,12.3553,11.7761,5.089,8.8517,13.4172,10.5037,5.4803,12.8595,2.8104,12.5572,10.974,3.1928,14.125,5.42,5.3135,4.5089,3.6193,3.4278,14.5724,8.0256,8.0984,7.7033,2.9583,7.2419,9.3278,11.7154,5.2852,11.5773,2.8184,12.2235,10.8976,3.2419,5.653,2.6879,14.7701,5.482,5.2989,7.844,2.808,8.3649,13.3152,14.2081,10.7362,2.6754,6.4852,11.8142,14.2176,5.1456,12.5774,7.3196,10.9603,2.7553,13.034,13.512,6.2446,4.9449,9.9906,11.9665,7.0348,13.28,2.7917,14.4752,4.6504,10.0057,2.6205,11.9211,2.8929,8.9102,10.2148,4.7829,9.1624,14.8473,12.8832,7.8276,6.2343,11.433,14.6287,2.5093,8.0245,5.5966,6.6535,4.2736,6.1572,13.3882,7.3328,12.1048,2.8526,2.7494,8.8426,11.7657,14.211,3.3031,9.3078,7.2716,3.7521,14.4663,12.5771,5.8872,3.7566,9.2703,14.0706,12.4737,5.9941,7.6337,12.0428,6.5437,10.1149,3.584,5.0326,13.8349,9.327,9.9486,8.7231,4.278,6.8391,8.1103,5.5883,9.1893,11.9082,7.7999,11.1132,11.2272,9.7959,3.2825,10.1306,12.7327,13.5111,4.8286,12.7182,13.7823,10.889,6.79,9.487,11.7063,13.5995,11.5593,3.2572,13.1403,12.3435,8.3724,10.3563,5.8506,10.8267,4.3208,3.2056,7.593,4.902,14.9748,11.256,13.6772,6.8669,6.945,3.2299,12.6009,14.2734,14.7006,4.7749,12.4413,12.9826,7.4303,8.2087,5.0087,9.1345,10.0937,14.7887,12.8301,10.7877,3.3842,9.1592,13.7919,5.0506,13.4786,7.4118,13.4614,9.8852,9.1221,9.9843,5.2023,9.3224,8.3827,12.3048,3.8089,11.8555,14.4778,11.1219,10.4304,11.1999,12.7327,3.853,5.0143,10.4683,6.2106
GS013,B1,M,47,case,5.5679,13.1124,5.5708,13.2111,10.7673,4.4119,4.1547,5.0937,4.3407,5.3179,10.0403,7.9939,10.5698,8.2915,6.4561,6.9435,9.0385,10.7461,14.2686,4.2348,11.5738,11.5415,12.0467,14.808,12.3836,4.279,6.2842,9.7875,5.5457,4.582,6.1429,6.068,4.5068,12.7283,15.0317,4.527,4.8949,9.797,8.6879,5.4716,10.0915,14.3066,6.4311,5.0056,7.1794,4.3616,11.9593,7.3454,5.0233,9.2924,14.7107,10.093,15.1634,13.2237,6.9219,8.2766,5.455,4.4264,5.5417,4.9448,9.4495,6.6703,7.6484,12.0664,6.2352,14.8525,4.7189,11.8522,4.7394,4.3918,9.5417,4.4868,3.3911,13.2405,7.8261,8.214,13.4923,11.0895,2.9102,9.3459,9.5863,12.137,13.1685,3.0025,15.1313,11.6215,5.6837,13.501,8.1088,5.8219,10.5572,12.001,14.5069,11.8307,13.4641,5.9811,9.4012,3.1595,9.3048,13.8365,3.1082,6.3247,5.9717,8.6672,6.4242,7.5608,15.1472,15.0289,2.9802,11.1381,5.7995,13.2305,9.4852,5.9439,14.1812,2.9277,14.9091,13.9704,9.0302,6.1122,8.8272,10.591,15.1859,11.5714,9.4279,6.6461,11.2934,10.6309,3.1235,12.0563,10.7246,8.1039,13.7377,11.5763,3.4508,5.9244,7.7965,14.1606,10.6356,9.7485,6.0307,8.4124,12.1469,10.7975,3.3456,8.2044,8.6793,10.3266,7.5369,3.0411,10.2704,3.2853,10.9248,2.3621,2.9748,2.7083,8.3857,7.1362,8.2264,3.1772,7.2041,3.0523,8.0929,6.9655,11.0496,11.8659,13.3162,4.7996,7.4002,14.648,13.3426,4.8748,12.2224,2.7738,8.6991,13.1161,8.2198,2.527,2.442,10.4953,13.487,5.1529,12.3819,11.1672,2.386,13.6028,2.2014,10.4909,14.1395,12.4182,14.363,9.6487,9.8389,2.3984,6.6421,8.4627,12.5523,3.047,14.7252,10.3401,13.5432,2.3342,6.2814,7.1199,2.5282,2.7211,4.6892,14.4439,11.2485,4.9302,2.7508,3.084,6.4259,5.0719,11.9456,6.7825,2.571,5.1497,9.1628,3.0896,8.1672,4.328,7.1988,12.1294,2.6533,6.7949,10.2002,9.3455,8.6406,13.2062,10.7625,9.1311,2.6215,10.7372,9.6999,6.1085,2.4633,13.77,8.5517,13.1011,9.5779,5.864,10.0627,5.9256,7.1741,14.4121,10.4301,2.2134,3.8473,9.8831,4.4291,8.4943,14.2542,6.1912,14.2526,3.7306,3.5606,7.7358,7.4534,12.734,12.7932,5.5555,11.6618,7.1018,10.1771,4.7373,9.7987,11.3259,9.0634,10.384,7.0947,7.24,13.8768,12.9395,13.523,11.7079,12.2101,12.9081,8.7107,4.1578,12.8785,4.277,4.4908,7.3111,5.9801,5.0731,14.3497,14.4837,5.1335,3.9534,3.9795,4.0561,7.5451,6.016,4.3543,8.9309,8.867,14.4946,12.4719,11.7054,5.2839,12.0118,5.8201,12.9503,11.4145,8.9865,5.6473,13.8078,10.2636,10.131,13.6929,5.625,13.4586,10.4667,7.2823,13.0297,5.4928,7.32,4.0393,4.0366,5.6832,14.6055,9.1459,8.3611,6.4742,4.3105,8.2543,9.2362,13.1083,6.956,11.7753,5.9421,12.8077,9.8289,4.3639,7.8242,4.4258,14.6478,7.9471,8.0367,7.8453,4.3066,4.7213,13.4561,14.0944,11.8315,9.1703,9.3475,10.9323,12.8173,5.6761,13.0011,9.5796,9.4916,4.334,11.4615,14.0785,10.6951,5.4393,8.0303,12.1594,9.4014,12.1689,3.9537,12.932,7.291,11.4326,7.1704,13.5811,5.4903,9.6915,8.754,5.3455,8.2996,14.5815,12.6793,5.3148,3.7285,12.2252,13.9711,3.9341,7.7287,6.5119,3.4924,7.7106,6.3543,14.1,7.0074,13.7642,3.8979,6.714,7.086,9.5572,14.7914,6.6769,5.4477,7.3301,3.2823,12.0967,11.2231,6.925,3.7712,10.8599,12.429,12.0471,5.6217,5.0303,10.9232,3.7173,10.0417,5.2824,9.1321,12.8535,9.9128,11.7268,9.9547,3.6647,9.1682,8.9239,5.7419,9.8586,13.6959,6.9575,13.1828,12.3727,10.287,8.2174,7.76,14.1778,14.1434,5.3386,12.5608,13.5518,12.9535,6.9352,7.883,9.9929,10.7322,11.6493,7.7552,10.739,9.3678,6.3303,10.097,7.439,10.4811,3.7189,3.2194,3.7853,6.5006,14.8063,11.3192,13.8057,6.4147,6.2577,9.1582,12.4417,14.501,14.492,3.6591,8.9991,14.148,5.2168,3.5944,3.5034,11.6709,8.1731,14.913,13.1973,12.4924,3.6733,9.4156,13.1864,3.9159,11.2753,6.5184,13.4454,12.4654,7.3753,8.4599,9.1319,8.8781,3.3133,13.1194,5.2195,11.8007,13.7091,11.3048,11.6412,11.0916,14.468,4.208,10.2523,9.0246,4.467
GS014,B1,F,47,case,5.376,14.6155,7.0621,14.0593,9.0855,6.8967,5.9626,6.5434,6.9878,6.9839,8.3016,8.1975,11.0843,10.819,6.3324,9.6877,5.4736,10.8333,13.8958,3.7534,12.1657,11.8673,10.9274,14.7752,12.7447,4.1935,4.7771,5.7963,3.8651,3.8749,5.5265,7.5927,5.5888,13.3118,14.6724,9.791,9.0948,8.191,6.6322,8.3075,8.1675,13.5488,5.7429,7.6716,5.5777,5.1898,10.437,11.1247,4.3094,8.0939,14.5909,12.3114,15.0653,8.9946,8.3233,8.6099,2.3665,3.1276,11.1944,4.2674,11.5453,9.4375,10.3049,11.5582,7.0696,13.8115,5.6244,12.8978,2.9073,6.2333,11.3679,2.64,2.8887,12.8085,5.7445,3.0771,11.4508,8.9456,2.8086,10.9736,8.3392,14.5838,13.543,2.5492,14.3704,12.641,6.7724,14.5751,7.7834,7.7084,9.2705,14.0159,14.4821,11.9449,11.9472,3.3758,7.0975,3.3175,3.4005,13.09,6.3494,5.9854,3.8017,7.4461,10.7942,8.8758,15.3245,13.8035,3.6685,8.1693,5.8941,13.7168,9.1781,2.6865,14.0195,3.0482,13.4192,14.4328,9.4092,6.6984,10.8374,8.0928,14.5916,10.0951,7.3933,6.9583,7.7302,8.5601,3.7574,13.3922,12.2833,9.7759,14.5574,12.4749,4.943,7.2426,8.7907,11.5728,7.8068,11.6925,7.5481,6.3434,8.8519,12.6873,7.0625,10.2373,6.0415,11.6353,7.306,8.8121,9.5468,6.098,9.1854,3.2124,3.1548,3.1774,9.6327,2.9154,10.8562,3.3737,7.1527,3.0724,8.0037,7.1999,11.6806,12.049,13.7199,10.8364,4.7987,14.7284,13.3118,6.9889,12.5233,3.9129,12.6267,12.8815,8.8468,3.7332,3.4786,13.6431,13.1187,5.7369,13.7453,12.5539,2.9419,13.8726,6.875,10.0458,14.0966,8.9932,14.7899,10.9778,10.3619,6.0245,6.9417,7.1009,11.6531,4.9665,13.6867,7.5578,12.6592,11.0846,5.7726,6.0267,4.3097,4.7735,10.6838,13.2604,10.996,5.8537,3.5181,3.6723,9.984,3.5529,12.989,8.9114,3.2663,10.1522,7.6559,3.2384,7.8284,3.2582,8.4921,11.4536,3.2272,8.6693,10.0008,8.9072,3.3357,7.4139,9.3284,6.9545,2.6971,13.0809,4.7479,5.3772,7.7539,12.7392,5.3192,10.7812,6.1494,5.633,10.3382,5.6048,9.6235,14.7154,5.134,2.4292,2.3693,10.9138,2.6038,7.6836,13.8901,13.087,14.4033,6.1501,9.3585,9.6148,2.4917,11.1901,14.0503,6.5949,8.5487,7.3006,11.9524,9.5257,10.6355,12.2185,12.6555,10.4038,6.393,2.7809,13.4871,13.7427,12.0752,10.7722,13.6316,14.5835,9.0958,6.0483,11.9684,2.492,6.0018,8.2911,5.7064,5.1796,13.7241,14.9798,5.1641,5.2309,3.0365,2.4115,10.2576,7.5929,8.4415,10.8981,9.1621,14.5897,12.608,11.8399,4.9358,11.6679,3.1276,10.2554,10.7699,8.4953,9.0401,12.0856,10.339,10.8143,12.1782,2.8082,12.8945,10.6097,2.936,11.6594,2.9989,5.1427,2.8762,2.8623,3.385,14.7261,7.6548,6.3783,4.9098,3.5912,10.8873,9.7188,13.2327,6.1731,11.1986,4.202,12.0426,8.791,5.0085,4.7736,4.7521,14.7987,4.5805,10.0122,7.9071,5.0519,8.7784,13.4967,11.646,9.9145,9.3194,8.6077,10.0041,13.8917,4.3472,12.5479,6.8238,9.2634,4.8336,12.0601,14.0664,8.1751,5.4991,10.3198,13.2274,6.1213,13.5646,4.256,14.4274,4.2652,10.9045,5.0905,9.8297,4.4093,4.8239,8.5856,5.0277,6.0516,14.6776,14.2334,5.3944,3.9169,9.3159,14.3499,5.4299,3.8535,6.9053,6.3939,7.8426,7.2814,12.8967,4.8831,11.8102,5.121,5.0002,9.1184,12.5571,14.2387,4.8585,7.2272,7.911,4.1395,13.8902,12.5981,5.0413,4.0867,9.3463,12.7282,12.203,5.7428,5.2167,10.5658,7.4526,11.089,3.5753,9.4791,12.5672,7.9578,12.0452,9.1694,8.5576,7.0105,4.3084,3.6622,4.838,13.1536,6.3311,13.3877,12.3731,10.0967,8.8516,7.8044,14.0291,12.5908,8.5992,13.397,13.3549,12.1227,8.4616,9.694,10.2128,11.8683,12.7607,4.4606,12.9241,11.3335,9.8471,10.5627,3.3998,11.0272,3.7402,4.2837,6.9019,4.3595,13.4151,10.906,14.3872,6.6571,5.0836,8.8166,12.1195,13.7333,12.7156,4.6245,9.3662,12.0327,6.1777,5.2312,4.4353,11.5334,4.3595,14.8326,11.9247,11.7526,4.6607,10.3879,9.71,4.3111,13.4359,6.5018,13.8699,10.363,9.9634,9.3558,6.4026,10.7286,8.0899,8.5864,6.809,11.7275,14.4173,7.327,9.5669,10.664,14.1788,4.4064,6.4442,5.526,5.5421
GS015,B1,F,75,case,9.3299,14.6623,5.9634,14.0654,11.918,9.3285,4.0489,4.3847,4.3994,6.7845,4.355,6.7645,11.8318,10.1337,6.648,9.5236,4.4316,9.4929,13.1825,4.3678,11.594,10.3887,11.6975,14.6412,8.4498,4.3553,4.5105,6.2903,6.9868,3.9992,5.999,6.0404,4.0333,11.3404,14.693,8.2303,7.748,11.6797,7.5837,5.9085,8.4751,13.8883,5.9697,8.0115,7.7916,9.4439,11.4006,10.6857,4.2129,5.1597,15.1608,11.7924,15.0508,11.9722,9.0039,5.683,5.8764,6.2193,11.9658,4.271,12.5666,8.2794,10.2452,10.6453,4.2604,15.0188,3.1519,11.5109,7.4792,5.9384,10.9696,3.3048,3.1777,13.4286,3.087,5.5383,13.5436,8.6562,7.8864,8.3192,10.0727,14.3387,12.8569,2.5511,14.7038,11.8436,3.1946,13.7965,6.6916,8.3403,8.0589,11.102,14.7819,13.3188,11.8748,3.9258,8.7425,7.5747,8.7684,13.6297,4.3593,6.6695,3.3311,8.3588,9.0811,9.2526,15.113,14.1583,3.7425,11.1742,3.876,12.7698,10.7171,6.4294,13.3608,3.3303,14.7735,14.3741,10.8668,3.5253,6.2733,8.2413,14.774,9.2808,5.5155,3.1521,8.5091,9.7351,3.7761,13.2332,11.2556,10.8262,11.6315,11.3032,3.7003,7.7764,9.6099,13.214,11.1372,9.2845,3.5482,7.4631,11.7409,14.3752,3.4955,10.5784,10.7388,12.0034,8.6275,5.8925,10.9466,2.7053,7.2653,2.656,3.15,3.4518,9.6096,4.7699,8.8163,4.7579,9.0785,8.0622,4.913,10.0735,10.5544,12.2971,13.2424,7.6241,4.8003,14.6524,13.0109,5.2375,10.3139,3.9474,11.3281,13.0932,5.5413,4.463,3.9987,12.1949,10.9778,8.4544,13.8045,9.6988,5.607,14.7273,4.6001,10.3687,15.0269,11.2883,14.3501,7.4695,7.8934,4.0557,5.6114,5.0115,11.1123,5.331,14.7298,11.0567,12.989,10.3087,4.9371,3.7168,4.3456,4.8196,9.5762,12.311,6.9237,5.0468,7.1894,4.5657,6.705,4.6282,10.9941,8.5955,4.2288,5.8528,5.4245,5.08,6.8669,5.5929,10.4832,7.5257,5.0522,10.9584,8.5566,9.7918,7.875,13.2927,9.0662,5.3018,5.2897,14.4775,9.3326,5.423,7.216,13.2848,6.0764,12.3134,8.5119,5.7863,12.4158,5.5413,8.0835,13.9018,2.4978,2.0514,5.8114,11.6217,2.1446,7.3712,13.9778,13.6508,14.0568,2.5293,5.7128,5.283,5.3887,12.664,13.6277,3.5049,9.8481,7.0233,9.8572,8.9433,8.4134,12.2913,11.0738,9.8088,5.6811,4.9581,14.6148,12.0817,13.8527,11.7061,13.913,14.1725,10.4153,3.6736,14.4698,3.4553,5.3572,5.22,9.2426,2.8494,12.2559,13.9631,3.4845,7.1794,2.9754,3.2726,9.4187,8.5177,9.7279,10.8169,9.1475,14.2186,13.2913,11.3512,3.4268,8.6625,7.1337,13.4,8.2183,6.1865,9.3261,12.3495,11.1187,6.8887,12.5429,3.3508,12.503,9.1827,8.0548,12.0551,6.8388,3.8619,6.555,3.3269,3.8487,14.1375,8.2635,6.4969,6.7813,3.5922,10.2732,8.7592,12.066,7.7308,10.3481,4.0354,13.7776,11.4464,4.3524,6.7997,4.1743,14.6915,7.2465,10.3483,7.1318,3.4395,3.6997,12.9274,13.7206,10.1717,6.7135,9.0268,12.6166,13.6617,2.8792,11.2664,9.8709,10.9475,6.6866,11.2595,12.5953,6.9603,2.6402,8.3242,11.609,8.8046,10.4845,6.3869,12.3253,2.5015,9.4985,2.8337,14.4323,2.7114,6.947,9.8675,2.538,9.1744,15.2828,12.9355,2.7834,7.551,11.9677,13.7558,6.3112,7.6389,2.7319,2.907,2.8423,3.2767,14.5031,2.9656,13.5747,2.7896,7.0305,8.5316,8.7652,12.9758,3.0572,7.5809,10.9831,4.266,14.1461,12.5991,6.8546,4.5157,11.4463,14.2501,12.0943,10.0973,7.6968,8.462,4.5668,9.6706,4.7927,8.0032,13.797,7.3228,10.9601,10.7315,6.9141,4.9072,8.5787,7.5585,5.1556,11.9368,9.4318,12.9541,10.0415,12.4379,9.0345,5.9469,13.4236,12.7465,4.8041,13.165,12.3303,10.7505,7.3133,7.4726,10.006,12.7222,13.1995,5.1047,13.1728,11.404,12.1058,9.2224,5.8875,12.8944,5.0413,5.0842,6.6259,6.2083,14.1602,10.813,13.5758,6.1502,4.4985,5.9169,12.6555,12.9771,14.5431,4.8781,6.8591,13.1811,6.1448,5.8303,6.0221,10.1498,9.1662,14.603,11.9298,12.4563,4.3909,9.8609,11.2833,6.5429,12.3296,10.6267,13.6384,13.0529,5.0708,6.8271,7.9145,12.5752,8.8496,13.7805,8.4003,6.7684,14.2972,10.0691,9.345,9.9503,13.4025,5.1536,9.1383,8.9795,7.5221
GS016,B1,M,53,case,9.6686,14.1452,5.6088,13.9893,8.1146,7.2343,5.4846,7.3584,5.9889,6.1627,10.4789,6.2552,8.3329,11.8402,5.3164,10.1196,6.414,10.0595,12.7525,3.2281,12.2144,11.7814,10.5766,15.1322,12.5178,3.5646,4.601,8.8039,3.7857,6.9378,4.458,8.3933,4.4487,13.7381,14.5836,5.6841,11.0325,7.6206,2.6474,5.5218,12.2771,13.9995,4.857,8.8351,5.3977,3.5155,12.2988,8.7587,6.8021,6.5535,15.149,7.8948,14.894,11.5316,2.6512,7.9966,3.0701,5.1479,9.5835,8.7185,10.0998,9.2632,6.9587,11.5786,5.93,15.0949,4.9354,11.7727,4.7311,5.0793,8.6561,3.2839,3.0098,13.873,6.4265,7.0077,13.0761,7.8805,5.8962,10.4965,4.4247,14.4128,13.0685,3.8724,14.8072,10.9175,6.7509,12.9163,8.5712,5.7691,10.194,13.7468,13.6358,11.0061,11.1021,2.8713,8.0503,6.3821,5.6807,13.2827,4.3937,6.9915,3.5917,8.3242,7.1871,5.905,14.844,14.6024,3.5739,10.6177,6.6633,14.6064,9.8748,4.3624,11.7056,3.6174,14.7976,14.4268,11.387,4.2179,9.6308,8.5868,14.435,12.1045,7.4218,6.7239,11.954,11.6821,2.7116,12.9008,9.9038,6.7016,13.0414,12.0164,4.5586,3.5675,4.0042,12.5584,8.6308,10.5959,7.3413,7.6205,10.7525,13.6391,3.8277,8.2569,7.5798,12.5327,8.0389,8.0632,9.9832,8.9889,7.2271,3.8479,4.1211,3.9374,9.2517,3.756,8.4844,4.8365,8.8566,3.6463,4.4468,10.403,10.2975,12.6333,13.9948,7.8324,5.5727,15.3095,9.6607,8.8174,13.2315,3.5584,10.2126,13.8638,6.4549,4.2253,4.7761,11.1729,12.9877,7.6428,10.2285,11.7371,3.6242,14.6429,6.378,9.1737,14.5975,8.9246,14.8684,11.3427,7.6277,5.693,6.4966,5.4264,10.8519,6.3062,15.0201,10.7629,9.5981,7.1355,4.7167,5.3037,4.2791,5.3157,10.7377,12.8597,12.7106,3.3631,5.8034,3.6801,8.724,7.5855,13.6437,10.8129,2.6992,7.5116,7.3767,2.9117,4.7552,4.4446,6.527,10.401,2.8703,7.7148,8.5997,9.9943,5.5918,10.8163,11.6485,6.6687,3.0678,13.1259,9.0594,3.5135,8.9154,14.6876,7.0266,10.5444,10.34,5.6151,12.8786,3.9093,9.0114,14.6093,10.2672,4.3563,4.4432,11.9455,3.08,7.3038,14.1191,14.5061,13.8197,3.5553,4.0671,7.0957,3.2502,13.2702,14.2528,4.7794,10.5018,6.5009,6.6177,9.338,9.4624,12.9,11.994,10.7402,7.9117,6.1906,14.4464,13.8478,11.4402,12.298,12.077,14.2851,10.4265,6.5529,13.0173,5.1181,9.4434,6.6249,5.5298,2.8575,14.7798,13.5832,4.9426,7.0168,2.8342,3.6501,7.8517,7.4315,5.6578,10.6464,8.5724,13.2382,11.8109,12.1481,3.1204,10.8062,3.0165,11.1487,11.8815,9.3462,9.1131,11.9549,9.9231,8.0144,10.8012,6.6112,13.171,6.963,2.5851,13.1546,3.283,5.5729,3.2437,4.8111,3.6096,14.8666,8.3861,8.2036,6.697,3.1008,9.7635,11.5815,11.9276,2.594,13.0268,2.5164,14.7475,9.5199,2.8865,6.7381,5.3937,13.76,4.8718,8.1267,7.7023,5.4329,6.9605,14.2749,11.6053,9.1902,10.9009,8.91,9.6271,12.7879,2.7093,13.5309,9.5555,9.6442,2.129,10.9924,13.2428,11.2737,2.6379,9.3036,13.013,10.2408,11.714,3.005,13.0639,8.8397,10.4124,4.9807,14.5292,2.5481,7.2578,9.591,7.1741,8.4178,14.8966,13.2646,7.1036,4.8081,11.6821,14.8155,4.8918,4.2686,5.4307,5.6628,9.4868,5.9126,14.1907,5.2237,11.6843,3.6047,6.5613,10.0413,12.1963,14.0525,4.9185,5.2351,9.3679,3.7311,12.9578,10.9291,4.5539,4.6535,9.0249,13.3472,10.6155,6.4491,4.8866,11.8596,3.699,9.5164,4.1813,7.9685,13.5819,6.7489,11.2508,10.0086,8.182,8.5053,9.3274,6.9146,8.3567,12.735,7.9541,12.9784,13.5093,9.4041,5.8413,7.0833,13.8109,11.0409,8.6074,12.2124,13.6966,11.9359,9.3688,7.1587,8.6037,12.6988,11.5144,6.4689,12.2435,9.0552,10.5623,11.3626,6.7988,11.8119,5.317,3.2362,6.2919,5.0604,14.8384,9.7583,14.1718,5.3924,3.5656,6.2821,12.8783,12.8973,14.8057,3.8869,8.0893,13.7336,5.1034,7.6266,2.9384,12.1607,7.0828,14.7813,13.2897,11.6993,3.8534,10.574,13.1102,3.5847,10.8453,7.1922,13.8543,11.8986,10.0046,4.9411,5.2552,12.3857,9.0602,10.8751,3.9511,11.5713,13.9707,11.3278,10.8107,13.3318,12.2682,3.8561,9.5661,10.4923,6.1458
GS017,B1,M,57,case,2.8752,13.8283,5.4204,13.9558,11.1,6.0599,5.0947,6.976,6.4756,6.1322,8.9179,9.6568,8.8579,10.4979,8.3127,10.3387,7.9086,7.6015,14.5347,5.3511,12.6183,10.7243,7.2762,14.7813,11.8354,5.37,5.2955,9.417,6.8607,6.9142,5.6491,6.782,4.981,14.6343,14.4818,5.2455,7.1087,7.8527,7.0673,5.6834,7.21,14.3205,5.8902,9.7022,5.7369,7.8996,12.3167,10.515,5.734,8.3152,14.5488,11.2419,14.9706,11.1783,5.724,7.7706,4.8851,5.2803,10.1828,5.1806,10.45,9.303,5.6548,8.984,8.3596,14.7958,5.8326,12.4308,5.266,5.7482,10.4526,4.7526,5.1073,12.0197,4.476,5.8755,12.7526,11.2896,7.6101,11.3336,5.2583,14.3843,12.7718,5.0685,14.2533,13.2726,5.0177,13.7128,4.8795,7.6664,7.4969,13.0285,13.8138,11.4208,9.4821,4.6145,9.0445,7.4801,9.436,12.6906,3.5911,7.9511,3.3078,7.4146,2.9129,7.3468,14.6901,15.0659,2.9627,10.2902,7.6145,12.543,13.064,6.4254,13.7021,3.0536,14.5712,14.0302,12.8487,6.3662,10.1956,10.5509,15.1342,11.9184,3.0332,3.1928,10.1229,11.5252,3.1967,11.9009,10.0482,10.1832,12.4658,10.9023,3.7407,3.1891,6.3435,13.3721,10.6179,8.5195,6.1008,8.595,8.8443,13.6308,3.1135,9.9892,7.2516,12.9627,9.6026,9.3533,10.1888,7.9285,9.9302,4.0334,3.372,3.3433,10.993,3.2797,9.2535,5.1569,5.0858,3.8974,5.5338,8.5685,13.0024,3.3129,14.1314,7.1971,3.6416,15.306,11.6012,3.2172,10.7508,3.2536,11.1506,13.6793,3.44,2.9306,3.0547,9.6709,12.3761,10.5102,13.5358,11.8633,3.0668,13.1825,3.4577,10.2206,14.8023,8.5448,14.2031,10.3116,5.8768,2.274,5.5551,8.9041,11.9987,2.8246,14.7591,8.8475,11.6191,7.7242,8.3971,2.5931,2.2091,2.625,8.6235,12.392,11.7296,2.2654,2.7908,2.5946,10.0726,5.9066,11.4103,7.5596,2.0183,6.8711,8.7461,2.8985,5.976,5.797,9.1277,12.2369,2.9177,7.7527,9.0425,8.2715,2.1946,10.2043,9.332,10.1325,2.5225,14.5879,7.7603,5.9205,9.1202,14.9967,7.8027,12.2323,6.7512,6.6904,12.1114,2.7543,7.7389,13.5939,8.7986,5.3892,3.0399,12.8865,2.4503,9.8493,10.7357,13.4064,14.3139,3.2535,3.1069,10.7282,2.8809,12.5686,12.6048,3.2293,10.9962,5.7049,10.4471,9.0683,10.3841,11.9305,12.4265,12.2857,5.6858,7.1121,13.7465,13.3288,9.8496,12.7143,14.3011,14.5484,10.1202,2.9043,13.8423,4.4642,7.4338,10.4766,3.6267,4.4246,14.1081,15.0147,4.207,5.9843,4.5707,4.1923,8.3826,5.0859,7.5643,9.1998,8.1343,13.8186,12.6239,8.4208,5.6182,11.2012,4.6377,12.8408,9.067,4.6098,7.8664,12.3745,10.6283,9.3552,10.9905,4.4143,12.9272,6.6031,3.945,11.6833,4.5795,4.9888,5.6026,4.6051,4.97,13.2149,7.2943,5.6011,7.9812,4.1433,8.5191,4.3311,8.4691,5.4802,12.8635,4.4585,13.3905,13.449,7.5672,6.2844,4.4834,14.793,7.3631,10.5567,10.6868,4.616,6.8576,11.928,14.4725,11.4677,6.4077,8.3333,10.8274,14.284,5.0136,14.1417,10.1701,8.67,5.2808,11.6869,11.4929,9.5732,4.8145,10.0657,10.9039,11.0986,13.8196,4.8132,13.9958,6.6524,11.9701,7.3161,13.9102,7.4559,8.8115,9.612,4.5574,7.1278,15.2438,13.8407,6.9989,8.1202,11.2203,15.0433,4.1568,8.2882,6.4366,7.5068,10.0329,10.386,11.8107,4.2224,10.9426,4.1597,6.2221,8.3051,10.4937,14.6737,3.9282,3.9369,6.0299,3.9155,13.5625,14.4243,4.0447,3.3798,10.5564,12.9383,11.8094,9.4389,8.4494,13.1225,3.3904,7.7216,3.9603,9.463,12.7779,7.9974,9.8753,8.6728,7.889,6.2403,8.5276,6.7627,7.447,13.7647,8.1526,14.0066,12.7632,7.3125,4.0194,7.0903,14.1056,13.9454,8.8927,12.9426,13.2261,12.8651,8.9459,6.5334,12.373,12.1752,12.2623,3.7278,11.6708,11.8442,6.1753,11.1584,6.0187,13.4428,4.1616,4.0844,3.5464,4.3031,14.4948,10.8471,13.2827,6.2404,4.0345,8.0818,11.4989,10.4039,14.3881,6.7782,9.2932,12.0354,4.2598,6.7909,6.0685,12.2168,9.5186,14.7993,11.5558,11.5231,3.7356,8.3475,13.4135,6.5689,12.0577,6.4693,13.4532,11.7544,7.8538,3.9185,6.2701,11.4032,6.8211,10.9941,4.2908,9.8147,11.6401,11.5221,11.2282,12.9898,13.0549,3.8782,10.0663,11.5599,4.7106
GS018,B1,F,72,case,7.7844,14.1619,3.6407,13.3851,9.5551,7.3722,3.6175,6.7936,3.5589,6.5969,6.0224,3.2848,11.948,8.9316,7.7797,8.6226,7.7465,10.7983,14.222,5.4528,11.5034,7.9028,11.0508,14.8397,12.2388,3.9701,5.249,8.0789,5.2885,6.2312,5.4347,4.0151,4.1593,13.626,14.5252,7.2584,6.9888,10.7282,6.5933,5.4244,10.1275,14.5463,5.5417,8.3878,5.8854,7.0116,10.3266,10.6017,2.8084,6.7083,14.3919,10.8725,15.1175,12.7543,5.9482,5.5031,6.2332,2.9034,10.9742,8.2622,9.4176,5.6387,9.743,9.9356,5.2788,14.2438,5.6847,12.9672,3.4643,5.8328,9.5519,2.5611,3.0588,13.7265,6.089,3.8425,12.1564,9.0516,2.7234,10.5475,6.2378,10.7325,14.0275,5.5039,14.8129,13.3664,4.8882,12.8776,2.8142,8.1671,8.1881,13.5087,12.669,11.4087,11.6424,4.5094,9.5147,6.3609,9.3995,11.4498,5.1305,6.4339,6.906,6.85,9.5117,7.0486,14.856,13.0499,4.3818,11.4027,8.113,13.7162,12.2413,5.0252,13.0505,4.5567,14.968,14.4298,10.773,4.048,4.3311,9.6607,14.3101,11.7117,6.2849,6.0536,8.8914,11.5196,4.3726,10.5093,9.9598,9.619,12.8699,12.6718,3.4014,8.0419,9.4236,12.2926,9.1602,9.955,5.6561,7.68,9.3901,13.5816,4.3057,9.4291,8.7425,12.4593,4.1613,5.8219,12.5029,5.4463,5.3445,4.1718,4.4282,3.4207,7.7636,3.6331,7.4818,5.9561,7.8569,6.7763,5.6392,8.4975,11.189,12.2807,13.8242,8.608,2.4916,14.8354,12.5077,7.5106,13.6982,2.5727,9.8673,13.0653,6.4406,6.9141,4.0949,11.563,14.1717,10.4895,13.3988,8.2401,3.056,14.3064,8.3878,9.9966,15.2087,11.1445,14.6048,10.5261,9.4837,3.1886,4.1871,6.7287,11.4183,6.282,14.1678,6.9601,11.7979,8.2198,3.3927,3.1189,3.3115,3.0689,9.8793,14.372,10.3418,5.1602,3.3522,6.9878,6.868,6.7,10.3722,10.1355,3.2728,4.9115,7.8142,3.1303,4.8437,4.9448,9.3281,5.9781,5.0881,9.975,11.2318,11.6214,9.0292,12.2612,10.5395,7.4556,2.6844,13.2863,9.0532,3.3219,4.9907,14.9017,6.2415,12.0657,9.422,3.1565,11.8041,6.8615,7.1141,14.012,9.7444,4.2618,4.8563,8.1168,4.9011,8.8883,12.2163,12.2204,13.0634,3.1052,2.9466,10.7389,5.0049,10.8226,13.4309,2.5497,11.9797,6.5364,10.1119,9.0931,12.053,12.7155,8.6801,8.5081,5.8082,6.465,13.1756,13.0165,13.389,11.2255,14.4074,14.5945,10.805,5.0823,14.2221,5.9069,8.9471,7.5524,8.0302,2.2764,12.4697,14.9725,5.7754,8.1902,6.8861,2.8157,6.1253,5.7753,8.78,11.4592,2.6793,14.8519,13.1998,9.4925,2.6345,11.293,2.5118,12.6401,10.0797,6.1136,9.64,13.6432,9.1403,10.2829,11.689,4.8708,13.6358,10.2748,4.7458,13.6974,2.9647,6.7525,2.9578,2.5487,3.0245,14.738,10.7005,9.9297,7.348,3.053,8.5436,10.5691,12.8313,4.3115,11.6015,2.8617,14.0675,13.1914,3.2445,3.3117,4.7848,14.8705,8.9229,8.0981,11.2912,3.6645,6.575,13.5696,13.8619,8.4504,8.8386,9.5152,10.0201,14.1542,3.5426,13.9293,8.1425,8.7534,5.0654,8.1566,14.4204,7.8388,4.3191,7.4353,10.4029,8.5589,10.9164,4.2489,12.3703,6.8369,11.619,5.5741,11.1368,4.7597,8.5494,11.29,4.7382,9.48,14.766,14.5873,7.5762,8.8721,13.2572,13.2923,4.7556,6.059,4.1021,7.6518,5.4231,8.7782,12.079,4.4663,9.5966,3.9295,5.6317,7.3645,11.3427,14.2918,4.3949,3.8491,7.8606,4.6842,13.5007,12.1427,3.7509,4.6754,11.9125,13.7985,10.3893,8.6695,8.0656,12.1055,7.3836,11.4684,3.2626,9.6534,12.8486,5.8562,10.0042,10.583,6.4985,5.375,8.1847,8.0542,8.3984,12.4148,8.3901,13.811,11.9532,10.635,8.1077,7.4836,14.6149,14.3067,7.4619,12.4483,12.448,12.1363,7.2087,4.5311,9.944,11.3563,11.8463,6.7091,12.5937,11.7823,11.4538,8.8864,7.4704,12.5032,3.5857,3.7958,6.8047,6.5985,14.8296,7.6601,9.9727,5.8985,4.7611,4.2531,12.2294,13.3187,14.845,4.0363,10.001,12.3537,8.8067,6.6263,4.5418,11.1231,10.2767,14.3676,12.3711,11.7058,3.9037,7.4763,13.5989,3.5879,11.9566,7.1701,13.9922,13.8364,6.9241,9.776,5.8719,12.7996,7.9138,13.321,3.8922,10.6058,13.6404,12.6393,10.4479,9.9386,13.3602,3.4047,9.1085,10.3659,5.3504
GS019,B1,M,71,case,7.0486,13.6163,5.9614,13.1174,12.4986,4.223,4.173,6.8814,7.2679,5.506,6.6619,6.9643,11.1007,9.0432,7.6118,10.1545,7.6097,10.3196,12.7107,3.9625,11.4284,11.5232,10.4078,14.0075,11.0053,3.5103,3.8087,8.7529,8.748,5.9777,7.6417,8.4745,5.5365,13.3718,14.6526,9.1905,8.1309,10.7731,5.3434,5.3219,7.8938,13.7502,6.8088,5.6401,6.6283,6.4802,10.7782,8.6301,5.546,9.1117,15.0427,9.9967,14.9878,6.6309,5.5121,5.6656,8.0727,2.6862,6.6879,8.1494,9.8256,5.4342,10.2585,11.9584,6.0993,14.8857,5.2629,12.746,2.4335,7.0046,8.7459,2.4664,5.5364,13.0958,7.1545,5.7328,11.0829,9.7034,5.905,11.1797,6.6738,14.6057,13.9179,3.8241,15.1097,11.5179,3.362,13.4912,8.0534,8.6837,7.1147,13.978,13.7567,10.0552,9.7108,3.1314,6.3145,5.8897,8.4542,12.5115,3.3129,7.6596,3.6541,5.1219,9.8423,9.3018,15.2224,14.8346,2.6023,10.5078,7.5322,12.3284,9.5264,3.3777,13.1505,3.075,14.734,15.1207,11.6024,2.7598,10.164,11.2624,14.9368,11.6454,7.191,6.9925,8.8901,12.1664,2.9885,11.7835,12.5803,4.5666,13.9879,12.4762,3.6055,4.4513,10.06,12.3583,9.4777,10.2206,7.4955,10.2636,11.1319,14.3129,4.5722,8.2457,8.5917,10.8428,2.9933,9.1885,12.2658,2.7946,7.3494,5.4035,3.3792,4.4596,10.8978,4.2969,8.0078,4.2082,9.7365,4.6547,3.25,4.2019,8.1129,11.4308,14.7207,7.3165,4.6388,15.1281,14.5097,4.6221,13.4678,3.3608,11.1568,11.9949,4.502,6.0247,5.3029,13.5391,13.3899,5.9562,14.2112,13.3186,3.6241,12.6548,6.0737,11.6732,15.2953,9.4747,13.9077,10.8604,10.5513,3.6116,3.4268,7.3351,11.9309,3.8673,14.8868,11.0676,11.2762,3.7863,3.3562,2.6727,3.1267,5.1461,8.4029,14.4833,9.5695,6.3334,2.5664,6.8895,8.368,7.2893,12.9407,8.4225,2.8776,9.625,7.6222,5.095,6.9674,2.341,6.7308,12.7674,2.8694,6.7703,9.8956,5.9122,8.4389,12.952,11.8123,8.4244,2.6815,12.3437,8.0928,4.9203,10.4935,14.446,2.8765,11.1982,8.8985,2.663,10.7885,2.4665,7.3018,14.0578,11.2528,5.6321,5.5385,11.5126,5.8586,10.6506,14.3174,12.0285,14.0009,2.7781,9.861,9.0844,5.0687,11.2069,14.214,3.1281,12.7995,6.7298,7.4584,5.7147,9.7972,13.0801,11.7088,10.7838,5.1821,8.1035,13.1036,11.1297,13.2995,11.9288,11.8114,14.139,8.6699,6.3295,14.2863,4.8474,9.0263,8.8085,7.2886,2.0,12.4582,14.6546,6.7558,6.2983,2.9289,3.3271,9.0015,6.7626,8.7353,11.0173,7.1328,13.668,13.5248,11.777,5.4244,11.6469,5.2397,10.0957,9.9307,8.1357,8.9659,10.0309,10.4755,9.1863,13.5514,5.7711,12.4688,8.6883,7.9181,13.9772,4.8789,2.6919,2.2955,6.1331,2.6482,14.336,6.7387,8.8323,8.4794,3.5139,10.0352,11.1306,12.7925,5.3469,12.9543,3.681,12.2435,10.7678,4.4943,8.2656,3.5891,14.1643,4.8243,8.6788,11.3357,4.7165,9.2416,14.6921,11.8902,10.5149,9.7878,6.505,12.056,14.324,4.2881,13.5017,7.3537,7.8196,4.6936,7.7485,13.7509,11.5004,5.2348,10.5585,12.2585,6.5114,12.1335,4.1893,13.5693,8.0006,13.2219,4.6972,11.8116,4.1374,9.8671,7.4353,6.0849,11.0049,14.4778,14.3452,4.3517,5.4634,12.8273,14.5874,4.3172,5.2374,3.7593,6.1522,6.6509,6.0316,13.2803,4.8785,8.8015,3.8088,5.8272,10.5306,9.6111,14.6589,5.8396,3.3043,9.3843,3.6473,12.6057,10.9978,5.4188,3.7929,11.5233,12.9637,11.9058,8.6172,4.0462,11.7266,7.7747,9.8096,4.2026,10.3207,14.0079,6.8675,10.3244,9.5732,4.7615,5.3036,6.4037,7.346,6.6521,13.5601,6.5888,13.6168,9.8195,6.6214,6.4842,7.8012,13.4201,13.4384,9.1432,10.5197,12.2863,11.8495,5.2695,6.8194,13.3213,12.2891,13.2995,4.9412,12.17,9.1849,7.79,11.6536,4.125,13.841,3.8545,3.8577,4.8128,3.865,14.3252,10.6117,14.1446,7.8105,6.5288,8.6919,9.6246,11.3723,14.4438,4.3567,10.1214,10.1631,4.3356,4.6586,3.8381,10.824,9.8592,14.9465,12.4412,10.6628,4.3758,11.2955,13.5787,4.7522,12.0462,8.0831,13.9361,12.9652,9.0892,11.032,4.5242,8.6898,6.957,10.3701,7.4,9.691,14.014,11.1141,8.4852,13.1149,14.1549,4.2518,7.7951,9.3312,5.3194
GS020,B1,F,69,case,2.9034,14.307,6.1984,14.0635,8.9797,5.4414,4.8111,5.7552,5.2473,4.3889,6.799,7.9618,8.8118,10.891,4.7564,8.0976,4.2982,9.7165,13.757,7.3293,12.1401,13.1283,12.5214,14.7041,10.0713,5.1661,6.3795,9.2632,7.749,5.5874,4.6452,7.2764,4.6536,12.9949,14.2926,6.8481,4.716,8.7877,7.5346,4.9536,7.7649,14.5544,4.9269,6.46,5.6381,5.1405,12.9613,10.7615,5.3684,4.9429,14.3315,12.5729,15.3737,10.311,6.9289,7.9995,6.914,4.8339,11.5197,4.1917,11.4151,6.6882,5.3004,12.3215,5.5045,14.9966,5.4222,11.7714,4.8246,4.9895,10.7526,4.3143,4.3754,12.0179,4.8513,6.6064,11.8018,7.8327,6.5993,8.3683,8.1526,14.7774,14.6577,4.4442,14.7346,11.3572,7.6452,13.3247,6.2756,8.3746,6.4827,13.007,14.4856,12.3598,12.8572,4.3799,7.5012,5.7943,8.6442,12.26,3.3328,12.0878,3.2319,8.309,9.1729,7.9632,15.3735,14.6662,3.412,13.3355,7.5193,12.6944,12.0199,8.4743,13.0469,3.5474,14.753,14.6977,11.8453,6.1166,7.9226,10.2729,14.1084,8.4734,6.581,10.33,6.0546,12.0602,3.1624,12.2327,9.7986,6.3698,13.9085,11.9704,3.2179,7.8913,3.2616,11.304,9.0917,11.0882,3.1066,3.3684,7.0139,13.5405,4.8722,9.47,7.2842,13.7889,6.8171,7.9918,13.8106,8.236,3.6356,4.714,3.1257,3.2507,10.1633,3.2485,10.0508,5.1261,5.7562,5.4701,7.2237,9.3234,11.0066,13.1985,14.6877,9.4357,3.2298,14.8651,13.5506,8.1197,8.0566,3.6578,9.6859,13.554,8.4984,3.7078,2.9286,12.2798,11.2332,6.2944,11.4159,12.1348,3.4822,12.6815,6.8419,12.2508,14.8659,11.0012,14.2283,10.7698,11.3124,3.22,5.3301,6.8648,11.7204,5.756,14.7035,10.9186,13.1935,9.5632,2.7503,2.5101,2.5471,6.862,10.1604,14.5994,11.5786,2.7546,5.2601,5.9899,10.7029,7.044,12.612,5.4214,2.2779,9.5165,2.9013,2.5768,7.4379,2.7191,10.7447,11.0689,2.5486,6.709,8.0557,10.3622,2.6483,12.86,11.0439,2.9913,2.5999,13.0167,6.4922,5.1387,2.5445,13.1985,2.9964,11.1013,11.5577,7.6123,11.9616,5.6441,6.0331,15.089,10.5881,4.7753,2.411,9.5832,2.9406,9.1283,14.0255,13.8036,14.6697,5.8105,7.1552,9.5314,2.8713,10.4081,13.927,8.0076,8.5633,5.8756,11.0695,6.5143,11.2405,10.3043,12.0617,10.3006,6.8715,9.2607,12.2813,14.4341,13.4617,12.6269,14.1596,14.4282,9.8025,5.4762,14.2244,7.8087,8.6791,10.077,7.1122,3.2071,13.9246,13.9203,7.5074,5.5926,3.539,3.8224,8.6053,3.6891,9.5063,8.9618,9.2013,13.7183,13.5361,11.6899,7.5545,8.5614,3.9353,12.059,11.0771,5.2978,8.8526,12.7572,9.7056,3.8872,10.5205,3.8511,12.1858,11.2901,5.2285,12.1777,4.2812,4.5371,5.0439,4.5627,4.1243,14.1523,8.8015,5.8851,7.5902,4.2692,10.3211,11.9866,10.9655,7.017,12.5918,4.6211,14.0153,10.2618,4.4995,7.2299,4.4702,14.0078,4.3584,7.2601,9.9093,4.6026,7.4359,13.1982,13.4265,9.9258,9.0376,9.559,11.0627,13.5813,4.0582,13.5441,8.2064,9.7888,4.0554,9.8686,12.9031,11.4211,6.8938,9.7512,7.9031,9.6251,14.4144,5.5615,13.3266,9.8782,9.417,4.2113,11.4838,4.8609,10.7831,8.2132,4.1666,12.5553,14.8339,13.0314,6.0156,4.5902,10.2178,13.5201,7.4775,7.4822,3.7799,3.9553,3.0757,7.7724,11.8951,7.3522,12.3197,3.8407,6.374,6.4383,10.6283,14.066,3.5295,6.2527,5.6902,3.4408,14.165,12.8985,6.1005,3.2348,9.339,10.7824,10.3834,8.0527,6.8752,9.9767,4.0137,10.0963,5.6829,6.8391,13.49,9.3655,8.9801,9.2061,8.9039,5.8731,8.0953,7.7382,6.0594,11.255,8.46,12.0504,13.4618,6.3464,8.6357,8.5913,12.465,14.1364,3.805,12.9377,13.6557,12.3366,9.4535,7.505,9.7964,11.3777,12.5381,7.0098,13.0513,10.3476,9.1675,9.6474,7.3104,13.5158,5.9132,3.6645,8.1835,6.3671,14.5794,11.3611,13.5293,5.4722,3.7318,8.7697,11.3168,13.6916,14.0621,3.7326,10.7897,11.8721,7.3706,3.7539,3.8736,12.2963,8.7172,14.9478,12.5652,11.9616,3.8712,8.938,13.145,4.1396,12.745,5.1649,12.5409,12.0345,9.039,7.8967,8.5007,10.283,7.2151,13.5493,4.2784,10.9234,14.6828,10.1532,10.2994,10.7986,11.2987,4.1756,6.425,8.7426,4.6827
GS021,B2,F,38,control,3.9099,14.2202,5.1218,14.2477,11.0334,4.8538,4.116,5.8493,7.3765,6.7526,7.0886,7.505,9.5762,8.9465,5.2302,10.4119,5.1719,8.6297,13.7142,3.7517,4.0043,12.4803,12.2348,15.1014,9.5508,3.9119,4.0307,5.537,6.0717,4.4159,6.582,7.5143,4.7686,13.9474,13.9223,9.3226,11.8221,7.6778,6.5733,4.7603,11.6188,13.2729,5.7934,7.1737,6.5233,6.3767,11.1814,8.8473,6.5809,4.3802,14.937,11.2555,15.0757,13.0612,7.1378,6.0546,4.659,3.9686,9.3638,4.6796,9.2237,10.3216,11.3135,11.7154,8.1785,13.9654,6.2214,10.8649,4.0668,5.0406,10.2976,2.9265,5.5825,10.532,6.1328,8.3319,11.9079,10.2188,4.9386,11.2422,5.0637,14.9202,13.0568,4.7542,12.147,12.2961,5.6165,12.1562,3.4142,4.9724,7.9166,14.3838,13.8982,10.8754,10.6737,4.3916,6.7073,8.0858,6.4434,13.1221,6.7791,9.7074,3.2645,6.8929,8.4435,10.0279,14.7587,12.6375,2.8743,11.4791,2.9394,10.8142,13.019,5.8418,13.0769,4.0959,14.4046,14.6394,6.5962,8.3428,9.0636,9.8644,14.7743,10.666,6.7934,7.9293,9.6987,8.8305,6.4759,10.5727,9.3856,11.3641,10.5521,10.4607,2.9002,6.8342,5.1419,9.3591,7.7206,9.959,3.3021,3.7964,10.1044,14.5054,2.64,7.2202,6.3914,13.6995,8.8454,7.6871,12.8962,5.3704,9.4806,3.0145,2.6942,4.8644,6.5074,3.0863,6.1324,4.4176,6.2524,7.105,5.6192,12.4569,9.4878,12.0903,11.8341,9.3684,5.2443,15.2358,13.5917,8.051,12.1682,3.3771,11.1314,11.8319,4.7458,2.6773,6.0734,12.8936,12.8163,8.8398,12.853,13.6804,2.3408,12.7847,4.254,9.687,14.6043,9.2435,12.4928,10.8412,11.9581,5.1054,7.6678,6.1473,10.5842,6.8099,14.8709,11.4184,10.727,6.7071,2.8599,4.5965,2.3453,4.7242,11.7385,12.9082,13.1053,2.6348,4.5365,7.9319,11.0634,6.9645,12.3168,6.6015,2.7226,10.4515,7.4444,2.9219,7.8413,5.8761,11.3736,10.3555,2.6463,8.1877,6.9665,7.4102,7.2617,12.2967,10.7479,6.5766,4.6328,11.2564,8.7866,5.7941,10.6767,14.5421,7.4056,10.6052,8.7679,6.8748,11.0687,8.2982,7.733,14.673,8.401,2.5581,2.5673,7.5316,2.6574,7.9131,13.225,13.9227,14.412,5.7728,7.3817,9.4737,2.7122,10.6537,13.8774,6.5165,12.4114,8.3907,10.0928,8.7217,13.0244,11.2253,9.1557,9.6007,4.7351,5.9896,13.769,13.7344,13.5893,12.8221,14.2395,13.0628,8.8103,4.2545,14.0882,8.2502,8.4753,11.2459,4.4505,2.4983,14.0561,14.4975,6.0874,5.3287,4.4115,4.3944,8.2165,7.9569,11.4637,4.0113,11.5089,13.7182,12.5816,14.7336,2.6272,10.8258,4.4178,12.5224,8.4472,9.5722,5.7505,12.5869,11.0373,11.5503,12.7391,3.4696,13.3685,8.493,3.0164,13.4196,3.3999,4.7057,8.2931,3.6217,3.4898,12.9037,7.9463,7.8114,9.885,3.7087,7.5357,9.6692,11.7696,5.9676,12.6914,3.466,13.9924,10.1606,3.8939,9.5395,3.9935,13.7904,3.8137,7.7806,6.9753,4.232,7.2632,13.7108,13.7706,11.2101,8.7661,10.0056,8.4682,12.8488,3.9603,13.1332,9.8953,9.4465,3.9216,9.6295,12.1673,7.5946,3.6945,8.4426,12.221,10.1535,13.6265,4.4971,13.4599,9.1473,10.0215,5.5376,14.6653,3.8014,10.2999,9.8212,3.6404,12.5128,14.5571,12.4291,6.1886,5.624,11.5736,14.3897,3.6424,8.6125,5.4833,5.0296,8.1296,10.993,14.455,3.1814,13.6671,4.099,3.7309,6.1722,8.7496,13.4952,5.1648,4.8516,8.1291,3.5589,10.519,13.8011,6.4207,5.0774,11.0649,14.2939,10.5606,8.7777,5.8237,12.4676,6.5135,9.915,3.2717,8.0699,12.585,10.7239,7.7951,8.9941,9.522,3.526,6.5001,3.7832,7.0613,13.8878,3.3378,14.2116,12.9884,9.4184,9.196,8.0127,14.3145,8.4814,8.0454,14.2318,14.4886,12.9857,8.9753,6.3346,11.0633,12.4952,11.5911,7.1872,14.4187,9.6249,9.4057,9.4347,5.4392,13.7187,6.7397,4.5238,2.8916,5.1719,14.5873,6.4003,13.9025,8.8044,5.3604,9.8228,12.8779,11.8014,14.5713,3.0389,8.2676,9.2229,7.5519,4.957,3.0703,13.0202,9.2703,14.6089,13.3503,12.4022,3.433,7.0872,11.7923,4.9244,13.1939,5.0585,14.6645,11.9666,9.8354,5.0245,4.6387,9.4678,9.5444,11.4896,4.6178,12.1103,11.9675,8.0057,11.97,12.6099,13.3707,7.5614,5.6221,7.5556,4.1921
GS022,B2,F,79,control,6.6103,15.12,3.96,13.7639,9.2446,6.4779,3.781,7.2854,6.7858,5.1495,4.0607,4.987,8.5821,11.4498,5.3992,8.2105,7.1648,9.0452,14.1534,5.655,7.5865,10.8644,11.4135,14.9891,9.4645,4.3557,3.986,7.7155,7.4346,5.8569,8.7443,4.1703,4.338,13.8141,14.9422,7.8284,10.7524,9.9167,7.6534,3.7377,13.3844,13.3909,4.4255,5.0576,5.3183,6.4873,11.7211,7.1839,4.6675,4.7718,15.0597,10.0949,14.6654,11.82,4.1129,8.3677,5.463,4.1969,8.235,4.7372,11.5304,10.3407,11.5779,7.6837,6.1899,14.008,3.7541,12.4582,5.0531,5.7533,10.4945,3.0604,2.9891,12.553,3.1115,5.9707,12.371,4.8172,4.991,12.0917,5.8396,14.1186,12.634,5.3195,12.8933,11.3479,7.0283,13.2874,7.2269,5.8872,5.4761,14.3075,12.9641,11.8769,12.4059,3.0199,6.3365,8.8814,6.5756,13.7676,3.0959,8.3726,3.1228,10.2318,10.1654,7.6535,15.1087,14.1217,2.7751,12.11,5.977,12.4426,10.511,2.7703,12.9923,4.0344,14.5332,15.1692,10.8581,6.6112,4.5413,6.6936,14.5525,9.5825,7.4708,2.5317,10.5226,8.0712,6.805,10.0214,9.2859,10.9469,13.018,10.2171,4.0637,3.3391,7.5786,12.3147,8.0952,9.2305,3.1201,5.6668,10.2926,14.481,2.7885,8.5924,7.4263,14.6758,11.1072,7.6576,12.1634,8.5889,9.3218,2.7902,2.9029,4.9911,6.5545,2.7001,6.083,4.3306,8.8311,2.4974,6.1133,11.6687,11.4735,12.206,14.1249,10.5779,5.091,15.2206,11.6512,7.5792,13.1787,2.8479,13.1268,12.4855,5.6658,2.8175,3.0905,12.8711,13.3974,9.2782,10.6648,11.5969,2.6715,12.1642,2.8563,10.2617,14.2793,7.4247,13.7908,10.1609,10.9934,6.5702,2.5463,4.7979,13.3956,4.7071,15.0757,9.7577,11.7816,8.983,8.0772,7.0744,2.9793,2.6472,11.0133,12.9267,10.9156,4.0813,6.0762,4.4462,9.6288,4.0396,12.8691,8.069,2.2816,8.4597,6.732,2.445,5.1959,5.5338,9.1811,11.5617,2.9101,8.6387,8.2857,9.6234,8.2158,12.295,11.963,7.835,3.1805,12.8316,7.7335,6.5037,11.1223,14.0151,6.2708,12.9728,6.3556,4.6962,13.1277,5.5305,6.3415,14.5596,12.0325,2.2099,3.6452,9.4301,3.3929,9.1942,14.3824,13.9077,14.3428,4.0339,7.7183,9.1701,6.351,11.4153,13.0709,6.0879,10.9492,8.6211,7.4554,7.6975,13.126,11.4529,9.5046,10.0209,6.4313,6.3967,13.2806,14.1315,11.694,11.6783,12.7991,13.8559,10.096,6.2953,12.7133,7.6962,8.8008,9.067,7.459,4.1459,12.6992,14.8116,9.2745,4.9598,7.5742,4.002,9.861,8.8201,10.2289,10.5901,11.8531,14.2724,10.7364,13.189,3.4147,9.9867,6.7387,13.3242,8.5273,8.6766,4.1391,12.1591,9.3647,9.6508,11.3464,3.2883,8.4078,6.4643,3.9036,14.5383,3.5931,4.5317,9.5167,4.3951,4.5012,13.6649,7.4464,5.8604,11.3419,3.8465,10.1024,11.4906,14.2052,3.7653,10.8918,3.3548,14.9248,12.3055,3.4495,8.7245,6.2842,13.7372,6.8482,8.4661,10.3197,5.6374,7.5067,11.4693,12.6997,8.8136,8.7053,9.0397,9.1026,13.0161,5.7833,14.4573,12.1191,9.5507,4.8082,9.6636,9.8522,8.8121,4.2041,5.3518,11.0629,7.0343,13.0992,5.347,13.6208,7.181,11.2064,4.8908,13.8331,3.4708,10.2503,11.6074,3.7271,12.0573,14.1454,10.3659,7.5108,5.4717,12.1906,14.3357,5.7981,6.7814,6.8365,2.8485,3.5814,8.2346,14.8269,4.8804,12.991,3.2844,4.5594,3.2135,10.7593,14.1143,8.4311,7.0252,4.4858,3.2509,11.3977,11.2087,6.1544,3.7485,11.4579,14.4995,10.3692,6.6504,8.9216,9.8273,3.2767,8.0072,3.1966,6.6022,13.5484,8.1008,10.5573,9.1952,8.3695,7.791,9.5779,6.2581,5.7843,12.9881,6.8533,13.5525,13.5578,6.8203,3.3529,9.597,14.4204,12.7724,6.8802,12.7336,14.1003,12.0339,9.3454,6.1957,10.3985,10.4527,12.8583,7.1726,12.5746,13.7422,8.0127,7.7069,4.6434,14.019,6.8014,3.737,4.6725,5.6355,14.5954,5.6404,14.6055,8.141,5.2626,9.0786,10.8941,9.9938,12.4676,4.6539,11.377,13.2229,5.7036,5.0001,5.7805,11.4743,9.1814,14.7859,11.0986,13.4647,3.0466,11.2528,12.2822,3.1115,14.0366,5.0473,13.704,5.4473,10.332,7.2062,7.6151,9.5607,10.795,11.0018,7.2766,9.6365,13.5872,12.6949,13.4886,11.0009,9.6998,4.8865,8.3273,9.7405,4.3052
GS023,B2,M,41,control,8.8547,14.6708,4.5512,14.2611,10.4849,6.1146,4.1619,3.922,4.0573,6.1177,7.1936,8.5717,12.5935,7.2868,4.9316,9.3071,8.1667,9.5241,12.5134,4.4623,10.7244,11.3849,11.4978,14.4528,8.7145,3.5111,3.4433,9.3297,8.1493,4.8124,10.4322,6.619,4.1193,13.3273,15.1127,8.8637,4.9918,6.9377,5.3307,6.1893,12.0041,13.46,4.4818,7.3973,6.868,4.4031,12.5529,10.2297,4.2672,4.8013,14.2557,8.1284,14.6028,8.9092,3.5062,3.0455,4.6767,5.4631,9.412,7.8574,12.5158,7.9919,10.7032,12.4598,8.6504,14.1367,5.9949,12.0665,5.1526,6.3689,10.1799,2.7163,2.6115,12.4365,5.7612,7.3548,9.3347,7.6799,2.58,12.9733,6.3237,13.1816,11.8596,6.174,13.1965,12.2827,6.8634,13.9023,2.6603,4.8366,6.3905,14.8315,13.3704,9.1892,10.1693,5.9953,6.9108,8.9036,7.7354,13.8798,3.8483,11.2767,3.3865,5.9674,9.0447,7.8077,15.2172,14.8197,3.2969,12.8757,3.1864,10.2298,13.4427,3.1658,14.0844,2.9455,14.3988,14.2343,9.4739,8.0285,8.9854,8.9617,14.197,8.482,6.306,6.2569,9.8475,10.0165,7.0589,8.1775,11.8081,9.247,12.3999,11.8593,3.5705,3.088,10.4866,12.4109,6.6316,8.9081,4.6508,4.5072,10.3769,14.9011,2.8035,8.6294,9.0215,12.3842,10.3905,6.8628,11.011,7.937,5.5418,2.9797,3.2208,4.5496,8.5806,3.5217,8.4652,4.5795,7.0445,3.4462,5.7078,10.8132,11.016,10.3626,14.3325,6.9735,5.3214,14.8221,12.9228,8.6881,13.8779,3.4045,11.4407,13.1107,4.5547,3.2648,5.0656,12.9215,14.0228,8.3405,12.2485,13.0287,4.5792,13.7059,6.6753,11.608,14.6518,8.6302,11.9966,10.9122,13.0506,5.7905,5.8257,5.8724,9.595,3.9914,13.9382,7.1697,11.112,7.6951,6.6529,7.7365,3.5951,4.5103,11.6711,14.5488,8.5995,3.4889,3.7864,7.3377,11.9083,8.0082,13.8539,3.8877,3.3518,3.1922,3.5252,7.1798,7.948,3.2981,6.9173,8.6555,3.2184,7.4926,10.0246,9.5209,7.8748,13.4953,11.2153,6.652,2.6777,12.054,6.7126,6.9493,8.0882,14.9224,8.6226,11.7111,12.1363,6.8583,12.4316,3.2149,2.8744,14.5737,9.2598,2.5127,2.7151,9.7269,4.6803,8.5856,11.9316,13.8909,14.8244,5.0338,7.3192,11.3087,5.7279,11.1519,14.6233,6.1578,12.9977,5.9094,10.583,9.019,12.189,10.0547,9.5669,6.2752,3.0081,5.4462,13.0027,14.1863,13.7414,12.2956,12.857,13.8765,11.1893,5.8464,14.5364,8.859,9.1199,10.7873,8.2463,2.5445,13.2065,13.8373,2.6619,5.5084,5.7842,5.491,10.9739,5.7952,11.676,8.2141,10.4465,11.3663,10.9786,13.7783,5.5286,9.7424,2.7191,12.226,7.9816,7.7998,5.2182,12.791,11.2781,11.1566,12.7601,5.2316,11.7282,7.0265,2.9867,14.6102,2.5702,6.3363,5.641,5.218,7.199,14.0011,5.5677,8.4739,7.6903,2.7853,10.3255,8.1614,11.7384,5.762,13.7843,2.8787,14.4952,9.9129,5.1438,10.1764,2.7092,14.399,6.608,7.4371,9.0169,4.7824,6.8335,11.954,13.5412,9.5245,10.6484,11.4368,10.3342,10.8462,5.2378,13.7692,10.7254,10.0572,3.2133,12.4098,13.0158,8.0801,3.3673,7.8785,12.4705,7.5828,14.1427,3.8783,11.8358,10.3815,6.5591,5.9595,12.1349,3.429,11.3167,9.0922,5.1699,11.5457,15.049,10.2342,5.9075,4.2645,10.5396,15.0245,4.3164,4.8492,6.5909,4.2957,7.5879,10.0698,14.2315,4.9454,12.3934,4.2877,4.0293,4.0782,9.4906,13.8237,5.4633,5.3658,10.1702,5.5462,12.5101,11.5853,8.3546,5.3888,12.4713,14.2328,8.8797,6.8437,3.5047,10.9859,7.5627,10.5031,4.2112,8.9125,13.7533,8.2447,10.6176,6.5205,7.7674,7.3078,8.2965,3.6371,9.5151,13.809,4.8101,10.5637,11.2164,9.5499,7.4701,9.1446,13.1564,13.1797,9.149,13.0324,14.4955,11.2547,11.5738,7.5343,11.5184,11.4463,12.2884,3.6461,12.1326,13.1371,6.5797,10.2651,5.4158,14.2533,6.0397,4.0088,6.9118,3.7506,14.9023,8.6255,13.4845,7.5072,5.2096,5.9208,12.0582,7.3855,11.8089,4.625,10.8172,9.9382,4.8465,7.3336,3.9069,13.0545,9.8921,15.2035,13.2273,14.0412,4.1347,9.9043,9.4068,3.8977,13.6589,4.8942,13.7601,12.9325,9.9648,4.5788,4.8783,10.1121,10.0251,11.009,4.507,8.1759,13.1777,11.885,10.7906,11.956,10.6201,4.1089,9.0834,6.3615,6.0929
GS024,B2,F,32,control,8.3729,14.509,3.7785,14.0503,6.3434,7.5711,4.2891,4.2074,7.4284,6.1289,5.6739,6.4682,12.6365,8.629,6.708,8.0052,4.2279,8.1304,13.0908,4.0852,8.2165,11.1695,11.7463,14.4446,4.7016,4.2631,5.0507,7.2937,7.3215,4.0203,7.0401,6.788,4.5675,14.0744,14.4303,9.2649,9.2736,5.3361,6.2029,5.4867,13.045,14.1477,4.5264,5.8045,8.2836,4.5194,11.7312,9.4333,4.9044,8.1547,14.8091,8.8341,15.2273,11.9732,7.0259,6.4981,4.7721,4.0801,7.9306,4.1784,8.3828,9.1633,10.9217,9.375,9.1014,13.3228,5.1956,12.5626,4.2788,6.5496,11.172,3.5845,5.2836,12.8337,6.76,4.9608,12.4387,7.1486,7.3949,9.5555,6.5299,11.6051,12.5477,2.9866,13.4128,11.0282,8.1923,12.231,6.1722,8.5808,6.6159,14.9663,13.683,10.4382,10.8709,2.879,7.2208,10.1322,8.5394,13.6461,3.2673,10.0302,9.0057,6.6685,9.2816,6.0965,15.1423,14.5119,3.1448,11.3597,4.6142,12.7703,13.026,6.5259,13.8079,2.9598,14.0568,14.381,10.4875,8.5183,10.2647,10.0589,14.0955,10.1477,8.2228,3.2526,12.046,11.7746,4.4447,9.2534,9.7288,12.0153,12.2483,11.7427,2.9376,4.9929,9.3007,10.8788,10.0285,8.6045,6.5004,6.9896,11.0571,14.7888,2.7698,4.5942,5.8911,14.4923,7.439,5.1755,13.5763,7.2752,12.3601,4.5349,2.8853,3.1509,9.8822,5.2238,8.8524,2.6441,9.4969,6.0299,2.862,10.702,10.2047,12.7332,13.1333,7.8262,3.6811,15.1244,10.3663,7.4413,12.5401,3.4214,12.0552,13.5598,4.2568,2.859,4.5001,13.0154,13.707,7.4932,13.4187,11.6137,2.5799,14.2634,6.0491,10.5309,14.893,6.6008,14.8124,10.1784,11.4783,2.5848,2.6517,8.5495,10.3866,5.4863,14.9153,11.2954,10.8622,7.5297,6.1054,5.0822,2.5422,2.585,11.3562,11.8815,8.7052,4.8937,5.2179,2.4683,10.7107,6.4349,12.6774,8.8588,2.6362,8.8107,5.7826,5.9364,7.2618,6.0644,7.7755,12.0978,4.9913,9.488,10.539,7.8576,8.8851,13.021,8.1181,7.2346,2.8316,12.719,9.511,4.9343,7.0116,13.6368,2.6063,12.1382,7.8807,6.337,6.9248,5.7602,9.6524,15.3002,10.0685,2.5947,5.9286,2.7166,2.8749,4.9959,13.3556,12.6882,14.2039,7.9384,5.5419,10.0495,3.0135,13.2449,13.9752,6.1349,10.0112,7.4671,12.8585,7.7048,12.3048,11.4324,10.1353,8.5673,8.7606,5.4717,11.3671,14.1358,12.5412,9.0599,12.2113,13.3418,12.4454,2.0629,13.975,2.8632,5.6604,11.0477,9.125,3.5033,13.7324,13.9386,6.0558,5.7709,3.9789,3.5202,9.5946,5.9224,10.989,7.553,8.5304,13.4773,13.3163,14.2672,3.7352,10.4854,5.0243,10.6738,9.49,10.4798,5.1269,13.7202,9.8791,10.5489,13.3663,4.1733,11.3975,8.0339,4.1198,14.5081,5.5099,7.1003,4.9965,3.2929,3.9204,14.2696,6.6342,7.3915,8.0808,3.6642,11.2509,12.1227,13.4454,4.8507,12.7262,5.1771,13.9313,9.1734,4.481,8.659,3.9401,13.7763,4.8015,3.4268,10.8465,7.623,7.7433,11.3127,13.5016,10.325,7.6337,10.1232,10.7211,13.4203,3.8351,13.0527,4.7175,9.3039,3.7127,8.4175,12.9093,9.93,3.7548,8.7344,12.1266,8.0794,13.1334,4.9438,14.5262,5.129,11.0283,3.9311,14.2743,4.1619,9.431,10.216,3.6985,10.0523,14.7234,12.3995,8.1916,4.0859,10.8156,14.71,6.2542,8.0153,7.4743,3.7508,8.1405,8.5917,14.2311,3.7124,12.4631,4.1895,5.7434,6.063,9.8251,13.3556,6.3515,5.5628,10.1992,3.3365,11.5446,13.087,6.8147,5.4776,11.9748,14.5947,10.2005,9.0211,3.787,12.2953,5.2263,5.4339,5.1417,8.102,12.4526,11.4065,11.9042,6.22,5.1472,3.7686,8.5275,5.3378,9.2005,12.8328,3.7446,13.6455,11.1669,11.3987,8.9707,11.8132,13.7404,8.6824,7.0564,10.9521,14.1006,13.2326,7.0787,9.642,9.7621,11.0106,13.441,5.3129,12.9752,11.2946,9.3742,9.3526,6.9571,14.8613,8.6587,3.3419,5.1071,4.6556,14.9566,7.6487,13.5343,7.062,3.5994,10.0485,11.2886,14.1496,12.3397,3.7982,11.7908,11.8458,3.2102,5.7688,6.6587,13.4124,8.2139,15.0609,12.4684,13.0173,3.1355,10.4598,10.2646,3.4605,12.8839,4.4831,12.8656,11.6074,7.8248,3.1317,7.392,10.4814,9.4873,13.0486,6.0017,9.2219,13.5766,12.1099,11.8037,10.3855,13.6442,6.3909,5.2848,8.0071,4.5787
GS025,B2,F,37,control,5.7558,14.6492,4.9083,13.9061,11.6947,5.7956,4.3576,4.7577,4.3564,5.9665,6.3937,9.362,10.9736,9.7732,6.3446,8.3552,7.0234,8.3518,12.9355,6.6977,6.801,10.4435,11.4595,14.6496,6.2338,4.1894,6.2547,9.3906,6.2576,4.085,10.1794,5.7092,6.5598,12.5427,14.5438,6.3195,6.5979,7.1977,6.3638,7.8945,11.2478,10.7729,5.9072,7.3196,5.7221,4.2834,11.2911,9.7612,7.0409,4.3622,14.4565,11.934,14.7501,11.6451,3.7746,7.2653,6.659,7.5594,10.3736,7.7243,10.5398,10.9125,8.8402,7.6751,2.8187,14.3709,3.1951,10.9466,3.3508,6.0874,9.873,2.6104,5.6301,13.1178,5.8623,8.8361,12.902,2.7563,6.7006,11.0534,5.9871,13.5639,13.0585,2.7441,14.646,11.777,2.4653,13.5342,8.1611,3.0692,5.6287,14.5698,12.7885,10.4804,7.4942,3.5292,8.4171,9.2912,9.2721,13.8206,4.1446,10.9786,3.9848,3.2072,8.5182,8.0077,14.7885,13.9308,3.6972,11.5161,3.3955,13.6734,13.5161,3.8387,14.542,6.1358,14.5657,14.8367,9.3683,7.215,10.6882,7.7491,14.3725,8.0056,8.2229,3.2354,7.4618,10.626,3.1584,10.5724,11.8243,11.3015,11.173,12.5015,3.7736,7.2276,10.9585,10.4569,7.2708,10.5329,3.2079,9.3837,11.9506,14.9704,5.1125,9.1486,6.8448,13.6728,10.2815,9.8097,10.8424,7.348,11.5765,2.9312,3.7666,7.2479,10.2283,3.3989,10.7011,3.2971,8.2946,3.4033,8.1816,11.7627,11.9747,11.1401,13.3798,9.1042,3.1809,14.956,11.8533,7.0443,12.1319,3.6109,12.3325,12.1077,3.3022,3.7544,5.1374,11.6148,13.4202,9.4744,12.4211,12.3858,3.6838,13.7673,4.6513,9.867,14.7811,4.6137,14.4631,12.3672,11.7815,3.589,4.9191,4.9578,12.0885,3.4013,14.6416,9.817,9.2233,8.7986,7.0107,8.1116,4.1687,3.9489,9.4633,14.4172,10.3983,3.5931,6.8134,5.5172,12.2373,5.3372,13.1533,8.3812,3.9385,9.2403,5.9983,6.0512,7.81,6.1002,7.2526,11.6278,5.501,5.173,9.194,7.3615,9.6473,11.8113,10.6254,5.7053,2.8181,12.0258,8.7426,8.5471,8.7542,14.4555,6.6814,13.2419,9.5668,6.0106,10.7261,2.8086,8.9731,14.585,9.3203,2.4428,2.167,11.1527,3.1085,7.3089,14.1995,11.9486,14.2737,2.1468,6.3496,5.7247,5.162,12.0785,13.307,5.9644,11.8866,9.0827,10.9799,2.5931,12.7082,12.8423,9.5033,5.3937,2.5956,7.9177,13.4032,13.1859,13.6713,8.6586,13.1113,12.9038,8.1205,6.5454,12.7688,6.4396,2.6005,13.074,5.8223,2.7718,13.681,14.0947,2.6839,2.7364,2.6823,5.389,6.2388,6.4064,10.1438,9.5598,3.221,13.0523,12.4197,13.7254,8.0345,9.9387,5.3226,8.5272,8.2176,10.08,3.4612,11.5081,7.812,9.8941,9.5585,3.2916,12.7752,7.0665,2.5815,14.0915,3.0665,4.6143,3.455,3.6409,3.9217,10.6535,6.3525,7.0338,8.0591,4.3663,10.2508,8.2837,12.7004,5.285,13.8044,4.5266,14.1249,12.5521,6.9613,10.1407,5.2855,13.9032,4.8585,8.6806,10.8925,7.032,5.2165,13.2778,11.0561,7.5571,7.747,10.751,10.8574,12.4958,4.8559,13.7125,9.6738,9.4532,4.9798,12.7122,13.3373,9.1682,4.6183,9.3435,13.573,8.0615,14.538,8.4496,13.9235,8.0795,12.6689,7.1863,12.4491,4.8365,11.599,6.979,4.7326,9.9764,14.5962,9.5323,8.1636,4.5708,10.5225,13.736,4.6136,9.1075,7.6009,4.0747,5.2033,6.9375,14.9403,7.1718,11.0196,3.9471,5.4441,3.9926,10.2745,13.8297,3.9675,5.7723,3.9046,3.9017,12.8494,11.0094,6.7375,4.4144,12.564,14.1767,13.27,7.4284,4.0559,12.843,8.1881,9.0281,5.8354,8.6808,12.0295,12.4727,11.9769,9.6452,6.4354,5.2869,6.6578,5.6712,8.0921,12.9699,5.6432,13.8032,13.6274,8.2088,6.9279,8.3352,13.8866,10.7274,7.7111,10.4275,14.011,11.9026,7.8446,8.1506,11.4957,9.3504,12.5492,4.7841,13.2773,13.799,9.4032,8.833,8.6428,14.7268,4.0004,4.3453,7.4494,6.7041,14.7148,11.2724,13.4512,6.6753,3.8198,4.3919,10.7244,11.3718,13.9205,4.4948,10.2096,11.2295,5.0847,4.1572,3.6942,13.341,8.8264,14.9687,12.514,9.8615,4.1948,9.7252,11.8282,5.2867,12.5705,5.0624,12.8456,10.8838,11.4577,4.9149,4.4045,10.0939,9.7371,9.1341,6.5394,11.0418,13.9232,12.406,9.7138,12.9938,14.2361,4.2383,4.6996,6.3505,6.0733
GS026,B2,M,46,control,5.3019,15.1681,5.3816,14.6226,12.0717,7.3439,4.217,5.2496,5.2571,6.5524,7.3835,8.08,12.3282,8.4179,8.3964,4.9915,4.9182,9.276,13.5522,5.9895,7.5452,10.1554,13.2298,15.1526,8.7168,4.1516,4.022,6.7218,3.5941,4.6601,7.4007,7.4796,3.9758,13.5576,14.8945,7.2307,11.0316,10.0662,6.8554,3.5697,13.2594,13.5214,4.9027,3.9993,7.0635,6.1798,13.1474,8.0664,3.6991,7.7771,14.8761,9.1261,14.8865,12.9296,4.0435,6.6236,4.6981,2.9756,8.8598,4.9602,10.8062,9.7239,11.2576,11.4252,6.9208,14.4452,4.8384,10.4933,7.0869,6.7606,8.8336,4.0861,2.6354,10.5285,3.9972,5.0881,12.7788,6.3684,3.7168,11.6523,6.6333,12.224,13.9834,2.9889,14.1873,12.2596,7.3612,12.3613,6.6905,7.6739,7.1198,14.8384,13.1516,10.9919,11.4335,3.122,5.4669,9.2083,7.0102,13.961,4.5329,10.1746,4.4743,8.2807,9.0042,10.6589,14.7017,13.5329,2.744,10.9385,3.1621,11.9923,11.8056,6.4523,13.6142,6.2586,14.1838,14.5363,11.5145,2.3699,6.3994,6.989,15.1822,7.7707,6.7469,3.9698,11.7682,7.5584,4.4623,11.0974,9.2225,12.1628,13.2882,13.2358,4.134,6.0095,9.4881,11.873,8.4789,10.3476,2.4966,5.0589,10.1809,14.7539,4.7084,7.9592,8.9035,13.0891,10.8921,9.2128,11.5423,7.6016,10.3993,2.4957,2.8184,3.7207,8.1929,5.152,8.3637,3.2063,11.4084,4.454,5.2217,11.482,10.7429,10.372,12.7793,7.8662,5.9191,15.2633,12.8759,9.769,11.2626,2.3495,9.8553,12.3006,5.1407,4.4731,6.2096,11.2466,13.197,9.8558,11.4721,13.3936,2.7172,12.0266,2.6946,11.5341,14.2108,7.7349,14.2919,10.2799,10.9357,2.4457,4.8729,5.7219,12.2499,4.5726,14.7153,10.7436,9.2104,9.3631,4.946,7.228,2.3939,3.2824,7.9796,11.9318,6.1112,5.0254,5.2083,4.9623,9.7977,6.4545,12.169,5.7124,2.9202,9.2211,8.2465,3.699,7.3526,4.8589,9.1891,11.9785,6.112,9.6589,8.8508,8.844,8.5454,12.6034,11.3594,6.129,2.089,12.5299,10.4759,4.524,5.2509,14.6568,8.8829,13.4289,5.7448,9.7782,10.6241,6.0705,5.9865,14.5955,10.4946,2.4281,6.9547,9.2663,2.8306,8.2702,12.8397,11.972,14.4172,2.6356,6.6772,10.5733,4.3846,10.3739,14.0056,7.6965,12.175,6.5001,9.368,8.5655,12.0225,8.9454,7.3216,8.1939,6.7586,8.0362,12.6386,13.4248,13.3371,7.2927,13.019,13.8826,10.1923,6.0069,13.2014,3.7767,8.2507,11.5455,9.5434,3.8906,13.5777,14.3288,3.045,3.9635,4.9624,4.6984,10.1926,4.1511,11.7219,10.3589,9.9098,14.3724,9.4313,13.9524,4.2327,12.9026,4.3449,8.3938,7.4107,9.2882,4.2667,11.118,8.663,7.8606,11.4461,2.9774,13.652,9.0621,3.533,14.6579,3.0624,7.0642,9.1917,4.2113,5.1347,14.3109,7.2363,6.3609,8.7515,5.5497,10.0238,10.1975,13.0838,3.5312,12.2355,3.5427,15.2836,5.4707,3.2716,9.6761,5.8909,13.9526,8.3236,6.5561,13.0912,4.4411,5.4925,9.3334,12.9421,8.9169,6.1088,10.7852,11.5256,12.2127,5.2132,13.9362,11.4743,8.9079,3.4106,11.8093,11.6813,6.3711,3.347,7.6106,11.7247,9.0816,13.8872,6.8171,12.7516,9.3981,11.7632,5.8668,12.6886,3.1655,10.8922,8.3183,3.8196,10.4006,14.9212,12.6116,7.2879,3.1768,11.4873,14.9793,3.2402,9.4264,5.6957,3.4872,10.0308,11.4086,14.0315,3.2228,12.7368,3.3318,6.6431,5.4999,10.1957,14.1735,7.3692,5.1973,9.6415,3.2259,12.6259,12.6665,7.1407,3.2852,11.7661,14.2718,6.667,9.9793,9.4247,12.2795,3.8608,9.0658,3.5921,7.9919,13.3408,10.2253,11.5158,8.4078,6.1304,3.3263,8.7958,6.2344,9.084,11.6912,5.0488,10.5626,13.0095,6.5915,2.7252,6.6282,13.9179,10.0959,9.3902,13.9378,13.329,12.6601,11.4958,9.8769,10.7722,11.5807,12.9155,3.0661,14.4225,13.2842,6.1744,6.648,7.2155,14.5446,5.4104,5.0279,6.6604,5.2547,14.8256,6.1158,14.0824,10.0042,5.4603,5.1805,9.4018,13.2952,13.879,5.4749,4.8387,10.0925,3.0511,7.3169,5.06,12.064,7.4906,14.8742,11.6694,11.7588,4.1539,7.7281,10.7236,3.142,12.8047,7.425,14.6938,12.3043,10.5013,8.3227,7.2046,8.4151,8.2509,12.7031,7.4275,9.5508,14.0052,13.598,13.9537,13.4211,13.1128,5.5045,5.812,8.8545,3.8401
GS027,B2,M,69,control,5.8676,15.3409,3.6444,14.0579,9.5203,3.9313,4.6247,3.8154,5.9571,5.97,3.6738,5.7406,12.4271,8.9096,7.8375,8.8696,6.1957,8.8446,14.2837,6.19,8.1226,12.9048,10.5108,15.1791,9.7671,3.8893,3.4816,8.4751,5.3067,3.7337,3.7566,10.4887,5.8892,14.023,14.6576,9.1776,10.7945,8.6838,6.1653,5.0654,12.6934,12.4216,3.6857,5.5829,4.9748,4.9155,10.7666,10.8052,5.481,6.6916,14.7359,9.1424,15.3104,10.4133,4.7049,8.7532,2.9964,7.1597,7.8903,2.7067,11.6575,10.5065,10.5761,7.2361,10.5092,14.4557,4.6036,11.1803,2.5714,5.8495,10.4296,2.3091,2.9037,10.4935,2.2921,8.3557,9.7763,6.8116,5.7791,11.4003,6.3688,12.5965,13.4074,4.8729,14.5863,10.7303,8.215,12.508,5.7987,8.1381,7.6417,14.011,13.199,10.1002,9.7967,2.7571,6.5582,9.4926,6.3714,14.4301,6.2492,11.3139,6.8484,7.936,8.5015,10.5752,14.9952,14.3437,3.3371,10.3117,6.2247,12.8104,13.3326,3.4346,14.0389,3.395,14.284,14.7158,8.2853,8.1793,6.6543,8.2333,14.3598,10.3158,5.5992,6.5615,10.6413,9.3163,3.6953,11.5903,10.9553,11.0908,11.9515,11.7678,2.7406,4.2048,5.9352,11.7444,8.5334,6.3044,3.9918,7.2337,10.7559,14.2374,2.8408,9.322,7.3228,13.6849,10.3391,8.7232,13.4761,6.9098,10.7023,3.1793,2.8858,3.6118,7.1379,4.3027,8.0052,3.1383,6.7485,3.2041,3.4144,11.4569,9.308,12.4824,13.2867,8.4321,3.5308,14.769,13.0254,7.4856,10.518,5.2299,10.3026,14.0462,5.9894,3.436,4.0413,12.0176,13.7297,7.9979,13.6259,12.9908,3.1943,9.6475,3.5234,11.6357,14.4668,7.7173,14.2835,9.4259,9.0625,3.4517,4.3549,7.7651,12.3132,6.3193,14.4847,10.8812,10.359,7.7553,8.8332,7.9058,3.4682,3.3607,12.5452,13.768,10.843,5.3553,4.4558,7.1611,10.3826,8.1273,13.5486,4.4162,4.7207,5.599,8.5762,3.6189,7.82,2.965,3.0802,12.3596,4.1833,7.1474,10.7339,3.1001,9.6045,11.1914,8.2356,8.4157,2.6884,11.602,9.527,6.6764,8.3759,14.1765,7.8917,12.2841,9.0393,4.3436,12.8571,8.294,3.8633,14.688,9.2935,5.813,4.4307,8.5644,3.6864,4.365,14.4205,12.9448,13.8341,5.5284,7.0193,8.4348,4.2845,10.4306,14.5664,7.383,12.1372,5.398,9.0522,6.0278,12.3081,12.3734,11.7186,9.7597,2.2369,5.6601,13.6307,14.3577,11.776,12.4686,12.8309,13.0005,10.6097,2.7195,13.9865,5.0898,10.007,11.2621,8.7018,4.9691,14.2827,13.5196,5.6026,5.4808,5.1956,5.2913,9.5863,6.7882,10.2173,10.3303,8.5096,13.4329,12.6636,14.2431,5.1664,11.6505,7.1308,13.0647,7.5274,9.0797,5.3479,11.4546,7.474,11.2863,10.9911,2.948,12.8842,8.6101,2.4284,13.4716,5.5119,6.1037,7.3761,2.7083,6.7755,13.4255,8.666,6.8231,7.6019,2.4537,10.2297,11.5781,13.5559,2.6357,11.8675,4.8977,15.0126,11.9429,4.4391,7.9727,7.7509,14.4722,4.6517,7.7366,8.0589,4.8045,9.2732,9.2394,12.6283,9.9797,9.6842,10.4431,9.1444,11.417,2.491,11.4693,9.6987,6.5063,2.9342,11.8724,13.1873,8.2221,4.9414,8.9461,11.5793,5.1181,12.3785,3.009,13.2225,10.014,12.1001,3.0305,12.0377,3.8676,9.1889,9.5528,3.9527,11.2782,14.2548,13.4668,7.3951,4.7154,12.0469,14.2229,5.4364,9.3355,9.3077,4.9588,7.9005,6.8081,14.7024,3.9371,12.9897,4.3514,5.2995,6.6882,9.2001,13.6286,4.8721,9.6049,11.0853,4.9098,7.3512,12.4058,6.364,3.6785,11.4723,13.9592,10.9658,4.935,4.1494,10.3277,4.1345,4.8231,3.5519,7.678,12.0804,10.9509,11.4292,9.6986,6.1467,4.5788,5.5099,4.3573,8.4195,12.8452,4.124,13.9279,12.9527,8.7929,8.9078,8.873,13.3948,11.2925,7.7328,13.4917,13.26,13.0358,9.8896,6.9193,10.3756,12.0249,12.1606,6.3034,12.9898,13.3866,5.9226,9.4154,6.3189,14.3272,3.5782,4.0396,6.1588,4.0429,14.6643,6.0728,13.0607,5.3869,6.8102,7.8427,12.0792,13.4427,14.5261,5.7042,9.4649,12.3892,4.4944,7.522,7.0869,11.0143,9.2999,14.8142,11.8935,12.6129,4.3137,10.1578,11.836,3.736,13.4807,5.6633,12.6936,12.4723,9.2857,6.9772,8.0874,10.3245,7.3474,13.8496,7.6948,12.0433,12.646,9.9039,11.5819,13.1349,12.2482,3.9472,7.5732,7.143,4.4701
GS028,B2,M,62,control,5.3797,14.8966,4.3704,14.8549,8.5944,3.539,3.7017,3.4258,6.6591,5.0687,4.8442,5.7303,13.4674,6.13,3.8911,9.6036,7.4704,9.6029,11.9714,5.2072,8.3475,13.1184,12.0331,15.0302,6.7339,3.5795,3.3252,5.3654,5.6174,5.5811,9.4094,7.0929,6.0412,14.0089,14.552,8.8115,8.8829,7.0445,8.261,4.153,12.6263,12.8358,2.8753,6.5311,5.8269,5.4526,13.1897,10.927,2.3673,7.0869,14.4969,9.8409,15.3056,12.1612,2.671,5.8817,4.8534,2.4364,9.5237,3.3994,11.8356,4.4609,12.8701,8.8428,6.0553,12.6561,4.3012,12.7938,6.206,5.8188,11.0164,3.1909,3.8432,13.3399,6.7481,8.6264,13.0629,9.8455,8.6001,11.4006,4.2405,14.4437,13.0297,5.8928,14.6463,9.6195,9.5373,14.6067,4.0777,6.0394,8.7652,14.704,13.3457,10.7274,11.4888,2.9775,9.3831,10.9797,10.3112,12.6548,4.2615,7.5806,4.5292,8.98,7.7577,8.907,15.0155,14.2724,3.2612,10.8726,2.8938,12.6749,11.7711,4.5065,14.1736,3.2308,14.1991,14.3748,10.5593,9.434,9.5094,10.7273,14.3764,9.8552,5.8458,4.8259,7.8914,8.2086,6.8789,9.3549,10.3999,10.0281,11.7031,7.9598,4.538,7.0758,8.9006,11.5187,4.9524,9.5034,6.902,5.6498,11.4523,14.7151,4.8303,11.0856,8.0816,13.2871,10.0792,4.5839,11.6381,9.571,10.8518,3.1675,3.149,2.7872,9.816,4.0071,7.9413,5.1168,8.253,4.9908,7.105,8.6598,4.1557,11.8658,13.9786,6.6715,7.1125,15.1542,11.607,7.8228,12.2402,3.0998,10.7503,12.8841,6.0592,2.899,4.0168,13.6408,14.1387,10.8446,12.3868,12.7347,3.2458,12.0531,3.2952,8.3526,15.1325,3.1724,14.067,10.6157,11.7536,4.1789,6.6735,7.6301,10.7888,4.8622,15.0689,10.5043,12.5666,6.4988,5.7717,6.0408,3.3221,5.5359,11.3889,14.4598,10.4216,3.8822,3.9298,4.1225,11.6073,3.8982,13.1594,8.9407,3.2003,7.913,8.3221,6.6444,5.5748,5.6236,10.2449,11.5426,2.303,9.2631,9.2899,4.8402,4.1543,12.4055,12.3922,5.4839,2.9827,10.7565,6.3487,7.0493,5.4045,14.5552,4.1889,11.6341,7.2671,5.1383,12.5252,7.5042,8.3312,14.1223,10.7515,2.535,3.8252,7.8328,2.5497,7.3487,13.0331,13.9197,14.3085,2.2361,5.6966,8.5675,6.5626,11.8853,14.7595,6.7444,13.5628,7.7644,10.7814,9.7728,11.4792,13.3709,9.4605,12.197,5.1962,6.0775,12.2589,14.286,10.8437,7.5253,13.5737,13.9451,11.8107,4.5358,14.346,5.2043,7.1732,10.1371,7.9799,2.6063,13.7258,14.398,4.8399,7.0315,5.0198,4.639,7.7997,8.8164,10.0137,8.5296,9.6055,13.3247,11.9412,13.6137,2.488,12.3568,2.9175,12.5632,11.3493,9.0169,5.966,12.2695,8.1543,5.6949,13.4249,2.5313,13.7194,7.4117,7.855,14.8011,2.2521,7.0973,8.1307,4.1472,4.4678,14.535,5.4482,8.3086,10.453,2.7014,10.5739,7.3575,14.2019,4.5426,13.3587,3.0128,14.033,11.7547,6.3747,10.0136,2.6725,13.6498,7.446,7.2958,8.9342,6.5255,7.6493,12.1681,13.8431,8.1827,9.8293,9.6073,7.2269,9.8845,4.8299,14.487,8.9923,7.8428,3.4209,11.1882,13.0623,8.9775,3.4567,4.7963,10.9719,7.1545,13.2637,4.733,9.7827,9.6466,8.3685,6.6804,12.8468,3.5561,10.9485,8.6956,3.5916,12.7779,14.1772,12.3135,3.9093,4.2849,12.112,14.8082,6.2246,8.0542,4.6313,5.1709,4.7274,8.3986,15.2655,3.8377,12.8193,3.0049,7.3061,5.1579,9.2702,14.2248,8.1324,7.217,8.4979,3.7602,7.9673,13.011,6.1124,3.4125,9.2899,13.2332,12.3679,7.4023,4.7853,11.7167,4.0697,8.7913,4.4146,10.1751,11.8506,11.8282,11.6488,9.438,4.1252,8.0722,9.9452,4.2127,5.5083,11.6356,7.6745,12.0969,13.1429,6.3798,6.1026,8.3182,13.8475,10.7629,10.1191,12.6511,13.5944,11.2379,10.9625,7.6982,11.6325,10.6972,11.3218,6.6734,12.8985,11.5977,11.0196,7.7117,7.7073,12.9653,3.9762,3.8475,9.6911,5.2792,14.4969,7.844,13.6685,9.2,6.6505,9.7768,11.3167,11.1142,13.0857,3.9129,7.966,11.9454,4.7305,8.4187,6.7708,11.4066,10.3821,14.976,10.5396,9.9696,3.4384,7.9099,12.2117,4.9136,12.5727,3.6104,14.1339,13.8175,9.4259,4.4117,7.1928,6.7578,9.2654,12.5824,6.3593,10.8806,11.8305,9.9868,12.4269,11.1497,12.5252,6.0537,9.9229,7.4122,5.5229
GS029,B2,M,36,control,7.7099,14.9788,7.1742,14.4071,11.7399,5.186,4.2004,5.4564,7.3657,4.9331,3.5402,7.2602,12.5519,10.6297,6.7681,8.1643,3.9869,10.6207,14.08,5.579,9.2087,5.8013,12.1913,14.7749,8.1028,3.4681,3.5053,8.5953,9.2879,3.9331,9.7048,7.9307,4.2239,13.9595,14.5698,7.0363,6.4561,7.3625,3.7521,6.761,11.5574,14.6964,4.6796,6.7352,8.0371,3.9345,11.0356,9.6337,4.9916,5.0254,14.9989,8.7137,14.9942,11.942,3.2563,7.029,5.6924,6.6009,9.4845,5.0564,8.028,3.6573,11.45,10.7005,7.0839,14.3638,5.0837,13.7349,5.0495,6.5782,9.9277,5.066,3.1789,10.488,4.7577,5.8587,12.4064,10.7747,3.3246,11.0015,8.8333,13.4186,11.8291,3.7807,14.4403,13.9083,7.8475,12.4019,6.025,6.3977,7.2335,14.365,13.2837,10.5311,9.6462,3.1185,9.2446,8.8922,8.8153,12.1799,2.5989,7.4862,4.2797,10.5839,7.0311,10.731,14.3583,13.7302,4.2951,11.1322,2.7495,13.4158,12.5493,5.1674,14.0797,2.5655,15.1125,14.1235,10.5328,8.751,8.3366,8.3325,14.5319,9.7566,6.7557,5.2756,11.9855,10.7546,6.9543,9.0097,10.6075,8.7859,10.86,11.5627,2.9301,4.6595,8.1299,9.7873,11.8101,7.0268,5.0588,8.2138,10.4312,14.3935,4.5816,12.1799,5.2413,14.1151,9.8941,6.8756,13.0138,7.7519,8.5774,6.4093,2.6558,3.7253,9.7535,4.057,10.9372,4.186,10.667,2.6655,5.5702,9.2912,10.6232,11.616,13.1347,9.2068,8.3008,14.0117,11.3704,6.0024,10.4247,2.8031,11.1682,13.4589,3.6896,2.46,2.9139,12.703,12.1815,5.4039,12.7312,12.4467,2.8014,12.7123,2.6077,10.7178,14.9181,9.068,12.8964,10.9733,11.8504,6.837,5.1141,6.366,12.3979,7.6546,14.1716,10.0927,12.1685,7.6618,8.8927,5.6105,4.265,4.7152,11.9582,12.8847,11.0024,6.0527,3.8884,2.5127,8.2099,8.1953,13.5813,5.62,2.3808,8.4751,6.2018,4.982,10.5387,6.1235,5.9339,11.1493,6.0347,5.9707,8.5724,4.9139,8.0377,12.3655,11.5596,5.5556,2.3551,11.834,11.368,4.1277,7.4772,14.8707,2.947,11.4022,8.7297,2.9006,12.6549,6.9827,8.1423,14.7463,9.5589,2.4156,5.8811,10.0358,5.7334,7.5716,14.0198,11.1816,14.9937,2.8451,6.1393,6.5239,6.458,11.4896,14.1899,8.1875,11.888,4.3258,9.4205,6.9173,12.0281,12.048,6.3707,10.0948,4.15,4.1343,13.5568,13.9819,12.2731,9.9995,12.3118,13.8881,9.1352,3.3945,13.3609,5.2387,7.7904,10.0968,7.7623,5.4631,13.8334,13.3721,4.0515,3.8279,4.3015,5.3204,9.7361,4.8594,10.4958,8.8225,8.6741,14.2982,13.4061,13.0852,4.9054,11.5019,4.2041,13.6058,10.4842,3.9957,7.8204,12.7097,11.7165,9.3749,14.3131,4.944,13.4393,5.162,4.5347,13.7775,5.5766,6.5108,7.8792,5.2857,3.1736,14.358,8.9954,7.8281,7.4187,3.8062,11.2252,10.946,13.4304,3.7795,14.1651,3.2595,14.3462,10.2589,3.6283,11.2029,3.4699,14.0452,3.7935,8.9114,7.468,3.5907,5.8241,13.4427,10.1799,9.502,10.311,9.9222,9.9311,11.9084,3.3116,14.0056,9.909,10.0943,4.2039,12.0703,13.218,6.5625,3.521,7.6414,13.7557,7.0345,13.6004,4.5553,13.928,11.4779,9.9517,6.9387,14.4109,3.0793,10.5319,8.5488,3.6873,12.7322,14.5916,12.1705,6.0769,4.5728,9.9187,14.3945,3.3735,6.4626,5.5659,5.5463,4.4134,8.6668,12.8519,5.8379,12.0566,3.4423,6.7348,6.6877,8.899,14.5761,2.951,7.1978,10.0117,3.9654,11.4333,14.2022,7.7807,3.8407,10.0553,13.0325,11.4844,9.1044,7.1383,10.8772,5.8824,8.3139,5.7519,8.1894,11.3527,7.6675,8.3423,8.8183,7.8815,7.8478,3.9416,6.2007,5.3166,12.8347,4.2075,12.6871,13.1805,9.547,8.0884,7.1716,14.0544,9.7402,8.9902,14.1208,12.9436,13.003,10.0056,7.7055,11.3763,12.4917,12.6549,5.0832,13.0265,14.2069,10.7267,9.8463,6.8148,11.984,6.544,3.398,5.199,3.5372,14.6914,9.0853,13.3427,8.0863,5.7544,6.5966,11.5446,9.4001,14.8741,2.8413,10.5818,10.3694,4.8109,5.5639,5.0121,12.2024,6.468,15.014,9.5997,9.9513,2.8517,8.7015,12.6353,4.5592,12.9673,7.2824,14.6102,11.341,8.6439,2.8808,6.632,9.0035,5.1793,13.8267,7.5705,9.3778,12.2121,9.3333,11.7707,13.9077,12.5093,3.1627,10.7576,7.9675,3.4569
GS030,B2,F,62,control,7.8146,15.1092,3.6264,13.7364,11.2153,5.1602,4.1368,7.8165,3.4877,6.7929,5.6068,8.3041,8.8046,7.1911,5.5352,3.5759,6.1274,8.4073,13.0747,6.7016,5.2477,11.7211,12.2454,15.0612,8.7072,4.2261,5.6526,9.2868,5.2529,4.1398,7.0598,8.0775,5.6492,13.7068,14.7929,8.3478,9.8168,7.2108,5.9391,4.3011,14.4684,12.9537,5.1833,6.3227,5.4146,6.8555,12.1726,10.9591,5.207,6.3154,15.3948,11.7145,14.4071,10.7419,3.2283,7.405,6.4016,2.9424,8.4711,2.8544,10.7865,8.9575,12.258,11.4159,9.6482,13.9903,5.6788,10.6893,2.5217,2.8306,8.2983,5.3472,2.358,13.2138,5.7213,7.4927,11.8084,9.3138,5.3401,11.3188,6.8795,12.3592,14.2096,5.9628,14.8506,11.2533,8.4208,11.7132,7.1266,7.7717,8.2139,12.8208,14.3929,8.7606,9.9933,3.463,9.1288,6.8387,3.2894,14.4488,5.8604,10.8366,5.3918,7.8804,5.4957,11.0753,15.3391,13.9811,6.4862,9.8923,6.0684,10.8661,10.7367,6.2791,13.6396,2.7854,13.5316,14.1266,8.2631,3.1775,9.3695,9.5721,14.6706,11.9854,3.0404,3.315,11.2429,8.1525,3.126,9.7852,12.2954,11.416,12.2851,13.1452,3.8136,3.5165,11.1269,11.1301,6.5378,8.874,6.5015,5.9795,11.095,14.9407,3.3809,9.8034,9.4163,13.4095,9.5767,5.3558,12.6499,7.6203,3.2204,3.1884,2.8879,5.2215,8.6902,3.359,9.4669,7.1004,10.0508,4.0138,4.1225,12.5382,10.1975,12.0683,11.4044,7.8283,6.8489,14.7931,11.4742,6.3532,13.9171,4.5914,11.0284,14.0012,3.8045,3.6933,3.1554,12.4103,12.651,4.2658,12.3985,12.7448,3.3335,12.0791,4.636,9.8884,14.8911,6.8747,14.2465,9.6254,12.3619,5.996,4.4453,8.259,12.0598,3.322,14.1749,11.6796,13.2062,7.7579,2.6546,6.0228,2.7311,2.5865,13.0145,9.3759,10.5172,5.4112,2.4908,7.0977,8.2013,7.6222,13.8867,7.4922,2.4404,7.8518,5.6929,6.3507,7.2153,2.6305,5.5073,10.0899,5.7245,2.6778,9.2079,9.4321,8.4111,14.1824,9.6058,5.4759,2.9315,11.7402,10.9367,4.827,7.4077,14.2631,7.6424,11.7997,10.7487,9.2805,12.1332,5.3183,9.3728,15.0134,10.3216,2.8774,4.6576,8.4964,2.5718,4.9253,14.8619,14.0737,14.7913,6.4263,8.39,10.7428,2.5526,10.9349,12.3586,5.7104,12.2485,8.6025,12.7305,9.8905,12.7557,12.8224,10.3667,9.273,3.4465,8.4017,13.4247,14.3315,12.5797,9.8408,13.8518,13.4928,10.3427,7.0644,13.979,7.8338,5.1205,9.7139,7.641,4.2679,13.2607,13.0889,6.5554,7.2085,2.9154,4.5949,6.2467,7.8752,9.2093,10.2685,10.1902,13.4284,13.2523,14.1235,4.2111,8.9415,7.0946,12.4947,7.2673,12.3224,4.0058,12.4429,10.2945,6.9132,12.4677,3.1728,13.8951,7.339,6.2926,14.2435,4.2959,6.3604,7.3731,3.0522,6.5142,13.4686,7.4334,3.1438,10.7451,2.7086,10.4311,11.6299,14.2336,5.9838,13.6725,3.6289,14.0274,8.9277,4.1151,7.2424,3.5335,12.7305,9.0677,6.0994,8.7039,5.0319,7.774,11.3645,10.6243,11.0332,8.3555,9.832,7.9544,10.5568,4.0973,13.4781,10.478,6.4561,4.4621,12.9593,12.0443,8.6837,4.3728,8.5566,9.8853,9.5185,14.3198,4.9338,14.2166,12.7646,6.7112,4.3453,14.2573,5.0261,11.6524,3.5198,3.8243,11.9375,14.2721,12.7623,8.039,5.1791,8.2768,13.722,4.77,5.4776,4.8207,4.7375,9.7995,7.9937,14.8318,4.6006,11.6752,4.2722,5.0753,7.455,11.4403,14.2061,3.3767,4.6544,5.5428,3.7566,11.8841,13.4065,5.9806,4.1751,11.1381,13.7581,10.9557,6.7701,6.9983,12.0157,4.5216,10.5133,3.0776,9.8848,11.3482,9.4606,10.1973,9.2518,8.3312,8.7046,8.8516,4.2602,6.296,8.1692,6.2037,12.0094,12.9532,8.5933,3.7807,8.0515,14.6508,12.0481,8.9592,13.4712,14.5396,13.6065,6.2686,7.4981,9.7409,11.2404,11.6464,4.4323,12.538,10.6709,7.8054,9.3884,7.7153,14.1582,5.7518,3.8329,4.6381,8.4466,15.2522,8.0777,14.2637,7.3184,3.5471,10.3903,10.8349,11.8706,13.6711,3.7408,10.9792,9.8388,4.4931,7.1344,6.7575,13.3907,10.7072,14.7581,13.5566,13.1348,3.9912,9.1607,9.6883,4.0653,12.6259,4.5271,14.0815,12.4394,7.9779,8.7261,4.2311,9.7434,9.861,11.3594,6.6158,11.4517,14.2484,11.8791,11.4165,13.4822,10.0779,4.2264,6.1042,6.5185,5.3818
GS031,B2,F,58,case,9.1881,14.2715,5.4268,13.7144,7.3261,6.0622,4.0483,7.1677,6.591,5.2391,5.0986,7.1294,12.3183,8.8471,8.4118,7.4089,7.4157,8.9919,13.1607,5.9962,8.3246,12.4049,10.9428,14.7584,4.6992,4.3997,5.094,6.3485,4.6944,4.0431,7.7107,4.4245,7.778,14.0463,14.6312,8.5647,10.387,7.3835,10.6269,5.9966,12.9882,13.5104,6.6555,9.1316,4.6805,4.1986,11.9776,6.4586,4.3825,4.9888,14.9933,10.3002,15.2607,12.4723,5.0629,9.4782,7.1947,4.44,7.5722,7.5704,11.4815,7.8112,11.9316,10.0724,7.1068,15.0778,4.9035,8.6976,6.8054,7.0098,8.4932,4.5469,3.9627,11.6407,5.6649,6.0287,13.2929,9.2124,3.4135,8.0191,2.9195,13.3122,11.8294,2.5412,14.3912,11.5359,3.4117,13.2837,5.888,9.9943,5.4744,14.8922,12.7102,8.9675,8.4501,3.2933,8.3624,11.0605,9.4172,14.2948,3.2462,11.2942,8.6666,8.4468,7.5778,9.4452,15.2678,14.8903,5.9495,9.5727,3.1589,13.2271,11.1071,5.2269,13.7961,3.1454,14.5366,14.8143,10.8134,8.1984,10.1292,11.0194,14.5225,8.3795,5.2216,6.4091,11.8035,12.2689,2.6376,9.8359,12.8003,8.2394,8.2262,10.4392,3.1618,7.1338,9.2595,10.6636,10.5888,3.2538,7.4881,6.8318,11.0059,14.8064,3.7152,9.0573,8.8386,12.3378,8.2682,8.1123,11.8289,3.2583,9.955,3.322,3.2658,3.4601,5.4948,3.124,8.5738,4.9908,8.1755,5.3758,7.7151,12.0183,5.1548,9.6984,13.5339,6.7852,2.9854,14.9619,12.4268,7.5474,13.4803,2.373,10.1409,13.4721,7.5386,2.5196,2.5167,13.5069,13.2026,4.7896,13.7185,11.5939,2.2575,11.0955,6.1264,3.1849,14.5136,7.7975,14.7183,11.9359,7.7415,2.8282,6.0862,2.9924,12.9284,6.3591,14.538,9.8452,9.4253,8.2692,6.6004,2.5677,3.1494,2.5997,10.1269,14.5708,10.4031,3.1299,4.8234,4.497,10.4784,6.7016,10.9942,7.0455,2.9208,8.8729,2.67,5.5189,9.2028,5.2177,8.9317,9.9095,2.7659,9.6909,12.1564,5.848,8.7549,12.18,9.5013,6.6679,2.9955,12.2134,6.8947,5.5388,7.5542,14.466,7.5676,12.2614,8.1136,7.7764,13.0579,2.692,7.257,14.1461,11.9224,2.2039,3.1509,3.4886,3.32,9.855,14.3546,14.0865,12.2291,3.9333,4.0575,10.9016,5.8744,12.0069,13.5698,8.471,11.2343,4.5013,10.6815,9.3733,10.8965,10.58,8.4987,5.7551,7.0916,5.9496,12.9579,12.2011,13.1463,11.2523,10.5095,13.4778,8.5818,5.8414,13.6492,6.0338,6.0789,12.0095,5.489,3.5168,12.6833,13.3619,6.4693,5.6881,6.1245,3.9387,11.4367,8.1357,11.4467,5.6611,9.1511,12.0547,13.7684,14.5472,6.7116,8.4293,5.514,11.5112,9.5325,11.5182,3.7588,10.5978,8.9155,11.4373,12.5029,4.4907,13.1558,7.021,3.9025,14.6431,4.25,6.5323,8.8354,4.1391,3.9081,14.3517,5.0621,4.6298,10.7641,4.1057,8.0827,9.235,14.0364,4.7777,14.3177,4.1509,14.6323,11.1792,5.3116,9.3055,4.7403,13.6942,6.2946,4.6142,10.4646,4.2928,5.0374,14.0278,14.1566,11.223,7.669,9.6213,12.0865,6.4521,3.6916,13.1086,10.3233,8.7475,4.3212,12.5492,11.2474,8.1763,5.4393,6.0947,10.912,10.8021,12.6847,5.7857,11.8061,10.0481,8.5589,4.1303,14.0245,3.5545,9.2605,7.616,3.5177,13.4979,15.1058,13.1374,6.0895,4.7378,12.0663,14.0951,3.848,6.6466,6.725,5.2877,11.5526,10.1184,14.2658,5.1096,13.509,3.687,5.0191,3.7466,9.5013,15.0477,3.1044,6.8265,10.822,3.5446,12.3697,12.9829,6.868,5.1189,12.2098,12.4791,10.9964,10.2858,7.5523,11.8473,8.0916,4.8925,3.6128,10.9247,12.9434,11.2634,10.3753,9.4509,8.4551,4.9126,8.9829,4.9529,4.8208,10.6619,4.0625,13.0761,12.7321,8.3049,7.731,6.3473,12.4458,11.2033,6.7906,12.876,13.7141,12.6226,6.315,7.0865,12.038,9.2556,12.8922,3.71,13.8242,12.4304,9.0528,10.5996,9.1969,13.2422,7.1519,3.551,3.3181,3.4271,14.5152,9.1561,14.7361,8.8673,5.9174,10.2001,12.045,11.9029,14.2467,6.9738,10.1243,10.7958,3.7306,5.9031,5.7266,9.5595,7.9059,14.8334,12.9902,11.2917,3.7318,7.4696,12.896,5.9665,12.8831,5.5961,13.4689,11.2827,10.0037,7.0386,8.7754,11.2474,11.0769,11.6893,7.0856,11.0692,13.6114,13.9244,11.2431,12.2766,12.7497,7.404,8.6426,7.7458,3.9846
GS032,B2,F,46,case,10.138,14.4531,4.5106,13.7032,9.8604,6.6321,4.202,4.4114,8.2082,5.9154,4.313,9.4087,11.269,6.4046,6.0862,8.9635,5.9945,8.2901,13.3036,6.426,5.645,12.1852,11.3959,15.0767,10.0056,4.0961,5.7132,8.5569,7.5908,3.2919,5.5987,7.4894,6.2215,14.1319,13.0894,10.1063,9.2357,8.1658,8.6711,5.8642,13.3297,13.652,4.8291,5.8037,7.1207,6.2417,12.1132,9.9594,4.4392,6.6741,14.7282,7.5248,15.1697,11.6755,8.2677,6.5581,6.8162,5.6558,6.1316,2.9641,11.5621,9.2539,12.0174,10.5685,5.9698,13.6927,2.9162,11.8458,3.0462,6.7117,9.1835,2.5827,2.5295,12.3659,5.9402,8.06,12.7212,10.8936,6.3573,10.3949,7.9286,13.985,12.6423,6.302,13.8971,12.934,6.0099,12.8762,5.8343,6.4992,6.3875,14.4476,13.6503,9.5453,11.064,3.7262,8.644,7.1926,9.7885,13.0969,3.7601,9.5196,3.7422,10.3202,5.3545,11.8049,14.8148,13.7832,6.3997,9.0975,7.1118,12.1688,13.472,3.5292,13.7003,5.7798,14.6468,14.7172,9.3012,7.4155,6.9853,7.748,14.1376,8.8908,7.0364,6.9468,11.3285,10.5355,5.3859,10.7872,10.6156,11.5984,12.0924,4.7139,3.5973,5.0905,9.5251,11.6021,9.6151,3.265,6.6221,4.6264,8.8464,14.3123,2.8328,8.028,9.8652,13.2174,9.3651,8.7907,13.5338,7.9513,8.3109,3.3745,3.0728,4.9039,8.576,3.2169,3.177,3.1001,8.9484,3.4742,6.8232,12.0277,10.6802,10.4987,11.7843,9.259,4.806,15.0749,11.9367,7.965,13.4318,3.6807,12.7621,14.7294,3.1416,3.3582,7.6335,11.9576,11.5121,11.0421,12.988,11.7486,3.3992,12.9763,8.0518,11.2924,14.3095,8.3157,12.93,7.9348,9.3945,3.4465,4.9494,8.5812,13.1998,3.7424,14.3404,10.7488,10.8104,6.8507,3.9822,7.1857,3.5223,3.1479,10.1063,13.2435,10.5704,3.9665,2.8997,3.0836,9.2741,7.0668,13.2704,5.8011,3.2284,3.3007,8.0401,2.5995,6.9013,5.5725,9.9102,8.6448,2.806,7.3487,11.4049,9.4067,5.1583,14.4231,7.4357,5.0603,2.5145,10.8143,8.6982,7.0829,8.7491,14.8268,8.2479,11.9029,9.7476,8.0204,9.9569,2.7892,9.1084,14.4746,10.5671,2.4099,2.4077,5.3213,2.4114,5.1495,12.6487,13.0625,13.8107,8.6624,5.106,8.128,6.0503,11.6732,14.5181,7.0251,12.3789,6.4361,11.8506,5.4055,10.5777,9.8319,10.6666,7.5881,5.2025,8.1559,12.6644,13.5585,10.9467,9.3,13.6388,13.3176,9.9041,2.7908,13.96,6.4453,8.4868,10.8068,6.9443,5.2669,14.0097,13.6295,5.4118,8.592,2.5591,3.323,9.0319,5.0474,10.1935,10.2924,10.4583,12.1431,10.554,11.5027,2.5918,10.3712,3.1757,10.5958,10.6598,8.9015,7.8533,13.2606,10.2822,9.5757,9.6962,2.8331,14.301,7.0238,3.5919,14.6108,6.3222,2.5428,8.9069,2.3336,2.7882,13.1599,8.6434,3.3883,7.7215,2.9442,12.0027,12.4589,14.2695,4.2563,13.1707,3.6738,15.1004,10.8544,3.5463,10.5985,3.9016,12.7973,7.7036,8.7386,10.1392,3.7456,5.3254,13.5629,14.6772,6.9465,9.3534,7.0858,11.5527,11.6678,4.9435,13.6589,8.7346,10.5222,4.7207,12.0544,11.7718,5.2653,4.727,6.8128,11.0462,6.9308,13.5571,4.5411,13.0502,8.5559,11.6491,4.1418,13.5085,5.9057,10.9545,7.7251,4.6283,12.0008,14.8112,12.4724,5.6411,6.2924,12.3933,13.9599,5.4387,9.1777,5.3737,6.5896,6.6765,9.9545,14.7145,6.3731,13.3318,4.6747,5.4696,5.3056,10.6279,14.7597,4.1481,7.579,5.2249,4.1837,10.8045,12.7628,3.9108,6.1117,13.2654,13.5512,12.1316,7.0062,5.4177,8.627,6.1232,9.8886,5.713,5.7535,9.4426,8.4539,11.525,10.0639,3.9995,8.3889,10.34,7.0395,9.3747,12.8259,8.0512,13.5172,12.4847,9.8339,7.9574,9.5039,13.5821,10.2474,5.2842,11.5244,14.3857,12.7838,9.7416,8.169,11.6104,10.8861,14.0182,3.5595,14.0539,13.8294,11.412,8.0105,4.2348,12.6559,4.9857,3.9728,8.5737,3.8208,15.4414,8.7236,15.0776,4.1039,6.7376,6.7183,13.4007,12.9087,13.5859,4.216,10.9702,11.9446,3.9479,8.7336,4.9956,12.4788,4.4359,14.9736,11.9767,12.4516,4.0434,10.2705,13.5885,6.8289,13.3839,4.9968,12.9172,7.366,4.3333,4.1727,4.6304,6.5244,7.9203,10.8601,4.7213,12.4468,14.6785,11.6726,12.4669,12.0644,12.9149,4.9711,7.4308,8.0442,5.67
GS033,B2,M,33,case,6.8235,15.0226,3.4094,13.3355,10.7237,5.0496,4.1679,4.1451,5.3124,8.5145,5.1068,7.0302,11.0886,8.6579,6.7221,9.6165,4.4756,8.589,14.2194,3.8772,9.0171,13.1461,11.5752,15.0371,10.4268,3.5776,4.4316,6.331,5.307,4.046,9.0589,8.7896,7.1276,12.861,14.9242,7.5582,10.1795,9.3728,6.2257,4.2737,9.6675,13.9349,6.1581,7.3576,4.6808,5.3193,12.4218,9.5913,6.3484,6.7561,14.5328,10.201,14.9147,12.0205,7.4755,6.2359,7.2211,5.0456,9.6058,7.086,10.3552,11.2108,11.8361,10.4553,5.1087,14.907,3.5713,11.5663,4.3761,6.6426,9.8692,5.7365,3.1764,12.5378,4.6831,6.5067,12.7765,10.8784,8.5099,9.2424,7.4716,13.4642,11.5769,5.1032,14.8399,11.8543,3.739,13.9387,5.9525,8.6383,3.8737,14.7487,11.9384,10.3832,7.1004,4.6276,8.6204,9.4008,9.189,12.4208,4.7419,9.8339,3.0258,7.1488,8.8566,5.9091,15.0567,12.6574,3.068,10.129,6.3982,13.4476,12.9284,6.2926,14.082,3.1916,14.546,13.9776,8.6286,7.4278,11.0062,6.9684,14.7407,12.9469,6.5536,5.241,10.1452,10.455,6.391,11.0012,11.2051,9.4163,13.1428,10.0327,3.0572,6.2999,8.5961,11.6842,6.0629,7.5684,3.3169,3.1848,12.0361,14.7079,3.6168,8.1159,9.6372,14.1526,4.2828,9.1075,11.2699,8.1482,11.5306,2.9,4.1852,3.2202,7.5748,4.3213,7.6535,4.3757,6.0022,5.9073,6.1796,11.876,9.5954,11.8645,11.5363,8.4074,5.7466,14.2714,8.5216,7.4547,13.5506,2.8838,11.422,13.1649,2.6339,5.788,6.1531,13.3354,12.6577,7.9232,13.1331,13.6016,2.3657,11.7176,5.8135,9.7151,14.4237,7.3346,14.3947,11.1579,11.1815,5.0691,3.1289,8.6345,12.0141,4.8657,14.4789,11.4771,10.416,6.6843,5.6014,3.2044,2.4487,4.8967,10.4158,13.7702,8.4897,4.6355,4.2936,2.7146,9.9034,5.0617,12.9946,5.5848,2.6849,9.0382,8.9428,4.1415,7.4321,6.825,9.1771,11.2728,5.1299,4.9588,9.4949,6.5615,10.6895,13.574,11.7855,7.1613,2.7188,10.8169,5.1553,2.9296,5.6089,14.1425,7.5542,13.1053,8.8086,6.1729,12.3753,2.9822,7.8698,14.3082,9.1698,2.2655,5.9508,9.6683,4.3331,8.1275,12.775,12.4943,13.8341,2.4877,2.7122,9.6142,2.1598,10.5158,13.4207,5.9581,12.8887,4.4002,8.7721,9.4815,12.586,11.8148,8.497,10.5489,7.135,8.3055,12.5223,14.3766,11.7878,12.3913,14.7892,13.7245,10.5244,5.884,14.0908,6.7836,6.8175,12.3693,8.619,3.4975,14.8128,14.2547,3.4921,3.9259,4.6593,3.763,9.6873,3.8011,9.4284,7.7824,9.8258,13.4725,13.3585,14.0894,3.2837,9.1719,7.8639,12.4085,8.5075,9.7427,3.6689,13.3499,4.9698,9.0944,13.62,3.3372,12.8271,6.907,4.5592,14.2336,4.7188,4.3526,8.5504,3.589,3.2805,14.2775,5.2668,7.549,6.432,3.5768,8.7688,11.225,14.1027,3.7365,12.3762,4.5015,14.4365,11.8984,4.4361,9.6467,3.4358,13.6831,4.7516,6.1728,8.5371,4.92,8.95,11.6089,14.1227,10.898,8.928,8.1417,11.4186,11.4145,3.7161,14.0744,11.4758,7.4984,3.5302,11.5397,12.6163,9.9857,3.9466,7.1841,12.3051,11.1019,14.1602,3.3591,13.9746,10.7696,12.1526,7.7621,14.4595,3.7606,9.7608,9.6328,4.8122,9.9686,14.6693,11.0466,7.5814,5.127,11.3957,14.8111,3.3758,7.7111,5.2464,4.0058,7.7934,10.2945,13.952,3.3991,12.0316,3.3488,3.477,7.5273,5.0393,14.3506,4.8966,5.9808,9.6789,3.4464,10.3125,12.8693,6.2966,3.9049,11.1685,14.5469,12.2161,8.3093,7.52,10.9867,6.2836,7.6608,3.1904,8.6786,12.102,9.6104,8.2519,10.4521,5.8605,5.5801,5.5272,3.2471,7.5286,13.8734,7.3816,14.1412,12.3087,9.1251,8.1243,10.6628,14.6595,10.9598,9.7733,12.6784,12.2102,13.7026,10.3512,5.5241,10.968,7.0426,13.7042,6.4331,13.8626,13.4116,7.5991,8.6953,7.0913,13.4254,2.8764,3.7049,6.9099,6.0252,14.9149,7.9932,12.3039,7.7356,5.53,9.3139,11.5801,11.2428,13.5,4.7726,8.1273,11.6222,7.1449,3.5865,5.127,10.9313,10.4346,14.5113,12.2187,12.9216,2.991,6.4736,12.8112,3.434,12.8034,6.9336,13.5373,11.89,7.7637,6.2712,6.6754,11.1483,7.9538,12.2114,9.207,7.9822,12.8424,10.4169,11.2658,10.0939,13.2676,4.7422,6.8444,7.7839,3.5341
GS034,B2,M,77,case,3.9541,13.8232,5.4185,13.2293,4.6754,3.2717,3.4571,5.3676,4.4131,7.159,4.7881,4.8118,12.4665,9.3246,6.4809,4.9868,4.3028,7.5386,12.194,5.6581,9.7404,12.3416,12.064,14.9561,8.4238,4.242,3.7362,7.2715,5.4277,4.7416,8.9656,10.6739,3.7769,13.3791,14.9018,8.5906,10.8665,9.357,9.5087,3.9347,11.0013,13.8253,4.1163,4.4018,8.5847,4.3781,11.5108,10.9448,7.237,8.1169,15.1368,9.7653,14.7308,12.2172,6.7404,7.9867,3.9388,4.4243,10.0756,5.7719,6.1139,9.1271,11.7474,9.3532,6.2026,14.6361,5.7609,12.4219,5.0185,4.9472,9.501,3.9775,3.2529,12.7403,6.9963,6.3841,10.919,11.2843,2.997,6.7584,7.4555,13.8784,13.2175,3.2297,13.573,12.0182,5.6076,13.2159,5.5353,6.1678,9.3829,14.2411,13.7054,9.6996,11.3399,2.334,5.9286,7.9282,8.2819,13.582,4.2653,11.0172,6.7199,7.3573,4.3663,9.9289,15.4192,14.256,3.1024,8.3687,4.4811,14.324,12.8468,6.2667,14.6933,2.6895,14.552,14.5563,9.5791,7.2918,6.6505,10.7357,14.5877,11.5302,5.6798,7.1437,7.1525,7.9245,2.8725,11.3064,9.4035,12.0212,10.9382,11.3874,2.7036,5.5457,10.0888,11.898,10.0867,11.089,4.8777,5.3366,7.4496,14.5171,3.195,11.7929,6.9086,14.3204,8.278,7.5835,12.6736,8.4017,7.9408,3.7097,2.5978,3.217,8.2289,2.7199,7.4195,4.5636,9.0875,2.4758,4.3043,11.2114,9.7314,11.2491,13.0573,8.053,7.4452,15.1784,11.9572,5.5297,11.6576,2.491,12.0686,13.7522,6.0605,4.7814,2.7381,11.8955,12.3629,10.4933,13.5397,12.3436,2.7646,11.6372,6.3036,11.3522,14.9238,8.3633,13.9239,10.3449,11.3182,4.7824,6.4114,2.6461,10.4594,4.3819,13.943,11.5327,9.9947,9.5708,5.3962,2.8633,3.0416,5.7565,11.0556,12.9,9.9374,2.9176,2.4885,7.3374,9.2463,10.0401,13.5187,5.2572,2.5529,7.3096,7.433,7.3698,7.2457,5.4216,10.2847,10.0535,5.457,9.9044,6.6253,9.5968,7.9346,13.8784,10.4919,6.2525,2.5959,12.2627,9.7733,8.5762,8.7846,14.3111,8.548,12.1969,7.795,5.2484,10.5844,4.8034,7.2218,14.7757,6.4495,2.5503,5.0548,7.2647,2.3989,6.0784,14.2655,12.7154,14.64,5.3015,6.4422,11.4513,5.4445,12.0184,14.2586,2.1976,8.7523,7.1274,11.3739,4.3763,13.1409,11.375,8.9207,6.45,5.6099,7.6639,12.8879,13.8585,12.1912,12.1063,13.0658,14.4218,9.8563,6.8058,13.5804,6.8367,8.6315,8.6991,9.2396,2.9759,12.7863,14.6453,7.505,5.4901,3.1199,4.0294,7.7679,6.6736,9.7432,9.3836,9.5271,14.5292,12.6499,11.7175,5.1391,11.6024,3.0168,13.3531,9.0877,8.4765,7.0797,12.5686,10.2405,11.8462,12.9719,5.1268,13.8556,7.7901,4.9648,14.2437,4.0241,5.8284,8.403,3.7262,3.688,13.3376,7.8479,7.8677,7.6349,5.1337,8.608,10.3264,14.21,4.1367,12.6688,3.798,14.3346,9.2612,3.5302,5.7427,3.1563,14.0911,5.4064,7.075,11.9221,6.7863,9.0794,12.8999,14.5967,11.1053,10.7807,10.2273,9.977,11.5105,3.9123,13.6132,8.452,10.4803,3.811,8.1642,12.0338,8.7453,4.012,9.3323,12.372,9.5584,13.4899,7.3786,13.7311,8.785,11.6504,4.8692,13.6711,3.7422,10.4665,4.9086,3.2584,12.5001,15.0777,12.0104,8.6459,6.5824,13.1672,14.0642,4.5492,6.788,4.7206,3.8104,6.7246,8.6937,14.284,8.0817,8.5834,3.7223,4.5969,4.5285,7.529,13.9132,4.7726,4.5265,6.5001,3.6378,12.6418,13.4396,3.7384,3.1976,12.4675,14.1986,9.5884,10.7656,8.2611,13.2877,7.0379,3.5027,4.8532,8.3931,12.8912,8.7102,10.8289,9.8697,8.4746,4.7111,6.4894,6.8146,5.9725,11.8642,6.8153,13.3042,12.8747,10.0413,6.8959,9.9887,14.1626,9.663,8.1046,12.6494,14.0641,12.1094,9.0988,8.7031,10.6467,11.0325,10.9163,5.603,12.4673,12.0137,10.7809,8.9462,7.586,13.1515,3.5585,3.4742,7.6244,5.6732,14.9582,10.2734,14.3836,3.9053,3.4212,6.9922,10.0228,12.8074,13.6601,3.3841,11.0663,10.867,5.8193,6.7345,6.6933,11.6937,9.4438,14.3586,13.7081,11.0908,3.714,9.1829,13.9235,2.9725,14.163,7.879,13.2674,12.3333,11.9965,5.8492,6.3481,5.8639,9.0404,11.1892,5.7468,9.1993,13.6131,10.3953,10.976,12.7289,12.4335,2.8236,5.7519,9.0814,3.8868
GS035,B2,M,79,case,7.9812,15.0431,3.8951,15.1827,11.2375,5.7324,3.8157,3.5939,4.716,6.7287,6.3611,5.6252,12.0793,8.9096,6.5576,6.3835,6.825,11.0643,13.2876,7.8144,10.5627,12.2818,10.8247,14.3645,5.7343,4.3376,4.2645,5.5688,3.3771,5.7401,10.3743,4.3211,6.4241,12.4564,14.0657,9.5478,9.9844,7.5324,8.5788,5.9839,12.8559,13.2603,4.212,5.4271,7.9319,7.092,12.3111,8.3792,5.5441,4.0478,15.0643,9.6817,14.8982,11.157,3.0679,5.7402,2.9376,8.1055,10.0841,3.8026,8.1138,9.3321,11.9193,10.0089,7.4522,13.3095,2.2788,9.8746,6.1402,5.7338,12.2284,3.0359,2.4675,9.7497,7.6676,3.2207,11.8563,11.3376,5.6285,12.0298,6.5998,14.2287,12.2728,3.7341,14.673,12.7408,6.131,12.9232,3.7981,3.3667,8.3785,14.4642,12.4957,9.3963,9.0277,2.8678,6.0205,11.4916,11.0139,14.9586,3.2978,10.6834,2.8819,9.3721,9.9916,3.3374,15.2338,14.7794,7.6335,10.2572,7.1965,13.8074,12.7918,5.3559,13.8988,3.1377,14.0359,14.6289,10.8737,9.0509,11.4767,10.8779,13.9128,11.6684,6.0397,6.2144,11.5039,8.3401,4.0352,10.6774,13.2023,10.578,10.0531,13.4103,2.3509,4.9361,9.4734,11.6244,8.7753,4.8831,5.8435,6.2474,10.3532,14.928,3.6299,10.2844,8.9351,14.1686,9.3591,4.2174,8.4337,7.6953,10.805,3.0045,3.3099,3.0639,8.0156,3.4124,8.1272,4.7666,8.2138,3.3496,4.7155,11.1538,6.9525,10.2942,13.6551,6.1784,5.9749,14.7152,12.4047,4.3307,13.408,2.8665,12.6526,12.7631,2.9561,3.3918,4.9338,11.7267,11.5143,11.0644,13.4643,13.3798,3.2297,13.3945,5.1013,10.5046,13.3448,7.7091,11.8954,10.8031,12.4526,5.5975,7.86,5.4987,12.4593,6.8907,15.2507,9.6252,11.7208,8.6415,5.1352,5.2871,4.0608,3.6492,10.0369,14.3568,8.2421,5.2393,3.5405,6.98,11.538,5.4643,12.3465,9.2248,2.6775,4.9161,8.8283,3.0835,6.7697,5.8487,9.0922,10.6424,3.3116,7.2349,9.6731,8.4758,9.3518,13.6218,11.5339,8.1168,2.8688,9.5021,7.374,6.9211,9.4538,14.2085,6.1086,7.9402,9.0692,5.9142,13.0254,7.5038,7.3329,14.4133,5.1063,3.4106,2.2319,10.7532,2.7359,5.0476,12.4148,12.2465,14.0499,2.6456,8.1346,9.3801,6.1606,11.561,13.2942,7.2071,10.69,5.1338,11.9935,9.3631,13.4991,8.7759,10.7922,9.2368,2.8742,4.9781,12.125,14.2252,13.0651,12.3276,13.0129,13.3031,8.8814,2.804,14.1299,2.9494,8.7968,9.5184,7.496,3.094,13.8136,12.2644,2.9378,7.8936,5.1861,2.4397,10.8845,5.1704,11.4582,8.9984,11.076,13.998,13.7973,14.3932,2.5263,12.6561,4.401,10.9448,10.5183,8.4968,7.3476,12.6612,9.183,9.7697,12.8833,2.9997,13.793,7.8064,2.7782,14.9371,4.3887,2.6977,8.0793,3.543,6.4858,12.7402,7.936,5.5444,6.7806,3.8917,11.2336,11.4686,14.0857,4.3005,13.4686,3.9484,12.9054,11.0504,4.9414,10.052,4.6919,13.7858,4.6977,7.4315,10.1998,6.1899,6.8687,14.5729,13.9446,6.4962,6.6884,9.4084,7.9967,13.6592,5.2388,14.2039,6.7788,11.3362,5.3007,9.7267,11.9383,9.1105,4.3101,7.292,13.3332,9.8524,13.8224,4.3676,13.7691,10.4632,10.5433,4.6213,14.5018,4.3826,6.7666,7.4076,4.0062,10.4781,15.0696,10.5628,6.5596,5.2391,10.8709,14.4264,4.883,9.311,3.8223,5.2389,7.6564,9.4394,13.1428,3.8595,10.7853,3.9057,6.8712,4.7649,9.7866,14.4289,6.0623,6.715,5.5168,4.1314,11.8464,11.9875,6.8355,4.0324,9.7025,14.1175,11.9631,9.9603,6.7378,13.0949,6.1258,8.2884,6.3392,7.6854,11.5823,11.3717,10.8359,8.6767,3.9083,6.1582,9.1108,5.5157,7.9685,10.6226,7.944,12.8613,14.1082,8.0799,5.2933,8.4961,12.9051,12.2547,8.3227,8.1829,14.1081,12.9203,6.6343,7.7303,9.838,10.358,13.3479,6.4068,14.1573,11.767,7.6844,5.7736,6.5282,12.559,5.6777,4.1556,7.1149,3.9112,14.917,4.3037,13.6856,4.4036,4.479,8.6572,11.5804,9.8863,13.3841,4.2732,9.4945,9.464,4.7339,4.7899,7.0419,12.6422,8.6449,13.8695,13.4637,11.4219,3.754,10.3316,12.2123,5.0966,11.0802,6.2802,15.1807,9.4686,7.4223,7.9878,7.3547,10.717,11.5398,9.746,8.1947,13.1147,13.8339,11.5193,10.672,12.0776,12.114,4.0628,8.7265,9.8164,5.6589
GS036,B2,F,63,case,6.4426,14.6852,4.8218,14.138,10.8242,6.0058,3.8641,7.2358,5.1489,5.6368,6.3463,9.1241,12.0138,8.1767,3.5169,9.284,6.0108,9.6678,10.642,6.423,6.2477,12.9373,12.3229,14.9683,9.0631,3.8472,4.1561,10.131,7.0078,4.0335,10.1466,4.4025,4.8538,12.8413,14.8394,10.7777,7.3467,8.7252,8.8704,4.3947,13.0733,13.829,4.6887,7.5413,3.6071,7.5779,11.967,9.3579,4.6803,9.4569,14.5891,10.5461,14.8443,11.8891,5.5484,5.7995,6.7566,5.0813,5.7652,5.7779,8.4984,11.0983,7.3384,8.2497,8.7855,13.9127,5.3267,10.9573,5.5212,5.2753,11.218,4.9923,5.2102,10.8797,5.7448,5.8423,12.4664,8.7872,4.6544,11.4613,5.805,14.1234,10.8328,5.4343,14.4101,12.9827,8.6782,13.8259,3.2818,6.9201,8.5243,14.4461,13.7116,9.2875,10.2925,3.1946,6.0555,9.6312,3.0603,14.304,2.8264,9.3467,6.4632,9.5342,8.866,8.1382,15.5791,14.8601,3.1759,9.8718,5.8028,12.8359,12.2985,7.0752,13.9318,3.2023,12.8742,15.1286,8.3702,5.8077,7.2705,8.4127,14.2131,8.2154,5.921,3.7578,11.6151,7.0366,5.792,10.1525,10.5877,7.7641,11.545,11.4389,3.0539,4.2282,7.3435,11.0613,9.5862,7.4282,5.4931,7.7348,10.9415,11.1363,4.6781,10.4129,8.6521,13.5743,8.4619,6.0248,13.4283,4.9314,9.9918,4.5461,3.2,2.9667,7.3387,2.5258,10.3892,2.4322,8.5368,4.5805,6.6271,12.4498,9.1134,10.6691,12.3311,8.8196,5.1574,14.8962,11.4579,4.5612,12.6849,2.96,12.5899,14.1254,4.3697,3.3072,6.0275,10.6842,12.5729,9.8326,13.4494,13.6944,4.6336,12.7029,6.0491,10.8146,15.2686,9.3565,14.0738,11.1143,12.9708,5.0677,6.2443,7.4891,11.9054,7.8325,14.5142,10.4269,11.858,8.0013,4.7046,2.4742,3.0438,2.9949,12.3078,11.7942,9.4278,2.9215,6.6707,4.776,10.0839,7.6195,12.9074,8.7512,2.2013,2.0121,7.0225,2.7595,8.4919,4.8313,10.6974,8.8076,6.6008,7.1163,9.1634,6.3734,6.799,13.8147,8.9792,8.2695,2.8612,10.3879,10.8677,2.9135,7.7862,13.4675,6.6738,11.6457,10.3216,7.1648,11.5298,7.1703,8.7681,14.8841,10.1878,2.6032,4.1126,8.0564,2.5257,5.9664,12.7057,14.5272,14.4057,2.6393,6.4159,8.0258,4.2985,11.1343,14.3875,8.1734,12.8353,8.4069,11.516,4.1106,12.6108,11.2685,8.6177,10.575,6.6956,2.3903,13.6816,13.7473,12.0416,11.7641,13.4876,13.6303,9.8513,4.3051,13.7196,3.3442,9.7531,11.8112,6.5156,3.6463,11.6723,13.7585,6.4457,2.8612,6.1294,3.5795,8.1742,5.7306,9.2546,8.8097,11.0147,11.684,10.2719,12.6042,4.0548,10.0663,3.3877,12.017,9.3935,8.9187,5.0759,12.0726,8.1448,9.5501,9.9406,3.7208,10.933,6.4988,3.3472,12.8359,5.0749,6.046,4.9029,5.4106,6.5584,13.6126,6.6015,7.9989,10.0227,3.7009,12.351,11.5178,13.2887,6.845,13.3035,3.6793,14.662,12.4262,3.7386,10.0636,3.63,13.9137,7.8684,7.8685,9.616,3.4376,7.0171,14.4135,13.3493,8.1694,5.6348,11.1307,6.0133,11.6787,5.4726,14.1956,10.9984,11.1199,5.1457,12.3978,12.5851,9.387,3.1263,5.7358,12.0956,10.0073,13.4636,8.774,13.2459,6.4341,9.1312,3.6101,12.2954,5.0755,8.4372,7.7947,3.4913,11.1429,14.7814,13.2144,7.9058,4.7841,11.7993,13.9869,3.6055,7.2254,8.0221,4.1467,8.2345,6.4181,14.556,3.435,13.231,3.0755,6.1977,4.7469,11.0127,14.3286,4.7607,7.1979,9.9048,4.4247,11.2522,12.8224,7.5387,4.9547,11.041,14.3441,12.0497,7.3231,5.986,11.684,7.6447,4.6021,4.4668,8.0465,13.0407,10.5222,11.5826,11.5819,5.6628,4.4098,5.6765,4.4907,7.4606,12.8142,7.4942,13.6033,14.3745,7.4392,8.4967,8.0553,14.0538,9.5749,7.7878,13.472,13.5418,12.876,6.9842,9.9983,11.6485,10.8988,13.2092,5.7891,14.4291,9.2691,10.2053,9.1138,7.4907,14.5553,5.3454,2.9752,7.6028,5.3186,14.4984,8.1512,12.109,7.0398,3.9557,8.4507,8.8777,13.2027,14.5788,3.0212,4.1922,11.4506,3.44,3.8574,3.4535,12.499,8.0373,14.4024,11.5815,12.1936,3.6493,9.3318,13.8226,2.9656,13.8021,4.3833,14.6881,12.0183,10.2496,3.7741,4.3735,10.5204,10.564,13.4495,7.9716,10.8786,13.2401,11.4014,12.2757,12.2967,14.1754,5.5221,5.6215,9.5547,3.7304
GS037,B2,M,42,case,2.392,15.1588,5.4963,14.9145,9.3002,4.3048,4.5363,6.4453,3.944,4.2406,4.7594,5.4406,11.4525,8.7641,4.0215,7.6174,4.7412,11.2232,12.4745,5.4844,12.2019,13.8071,12.4932,14.9841,5.9273,4.6105,4.8189,7.88,7.2812,5.6766,5.5216,8.6258,4.4342,14.0863,14.5624,9.0192,4.7858,7.3898,8.5036,4.7691,12.4995,11.2173,4.7342,4.7873,6.3597,4.8182,11.1149,10.554,6.1541,4.8889,15.1969,10.682,14.969,10.3158,6.4496,6.6739,4.1587,5.1962,11.3982,4.3728,10.8117,10.7913,10.6057,12.069,8.3874,14.1591,8.4593,12.5925,6.4319,4.0902,10.8074,4.359,3.1882,12.8946,3.008,8.3838,12.8852,10.6343,8.9315,9.7538,2.9055,12.4067,12.9875,5.2997,14.0919,13.0148,7.3837,10.0302,3.3861,7.6515,8.5014,12.7555,14.1734,10.0542,9.9239,3.3031,8.1372,5.9241,7.7037,13.9804,5.8932,8.7953,6.5056,8.4026,7.5727,9.9186,15.196,14.6794,3.0615,7.5401,7.5286,13.5713,12.2778,6.4237,13.6198,3.0867,14.9297,14.6938,7.2767,5.9772,9.3147,9.712,14.3381,10.2117,3.4746,6.3921,11.4827,11.1687,6.0703,9.4514,13.2865,10.0776,11.9451,13.8606,3.5711,6.0332,7.5611,11.2316,6.8924,8.0019,6.4848,7.6586,10.1866,14.4875,3.365,11.5685,6.5592,11.5935,10.3009,8.1199,11.891,6.9715,7.2611,3.313,3.159,3.1134,5.7522,3.2029,3.1838,7.8907,7.8744,5.4051,8.2138,11.2598,10.0997,11.9542,13.4092,8.7485,2.8414,14.6396,10.9944,8.8793,13.1647,3.0533,10.2108,11.544,4.9527,3.2928,5.1078,13.0589,13.4459,9.9279,13.3898,12.0546,2.5541,13.3991,7.5029,8.978,15.0214,5.1255,13.4462,8.7998,11.4898,5.0648,6.4181,6.6907,11.6828,5.6374,14.1412,9.805,10.9424,8.0669,4.8856,2.5185,2.2845,2.329,11.1655,14.3525,9.7545,2.6896,4.7909,2.4364,9.0863,8.9222,13.665,3.0463,2.772,5.2125,2.6774,6.8455,7.0161,2.9839,8.9744,8.5015,5.1354,9.1946,10.7616,8.6599,4.6215,13.445,7.4556,8.2056,2.8173,10.5941,8.8183,6.1263,7.1505,14.858,7.7215,13.0351,4.5297,7.7489,11.4881,4.452,3.2606,14.407,9.5474,4.3953,2.9397,9.3548,2.771,7.1893,12.825,13.446,14.4743,3.0023,8.629,11.009,3.0162,10.5289,14.0079,6.6083,7.3972,8.4606,11.99,5.7585,13.4774,9.6589,11.7171,9.8048,6.6178,5.3858,13.5378,13.9706,12.5604,12.5879,12.6496,13.8496,11.5863,4.3761,13.2826,8.6025,8.6623,12.6952,8.9682,5.9572,12.7983,14.7397,3.5514,5.9555,3.6985,3.007,10.4907,8.377,7.535,6.7903,10.4275,11.8286,12.3629,13.8535,6.662,11.6891,5.6266,11.0291,9.2503,6.199,5.9326,10.9205,10.2483,7.5354,8.6672,3.8396,12.7589,6.157,5.8696,14.0452,5.3605,7.5865,8.4213,3.7539,3.8694,12.0326,5.4273,5.7134,6.6269,4.2791,12.2135,11.4544,14.6358,3.5919,13.0639,3.9057,13.9294,11.6135,7.0346,7.4014,4.443,14.5446,5.7774,8.9125,9.4256,4.1147,9.0567,14.5338,13.4267,7.8766,9.9414,10.3393,10.1221,8.7129,3.8699,13.4195,11.3589,9.3857,4.0208,10.3133,11.761,10.1825,4.3248,7.6839,11.1296,9.3078,13.6104,8.1475,12.6539,10.0412,12.3144,4.2693,12.3305,3.7366,9.8,11.0964,5.8983,10.9106,15.019,11.9413,7.1168,5.6471,13.2938,14.5329,5.2521,9.728,5.6017,4.4307,4.8818,7.1134,14.9235,3.9698,11.7113,4.399,4.6633,5.6182,10.0303,14.7532,5.2911,6.8411,7.9215,5.5599,6.9986,12.4208,3.7769,3.9079,12.2459,13.6791,11.9403,7.6864,6.9265,11.1674,3.7854,9.4966,3.5222,8.2679,11.3146,10.1869,11.0135,7.2354,7.5271,7.3627,9.252,3.5999,3.3635,13.6704,5.6403,12.2652,12.2548,11.1815,5.8513,7.6225,12.3996,9.8807,8.0016,13.9051,13.8989,12.5376,8.5233,6.5613,12.7259,9.2963,12.9389,8.6614,13.69,12.6707,7.1738,8.9356,3.5068,13.636,2.8127,3.6531,8.757,3.8366,14.5528,5.0166,14.4607,9.0816,3.6777,5.0678,9.5238,13.6223,13.6923,3.6751,10.5344,10.9598,3.8238,3.5924,5.3854,11.2774,9.2678,14.5547,12.3264,9.8478,3.5658,10.2354,13.3599,6.6858,12.8389,8.1658,13.5827,11.8773,8.7405,6.1126,6.2252,10.1652,10.3818,13.4537,7.8063,12.4691,14.1788,12.4623,11.4694,13.2278,11.787,4.0155,7.0433,10.5323,4.9731
GS038,B2,F,65,case,2.2208,15.0356,3.1437,12.7433,11.5579,3.4426,3.1052,4.7064,5.0834,7.5256,3.4099,8.2893,10.89,10.2057,5.9516,9.5757,6.5565,10.4315,13.5062,4.3916,9.7712,13.014,10.6234,13.0813,8.6481,3.4219,3.4806,6.8876,7.9754,4.3417,6.8873,8.4463,6.6645,13.9495,15.2149,8.7066,9.9517,6.2923,6.8445,4.5834,12.0303,12.6995,4.4458,8.2684,6.9485,7.5377,13.6211,9.557,6.7569,5.7987,15.0922,5.3614,15.1215,11.7643,6.3027,4.889,3.2268,4.9795,9.8169,5.2455,9.9202,7.0533,10.5655,8.4568,6.316,14.8867,4.7706,8.7579,3.0096,6.7666,10.8988,4.7096,5.2503,11.1608,4.5995,8.1406,12.8158,6.8498,4.6908,10.9884,8.5456,13.9438,11.5292,4.6629,14.6277,13.0062,3.3907,13.1865,6.3642,8.6049,4.6283,14.3706,13.506,11.9558,9.3228,3.6961,3.9859,11.8934,6.8686,14.4297,3.2935,10.4137,6.6486,5.3249,10.3238,7.6271,15.0977,14.3533,3.7206,7.4367,3.8272,12.8589,10.9425,3.7859,14.4465,3.5825,12.5668,14.5047,12.1544,3.619,8.8909,7.7425,14.3331,10.2519,6.3358,7.2243,12.0735,10.0338,4.0329,11.8601,11.8883,11.7838,12.7317,11.8767,3.1777,3.5398,8.344,10.1185,8.9854,7.3489,6.5024,7.1023,9.5375,13.9833,4.0622,9.6697,8.6793,13.7342,10.4185,5.813,11.0675,8.8513,7.4199,4.5845,3.3311,3.058,6.5484,4.7813,9.9714,5.3673,8.2124,2.772,5.3617,11.5981,10.0252,12.6745,12.8721,9.6185,5.6943,14.8734,9.0408,7.0601,13.3786,2.9212,12.4855,12.6685,3.7439,2.9496,5.2363,11.3125,12.5347,11.1881,13.1363,12.5854,2.7542,12.1181,4.1758,10.9946,15.1044,5.641,14.2595,11.5432,11.5016,6.4857,4.9894,8.6023,10.6093,5.2577,14.7366,11.4369,6.7136,8.7481,4.5767,5.5323,4.6392,3.087,11.1718,13.9343,10.9623,4.7312,4.1295,4.9567,10.8533,5.4904,12.6456,5.7852,2.8739,9.3254,2.9347,5.6474,8.3482,5.2447,9.4423,10.0951,6.5598,4.5871,10.0018,9.0924,8.3067,13.4757,9.0111,7.1783,2.6421,13.416,11.1619,5.7355,9.2191,14.6251,5.7667,11.9592,6.4999,8.6152,10.4124,6.1537,5.857,14.6852,11.2813,4.3169,2.7841,10.2823,3.1121,6.7735,12.5661,13.8276,12.9407,4.9767,6.8786,9.9507,4.7119,12.776,14.4413,8.2278,12.0882,7.6504,12.157,9.2201,13.3967,12.2615,10.1434,9.6694,4.7886,5.8626,13.182,13.7515,12.9533,9.1189,14.0378,11.7835,10.7794,4.1284,14.9978,6.7957,8.2169,12.0475,10.1197,2.68,13.8896,13.3927,6.9518,7.4155,7.7811,4.2808,4.9145,8.0382,9.0148,10.6076,12.2505,13.162,10.2918,14.51,2.6001,11.7961,5.7996,12.5457,10.5095,8.8187,6.0209,13.0328,7.1465,9.8996,12.8274,2.8355,14.0115,4.1853,2.7321,14.1853,2.9391,6.4021,8.0057,2.181,4.2708,13.2598,2.4693,6.1199,10.5921,4.4271,11.2171,10.4881,13.9666,2.5369,12.7383,4.1057,14.56,7.8392,3.8202,9.2653,3.2769,12.662,6.619,9.2227,10.1956,5.3533,4.4666,13.9159,13.4786,8.4565,7.7044,10.7411,11.3971,8.9073,5.2693,13.2179,10.0038,7.3754,2.8746,11.2743,12.9948,9.6557,3.6098,7.9072,13.0171,9.5891,14.3992,4.017,13.5053,10.5459,10.0728,7.9152,12.7803,3.7575,9.683,8.5402,3.6882,10.5959,14.4702,13.0456,6.8402,5.8235,12.1957,14.1355,3.889,5.447,5.9896,5.262,7.5526,10.4291,13.7527,3.3076,12.3553,4.415,3.9899,8.7518,11.3323,14.8527,6.2644,5.7414,8.4382,3.2693,7.7389,12.2782,6.4106,4.4588,10.4404,14.5783,10.8776,8.8117,5.9595,9.4747,8.7394,8.4094,3.428,11.3507,12.6536,4.9015,7.9603,8.3185,7.1604,8.2265,7.8211,4.4546,7.9674,11.2543,7.5582,13.3203,12.105,8.2567,5.3906,9.6473,14.799,11.8199,5.2047,12.9749,14.5119,13.11,8.4583,8.544,11.2969,9.301,14.2966,6.1611,14.1697,13.778,10.5055,10.7076,3.3301,13.5864,3.6381,2.9806,7.6296,4.6504,14.2732,7.244,14.4343,7.7954,5.8545,9.8392,9.968,12.3053,12.1568,3.3253,8.8156,10.7801,6.9504,7.1749,5.8017,12.3885,7.0267,15.1767,11.6633,10.4746,3.2286,9.1912,10.6348,3.4181,13.4218,8.6569,14.3271,12.7407,6.8099,7.4214,4.0157,7.2627,6.113,10.072,7.785,10.1308,13.9925,9.7004,10.0856,12.8877,10.4242,3.6165,6.9857,8.3321,4.5689
GS039,B2,M,36,case,2.4191,14.4815,4.5841,12.7842,10.1517,4.0031,3.9714,6.3849,4.1674,5.2274,5.7133,3.8193,9.5493,9.9651,4.976,7.5003,5.8901,9.7781,13.7648,6.5407,8.5918,12.317,11.8448,14.7953,6.4431,3.9103,3.8981,8.2145,5.5709,6.0655,10.1244,7.0905,5.5464,14.7785,14.4228,8.1994,7.9711,9.3163,8.3855,7.0626,12.1212,13.268,4.5566,4.4293,6.2481,4.6267,12.5281,9.2895,4.6112,7.2785,14.7167,10.4304,14.974,8.943,6.1186,6.5457,4.6267,3.4209,10.993,5.8251,10.3497,6.5394,11.924,12.9002,9.9185,14.8009,5.5222,12.4009,5.1365,6.2134,9.831,4.9501,3.6922,8.6316,6.3853,5.4528,12.1767,7.2012,6.2346,8.4865,3.1252,11.3792,13.1717,3.3966,14.6437,12.4755,5.4092,12.8499,3.1549,7.4166,8.4945,13.9801,11.6869,8.8333,10.9225,2.6931,6.4568,6.8523,7.5908,12.9464,2.595,11.0752,2.6493,6.8612,6.691,11.1912,15.0994,12.9727,3.0165,10.7826,6.4571,12.6992,12.5352,8.0578,14.5023,3.2549,12.6954,13.823,10.3994,6.5031,7.7379,5.8758,14.4345,10.1806,2.9741,8.0084,12.0502,10.0152,2.7712,9.6868,11.8773,12.0156,13.6039,11.4038,2.8251,2.9197,7.4277,11.3149,4.7051,8.2427,7.1829,5.1157,10.6409,14.418,2.8155,9.8473,9.0413,13.237,8.4374,9.4203,11.7803,7.8855,10.6799,3.7968,2.8566,2.6012,5.7425,5.6845,8.8872,4.7702,8.8009,4.5153,4.6231,12.9444,11.6006,12.0917,13.2161,10.1431,2.8462,15.4309,11.2453,6.7073,13.6595,2.9569,11.5957,13.2976,2.3177,3.157,6.3693,13.1795,9.8834,9.7677,11.7157,12.5135,2.5347,12.3745,7.3145,9.0246,14.3166,10.9505,14.7634,10.9534,11.9174,3.9548,2.7263,7.6719,12.2758,4.7869,14.5077,8.3366,9.4192,6.761,7.0776,5.2075,2.5337,4.5582,10.3834,14.5521,9.4241,6.4467,4.2426,9.179,10.1987,5.485,11.9578,5.5738,4.5073,7.129,7.3956,4.1726,6.4543,2.062,9.7118,12.1542,2.0647,9.0867,10.8195,6.123,10.0326,10.5634,9.6311,6.5054,2.6072,10.9928,8.9525,6.4211,5.7214,15.2715,7.1672,11.796,8.7951,5.8829,10.2652,5.1311,7.2256,13.7846,9.7529,3.5582,6.9733,8.6458,4.2224,9.5298,14.1975,13.4409,13.1877,2.9515,7.903,9.8663,6.0113,9.7026,13.3636,5.571,12.1462,7.5782,10.1423,8.9125,12.2239,10.5276,8.1899,8.3235,6.183,3.2877,12.5684,14.4427,10.3051,7.711,12.1582,11.7109,7.3415,2.8366,13.8054,8.3785,8.1953,9.8434,7.7647,4.5567,13.5291,14.1771,3.8899,6.3031,6.1757,4.0899,9.8826,7.3465,10.3612,7.7184,10.2615,13.9325,13.6431,14.4428,4.7062,12.4143,3.442,12.954,10.0342,5.7811,7.1845,11.583,7.3945,11.2794,12.375,4.3091,13.2212,7.5697,4.8737,14.0634,4.1371,5.0933,9.063,4.3053,5.2175,14.0624,8.9133,4.2014,8.9201,4.2262,9.5808,10.1101,13.6026,4.804,13.7381,5.017,13.9162,6.8717,5.2777,8.5103,5.1383,13.3049,7.7469,8.1068,9.7905,3.8365,8.4129,13.2037,13.525,8.7729,8.8212,10.578,11.1471,12.6898,5.4262,13.5787,10.7639,8.4618,3.5001,12.908,12.724,8.2774,5.1918,3.6879,11.9402,9.4347,13.7363,5.095,13.526,5.7011,9.7367,6.9044,12.6146,3.8249,11.2674,6.8503,4.0943,12.8885,15.1786,11.4583,5.2915,6.6001,13.1006,14.3758,5.3729,6.7088,3.471,3.2683,9.424,9.7985,13.9152,4.0119,13.9727,3.7607,3.6215,7.1132,10.0797,15.0996,6.6627,4.9762,7.6181,3.5947,10.8161,11.9257,5.9072,3.353,12.3967,14.1341,10.6365,7.5657,5.7866,12.5811,4.6723,7.9635,3.411,8.2351,11.5735,9.2154,11.5054,10.0189,8.6428,3.2601,4.7771,3.7894,6.2356,10.6467,2.817,14.1819,13.176,10.6478,7.65,10.7888,13.7443,9.3731,7.2251,13.1795,14.1091,10.6569,7.7901,8.3182,8.9421,10.9038,12.1111,5.3223,13.8857,11.5659,9.7639,8.2182,5.8045,14.0934,3.1906,3.361,6.869,5.1513,14.7943,9.4482,13.9567,6.6381,3.4328,4.7644,9.0082,13.2096,13.542,5.2283,11.4424,12.5683,7.6797,8.1753,3.3622,11.6106,9.0743,15.292,11.5914,11.0161,3.2386,11.292,13.0804,3.0492,12.7607,4.9064,14.6929,13.1946,9.871,6.8102,7.1061,11.2498,11.2208,12.3105,8.0458,12.1745,12.9907,13.0485,10.7413,13.5251,12.8617,5.7328,8.9063,9.4808,3.9055
GS040,B2,F,76,case,7.9986,14.9601,4.4607,14.5186,10.6579,4.1823,3.4319,4.2488,3.9282,7.7864,3.6246,8.6223,10.6389,9.9248,4.1599,7.6764,7.1697,8.5309,13.9476,4.6061,8.7495,12.3125,12.3547,14.9616,6.0401,3.7153,5.8507,8.4032,5.4912,5.0372,9.0141,7.5198,5.1744,13.1006,14.8173,9.062,9.7935,7.7789,7.0713,3.5328,14.0172,13.0892,5.2276,7.3223,8.8462,5.3778,13.0903,9.4999,4.5807,3.8869,15.336,6.9373,15.3826,11.2582,6.3876,6.692,4.648,4.8818,7.9153,6.8007,10.3374,10.4801,12.3922,10.3918,7.2195,15.0197,6.2949,11.2479,5.1883,6.9083,9.1024,5.35,4.4416,11.2547,5.8217,6.6921,13.787,8.5122,6.8813,8.9471,7.3513,13.9943,13.0172,3.4682,14.4784,12.2923,6.5069,13.2608,5.5284,7.0359,5.875,14.3889,13.5866,9.1898,9.472,2.7716,8.1296,10.2553,5.9288,14.0683,3.011,9.4587,5.0742,7.9013,9.0178,8.3198,15.1458,14.8023,3.0806,10.5574,3.5306,12.6033,12.4439,6.0585,14.3834,2.7333,14.765,13.9305,7.9321,4.9643,9.0658,9.0208,14.5863,11.2773,6.1915,7.5188,11.7187,8.0922,5.335,10.4679,10.7466,11.4943,11.9391,10.7672,2.6563,3.9533,7.0256,11.1808,4.9056,9.9792,6.8589,4.169,9.8035,14.9418,3.0815,9.4846,6.0437,13.2102,9.9636,7.3344,12.0023,7.551,11.4301,3.5919,2.6592,4.1472,9.2338,7.3698,9.0258,5.2085,5.7094,3.2553,7.5922,11.4123,8.527,8.5222,14.0066,8.7092,4.0229,15.1173,13.6224,8.221,13.545,2.9969,13.1515,12.078,4.799,2.8448,5.4615,12.0233,11.6097,10.7237,12.1698,13.3949,2.663,12.1311,2.8358,11.1487,14.8667,8.5464,13.3564,10.1315,12.9765,2.6171,6.5314,5.6585,11.3997,5.9549,13.5065,7.6001,13.9108,9.7333,6.0919,2.3136,2.6917,7.1087,8.4886,14.6692,11.2384,2.8013,2.7838,6.5238,10.1498,3.0596,13.1302,7.2602,3.142,9.1724,6.8439,2.9105,7.0765,4.5077,4.3759,9.2467,6.1349,10.3157,9.7982,6.2546,7.1706,12.3322,10.2902,5.2767,2.7202,13.5919,10.3737,7.3071,8.284,13.6812,6.9051,10.7843,9.5048,7.7195,10.5615,7.324,4.9236,15.1907,7.9989,2.8187,3.2004,6.47,4.607,5.7732,14.2944,10.55,13.0618,6.6861,7.7888,11.8698,5.3523,10.5326,14.3437,5.8646,10.0243,4.2715,11.0828,9.7762,11.7025,11.8478,12.0054,9.3681,5.0471,7.1857,12.0842,13.964,13.1429,9.5366,12.0456,13.3458,9.0158,6.0709,14.004,9.0443,10.2891,12.3651,9.7677,3.4948,13.6645,13.1567,3.9149,5.8731,3.8496,6.3543,10.7489,4.1424,10.3924,8.5367,10.1627,13.3928,13.6986,13.5885,3.4275,12.0003,3.7373,11.0225,9.3288,7.6832,4.073,12.4749,9.6738,9.631,12.5319,4.4636,13.9928,7.4695,4.5242,14.2901,5.588,5.9786,7.6202,3.7566,3.427,12.8286,5.9338,4.148,8.6989,3.2673,11.6238,10.3869,13.2071,4.6621,12.2718,3.4493,14.8192,12.4362,5.5325,7.4548,6.3216,13.9402,5.6079,7.6199,7.7462,2.9577,5.2352,14.059,13.2775,9.6899,10.2631,8.7139,9.7133,10.0461,3.2799,13.0593,7.0568,7.8621,3.8995,10.1135,12.3225,6.5808,3.9185,6.9504,10.9855,9.9664,13.4189,6.3856,11.6972,9.1661,11.2637,5.299,14.1856,3.3766,10.1232,9.2724,4.0817,11.5045,15.0051,13.3829,4.0972,6.003,10.9945,14.1391,3.3902,8.0492,4.8159,4.1165,8.1649,8.399,15.0661,5.5297,12.9098,3.105,5.7967,6.0254,9.3962,14.621,5.4152,6.4334,8.9421,3.092,10.7267,10.714,4.1448,6.0212,12.55,14.0139,12.3022,9.8681,8.6678,11.0936,4.1894,10.5407,4.8058,9.6158,12.2194,11.2197,10.8156,8.6077,6.0317,8.1904,5.6235,5.1902,5.6415,11.9171,6.4699,13.0133,12.7127,6.6862,8.5187,10.5898,13.7885,13.3056,3.3842,12.7133,13.0747,11.8157,8.2983,8.2741,12.6186,10.2674,13.8064,6.237,11.2118,13.9088,7.9766,9.22,7.9258,14.6354,5.2088,3.1158,7.9961,3.0094,14.8098,9.1041,14.2026,5.2406,5.0774,4.2429,11.8666,12.3407,11.9583,4.6096,12.0108,8.24,3.1015,8.1736,8.6591,11.6341,8.1373,14.1266,10.5777,11.7519,3.0344,10.388,14.1631,4.4374,12.8228,6.7422,11.8902,11.6431,9.7886,5.1901,4.2941,7.9248,8.5895,12.7774,6.8683,12.7052,13.3412,13.4921,9.1259,12.3506,13.1793,2.9109,4.6125,7.8468,3.0869
GS041,B3,F,47,control,8.9938,13.5322,5.2989,12.0558,11.8522,6.9544,4.0012,3.9608,5.1406,7.7788,8.9616,4.4275,12.5536,10.7235,7.0415,7.0597,7.3333,8.5394,11.9538,7.4845,12.1317,12.1725,12.7641,14.5565,9.5589,3.9297,3.5942,9.2141,5.2288,3.6749,6.2745,6.2548,6.0268,13.8902,15.028,8.2529,5.9237,8.0443,5.7973,6.4218,13.7083,10.7867,6.3496,5.9524,5.7114,6.5374,14.241,6.3593,2.8679,8.1374,15.0344,8.2972,14.5508,10.6285,4.8014,6.9897,6.1132,3.0449,9.6548,3.434,11.796,6.3618,9.9077,10.4768,10.9439,15.0441,3.556,13.155,7.1997,5.833,11.7072,2.9063,2.2873,12.4974,2.6321,7.1444,14.162,11.002,4.6365,12.2019,5.8466,14.7112,12.9501,2.5139,11.1018,10.261,6.1192,12.8336,10.2673,8.1155,7.7753,13.7209,13.8654,12.4276,12.7673,3.8886,8.98,8.6584,9.9518,12.2436,3.8619,7.5306,3.7458,9.932,10.9539,6.2595,14.8188,12.7033,3.4241,10.0018,3.4877,13.9548,11.8996,5.7387,13.7643,3.6184,14.6836,14.9762,12.4459,5.1281,6.6967,10.3274,14.4805,12.5906,4.9218,7.3763,11.3502,7.1751,4.5306,12.4646,11.2565,8.9574,12.9172,13.8769,3.3696,9.0345,5.81,10.5727,7.119,9.5907,5.1982,5.2603,10.2956,14.342,3.0,9.0838,8.5628,13.4634,4.7435,9.0949,12.7319,5.4075,6.6195,3.1697,3.1204,3.2448,7.9731,4.9785,10.0315,3.615,8.0933,3.4532,5.3662,9.9269,12.0853,11.1016,14.7636,8.716,6.9482,15.1619,10.7791,3.9754,12.2621,4.315,7.7937,13.5468,7.4594,3.5547,6.0474,13.658,13.9712,10.054,12.0631,13.5313,3.4078,13.4078,3.6884,10.3232,14.4638,7.975,14.6133,11.5289,11.875,4.2768,7.9092,5.4169,11.1596,6.6952,13.8044,8.8933,9.8202,7.1402,7.3883,5.498,3.1143,3.6503,9.9296,13.6292,7.8765,4.643,4.667,4.275,9.1403,4.2304,12.8167,10.0021,4.2951,7.1066,7.7541,3.7424,4.756,4.6007,9.3595,11.3697,3.9602,9.0085,10.8419,10.3116,6.5219,12.9665,9.6859,9.1664,3.2845,10.7385,8.854,2.8523,7.7069,14.2176,10.1207,11.3799,7.855,8.4324,12.8948,6.322,6.6029,13.9652,9.4344,2.4491,3.3403,8.9055,4.2905,4.7273,14.3425,9.6983,13.8258,5.7068,2.6323,11.6166,5.4494,11.8601,13.67,5.5285,10.8626,6.3065,9.8853,6.3364,9.9768,12.8398,11.322,9.5022,7.7317,8.021,12.0362,10.9458,14.2239,12.9354,13.5924,13.3125,6.7626,8.0784,14.2159,5.1163,8.0843,9.6884,7.5345,2.019,11.7396,12.844,5.1949,8.6517,2.855,2.5581,10.0255,6.6279,9.1325,11.4458,12.6955,14.6846,11.7707,12.5846,6.6067,13.5278,8.011,11.6362,4.7304,9.0027,5.0438,13.5592,8.696,7.7064,10.7725,5.6965,12.962,10.3448,3.0325,14.2752,5.5909,7.036,5.3884,2.9972,7.1938,14.7972,9.759,7.7023,8.4956,3.1853,9.3179,10.1589,12.0689,3.4218,13.8279,4.7259,14.2983,8.1282,2.488,7.6987,5.1838,14.5573,2.7406,8.9999,9.2133,3.1385,8.3055,10.1579,12.2905,10.5734,11.3129,5.9913,9.0698,13.8904,2.8227,14.7713,9.3815,12.4766,4.542,10.0212,13.8509,8.3722,2.9804,5.8955,12.3749,8.6747,13.345,3.3863,12.2816,11.7864,10.4242,6.4633,10.539,4.6108,10.1183,11.4793,3.6567,12.6785,14.8737,12.6267,6.6419,5.5424,9.9519,14.1677,6.5871,5.6909,5.2089,3.9709,5.5402,6.2047,14.0126,4.677,11.1046,4.0989,4.5837,7.1256,4.4709,13.0236,5.6128,7.2754,7.4424,3.8587,13.1089,11.7677,3.8849,4.4097,11.2959,14.5532,11.5221,4.7563,5.744,10.5787,3.8663,7.0785,3.5482,9.6862,11.9771,6.0272,5.9307,9.7412,7.1418,4.9372,6.443,8.3863,9.2926,10.4199,6.9906,13.6296,13.6117,10.3397,5.6667,8.691,13.2183,14.073,7.2534,8.7594,13.3386,12.0202,7.311,8.1577,11.7333,10.9453,13.5617,7.9806,14.3588,12.3045,6.0822,10.4003,5.9121,13.0355,3.7182,3.7711,9.0666,4.4281,14.8124,10.268,13.1827,4.682,3.8421,7.1781,10.6417,12.5045,14.6102,4.221,8.4192,11.9049,4.5736,8.1377,4.3506,12.047,10.1009,14.8803,10.7445,11.6872,4.1677,10.1816,12.4464,4.7751,14.3513,4.6244,13.6851,12.2366,6.5954,3.7987,3.5981,9.509,9.6008,11.9416,7.0443,10.127,14.5749,9.4395,13.5081,9.9304,12.901,4.0616,8.8928,7.864,5.8397
GS042,B3,M,46,control,6.167,14.0655,4.2503,13.6562,9.3642,7.8293,4.4644,6.2183,5.0881,6.649,7.1229,8.1191,12.9151,4.0717,6.1004,10.6572,4.9043,7.9685,14.5434,4.3258,8.6642,14.4903,13.0105,15.0902,10.2523,3.7388,3.4286,11.8349,6.4547,4.3708,3.7868,5.6417,4.0953,14.0094,14.5475,6.7458,10.4975,6.9457,6.2941,3.8375,11.8094,12.3393,5.5771,7.1517,8.7369,7.3466,10.3823,8.2674,6.2578,8.5362,14.3011,9.0054,15.0619,12.0436,3.1054,5.4801,5.235,6.199,7.7747,5.4796,12.871,7.7542,10.4575,7.5133,10.9836,13.5156,5.8946,12.3974,3.2288,7.1011,9.2191,3.024,3.7304,13.5312,6.6317,8.8425,11.917,8.804,5.2848,10.6812,5.1388,14.7204,13.3096,2.9809,13.78,10.82,4.7583,13.8034,8.413,6.3959,6.8488,13.8166,10.131,13.2639,11.2881,4.9742,8.3432,4.8479,6.4078,13.0578,2.4561,10.1129,4.4575,6.5164,9.9888,7.7049,15.1229,14.1171,3.3771,12.737,3.1279,14.5418,12.9839,4.3716,13.8623,3.2445,13.7025,14.7899,10.0461,3.7511,11.2223,12.8142,11.3693,10.5145,4.9041,6.8433,11.4306,8.527,3.6751,11.5006,10.3176,9.5689,14.0649,12.5136,3.4984,9.2539,7.1869,8.6243,4.6864,10.1428,7.4228,7.1443,13.7517,14.0171,4.772,10.264,7.869,14.8815,9.4528,3.4547,13.5149,3.0797,11.3452,4.936,3.3275,3.1558,6.7031,2.9191,6.6641,3.2847,5.3274,6.9833,4.5743,10.7385,7.8869,11.5393,13.4483,9.6891,4.9522,14.9503,12.1845,3.7678,12.3698,3.1985,9.0136,10.7093,8.5041,3.7744,3.7333,13.6434,12.4528,9.7204,14.1754,13.4734,4.2655,13.3055,8.2041,9.3739,15.0997,8.741,14.3552,9.693,10.6489,4.6174,6.7928,6.6554,11.7986,3.4069,13.2462,10.5658,11.7108,5.9705,4.8506,3.3909,3.3627,3.39,11.8228,11.9091,9.2615,3.3079,4.5597,3.8295,6.4487,5.8723,13.5575,9.0598,3.5932,8.7784,8.3188,3.2757,7.5802,4.4586,11.7915,11.7919,3.5286,8.0341,8.7836,5.852,7.2108,12.2274,12.3154,8.3736,3.0563,12.3714,6.2227,8.1808,9.7063,10.7625,9.448,13.0947,11.7424,6.7897,12.1743,6.3194,2.8976,13.2762,8.7406,2.3014,2.5186,11.2127,5.4529,6.1026,13.5979,13.5598,12.65,2.626,6.8128,9.481,5.3927,11.2422,14.0417,7.5423,12.3084,9.2714,9.816,5.7439,11.5958,12.7961,9.1541,12.1152,6.1533,7.1814,11.9308,12.4799,12.9576,8.7409,12.6464,12.9488,6.7387,5.6726,14.9906,5.4405,8.1518,10.5947,8.2117,2.9475,14.5383,14.3337,2.35,7.7787,5.0711,2.8611,9.0384,7.2407,6.8495,8.4318,9.0645,14.3172,13.3276,11.2539,6.1831,11.1966,2.6936,9.0548,7.5954,8.3142,2.6981,12.0953,11.9863,8.2823,11.2208,5.1987,14.0255,9.4483,3.2523,13.6929,3.055,6.7942,5.1126,4.8823,6.5252,13.6686,5.2039,7.7134,4.8868,2.8984,10.3311,8.711,12.9382,3.282,14.0463,6.5253,14.2966,8.5733,5.6946,7.5467,2.8353,13.2388,7.8833,5.6822,9.7001,3.0308,5.6346,12.9986,12.9934,9.0761,10.0711,8.0028,9.2664,13.2801,5.1618,13.1736,10.7416,10.5324,3.5806,13.4491,10.9466,8.5532,4.0053,5.173,8.713,7.577,12.6753,5.8029,13.9086,8.5757,10.1237,8.8496,13.5182,4.2835,9.7875,10.023,4.3662,12.663,14.3371,12.3685,5.1312,4.8618,9.5362,13.2313,4.3117,6.0236,7.4826,4.146,6.3866,11.1309,14.8163,3.8519,11.0797,3.9701,4.1372,7.5216,8.2554,12.6233,6.4487,6.96,7.9422,3.5407,10.635,10.4309,5.1157,4.0695,10.0359,14.51,11.0167,8.1433,5.1508,11.1179,4.6266,7.4508,4.7106,9.5408,14.013,11.3771,10.3665,9.391,4.2745,7.3814,7.8083,7.0043,11.2169,12.7145,4.2059,14.0029,13.3336,11.0158,6.1923,7.5673,13.3825,13.7188,6.9896,12.6349,12.6171,12.5306,9.5811,7.574,11.2933,10.61,12.3185,9.4365,13.7741,10.673,10.3336,9.6461,6.1414,14.5,4.7695,3.7763,7.811,4.5425,14.4175,10.697,10.7133,5.7713,5.3119,5.9086,10.9829,14.7394,15.0901,4.6847,10.0751,13.4946,6.6957,7.4605,7.6639,12.4409,7.8532,14.9615,11.6103,11.1083,3.8067,11.1539,9.2461,5.7886,11.6651,5.058,14.6545,12.1937,11.1339,4.5697,8.5293,9.1976,10.2564,11.3777,8.2593,9.0346,14.0115,6.8384,11.9816,10.9476,11.9641,4.631,4.2316,2.7037,6.445
GS043,B3,M,75,control,9.6908,14.3267,4.3935,14.1084,11.6303,8.8367,4.6796,8.4471,4.6072,5.1497,6.9709,4.253,13.5961,10.8994,5.1544,7.7794,7.1593,8.9355,14.6585,9.3373,7.9552,13.0051,14.103,13.9057,10.7275,4.5647,4.8196,9.5858,5.0485,8.7,4.4262,7.6433,4.5992,14.4011,14.8752,7.0155,9.0383,10.7673,4.2693,3.7261,8.7343,13.4843,3.7772,6.8859,7.9761,6.9755,14.0718,11.2988,6.5675,6.9102,14.5854,5.6273,15.1733,11.6436,7.059,5.992,6.962,6.1784,5.6728,8.0362,12.7712,7.0196,10.3368,7.9651,6.308,14.2765,3.1638,13.8038,7.9306,2.8746,11.6758,3.1222,3.3825,13.5735,3.1819,5.2826,11.6326,10.6028,2.7627,9.6313,5.3892,10.7895,12.0217,3.1201,14.7489,11.5679,5.7564,12.4414,9.3832,7.2329,8.1294,14.0018,13.4574,10.2529,13.3115,2.5267,8.8389,2.5666,10.2106,14.1091,2.426,8.5616,6.3801,10.6865,11.719,8.3288,14.9282,15.1736,2.2671,12.279,2.5534,12.5981,12.7956,4.9931,13.7956,3.3669,13.1243,14.526,10.9124,3.8708,9.074,10.9053,15.068,8.2813,5.1453,3.6476,9.0226,6.949,3.8487,10.3916,11.2841,10.0726,14.644,12.8877,3.8522,5.4488,7.223,12.8239,8.122,10.7059,3.5695,8.3561,10.8357,14.8711,7.3587,10.0312,7.5296,13.4091,4.9553,8.3484,13.5829,8.6978,9.2133,3.3407,3.8689,3.4882,5.3279,3.1414,10.1448,3.0944,3.2488,3.0675,4.8335,7.4129,11.5189,10.6982,13.6656,4.9472,3.2483,14.732,12.7785,5.4227,11.8378,4.4261,7.9623,11.3489,3.0292,3.4751,4.8794,12.3064,11.475,9.3906,11.6528,12.8745,3.5833,12.417,8.6592,11.9295,15.0361,3.4907,14.5764,13.1673,12.046,4.6761,6.5613,7.8913,12.5656,7.4392,13.8883,10.456,9.639,8.3523,6.3995,9.6867,3.344,3.2946,9.6208,11.282,9.7172,7.1403,3.5669,6.5539,8.8081,5.3023,13.796,8.6503,5.1389,9.4576,7.7518,5.5229,7.7236,3.9108,11.2875,11.488,3.6435,10.9267,9.6356,8.5622,6.4769,12.8775,12.2002,6.3844,3.7605,12.3571,11.2735,5.1397,8.8563,13.8688,4.9782,12.0225,9.6466,8.8939,13.2314,3.8679,6.4426,14.6988,9.283,2.0756,4.9822,6.3218,4.1339,7.7071,13.9972,14.4931,12.9383,9.0139,5.0058,7.8724,4.4097,12.6761,13.6792,3.3209,10.1201,6.3013,8.1641,10.1235,10.808,13.1522,10.1447,10.0513,4.5004,3.4071,12.9928,10.6621,12.2816,11.8398,15.2048,14.696,5.1495,3.1233,12.6262,7.8571,9.9753,10.9296,8.2138,2.4664,13.8126,12.9914,5.9107,6.3729,5.907,2.5466,7.6569,8.7039,7.9483,11.6028,7.5942,14.1199,11.54,13.058,6.4485,10.295,6.5859,9.1211,9.2472,10.0059,6.3108,13.4484,11.456,2.0856,12.2415,2.3114,14.8117,11.0871,7.1564,13.5954,5.8934,6.2966,2.9211,5.4705,2.4575,13.6042,2.9004,3.1798,2.967,3.2691,11.0131,8.6515,12.9829,6.7155,10.803,5.4758,14.9499,11.5438,2.9477,9.0875,5.633,13.4888,8.0103,6.7495,10.0606,5.519,5.8631,7.7479,11.4994,5.7269,11.508,6.2155,10.6259,13.5716,3.0488,14.0557,9.8802,11.3612,3.1867,13.4514,13.8975,7.9029,3.1698,8.0085,9.9231,9.8055,13.5575,3.215,13.1775,9.2393,10.8985,3.9097,11.9337,3.5277,7.2852,8.7192,4.1826,10.1224,14.9529,12.0611,7.4732,7.3096,10.3551,13.9021,6.9305,5.7699,5.882,4.5442,7.1738,10.8558,11.8117,6.0311,11.4335,5.056,4.9915,5.8513,10.6334,11.9152,6.2261,5.6754,5.2833,4.4658,12.1601,10.0158,4.2651,4.1525,11.0471,14.75,7.9197,7.7358,8.1726,12.1039,7.7894,9.4855,3.4898,9.1856,13.9571,9.3681,7.4378,9.0216,6.3659,6.9245,7.3813,4.6719,10.6233,13.8941,6.3596,13.8995,12.304,10.5249,6.9229,9.5738,14.291,11.109,8.6461,10.6418,10.2127,13.5304,5.7855,6.9549,11.7052,10.0336,12.4827,4.8324,13.6543,9.6962,10.1296,8.9292,4.2827,13.2451,4.2725,3.945,4.205,4.4994,14.6218,10.3423,12.4093,7.1888,7.8145,5.4625,12.6382,13.7188,14.3811,4.4503,9.2193,12.2851,5.4976,7.2216,4.3395,14.3043,11.3362,14.4457,8.739,11.1985,4.227,9.7531,10.4408,6.3016,12.4593,4.1665,12.4602,11.8524,9.9446,8.2526,7.5896,4.9437,10.056,12.1602,6.1742,8.2846,13.3978,8.7607,13.1004,10.9682,12.5705,4.47,4.9055,5.5687,7.1195
GS044,B3,M,54,control,9.7227,14.3819,5.5404,13.7509,11.28,4.3439,3.712,4.9027,4.8676,6.0907,6.2093,8.2654,12.3413,9.0865,4.9155,8.5254,4.0132,7.7842,14.1851,4.5729,8.1958,13.5522,12.435,14.6071,8.9486,3.7398,3.8852,10.0769,6.465,4.1765,5.942,5.5678,5.6444,14.796,14.9427,8.4368,8.3745,9.7147,8.4511,7.4403,10.7978,13.9282,4.9681,9.0981,6.7488,7.3656,12.6891,9.1147,4.1494,6.4813,15.1305,9.6463,14.7117,9.4342,5.4069,8.2669,7.5008,5.8557,8.22,7.0842,11.6554,7.3642,10.5115,12.5315,9.7103,14.611,4.7761,13.0226,7.5144,8.4973,9.6565,3.2614,3.0452,10.7433,5.5977,8.8084,14.3094,10.8962,6.5759,12.2485,6.4562,11.973,13.6476,3.0088,15.0657,9.5142,3.6134,12.7864,9.5657,7.9112,2.391,13.6817,14.046,12.8486,14.1408,2.5165,9.4892,5.9934,7.0919,11.9066,2.3341,8.6635,5.2497,11.4069,11.4662,7.4152,15.1603,14.1306,2.5685,9.7778,2.553,13.4868,11.1639,6.0192,13.7447,4.8845,14.4591,14.1253,11.6746,3.4575,8.3449,9.9178,14.7477,6.3553,4.8505,6.0216,11.7332,12.2254,4.0177,12.1378,9.4158,7.8001,13.8597,13.7126,4.0278,4.0399,6.8895,10.5528,7.5352,7.7987,3.543,8.6408,5.5217,13.0349,4.933,10.8937,8.9758,14.347,9.6247,7.4661,13.73,8.2367,9.6193,3.1744,3.4524,3.1676,5.8704,3.5933,8.7726,4.7571,7.0313,6.5671,5.9476,11.9139,10.8881,11.6227,14.7692,7.942,3.0076,14.6469,13.4816,3.1956,12.7258,4.972,7.8815,11.026,4.9803,3.3237,4.5379,10.3923,12.101,8.835,13.5736,13.9136,3.4958,10.6431,8.2134,7.3473,15.106,4.3458,14.935,9.775,12.9723,6.589,4.9966,3.5897,13.5634,7.6502,13.2486,9.8289,11.4406,7.8236,5.7052,7.4108,3.2929,5.4589,11.6419,14.0018,8.0953,3.7168,3.6461,5.551,11.5152,6.7361,12.786,4.6507,3.4966,10.2848,6.0328,4.3013,8.7125,5.5342,12.4947,13.4701,3.8537,8.1886,9.9025,11.7779,7.0955,11.8377,10.2407,5.7072,3.6724,13.0632,8.0742,3.8138,6.156,14.4095,8.8682,11.553,10.228,9.3837,12.4466,5.8563,4.5613,15.0143,9.4296,2.5177,6.6045,12.0576,3.8892,5.1704,10.6407,12.4761,10.9363,3.5438,6.2006,11.7427,2.8265,10.5639,13.9818,9.4492,11.4217,6.4624,11.2056,2.7973,9.5945,7.7615,11.2643,10.6102,7.5741,6.9133,12.5126,12.6176,12.6775,6.8223,14.5771,13.6621,3.8201,4.3263,13.4154,5.9036,8.7319,8.5312,6.688,4.5601,14.0078,13.1734,4.1616,6.0835,4.3923,2.3635,6.3791,6.6468,7.3834,5.9289,10.6115,13.3849,12.0805,12.7843,2.8359,13.1893,5.2595,11.103,8.6655,8.7074,5.2015,9.8789,11.6865,9.1959,12.4722,2.4924,14.8467,10.1884,6.6261,13.8575,5.5535,5.4999,5.8149,2.2309,2.0,13.823,8.6568,7.2593,8.9504,2.77,12.1385,10.552,13.4396,8.8072,14.1106,3.1308,14.0046,9.935,6.2459,10.6908,2.4228,13.3633,8.8839,9.0652,11.0206,2.5337,8.0643,9.9728,12.8742,6.7361,10.4,7.9177,8.0279,14.3568,2.8826,14.5521,9.7514,10.868,2.9595,9.6927,14.5249,11.0202,2.9623,9.0689,11.9772,4.8637,12.3498,4.8754,10.8888,6.6169,12.0357,7.5612,14.7431,3.2179,8.4705,7.8628,5.2684,13.0541,14.4086,13.2155,7.998,3.031,10.8991,14.2092,5.3538,5.0975,5.1076,3.0821,6.8544,10.9159,14.176,5.4269,13.7026,3.3659,5.7705,8.7409,9.5417,12.76,3.3689,4.3901,5.019,5.4708,10.3441,8.2563,7.483,4.1473,11.1292,14.2932,9.862,9.3997,8.4384,8.7943,5.3076,10.6126,4.0619,10.512,11.679,12.1795,10.4242,9.8728,7.6474,4.4201,4.0694,5.1511,7.3549,12.6587,6.2999,13.2234,12.3511,10.5698,6.7544,5.8605,12.499,11.1086,8.8585,10.4485,12.7585,12.688,7.7401,6.1056,9.057,9.4634,13.1913,6.9786,13.2546,9.0541,9.4107,11.8051,3.6534,13.5837,4.1863,4.1884,5.3166,3.4803,14.073,11.0684,12.8785,6.5233,4.1136,8.395,11.5819,13.3282,13.8629,7.1179,11.8493,13.305,6.2865,6.5991,4.7681,13.4395,12.0491,15.1986,12.1895,11.3362,3.4143,10.6025,11.1155,3.7615,12.6299,5.0545,12.5275,12.9241,9.076,5.8033,9.0985,6.9901,5.9189,12.1061,7.7711,9.1473,13.0744,9.2074,9.9844,9.6078,9.8688,4.18,5.7024,6.8614,6.8249
GS045,B3,F,34,control,10.6925,14.5647,5.1009,14.4206,11.1836,8.3909,3.5683,5.0174,7.1494,8.098,6.7685,3.3945,12.9782,8.9512,7.0318,7.1251,6.5265,9.6524,14.0114,7.1239,10.3979,12.783,11.5657,14.7328,12.009,4.0659,6.9992,10.8496,4.4135,4.9651,3.7688,6.5052,7.3154,14.3013,14.8957,7.391,9.2707,7.5426,2.1962,7.5898,12.7558,12.1884,5.7412,6.3223,7.8732,5.2964,10.5262,6.4519,8.3217,9.5545,14.9332,9.5744,14.8255,12.4408,3.3431,6.8426,2.7044,4.9637,7.1112,5.1407,11.1636,10.0938,10.3238,7.7358,10.1358,15.0184,3.0268,13.5024,2.6209,3.2111,11.48,2.6333,3.869,11.7041,5.7064,7.5546,13.7293,9.7556,4.9065,5.4391,4.9183,14.708,11.4936,2.7669,14.3845,9.5988,6.1097,12.2961,7.5132,5.2667,8.6587,13.6689,12.9893,12.4016,13.8305,3.3291,7.3841,6.5145,7.8376,13.2044,5.0951,10.2951,4.4563,9.6021,10.7602,5.7531,14.9374,14.7499,3.2993,10.7435,5.561,12.9933,10.4615,3.8448,13.666,4.7091,14.3944,15.3117,9.4919,4.1628,7.7489,10.6632,14.6778,7.4391,6.9832,8.7362,10.3574,11.3121,3.7997,11.7053,11.2296,10.4831,12.1307,12.3399,3.5061,8.0304,9.7007,9.4629,6.7314,8.0265,6.3696,6.4988,13.1214,14.2912,4.383,10.4773,4.3337,12.2514,6.7257,8.2914,13.4328,7.3569,8.3859,4.229,2.6244,2.8238,7.4207,3.3276,9.822,2.5287,9.1685,8.1975,5.9089,8.6676,9.6367,9.7894,14.4822,8.9384,5.3916,15.0617,13.3727,4.1435,12.8012,3.3543,8.6771,10.7355,4.3321,2.8611,5.5642,7.2789,11.5162,9.8655,12.4402,12.3911,2.9736,13.1516,6.9107,3.9067,15.0428,7.7501,14.6078,10.0556,12.5406,4.6689,5.4117,5.7481,8.3968,4.2951,12.6167,7.1055,10.5047,8.7871,5.4295,8.2844,2.9386,2.8248,10.2888,14.1051,7.3167,4.9327,3.262,6.8273,4.6479,8.6405,12.4474,9.2788,3.0306,4.846,6.2974,6.5181,7.1521,5.0392,9.6182,11.5525,4.4488,9.9795,9.2466,11.0995,2.7802,12.0265,11.1838,9.0943,3.5242,13.4925,9.5564,5.7467,5.1714,14.1194,7.8665,9.8042,12.5241,9.263,11.0896,2.6996,4.8857,14.2677,6.0881,4.0366,2.5848,11.598,2.9121,7.8685,14.3573,13.8776,11.5553,6.6599,5.4018,10.5004,4.4245,7.5244,11.8646,6.5628,11.4054,5.7775,10.7538,6.9575,7.4297,11.6905,10.1572,12.5239,5.8961,7.7585,12.074,11.6148,12.4281,12.3112,14.0455,13.9148,9.5255,8.6535,14.6033,4.5955,9.2387,7.9778,7.189,4.945,14.7569,13.1606,2.859,8.2847,5.6933,2.6656,10.4554,7.1671,8.307,7.5638,10.7665,14.4386,10.0888,12.7479,4.51,8.9304,2.6036,12.2638,9.9308,7.5269,6.6208,14.2521,11.272,7.5523,11.1549,2.6941,13.4506,10.648,4.7687,12.1736,4.679,6.1729,2.1826,5.8845,6.0635,12.6305,2.8582,8.5065,8.4763,2.879,11.57,9.3383,13.238,6.0302,14.0736,6.0281,12.1841,12.684,2.6884,6.7494,4.3407,13.1726,6.7377,6.9935,8.1969,4.4131,3.3111,10.904,13.5326,9.4513,10.413,9.5387,7.1465,13.6639,4.7046,14.6392,11.1556,8.7963,3.0599,13.5222,14.7188,11.8294,5.7517,8.3889,9.2701,10.3855,12.26,6.4746,11.7043,11.7546,10.7873,3.1915,13.4281,4.1717,11.9414,7.8319,3.9418,13.6052,14.7682,13.3422,5.982,5.7572,10.8529,14.3535,3.6839,7.1346,6.883,4.2279,7.9108,8.543,13.608,6.3599,13.6862,3.8696,4.3185,9.3425,10.8758,12.6403,3.6084,7.4255,4.112,3.5706,12.5039,11.3558,4.9661,4.7724,10.8472,13.6735,7.9391,10.4194,6.6686,11.7806,5.3933,9.8424,3.9582,8.9166,13.833,8.8171,8.7269,9.3363,7.7818,4.4761,9.0813,5.3089,9.5951,12.4774,3.4257,12.0872,14.2699,9.0448,5.5085,10.2746,13.9022,14.1502,9.616,8.376,13.5309,12.5877,10.0545,5.8969,11.9317,13.0723,13.6702,8.202,13.1737,11.9796,10.2819,9.9165,5.82,14.3052,3.2603,3.785,8.702,3.2287,14.657,10.7637,12.6725,4.3692,3.3348,9.1333,12.716,14.2031,13.118,3.5814,11.6756,12.4537,6.8209,2.6666,4.8652,13.1793,9.1342,15.0064,10.0875,6.4176,4.4524,9.7635,11.5306,3.8437,13.8766,4.5274,11.3295,12.439,4.6429,5.3612,8.5489,5.9654,9.2631,12.8441,6.2078,10.0569,13.856,8.2436,12.1085,10.1638,8.9112,3.5276,6.4932,9.7011,5.0431
GS046,B3,M,34,control,9.1507,13.6763,4.0706,14.7179,10.0236,6.4877,3.8029,8.6083,3.6893,7.305,5.5132,8.1017,11.6766,9.2514,5.2727,9.3531,6.4664,8.0158,14.2843,8.526,8.3127,12.2125,11.5009,14.6106,9.2585,4.584,4.8694,9.5227,5.5971,4.7026,7.3293,7.1122,5.1348,13.035,14.4282,7.5327,7.2527,10.5055,7.5585,4.3958,10.578,12.3246,3.846,8.6563,5.0613,6.5129,13.5188,8.8784,2.6326,6.3341,14.0641,8.7058,15.7735,14.1123,5.7856,6.2215,2.8137,6.6434,8.1203,2.4338,12.2134,5.8011,9.8732,8.8524,7.1473,15.1663,2.5237,11.6236,7.1154,5.7379,11.1497,5.869,2.9444,12.0103,6.4351,7.4748,13.054,3.4387,3.5895,10.1198,3.4808,12.5202,14.3745,3.269,13.2174,9.9575,5.9211,13.5708,6.4608,7.9888,9.057,12.7334,13.0923,11.7532,11.9792,4.3155,9.0775,7.0794,10.156,11.1411,3.434,8.7506,3.5026,9.0163,9.3289,6.4669,14.8595,14.8836,3.8909,13.8484,3.3922,14.0222,12.9084,2.5398,12.991,2.357,14.4694,14.9754,11.8406,2.3962,9.3506,6.9591,14.1901,11.572,8.5557,7.639,10.4966,12.2261,4.0883,13.6094,9.8777,9.7396,14.1676,13.4332,3.931,6.4962,4.472,11.2973,7.9037,9.5719,6.1325,6.679,10.1591,13.524,4.0539,9.5716,7.4992,10.6074,6.4945,9.7082,12.2885,5.4949,8.3417,2.2097,4.5238,4.3375,8.7165,4.5689,7.089,3.782,3.5364,5.0994,4.8784,10.2511,13.4129,11.0349,14.7197,8.6365,7.4949,15.3164,11.8893,4.8735,11.1505,4.0063,4.7671,12.8403,4.7682,4.6388,4.1686,12.3984,11.8011,11.2063,13.0785,13.4994,4.6166,12.8274,10.6303,12.0883,14.4374,4.3039,14.2571,11.9253,12.6396,6.0657,4.3815,6.2252,13.8053,3.4918,13.8476,8.9027,12.8414,7.6264,4.4295,8.1276,3.8738,3.0554,10.7737,14.2831,9.7312,4.626,3.3059,4.7077,11.3457,6.5481,13.4355,7.6011,2.9972,6.0925,2.4508,2.6781,7.1913,6.104,10.1079,12.5108,4.7218,11.3981,11.6655,9.8878,3.21,13.8183,13.1042,8.3758,3.3393,9.7888,9.1276,7.7188,8.9005,14.14,7.0093,11.0238,7.3743,7.5201,13.613,6.1303,7.8515,14.9721,10.0988,5.7558,3.4445,11.1916,3.5689,4.6385,14.6751,11.7912,12.3236,5.7389,4.5904,10.0362,3.5145,12.5685,14.2212,8.9589,11.8116,5.8698,10.4658,9.7828,10.599,11.1022,10.292,13.364,3.4306,2.8038,12.6937,9.1632,15.0191,12.4357,15.1062,12.2741,4.3124,6.0672,14.6962,3.1556,7.2133,12.9446,7.6969,2.9491,13.238,13.2847,6.4647,10.3223,5.9986,6.1584,9.312,8.4524,5.7633,10.9692,10.9015,14.1233,11.4687,12.9861,3.4096,11.5299,5.8001,11.3431,9.9055,9.8423,5.7941,13.5484,10.8699,10.6647,11.6482,5.9329,13.2514,9.4659,3.1478,13.6578,5.8461,5.7747,5.4116,3.383,2.947,13.7792,6.8959,8.2213,6.2951,2.4206,10.4967,9.1687,12.6534,5.3636,11.2778,5.486,14.819,8.2017,2.4292,8.2577,2.7197,10.9492,7.4365,9.2217,8.2191,6.3116,5.637,10.3788,11.5073,9.3418,11.3943,9.1115,7.8375,11.9149,2.8194,14.0074,9.1302,11.5473,3.1789,11.9852,12.0064,6.133,2.8816,8.042,12.0611,10.2732,11.3193,6.6502,12.7602,11.3715,8.1025,6.119,11.9253,4.842,9.6342,9.3087,3.1082,11.7594,14.7841,12.8689,4.6923,6.4344,10.8335,13.6032,5.7649,7.3142,7.5691,3.0901,4.5232,10.7007,14.1054,4.6355,13.0082,4.4198,5.1913,9.7266,9.436,13.1167,6.8754,4.9308,11.3159,4.3472,12.2878,10.0789,7.6558,4.4585,9.769,13.7469,9.9328,7.0571,8.321,10.552,6.9679,7.2668,4.9787,11.5513,12.4591,4.9052,9.7159,8.4984,6.1425,4.5047,7.8011,4.4832,4.0252,10.4064,4.1586,14.8342,13.8888,8.7216,9.0373,12.1342,13.4794,14.5339,7.9518,9.5136,10.4578,10.3096,8.0093,4.899,9.5382,11.5283,12.8738,6.8248,13.7342,11.2948,6.7535,5.6935,7.423,13.0122,5.1417,3.798,7.2663,3.5647,15.4216,10.6789,13.8547,8.0134,3.4388,5.2118,10.6883,13.7922,14.9472,3.7536,10.083,12.9639,5.3416,7.7016,5.6254,13.8702,3.9928,15.0705,9.4822,8.0057,3.853,7.8091,11.1109,3.9385,13.1737,5.65,14.2553,11.7029,10.5454,5.9312,3.5596,7.1639,7.9907,11.0657,6.6995,9.0354,14.1221,9.0601,14.0452,9.6922,13.3094,3.9962,7.233,8.6397,4.8353
GS047,B3,M,51,control,10.6239,13.61,5.1322,13.7181,13.0056,6.7192,4.1546,7.7384,6.327,3.7437,5.1732,8.4669,9.0106,7.7886,4.2893,9.1059,6.0745,9.4521,14.5051,8.0151,7.3613,11.7501,13.4311,14.8992,7.375,4.1479,5.8033,9.5635,5.6787,6.3946,7.1097,8.4186,5.8292,13.4033,14.8484,4.5326,9.1703,8.7878,7.0628,4.3396,13.2973,14.4261,3.9764,7.9535,6.7528,7.3477,12.7832,7.3489,5.8883,8.135,14.4501,11.2014,14.6614,8.9308,5.8473,3.0315,6.6913,7.0993,9.6935,6.1115,12.2411,6.642,6.4412,7.4942,9.8845,14.9437,6.3325,12.0715,6.3087,6.3402,7.8581,2.9371,2.6951,14.6348,3.3735,7.1981,12.9474,7.4499,3.2886,11.5077,7.7163,13.2562,13.5339,3.5471,14.7286,11.016,5.6559,12.7366,8.6661,5.8466,5.7676,12.4901,14.4087,11.5876,11.9586,3.8044,6.3968,6.0149,9.42,12.7321,6.6673,8.1549,3.2976,10.1246,6.2744,7.8047,14.7881,14.5473,2.9794,13.4975,6.5605,12.8104,10.4632,6.3185,14.293,4.7198,13.7889,14.2275,11.3108,4.446,8.8008,9.997,13.6782,9.506,3.8371,7.4896,11.1754,14.2631,5.3072,11.3922,8.8814,10.1543,14.487,14.0978,2.654,4.1685,9.2246,10.5171,7.0433,9.513,7.0793,8.0368,10.7714,14.38,3.6809,6.9154,7.1151,13.5878,5.0602,8.2671,13.3585,9.8924,7.5034,3.8939,3.7698,4.2541,8.5478,4.7091,7.6557,4.6858,8.3132,3.9668,4.6378,10.0213,10.8298,10.8533,14.4716,7.9997,5.123,15.2553,13.0027,5.0229,12.8464,5.0105,9.6293,10.5587,7.6207,3.1506,2.7528,9.4131,12.8905,2.7858,11.6717,10.9673,2.9846,14.0128,8.9303,12.4216,14.41,8.3544,14.1437,10.0616,11.3518,2.4381,7.6246,3.9665,11.1389,7.6489,13.8217,10.0765,9.8601,9.0743,3.4436,7.6502,2.8805,8.0595,9.6659,14.2467,7.5889,3.0853,3.1075,4.525,5.7064,4.9461,14.1088,5.7106,3.7551,9.0441,7.4587,2.8085,6.5405,5.8786,9.0779,11.8149,2.9035,10.428,12.2067,12.0562,7.1755,12.7419,10.2791,6.1994,3.005,12.1017,9.4276,5.8503,6.3501,12.9772,8.0655,11.6077,10.7956,8.8851,13.2461,3.2567,3.0934,14.9297,9.0468,2.2437,3.2766,10.5462,3.188,8.6361,13.9901,12.7728,12.2758,7.3346,7.2057,9.0185,3.2748,10.5737,14.8762,8.6899,12.4667,8.4377,11.8971,9.4239,10.4651,11.1139,9.4402,11.5825,5.7226,3.6325,12.9011,12.8797,14.1197,11.8447,12.8433,13.2059,6.5314,8.6687,14.2475,5.3683,9.1988,3.7591,5.5491,3.2681,12.6705,12.246,2.803,9.5505,2.1881,2.6874,10.7944,7.2014,11.9773,11.3964,8.733,13.7121,12.2223,10.1069,5.1639,12.9812,5.4065,12.0612,9.6236,10.8393,5.1495,12.8064,11.0351,8.3171,12.5888,2.7667,13.1205,10.8295,5.4029,11.8624,2.839,5.142,2.5536,5.2758,5.6613,12.6683,7.8135,9.0335,8.1801,3.2171,10.2414,10.0294,12.0623,3.2218,11.4924,3.0453,13.9392,10.0991,2.7212,7.1231,3.0732,11.0248,6.4424,8.2553,3.2376,7.9893,5.5217,12.5796,13.6062,9.8962,11.4761,9.9343,9.0189,14.6407,3.657,13.9011,11.276,10.6161,3.7237,12.4124,14.1086,8.0742,5.7909,9.3987,11.2727,7.2935,12.3301,3.7574,13.5889,10.7228,11.3426,6.9829,13.904,4.1272,5.4753,8.7069,4.0178,12.1212,14.7498,12.6707,8.797,4.6933,10.3612,14.0171,4.4165,7.0721,7.2318,5.1016,5.5818,11.4644,13.3321,4.6412,12.8156,4.4514,5.1765,6.0413,9.2705,13.0501,4.6929,6.8255,9.7434,4.2388,13.5056,11.1468,8.5576,5.519,11.4558,13.7666,10.116,9.2508,4.8018,11.9393,4.8994,7.7217,5.0419,7.0847,11.6485,10.2983,8.0375,10.2628,3.982,3.9006,6.3513,8.2367,6.038,13.2092,5.1048,12.4977,13.3249,6.1968,6.7935,7.5665,12.2774,13.5536,6.3332,11.7155,10.9766,13.6581,7.6871,4.6261,9.2097,12.1322,12.3772,10.4061,14.3124,12.0044,8.777,10.9431,5.191,13.219,3.6939,3.1273,6.269,4.0508,14.3596,12.4297,11.6357,4.1185,5.0168,9.8303,12.8615,11.6539,14.4493,4.094,7.4062,14.0702,6.8697,4.7795,4.3289,13.4453,6.6755,14.5645,12.842,11.1891,4.4662,8.4637,9.0194,4.0527,13.8787,4.9302,14.5982,11.3153,9.0596,5.4517,7.3408,4.543,6.9357,10.2046,3.6588,10.0364,13.8076,9.16,13.424,9.4486,13.1046,3.7285,6.6253,10.6437,6.1254
GS048,B3,M,59,control,8.4664,14.2559,4.6255,14.2746,13.4433,7.8169,5.7879,4.4006,4.4217,3.8702,8.4826,4.0946,12.6801,7.9826,3.8057,6.4937,6.1323,7.343,13.9936,9.4714,8.6296,12.448,12.5873,14.3027,10.8404,4.5055,4.9314,9.4802,4.4323,4.3397,5.9983,7.7783,5.3203,13.4425,14.865,4.7485,4.3514,9.1832,7.5672,5.532,12.264,10.1808,6.1852,4.9714,8.9692,3.3272,13.5329,11.1987,3.356,5.6481,14.6799,8.8207,14.5577,11.749,5.9327,9.1515,6.4536,2.6787,8.8251,7.2051,12.4084,6.8189,8.9045,11.2206,7.9247,15.2946,2.5799,10.6615,6.2163,2.3338,12.3948,2.6502,3.2776,11.014,3.6248,6.064,12.3667,7.888,5.8375,11.7068,5.1466,14.4068,12.03,3.8822,14.8568,10.1373,3.2907,11.3034,9.7902,3.3244,10.0812,14.3461,14.3334,11.5579,13.8003,4.4407,8.4988,8.0989,8.5347,11.4653,3.3264,10.4008,5.6606,12.6565,11.065,8.8303,14.9669,14.658,4.4805,12.4744,4.4365,12.3139,11.6256,5.5795,14.1057,5.9289,13.9025,14.7692,9.1802,2.5007,9.669,8.3268,14.5742,11.4792,2.0445,6.7382,12.2812,11.8507,3.8147,11.2331,8.9479,9.1998,12.4335,12.1901,4.106,3.9648,8.4289,6.6959,8.3598,11.877,6.8123,5.18,13.3057,13.5324,4.1587,7.6245,9.1726,14.0738,10.1934,7.24,14.2517,4.6722,8.9279,4.8321,4.4494,4.5951,8.484,2.7149,9.6286,2.7275,8.221,4.7277,7.0643,10.6748,11.8287,11.1306,13.6728,7.2232,5.1123,14.811,13.2675,2.5768,11.4321,2.8185,8.7166,11.9527,2.5089,3.4413,3.0798,13.7949,11.1832,9.7657,14.5855,13.3908,2.8895,13.0652,7.3701,11.2539,15.0291,6.0265,15.1108,5.8305,12.3663,5.8539,7.9261,3.9491,12.946,3.0277,13.5869,9.9724,12.7681,6.4531,3.1828,7.0972,3.2442,5.4601,9.0958,13.1746,11.0645,3.0031,4.1523,5.2572,11.4273,7.9553,13.2894,7.1733,3.6355,8.0886,9.5717,5.9714,7.208,6.1786,7.5915,11.6154,2.7207,8.7245,10.4457,9.8235,6.4645,7.8244,12.2106,7.2195,3.4256,11.2967,8.7465,3.7156,7.762,13.792,9.1262,12.1648,7.7161,8.2481,10.6249,3.646,5.2098,14.5913,9.9371,4.412,4.1079,12.5095,3.743,10.221,13.799,12.2984,9.9647,6.9821,5.9625,11.051,3.2734,10.689,13.6887,6.6249,7.8079,5.8483,10.0335,8.1973,10.7537,9.0119,10.2602,12.1297,6.6713,7.2642,12.8464,9.989,14.1413,11.005,14.446,13.701,5.6118,6.4661,14.4952,6.6302,8.4789,7.83,6.5932,2.5107,13.798,12.6384,5.6102,8.4317,2.4369,2.4779,9.7689,6.6355,10.4612,10.3651,11.4113,14.6082,9.607,11.5591,2.5813,11.7976,5.0508,8.4137,9.9714,8.1307,5.7269,12.9887,12.3189,8.4576,12.1086,3.1805,13.8064,10.3618,2.5901,13.7861,2.8147,5.387,6.565,2.7729,5.398,12.6202,8.4961,5.0029,3.1102,2.907,6.6408,7.7251,13.354,2.9144,13.5877,3.6934,14.4425,11.2326,4.1443,7.5905,4.2659,13.934,6.1727,6.9417,8.765,5.2025,6.3654,12.3165,12.3181,8.7193,12.8035,10.1214,7.7383,13.047,4.3764,13.9902,12.6766,6.7652,5.4309,11.0587,14.2537,11.3537,4.6913,8.8063,9.4761,7.5487,8.0801,4.0483,11.8999,7.5853,10.9505,4.3976,12.7691,4.9541,5.6274,10.0344,4.8068,12.8524,14.6591,10.4483,10.167,6.0423,10.403,13.8085,5.0163,6.7294,7.9173,4.6517,9.2225,10.5944,13.5587,5.609,13.1387,4.5786,5.2578,6.2123,9.4821,13.2877,6.4552,4.7458,7.2698,4.2116,12.1779,11.2135,5.0743,6.5217,9.8127,13.8013,11.0046,7.9886,7.9034,11.8235,7.6439,9.9303,3.5852,10.2255,13.7829,11.405,6.9911,9.5003,6.3425,6.6281,6.339,7.1098,9.4622,11.895,3.483,13.6611,14.5885,10.6687,6.7237,10.759,13.9322,13.9464,7.266,10.5413,11.6817,12.9413,10.646,6.9148,10.767,12.4031,13.1184,9.8774,13.4372,11.5448,9.6688,9.8922,3.8559,13.9895,5.9605,4.0288,5.95,4.7537,14.6319,10.5354,11.2963,4.8153,3.6931,7.3992,10.7211,13.9414,12.1302,5.9287,8.9986,12.3217,4.9623,7.9947,4.0685,12.3218,6.7611,14.7147,10.838,8.6072,4.1196,8.2246,10.9799,4.0598,13.7705,3.999,14.3159,8.3803,9.3054,3.9131,7.6113,9.2845,7.467,12.2313,11.0489,7.1685,14.0269,8.7821,11.8529,9.7097,13.1644,3.6582,4.3496,10.3125,5.6179
GS049,B3,F,68,control,6.6023,15.1284,6.1096,14.1356,13.2025,7.2927,4.0848,6.3571,3.9571,6.4547,7.9257,6.7503,12.6729,9.8831,5.829,7.7134,4.1811,7.1663,14.1327,7.2333,9.8513,13.2765,11.3953,14.9662,11.6379,3.4822,3.4232,10.7553,5.0144,4.1889,5.9361,7.2309,6.4075,12.8823,14.6854,6.9166,9.2802,8.1078,7.4797,4.4809,12.5428,12.9592,6.8926,4.6586,9.8018,4.0161,11.4105,10.3364,5.3655,8.4872,14.1776,11.2941,15.0489,12.7689,2.9191,7.0658,6.7406,2.7084,4.9127,6.3912,11.1679,5.0721,11.3192,9.3125,11.3206,14.4218,2.9463,13.322,2.8668,3.0021,11.3359,2.5777,2.7448,12.9914,2.4069,6.396,12.1756,10.9087,5.0875,12.5741,2.6048,13.5215,12.5605,3.0861,14.4211,12.285,8.7995,13.6181,7.8593,7.477,6.3891,14.7653,14.2679,10.5776,13.4286,5.9549,9.9997,5.9901,8.0818,13.1962,3.7154,7.427,3.4219,11.5929,8.545,9.7262,14.8605,14.8143,3.1448,10.6403,4.569,14.6012,11.8968,6.3166,14.2398,3.8746,14.3515,14.897,13.026,4.5757,9.5316,6.4639,14.606,6.1195,3.4777,8.5791,11.1324,10.1202,3.4225,9.9495,12.8969,8.7761,14.9307,14.3121,3.2381,6.9927,7.2558,8.8902,7.2796,10.027,6.8813,8.3449,8.73,13.603,3.6367,11.5692,5.2724,14.1898,8.032,9.0905,12.0019,8.0207,9.1716,3.2407,3.2154,2.99,8.8129,5.0775,5.6875,5.4576,7.2071,2.6056,4.2274,11.3145,11.6468,8.6621,14.2305,9.1293,4.1235,15.2413,14.1793,3.3077,13.6996,4.5988,8.8432,13.0177,6.1045,3.2355,5.3372,13.4964,9.6606,5.1201,9.7647,13.6225,3.5085,10.3769,6.1431,10.9907,15.5382,9.108,14.3989,10.0061,12.6638,4.2898,6.5892,5.2352,12.767,4.8512,13.7159,8.6297,10.0115,10.3101,7.9341,6.8435,3.5428,3.898,8.3879,13.2218,9.6331,4.4053,3.4175,8.299,7.3792,5.9663,12.7547,10.2229,3.1659,6.9877,10.3609,6.7736,3.644,3.4969,9.6884,13.8207,4.4458,9.087,8.8531,10.1865,7.2086,12.3705,11.8313,10.2032,3.9187,11.6396,7.6031,5.8054,8.919,12.602,8.8429,11.8787,10.4837,5.4408,12.1873,7.0667,7.416,14.2449,9.4622,6.0936,3.7588,10.6715,4.0142,5.5916,14.0727,11.2567,10.3404,2.8911,6.4417,8.564,6.6091,12.0461,13.3305,4.7926,11.9133,3.5163,12.2607,10.3177,8.4442,12.1069,11.6859,12.8889,5.1374,5.1849,11.8712,10.5523,13.9406,10.2799,13.2508,14.5726,5.8384,7.3223,13.8945,3.1599,5.6866,8.642,7.8569,6.7058,11.5236,14.3491,2.616,7.4697,5.5025,2.1911,8.3411,6.6035,11.4554,11.074,11.1203,14.8209,11.3771,12.9494,2.6086,10.522,8.6179,11.667,4.8484,9.5081,5.6764,12.5782,10.479,5.1901,9.7713,6.6884,14.296,11.6357,5.3343,13.1203,6.1383,7.0914,4.8505,2.954,3.0328,14.3313,9.0052,9.2349,5.635,3.1336,10.0419,10.151,12.3203,2.8621,12.5012,4.8768,14.2875,11.8478,2.8589,9.0301,3.1373,13.6312,3.1448,5.3705,9.7761,7.8819,3.0402,11.7063,10.7954,8.6607,12.5597,8.6374,8.4404,14.2231,3.3878,14.5216,11.0931,9.4249,3.8074,12.4097,13.2216,10.6186,4.6,6.2795,9.3808,9.4821,12.8511,6.7209,12.5986,9.6827,9.5387,4.4445,14.2932,4.2423,8.8726,11.4804,3.7395,13.5784,14.6854,11.9538,8.2468,6.5828,10.1688,13.9129,6.1108,4.1656,4.8102,4.2951,8.3246,9.5224,12.8057,5.287,10.6132,3.8367,4.0794,8.3759,11.3982,13.3656,4.1764,6.5613,6.366,4.3894,12.0432,10.6369,8.3102,5.0081,11.7668,14.3667,11.2104,8.0337,5.0182,12.5139,4.6826,7.4626,5.4646,7.7695,11.9401,10.3515,7.1939,12.022,7.1636,7.416,5.4846,7.9322,6.6595,13.5536,5.3766,13.2947,14.1709,9.3286,9.5118,10.075,13.3994,11.9028,7.2098,11.2069,9.4096,10.2238,8.2715,5.4142,11.0153,11.9981,13.8605,9.1504,10.7468,11.5556,8.8353,10.3588,6.9164,13.7804,7.2616,4.0647,7.1058,4.0166,14.9941,11.1322,6.937,4.2426,4.1195,4.5025,12.3698,14.5963,14.2676,3.8784,10.7663,11.6178,4.267,5.2287,4.7828,12.4512,7.9445,14.7687,9.4269,12.6364,3.7621,7.3571,8.0565,3.5239,12.9483,5.3969,14.4708,9.624,8.3461,5.8287,8.3424,8.5567,5.3433,11.0987,5.1684,11.776,13.7952,8.4665,11.0505,11.12,12.2471,4.7843,4.8556,8.6714,2.148
GS050,B3,F,52,control,9.5733,13.8431,4.5009,14.5576,8.8708,6.2325,4.8064,4.5971,4.4836,7.0445,4.2401,8.229,13.0832,10.3391,7.7524,10.2012,4.1084,10.1029,14.541,6.943,9.6755,13.8615,12.3684,14.8655,10.6162,4.2683,3.7827,7.5644,3.7027,3.7786,5.7395,5.136,4.2457,14.1231,14.5641,9.2936,9.7795,6.5147,5.9101,6.0847,10.0728,13.4132,6.1673,6.2909,5.196,6.4338,13.026,11.1065,8.1498,6.5936,13.8603,11.6447,15.0989,9.9597,6.1098,8.1125,5.9504,6.6655,11.2658,6.6691,12.4746,7.2137,9.7026,2.869,9.5357,14.5271,5.1944,11.4167,7.3023,5.4518,13.0295,2.6806,2.0755,12.6993,4.7124,6.9283,13.1834,9.9129,5.4798,11.4532,4.7992,14.4928,13.7946,2.6085,14.878,8.3299,6.025,13.5043,8.2097,8.4562,6.3601,14.3804,13.9049,11.6336,10.9183,2.6102,10.3333,3.4467,6.9813,13.656,6.4978,8.8013,3.3881,11.2985,12.3349,9.4667,15.0874,14.4571,3.5193,5.8815,3.3031,13.8705,12.1809,4.8166,13.9574,5.626,13.8137,14.6953,10.9137,3.1034,10.9193,8.9943,14.9792,10.6761,5.2113,3.0393,6.9513,10.5827,4.6548,11.5743,9.9231,7.4109,13.3759,12.4594,3.8411,6.4631,8.4214,9.8938,7.1613,7.8355,2.7456,8.8347,13.2997,14.4011,4.3787,6.5305,8.7015,12.7996,7.2403,8.9929,11.566,6.5602,6.1008,2.9815,3.1747,3.2754,6.8636,3.5136,8.8363,3.633,7.1865,4.0231,6.2451,9.7506,10.6096,10.3848,13.7877,8.874,7.2177,15.003,11.7868,7.4683,12.8836,3.19,6.5883,13.4093,6.402,2.7583,3.4475,11.4053,12.7507,9.9276,14.4342,10.603,3.7046,12.6245,6.1265,10.1628,14.7427,8.6106,14.8917,9.2125,10.2959,4.6265,4.8391,3.2587,12.1326,6.5331,12.5586,10.1733,11.9749,4.9605,7.9538,6.4942,3.3909,3.8118,3.8825,13.4212,11.7819,4.0384,4.5918,4.218,9.8989,3.9136,13.6336,9.1745,3.1673,7.6031,6.9837,4.6286,7.4945,2.3173,9.6183,11.4199,2.0,11.3102,11.5579,11.2827,6.1047,8.513,8.8306,7.9087,2.5758,12.7953,10.5489,5.5823,9.8475,14.9257,6.4516,11.5921,11.0207,9.4402,11.8475,8.2934,5.3626,14.539,8.8551,4.7702,6.3395,10.9172,2.3546,5.8933,14.3901,10.1086,12.7643,8.7223,5.2841,9.0494,2.5956,13.4991,13.133,7.1324,12.191,6.7871,9.7211,10.146,7.2116,12.7905,8.1122,9.2129,6.8962,5.6453,13.0601,11.747,14.0263,11.9199,13.8605,14.4192,6.2191,5.0526,13.349,5.575,7.6442,8.6901,8.4197,2.6343,14.7966,13.8628,5.7972,8.3367,4.8781,2.7575,8.0983,5.533,6.3693,10.4008,10.319,14.4176,11.7553,13.8249,2.6681,11.546,5.2646,11.0204,8.0723,9.3858,5.3975,12.453,12.5746,7.452,12.2979,2.7653,14.0446,9.5487,2.7259,14.2764,7.2605,2.347,5.6497,2.9925,2.486,12.3278,7.1896,5.0884,8.0403,4.9336,10.7817,11.4166,12.3885,2.917,12.5522,4.7924,14.4378,9.7029,5.1298,10.9295,2.8872,13.1724,5.0688,8.3613,7.6253,2.9296,6.5036,12.7408,11.8137,10.9109,12.5505,8.7533,9.2955,13.7425,5.7859,11.453,9.3979,11.6172,3.1507,12.3506,14.1381,11.0872,3.2345,3.4694,10.9235,11.2673,13.2964,5.2047,12.2319,8.1545,11.7345,7.7514,13.7905,4.0172,9.7279,8.3941,3.94,13.3036,14.5455,12.4023,9.2293,4.4836,10.8217,14.1902,5.5552,5.1532,5.8892,4.4295,4.9347,8.7285,13.73,6.2595,13.9011,3.6913,5.4949,7.1951,8.4519,11.7735,6.9901,4.2404,5.4639,3.9512,12.3222,8.6719,5.9647,3.3438,9.1648,13.8154,10.6891,8.5178,7.517,7.5343,3.773,9.3701,4.2878,11.5797,11.4508,6.9713,10.366,11.5711,6.9133,6.4431,5.5517,8.1489,6.5822,12.5861,6.7319,13.3821,12.0738,10.8918,7.9888,10.21,13.0712,14.7932,8.8166,12.5841,10.4224,12.83,9.5718,4.1138,10.0691,10.5209,11.7963,7.0822,14.3528,12.191,9.0824,9.6248,8.421,14.1324,5.0823,3.9375,6.1488,3.844,14.8,8.6675,13.8584,4.3916,4.0815,8.0028,11.0478,14.7722,14.6479,6.3277,12.265,11.5836,4.6469,4.0382,4.2967,13.3761,8.0881,14.9183,10.7782,11.2448,4.0991,8.6671,10.6721,4.2217,13.4564,6.5009,13.9565,9.252,8.1168,4.0909,8.869,9.1535,7.674,9.6081,4.8708,10.3101,13.0244,10.4925,12.0902,10.4771,12.8785,4.869,7.7419,9.082,5.7915
GS051,B3,F,40,case,8.8419,15.0624,4.3113,13.7052,13.0785,8.7767,3.9383,7.2244,5.1074,4.2001,5.1099,6.4364,12.2882,9.9044,6.7808,7.9638,4.5549,9.6765,13.869,6.7797,6.5406,14.2263,12.8005,15.2717,9.8238,4.4487,4.1749,9.6869,4.0476,4.3596,5.7423,6.5837,4.0086,13.6444,14.5477,3.7706,7.2877,9.9422,9.3035,6.0495,12.2846,12.7747,8.43,4.8661,6.595,4.6813,12.9197,8.9704,6.8546,8.1415,15.0781,9.4761,14.4438,10.8896,6.4082,5.6168,6.4177,3.837,9.473,5.9917,11.4547,3.6564,9.3601,7.9448,8.2428,14.3446,6.0929,13.3082,6.3834,8.1086,11.398,2.6092,3.3331,13.4378,2.9912,7.387,13.9433,12.3548,2.8097,11.387,2.7922,14.6876,11.7187,2.9571,14.2406,11.2587,6.9786,13.9084,9.0775,2.484,7.5656,14.4755,14.4371,10.5724,13.2229,2.295,8.5443,7.9974,8.2927,7.7663,3.5672,6.6997,5.5386,10.0862,9.7815,9.5872,14.7878,14.575,3.7328,11.5823,6.6628,14.2286,12.7122,3.7274,13.8683,4.6849,13.7273,14.459,11.5438,3.5332,10.626,8.4419,14.6859,10.3895,8.286,8.0306,8.0899,10.3621,3.5791,11.6789,8.1903,10.7731,13.8866,13.7802,3.7818,8.0293,6.6092,12.9155,6.4343,4.71,5.0546,7.0232,12.6439,13.5117,3.2535,7.0056,6.7765,12.2512,8.8108,7.362,12.6132,3.6909,9.3735,3.1475,4.5155,3.5645,9.3474,2.9142,9.6894,4.5692,6.6629,6.8341,7.8015,11.5347,6.1214,9.8975,14.9221,7.5486,4.7799,14.5883,13.4581,3.0167,12.3654,3.5105,9.3617,12.2103,7.2739,3.6638,5.2445,12.4812,13.3797,2.8866,12.7985,12.5716,3.3537,13.5494,8.776,10.0846,14.9767,10.1825,14.5911,9.583,11.6514,6.0078,8.7428,7.4574,6.6337,3.0197,14.4036,6.155,12.0774,5.0925,3.219,9.0464,6.1513,3.6889,9.5627,13.6959,9.4632,3.7182,4.9425,4.8982,10.2412,4.8894,12.7271,8.7522,3.6704,7.5756,5.3668,4.2229,9.6732,4.9744,10.392,11.3171,4.8149,10.366,10.5125,8.816,5.8282,11.2591,10.3101,9.2095,3.9216,12.28,7.7707,7.1185,7.3375,13.678,8.2056,11.2311,10.4836,10.271,10.1043,3.5431,6.378,14.8437,5.3411,6.6116,3.6206,10.729,4.068,9.3381,10.9965,12.6016,10.9589,4.8331,4.2387,11.8735,3.7816,11.7879,12.5233,6.9635,10.9362,7.9467,8.9003,6.0246,11.3558,10.5623,11.1352,5.2663,6.2597,5.6345,12.4166,13.2259,13.6459,12.1555,12.0194,13.5345,9.233,6.0291,14.3486,2.8767,7.3075,5.2413,7.7919,3.1226,11.602,14.1084,6.0428,10.3403,2.3178,3.043,6.084,8.5977,9.5672,9.1496,10.5026,11.3209,10.999,11.6384,2.686,12.1852,5.5519,12.4691,10.4225,9.5081,7.0244,13.904,11.616,6.0734,12.8898,6.5999,9.7334,10.7511,7.5723,13.9645,2.3708,2.8795,5.0475,2.5988,5.6642,14.0437,7.4225,7.8584,5.6438,3.5181,10.231,12.1478,12.0776,7.1774,11.0736,3.2225,14.5552,10.9451,2.941,8.4242,2.9895,13.4729,5.9784,9.4076,10.9447,2.8469,8.498,13.4053,13.4433,6.6263,11.658,8.8924,8.3055,14.8333,3.1492,14.2431,10.9961,10.5569,3.5026,11.335,14.1484,11.9311,3.5103,6.2912,12.9576,11.9695,11.891,7.6634,10.9279,11.9463,12.3372,4.6711,14.5329,3.9691,8.5157,6.3656,4.3266,13.2115,14.408,11.9293,5.9271,7.1062,8.6315,12.9914,4.4293,9.0394,4.5547,6.1364,7.2556,10.8332,13.0268,4.4845,12.1157,4.8599,4.4184,8.5038,5.7016,14.3017,6.0882,5.3943,8.594,4.5212,11.5746,7.9844,5.361,4.6789,12.7731,12.9639,11.1262,8.1454,5.7937,12.4707,8.249,7.9475,4.3048,11.7231,9.015,10.6739,10.4732,9.1543,6.151,5.7107,5.3738,8.8821,9.9693,14.3394,6.8092,12.4745,12.8487,8.5338,6.8345,9.9907,14.0927,14.4139,6.2265,10.4766,13.1948,12.9133,9.1511,8.1875,8.7725,11.9007,14.3935,4.0889,14.3363,11.1398,9.0872,9.7781,3.7449,13.8407,5.6903,4.3117,6.314,4.6813,14.9475,10.3846,12.5824,4.3439,3.8817,6.3928,12.1986,13.5337,13.7611,3.6472,9.4524,12.9711,5.2189,6.3351,7.6905,11.9625,6.3349,14.9835,8.9883,9.2855,4.116,8.016,13.6248,3.7609,12.2484,4.6847,12.6215,11.0384,8.4886,4.5861,7.7518,7.9453,7.5122,12.2178,4.7109,8.6547,13.5798,9.4527,12.8101,9.3622,12.6217,4.698,5.1513,8.3031,2.9222
GS052,B3,M,65,case,2.5717,13.4063,5.4181,14.1236,13.6161,3.9851,3.9938,6.5138,4.0402,6.0522,5.5775,7.4863,11.0127,11.0008,4.0118,7.4316,4.1259,9.3413,13.2708,6.6865,11.1715,12.6482,13.2474,14.8447,10.6481,4.5132,4.158,7.7332,3.7315,4.0086,4.0322,9.1543,5.4687,14.2401,15.0325,5.5767,8.6868,7.2655,8.7162,5.8305,12.7792,13.0235,3.6235,7.8135,6.5049,5.1912,14.4818,8.0608,6.4564,7.0631,15.1164,11.0683,14.6635,13.1749,4.0782,6.15,4.0564,4.3276,8.4254,5.6367,11.7672,5.9708,8.1282,8.6406,8.567,15.1734,3.567,12.5299,7.298,3.2827,9.2958,4.634,3.248,12.2036,3.088,5.5738,13.127,11.93,5.4915,10.7482,6.1291,14.3797,12.7584,2.8347,14.2595,12.5256,5.7693,12.65,7.7605,8.4904,6.3934,14.7015,14.8448,9.2656,13.3602,3.2509,8.9822,3.0668,7.432,9.7319,2.6431,9.8393,4.0505,10.9945,9.699,10.1396,14.8571,15.3371,3.07,12.5341,6.9395,12.7677,10.7773,6.6206,14.0029,4.7188,14.3915,14.68,7.3205,3.0506,9.6868,10.6459,14.221,11.368,7.8894,9.0188,10.0173,10.95,6.8166,11.0644,11.2653,8.5116,12.4068,13.1973,3.3141,5.279,4.3054,10.9766,3.1358,10.8765,2.8749,8.2065,11.6881,14.4744,4.2694,10.8121,7.9311,14.6095,6.1852,7.4472,13.6616,4.5602,9.9172,2.932,2.6907,2.6428,7.8344,4.0637,7.2688,3.1949,6.9306,4.6008,6.9944,9.6279,10.1073,11.4115,14.2737,8.7917,5.2628,14.9008,12.1212,6.7399,12.4906,5.7658,8.6406,13.2685,8.587,2.5567,4.9989,7.6485,11.6544,9.0125,12.2016,12.6882,2.6641,12.607,6.7215,12.0871,14.5755,6.5211,15.0932,10.2639,12.4324,4.8198,2.441,8.9497,11.9469,5.5108,13.6859,9.8381,12.0623,9.6819,2.6247,7.4116,2.5448,2.6762,11.133,13.995,8.4476,4.911,4.7641,7.7956,9.3166,5.5214,8.435,5.5222,2.7601,8.2501,4.8611,5.9119,9.0017,2.7213,8.3661,12.2449,4.9446,10.2595,9.8381,10.456,2.2571,11.5813,11.4593,7.1842,2.6758,12.8977,7.6691,5.909,7.3594,14.845,5.843,12.2397,11.8519,7.3924,11.1144,5.6725,4.9522,14.4643,8.9453,3.5823,4.667,7.9276,4.246,8.1449,14.069,13.3395,11.0013,4.2451,3.2395,8.7231,3.2286,13.666,11.5021,4.5311,9.1654,3.3323,9.4671,9.0291,11.8271,9.0112,9.9923,12.9308,7.6165,5.9012,13.3562,12.4992,14.515,8.9508,13.2973,12.4507,7.2709,7.268,13.7167,4.8683,7.4307,9.9664,7.47,5.0951,14.7289,13.2242,5.8136,9.8452,3.4571,4.3984,6.421,8.1768,7.9272,8.8621,7.3948,13.5672,11.6137,10.8101,5.8053,11.5246,4.6085,8.9837,9.8229,9.0623,9.2634,11.8451,12.0213,8.059,12.1279,4.4826,12.886,9.5808,4.9286,14.077,3.9006,7.2591,3.6064,3.5885,7.4881,9.6684,6.0252,6.6429,6.5512,3.5845,12.4853,9.5138,11.3734,4.1778,13.0573,3.7904,14.35,11.1138,3.91,7.8643,4.8524,14.1418,7.1111,4.7245,11.8029,6.4404,7.453,11.9969,14.3656,10.5315,10.3438,8.8517,11.1799,14.0454,4.2417,12.8869,9.6499,8.4668,3.4365,13.3251,14.098,11.0861,7.1058,7.4636,10.6721,10.7421,11.6451,7.9939,13.9017,6.8285,11.2281,8.1921,13.8162,4.7894,9.2645,8.1176,4.0118,10.478,12.894,10.9174,4.5998,6.643,12.3575,13.1004,3.3187,3.8487,4.6732,4.6817,8.3837,9.6171,11.0889,6.475,11.9103,4.3085,5.7925,4.2521,9.8175,14.7033,4.0054,6.6022,5.6105,3.5152,12.2887,10.4493,7.7983,3.6062,12.4657,14.3446,11.0095,5.6701,3.2211,10.2261,6.0401,9.2985,6.1765,10.202,11.863,10.9811,8.822,10.8417,6.2243,5.3411,6.0313,6.127,8.248,13.5001,8.0914,12.6355,13.2237,8.775,8.2633,5.8571,12.5816,15.1256,3.0981,10.709,11.8388,13.0503,7.5626,7.6213,11.8998,9.955,13.3219,10.0353,12.9023,10.9768,9.2982,10.637,6.3877,13.6746,6.0275,3.6124,6.1137,3.5846,14.6406,11.277,13.4776,3.691,2.873,9.8582,12.1515,14.1284,13.9627,3.2013,9.4766,14.342,5.1772,6.0476,5.2066,14.1032,11.243,15.1946,10.5866,10.0091,3.0265,9.0473,13.5571,7.903,13.8484,3.2095,11.8244,10.8856,6.6504,6.2204,6.1849,8.7015,9.2503,13.5927,4.8925,11.1721,13.863,10.543,13.1644,8.5453,11.8779,3.3401,7.3653,8.4596,7.349
GS053,B3,M,39,case,8.3919,15.0059,4.9763,14.0446,14.0419,6.0342,4.7988,6.0775,4.0632,6.1788,4.1343,5.9076,13.0469,10.7798,5.5524,6.0947,4.4505,7.2309,14.5991,6.5857,10.8334,11.5436,11.7676,14.6364,7.8428,4.5012,4.2573,10.9197,6.3714,4.3096,7.6036,5.9656,4.4385,14.3762,13.354,7.751,3.7073,9.1801,3.5536,4.5153,11.4169,10.4304,4.8971,8.4512,8.7456,6.3548,11.3156,9.7082,6.1087,9.0583,14.5394,8.6361,14.7987,11.8279,4.3719,8.5267,4.752,7.7594,9.194,3.9033,12.0439,7.893,10.5532,9.283,9.6159,14.8908,3.1811,11.9073,6.3954,6.2027,10.0372,2.5965,2.9041,11.1528,6.3938,6.7244,13.5623,10.8111,2.0297,11.3156,2.6902,14.001,12.9793,2.1803,12.3982,10.0227,2.9182,13.1254,8.4675,6.745,2.3114,13.9204,13.0563,12.5303,10.627,3.3769,8.49,7.1889,8.1687,13.6181,3.5826,9.1713,4.075,9.3982,9.2033,9.0239,15.0569,14.5111,3.796,13.3223,3.3175,14.3073,9.6995,8.3202,13.2799,3.6819,11.2745,14.591,12.2384,3.7512,9.8274,10.2793,14.8901,10.4019,8.114,8.3764,8.1276,12.4501,7.3874,10.541,11.3032,6.584,14.2307,13.6358,3.1145,2.852,6.69,10.8115,6.0944,6.0493,5.8172,5.5722,12.1381,13.7182,4.919,8.3653,4.7015,13.8214,8.9796,4.8245,12.7524,5.1793,9.4907,3.6456,2.8652,3.6924,8.4712,3.4614,9.8355,3.4404,7.2347,5.4319,3.509,8.1124,10.8324,10.8518,14.2574,6.992,3.4567,14.6713,13.84,3.4459,10.0446,4.9955,3.6811,12.8095,3.6898,3.3546,5.2834,13.5954,12.8338,8.6512,12.6263,13.1173,3.7198,13.9315,5.6355,9.8754,14.8355,10.5882,15.1811,9.8011,12.3057,4.919,6.1578,6.7588,13.2218,6.5149,15.0057,9.1033,10.6557,8.2581,5.5821,4.3915,3.9436,3.562,9.6795,14.2776,9.0445,3.7613,3.6746,6.8771,9.015,8.1308,11.8822,8.1052,3.8701,5.6578,9.635,5.5673,3.4105,5.5515,10.244,11.9316,3.3301,11.2258,12.4847,9.5986,7.965,13.2394,10.6278,6.5284,3.3678,10.8906,10.9869,2.5749,9.0232,13.807,7.309,9.9383,10.0399,9.2985,11.6914,7.2101,6.8187,13.3364,8.689,2.7489,2.3939,12.1713,2.8635,2.7897,12.317,12.3562,12.1244,2.5509,5.8239,9.6487,2.8038,13.6206,14.2665,7.3108,11.7555,2.6382,10.1697,9.7528,10.7924,12.2525,7.5881,12.2758,7.0162,5.6872,11.3897,8.6391,11.7336,11.2564,12.8794,13.1722,5.7102,8.0729,13.6796,2.7657,8.2739,10.3219,7.1164,2.9579,13.5289,14.21,5.3877,9.4698,3.0684,2.6896,9.1768,8.3226,7.137,9.6976,11.4324,14.1219,11.244,10.8537,3.3604,13.3589,3.9516,10.1431,10.1367,8.444,2.7006,11.8065,10.2469,9.6286,12.8897,5.5749,13.6484,9.0569,3.0443,14.2532,3.0439,5.2622,3.3347,3.134,3.3866,13.6807,7.5202,5.7842,4.1536,4.8874,8.8998,9.6162,12.3274,7.2624,11.0338,8.1431,14.7905,10.627,4.5378,4.5363,4.2841,13.7684,5.2628,8.1604,10.0668,4.3564,5.0928,12.3127,14.3259,8.6683,12.5956,6.6984,8.0836,13.3985,5.0737,14.0108,12.2957,8.6372,5.0544,13.4172,14.4814,8.407,6.33,4.2547,12.6844,10.8736,13.6866,7.648,13.7388,11.8317,12.2249,7.9573,14.7196,6.3527,8.2308,11.7056,5.6118,10.746,14.5502,9.6483,5.0129,4.6138,9.7049,13.2196,4.8238,7.2858,7.1169,5.7211,6.7876,10.0939,13.9109,3.9943,9.7451,3.6958,5.2186,8.6291,10.3512,14.6859,5.9272,5.9573,7.1427,4.0421,12.1465,7.3847,7.9339,5.9115,11.3233,12.197,10.4003,6.6787,7.1838,11.8208,5.8169,6.7137,6.8723,7.7275,12.9533,10.4106,9.3056,11.7484,5.9314,4.8152,6.5469,4.2211,8.0115,12.7052,7.5668,12.5259,14.5017,9.126,8.6866,7.3628,11.781,13.4589,8.5386,10.7202,10.9542,11.9376,7.5483,7.2336,11.3837,12.0787,13.6938,6.8986,13.3399,12.8845,7.9492,9.507,5.5596,13.816,7.8342,4.4522,5.9889,5.3654,14.4541,10.4771,14.4147,4.7526,3.8612,7.0467,12.0311,13.2393,14.709,4.7903,12.1257,13.924,4.3775,6.8828,5.0522,9.8663,11.1375,15.0449,12.5379,10.5993,4.6784,7.2941,11.7957,3.9056,13.2124,7.1162,14.8928,11.7003,5.4257,5.1231,7.8442,9.3394,8.9387,11.5876,4.7648,9.2374,12.6677,6.8781,10.8925,12.6172,10.8298,4.8187,7.6277,10.9016,6.1014
GS054,B3,F,58,case,7.4557,14.3977,5.49,13.1721,12.118,6.2129,4.1686,4.6943,4.1841,4.7698,4.8258,4.6901,11.7847,8.3622,4.5564,8.9967,5.5083,6.2564,14.4594,9.0541,5.4033,14.224,12.246,15.2076,11.1504,4.6427,7.3666,9.8849,4.3458,4.4414,4.9513,8.3679,4.0899,13.5737,14.5234,7.0894,6.3638,7.0111,10.0233,4.2642,11.8772,13.3339,7.9641,7.7976,9.0784,4.6221,14.3495,10.4783,5.9028,7.3614,14.1633,9.2685,14.9328,11.6731,4.7879,7.0483,6.0068,4.6592,10.905,5.5853,12.3365,9.5963,11.1387,10.3114,8.0793,14.8447,3.9145,13.4294,3.2494,3.3311,9.3515,3.2339,3.3272,13.1164,8.0969,5.6604,13.5828,6.3133,6.0087,11.5127,3.1885,14.0987,12.7843,3.3614,14.3572,6.8483,4.8492,13.8128,9.3813,3.287,8.5715,14.494,13.967,13.6827,13.5037,2.8652,8.1976,7.9428,6.7397,2.7314,2.5659,8.0978,6.0393,10.7862,9.7915,7.243,15.0291,14.3942,2.9511,11.3942,7.5859,14.2076,10.7993,6.8191,14.6383,2.5305,13.2841,14.2863,11.3554,7.3288,11.4987,13.1312,14.8473,8.4654,7.2368,4.1728,10.9058,11.1537,7.2386,10.2667,13.4016,8.208,13.0784,14.2199,3.9706,9.9178,9.5364,13.0016,9.8182,10.1725,4.0164,8.5462,10.8296,11.7305,7.5171,10.471,8.4549,14.504,8.5432,8.0864,13.1749,10.0943,8.755,5.141,4.0008,4.1619,8.2331,4.9245,10.5313,4.938,8.8885,3.5038,5.1255,9.8406,11.745,12.3679,14.8329,5.1069,5.2539,15.4159,11.3094,3.7725,12.0884,3.2118,8.57,11.0944,6.7241,5.151,3.5988,11.5546,8.9874,11.0014,14.1854,12.0084,2.9935,12.8595,5.4631,11.2659,14.8108,10.3247,13.7355,11.4028,13.0127,6.4896,3.3864,5.8738,10.2144,8.3271,14.0414,8.8437,8.7508,6.494,5.5919,3.4876,3.2405,3.0552,10.2858,14.5498,10.1118,2.1246,4.3389,6.9401,6.6307,6.0614,13.7906,5.9529,3.1584,6.5614,8.4889,3.3589,3.5478,6.1843,10.8812,12.5301,3.5359,10.7902,9.3996,11.7542,6.1906,12.6707,9.2713,9.5196,3.4309,10.7554,7.9622,6.4801,5.8576,14.9974,5.131,12.2501,10.9193,4.9217,12.2952,6.8097,5.1506,13.86,9.9126,2.0,3.9766,11.5911,3.0282,8.3049,12.5207,12.781,11.9003,3.9931,6.6811,11.9707,3.6412,10.4574,12.3827,8.8056,8.1928,5.1343,11.9605,8.3697,10.0206,10.9412,11.7824,13.1878,6.1813,3.1111,12.5274,12.5585,14.0666,13.3659,13.1184,12.4553,8.5822,7.619,13.8172,5.2413,6.6076,10.3631,7.3562,3.6326,13.0232,13.4146,3.3666,10.0824,5.3657,3.5925,5.3711,8.8681,7.7974,7.2616,10.1124,13.789,11.6406,13.5422,5.2776,11.7057,7.4288,8.8947,9.4831,7.5596,9.4734,11.4115,11.5892,7.3289,12.3611,5.521,13.4034,7.3317,6.8139,12.711,3.6354,3.8455,5.1126,7.3319,4.1886,14.2815,9.7211,5.412,5.3346,3.4382,11.5856,10.7032,12.2651,5.5512,12.3118,3.6058,14.1539,8.2883,3.1037,7.4359,3.1398,10.3949,8.1234,8.2805,9.7415,2.7659,5.7541,13.7714,13.6133,9.4634,10.1597,9.9856,7.1352,13.0118,3.0411,14.0311,7.8324,9.4048,6.7923,10.8047,14.041,9.0239,2.4408,8.7893,12.8919,12.153,13.1332,6.8585,13.1103,6.2694,6.6697,7.7102,13.5718,6.2165,10.4426,7.8288,2.8272,11.6381,14.6334,11.7197,6.4979,2.5816,12.9134,14.3882,3.0782,6.7085,2.4552,2.8413,2.7327,9.6288,12.1734,2.951,13.277,3.3403,2.9302,8.7334,10.9733,14.2792,5.7236,5.5569,7.2493,3.1335,12.4424,9.7323,2.8913,3.0129,9.8404,14.5739,9.8824,3.6789,8.8025,9.1211,5.1735,9.5515,4.0292,8.4503,13.2746,9.5595,7.3072,10.2535,5.0333,5.9207,7.122,5.4403,9.1932,12.0792,7.3642,12.7649,11.9582,5.8917,5.628,7.0194,9.5193,12.8342,7.0209,11.4029,12.9789,12.6314,6.4551,7.7923,10.4193,10.4185,12.3798,8.9279,13.7021,12.2819,9.3747,9.6983,6.2919,13.5226,4.0082,4.9921,6.3979,6.6878,14.9272,11.7477,14.1404,4.7114,4.5912,7.0689,12.2419,14.1268,14.9415,4.4987,9.9085,13.326,5.6475,5.1472,4.4551,12.9019,10.5211,14.9268,11.3172,11.4854,4.6236,9.6564,9.1909,4.8756,10.8347,4.3218,14.2412,12.2874,8.9243,7.9796,6.4806,4.9368,8.8022,11.1057,6.0022,10.7929,14.0778,7.6076,12.2216,10.5363,14.0272,4.2661,8.5389,8.0659,7.7084
GS055,B3,M,36,case,9.9405,14.6157,7.3039,15.1334,12.7866,4.6247,4.7618,4.275,4.5447,6.2048,3.991,7.1293,11.8482,9.7841,7.435,10.054,6.5335,12.3407,14.3484,9.2802,9.9403,11.2465,11.9797,14.7085,5.0453,3.6509,4.1031,6.8685,6.0221,3.7705,6.9018,8.1379,6.2684,11.2434,11.3132,5.803,8.9842,7.7136,7.1792,4.8666,12.9922,13.419,8.745,8.2963,8.0892,6.2957,9.8819,10.4898,6.2845,6.8917,14.673,11.1265,15.2295,12.7017,7.0149,6.589,2.6135,5.9546,9.5899,6.3141,13.1433,8.0062,6.1731,8.3222,9.2846,15.0673,2.729,11.1435,7.0353,6.1203,2.9353,2.7797,6.4768,12.6375,2.1675,7.8974,11.7033,10.096,2.7271,9.0677,5.9804,9.0607,12.9217,2.7293,11.8164,10.7536,6.7025,13.0842,7.5587,8.6906,7.1603,13.8388,12.8514,12.4656,13.5626,3.2632,3.7288,7.241,10.4428,11.2623,3.4839,8.8994,6.0085,6.7346,11.7989,8.0326,14.893,14.1443,3.3184,10.1953,6.3226,13.9919,8.8879,5.7365,13.6593,5.8868,14.5425,15.2726,11.3043,6.1219,7.6692,9.7272,15.1469,10.2154,8.4627,6.7353,10.7602,11.7221,6.0687,11.9209,11.9132,9.8027,14.2506,12.5123,3.4676,7.6754,9.5399,8.9377,5.0617,8.2969,4.7983,8.8268,9.4264,14.6339,2.997,10.4386,4.5381,13.0326,8.6555,4.9066,10.3967,8.0446,7.9087,3.5999,3.1174,2.8239,7.6785,3.0819,7.6281,3.2688,8.5736,3.4798,3.4573,12.7545,12.1875,12.876,13.7391,6.1838,5.173,14.751,12.4986,4.99,12.2972,4.8744,11.3971,10.8427,6.6448,3.7861,3.5957,9.623,13.0783,8.8056,13.3791,11.9848,3.2132,13.7685,7.7057,12.5816,13.8984,6.4384,14.4341,11.9131,12.6753,5.6252,7.6767,7.1844,11.1958,3.3891,13.9089,9.9208,12.0492,8.3369,3.3143,5.5106,3.277,3.5649,11.6305,14.4983,3.5126,5.054,3.5625,6.1756,9.3254,6.731,12.7024,9.7469,3.2995,4.887,7.6551,5.8051,8.525,4.2554,11.3685,12.4024,5.4555,7.4029,12.3291,9.8054,6.8762,11.2505,10.7684,9.655,2.8787,12.2376,5.5912,8.3916,7.4826,14.4826,8.8579,10.8903,9.4372,6.3011,12.0086,5.9274,6.8833,14.9624,8.886,2.4204,2.9901,10.4448,2.2098,6.9292,14.2246,11.7471,13.3809,2.6752,5.3912,11.5971,3.1276,14.0195,13.6607,7.1761,12.4562,4.9246,8.3664,8.392,8.1742,10.9693,9.6572,11.4921,5.5862,5.3993,11.3292,11.456,13.5649,12.0178,13.7936,13.1327,7.9215,5.2819,14.5396,2.3421,9.3928,10.5717,5.5851,2.5085,11.3811,13.8508,6.7027,5.3199,2.4801,2.2738,8.647,5.399,10.0812,11.9495,12.4016,14.2012,10.792,13.0293,6.827,11.8441,3.3093,13.4811,9.5066,8.7733,5.9794,13.717,10.1675,9.1339,13.1941,4.0348,14.2021,12.9467,7.088,13.1865,3.092,5.101,5.2,4.9168,6.5842,14.4271,3.1136,6.9166,4.6865,2.7222,10.4602,11.3911,13.5304,2.9397,12.9701,5.2686,12.5674,11.8531,2.8908,6.3559,4.8436,12.0753,7.7979,9.3776,9.7158,2.9748,6.775,13.921,13.846,10.2054,11.4602,8.7744,5.9991,14.2486,3.3381,13.3639,11.2537,11.1186,4.0233,13.1375,14.0214,10.7627,4.2321,7.9061,12.2398,10.7849,13.4823,6.8735,13.916,10.2435,11.4401,5.1213,14.3483,4.8216,9.7796,8.5683,4.6472,10.7225,14.4569,12.2084,4.0757,4.941,10.7311,14.6389,4.5704,4.4148,7.9789,6.9893,5.4885,7.4382,14.046,4.9292,14.2662,4.3765,9.1684,5.4901,8.5446,15.0843,4.8149,5.3373,7.6488,4.1607,11.0212,10.8454,3.6697,4.063,9.221,14.2554,10.5924,7.6388,4.1777,12.1282,3.7204,10.1038,4.6975,10.6932,12.8175,9.5638,9.464,10.3583,5.542,5.7998,6.3359,4.2125,7.6469,12.2423,4.1792,12.6766,13.3744,7.1043,7.3872,8.8228,12.6753,13.0825,10.7606,9.0421,12.6047,11.3458,8.9892,8.0557,11.5913,12.0569,8.2697,8.4248,14.1931,10.9664,8.5594,9.3544,4.1955,13.696,3.581,3.9793,9.2399,4.6696,14.7279,9.876,13.8432,4.3006,4.1693,4.1422,13.1007,11.632,14.5386,4.0108,7.9449,13.0585,6.1259,3.8441,6.4476,9.2363,9.7302,14.6761,11.6351,9.3856,3.8204,5.2715,11.0454,5.3456,12.5091,6.6919,10.1012,12.0718,10.7541,4.6047,7.3167,8.9208,9.7043,13.0361,4.7246,7.5526,13.733,8.7641,14.0521,7.679,8.8164,4.8173,7.4541,6.7678,5.8881
GS056,B3,F,44,case,8.1542,14.8736,4.513,14.5129,12.48,7.746,4.421,9.1273,4.5595,5.806,6.6927,5.3395,12.5625,9.2069,5.5463,9.3639,6.8711,8.276,15.0439,4.2912,9.3536,11.7722,11.253,14.8813,8.0616,3.0747,3.9598,8.7556,3.5281,3.8293,6.7275,6.284,6.05,13.0082,14.6164,5.9445,6.5584,9.1385,9.4862,4.7731,11.7944,11.8154,6.9529,7.5091,8.9373,4.6079,13.5073,7.2019,3.8077,3.8485,14.7858,10.8587,15.209,11.2373,6.101,8.4053,6.292,5.8901,10.4567,7.225,10.0387,5.7694,7.8601,6.6009,7.8564,14.7742,6.0181,12.6984,3.3273,2.5458,11.2787,5.3949,2.8705,12.2397,5.5286,9.0486,13.7061,13.1664,6.3656,11.7227,7.1753,14.2975,12.421,5.7804,13.0758,9.9727,6.0526,11.6893,9.9104,8.0803,8.7368,12.0186,13.5108,12.5466,13.8038,3.3953,8.9971,6.0691,10.9248,11.065,6.3823,6.2614,6.2976,8.1018,9.8223,7.8622,15.2634,13.8611,3.4492,11.6927,8.5239,14.6377,9.9151,7.1988,13.0867,3.7778,14.7824,14.3245,8.4765,2.8915,8.471,10.7016,14.2083,11.7713,6.0454,7.8078,12.553,9.5511,4.1136,9.2993,10.8583,10.9742,12.7752,13.7552,2.5492,7.4743,8.0403,12.3688,8.2992,10.1167,3.0407,2.7667,11.5535,15.3071,2.9537,11.6793,6.8157,13.6806,7.3495,7.9671,13.5491,4.97,6.811,3.1396,3.1239,3.3434,4.9321,4.98,6.7677,2.9413,4.6402,6.7755,5.201,11.2023,11.7585,9.9517,14.7157,4.2029,5.9093,15.4099,10.7262,3.1005,11.9146,3.6008,8.3312,12.4415,4.2519,3.9658,2.8987,11.6731,12.6764,10.3514,13.2048,10.9551,3.3632,13.482,5.4565,11.1214,14.4997,7.9468,12.2639,8.6494,12.5109,6.7202,6.4716,3.9194,11.4089,7.0931,14.0921,9.6766,10.4356,9.4191,5.6937,7.9082,4.721,4.9856,10.1765,13.0661,11.5689,3.5648,3.6342,3.4085,10.2604,4.1795,13.4551,6.8258,3.5794,6.641,8.9095,3.1108,7.7633,5.607,8.6249,12.5843,3.143,6.3037,8.6814,10.4637,5.6907,12.8154,10.9657,5.8958,5.0744,9.7045,10.0704,6.8554,7.3886,14.8244,10.4871,10.217,12.4942,2.6303,6.261,5.4434,8.6948,13.4844,9.9626,2.6525,5.5559,7.9245,2.7797,2.5672,13.7693,11.757,11.7463,5.111,5.3078,11.1745,5.026,10.7576,13.9636,2.5457,11.3486,6.1098,7.8483,9.2584,7.3539,12.9032,10.2619,12.1552,6.9562,5.1646,13.78,12.0227,12.4094,11.0875,14.4308,13.2164,6.9858,7.6405,13.8637,5.2445,9.0875,8.42,10.1874,2.8164,13.1894,14.4861,2.4514,9.4523,2.3223,2.4646,10.884,6.4059,10.6682,7.3405,4.9731,13.6701,12.4636,13.7731,2.8689,11.5546,4.8484,11.7208,8.8188,8.9692,6.5901,12.1952,8.077,7.8437,10.398,5.5599,14.0828,8.6055,2.79,14.4773,4.0735,5.0169,2.8065,3.0812,2.9245,13.5904,9.3342,4.9151,2.6158,3.0729,4.9823,8.6962,11.3625,4.5351,14.0071,2.8438,14.777,12.0562,3.0906,7.7753,3.9233,13.3886,7.1038,9.128,9.8678,3.831,7.9637,13.8788,13.8433,8.1969,9.8486,9.7081,11.126,13.3332,5.1965,14.4108,10.647,11.1196,4.2669,10.9496,14.3258,10.7518,4.495,10.6183,13.0456,7.0304,13.2141,4.5777,12.4504,7.4889,10.5078,4.3325,14.6208,4.6837,10.8962,9.3608,4.2476,8.6137,15.1427,10.9832,6.4578,5.5981,9.786,13.8373,4.2806,4.4849,4.3531,4.6017,4.043,8.709,13.4894,7.1112,13.6589,4.2386,6.7494,7.1535,9.2106,13.8528,6.7141,4.8558,8.4589,4.1646,11.6104,8.8803,3.797,3.6889,11.3096,13.9291,9.596,4.1282,6.2704,12.2048,6.7969,9.0516,6.526,11.1013,14.0112,10.397,10.5643,11.8109,7.3182,5.1357,6.3923,8.8721,8.6395,12.7064,6.371,12.1701,12.3277,10.3629,9.7224,8.4871,13.0359,12.1242,9.2284,12.9152,9.1654,12.0593,3.9898,6.5801,12.107,11.2157,14.0229,8.5518,11.4701,10.3805,8.647,10.9256,5.278,14.6123,5.361,4.1219,7.8383,5.1643,14.4977,11.8031,13.6727,7.2599,4.7608,10.2655,10.1276,14.1317,14.5473,4.844,11.2201,13.9197,4.4438,7.0877,4.4891,10.3454,9.6241,14.9221,11.7028,8.8611,4.2142,10.5564,12.9862,4.8154,12.8929,4.9242,14.4344,12.6916,7.9832,5.4864,4.2262,7.6668,7.9059,12.8104,8.9467,4.899,13.7636,8.9022,13.0089,12.5389,13.9613,4.2184,7.4143,7.6746,5.9206
GS057,B3,F,64,case,8.6934,14.9439,5.6723,14.1982,7.6132,9.7514,5.6092,6.2649,6.2498,5.8233,6.6666,3.8501,11.953,8.8219,3.8653,10.9054,6.2602,8.8096,13.7448,6.1657,9.3065,13.624,12.2299,14.5536,10.2118,3.5592,3.7682,7.2094,4.1227,5.0545,5.35,9.6249,3.8764,13.7363,14.4522,6.1601,5.1967,7.4325,8.9471,5.0401,10.8988,9.5254,5.6275,5.7322,5.4288,6.0717,13.1219,10.1008,5.7618,2.9231,14.9819,10.2734,14.5727,11.4538,3.5388,7.7481,5.3391,6.3604,10.7118,6.8221,10.7789,6.7906,10.34,7.9678,10.7403,14.9005,2.5857,13.6239,5.5568,2.6338,11.4293,2.6049,2.6489,13.1998,5.2318,8.9335,11.5722,11.2966,2.8506,12.3021,5.448,15.0585,13.1665,3.6411,14.0042,11.8508,6.4129,10.4232,8.2789,7.6605,5.4035,13.0135,14.5502,11.4209,13.9014,5.5793,8.8329,8.2555,9.416,11.817,5.8053,8.3612,3.0008,7.3877,10.6097,11.8419,14.2286,14.7738,5.5844,13.2488,6.7774,14.0154,10.3071,5.9564,13.1896,3.8341,14.4877,14.5403,12.0919,2.8687,9.2377,9.6552,15.0438,9.3156,6.7446,6.2203,5.7774,12.2343,3.2464,10.2274,10.7101,8.8443,14.2595,10.6476,3.2452,7.0723,8.7295,11.7843,4.4773,6.613,3.2072,6.9821,10.9181,14.3367,6.8552,7.5715,6.3924,12.0571,10.4868,8.8623,8.8736,8.0197,10.9243,3.3537,3.4774,3.6661,9.0038,3.3764,7.3979,3.1303,6.4497,8.1254,4.5339,8.1522,10.3986,11.6155,14.6734,10.5891,4.8376,14.7269,12.8491,7.0795,13.7466,2.9639,7.5687,11.5449,6.4557,3.3354,3.37,11.5622,12.2522,11.1778,12.9697,11.992,3.8764,12.9923,8.466,11.005,14.3571,8.8164,14.3979,9.0466,13.3646,4.5402,4.3386,6.0024,11.3825,7.31,13.2218,8.9536,11.7919,5.0876,3.3823,7.0968,3.249,3.224,9.7189,13.9356,9.5615,3.7647,4.2505,3.5377,9.247,6.8094,10.9334,6.0878,2.9577,7.7675,6.1902,6.742,8.6035,2.9867,9.6648,11.782,4.676,9.8763,9.8531,10.0026,5.8542,13.5681,11.6637,7.0887,2.3412,10.9562,10.5951,5.2371,8.4072,14.5558,7.1733,13.4554,11.2916,5.8286,10.468,5.0841,6.8146,14.607,7.8521,5.02,2.6621,10.583,5.0212,9.4825,13.449,13.4869,12.5503,2.4876,5.1009,10.6969,5.0505,11.9074,11.0381,2.4628,11.2704,9.5767,10.914,10.1987,13.6497,12.4204,10.6141,11.8996,7.4809,7.1891,12.6787,12.6594,13.6671,12.6542,13.0985,11.1814,7.4287,5.9233,11.6679,5.2028,8.1027,11.4908,2.7077,4.8727,13.6998,14.2196,2.9308,8.9216,3.3648,2.5411,9.1094,9.0924,6.8949,9.7187,9.1412,13.4703,13.0026,13.262,5.6643,12.8684,3.3277,12.4172,9.4733,10.1376,7.3033,12.7565,11.8962,8.012,11.8981,2.9735,14.0646,8.7714,2.8652,13.2014,2.9891,2.8043,5.1729,4.7237,3.1134,14.2418,9.7306,5.136,8.0423,3.4803,7.1157,11.1058,13.2644,4.362,13.5506,3.8262,14.8803,9.6272,4.2901,10.1492,3.9688,13.083,4.9716,7.1659,9.3539,4.149,8.1977,12.4924,14.3499,7.2574,9.1443,8.3452,9.5097,12.7136,4.2319,13.4102,11.2526,12.029,4.8887,12.4488,14.0407,10.4789,4.0286,7.1975,11.1383,10.7848,12.4673,4.8869,11.1993,8.737,10.4958,4.3425,14.0515,4.5434,6.3188,9.1892,4.8308,9.4218,15.0252,9.5676,8.4378,6.9626,12.2255,13.7836,6.1704,8.2286,5.0353,4.8873,3.5277,7.5231,14.6737,4.3802,12.5511,3.6167,6.5164,5.2512,7.8795,13.5395,7.9669,5.2676,4.7361,3.6439,13.3763,9.4952,5.1203,4.3602,11.6063,14.6309,9.6551,6.6343,7.5872,8.1098,4.9281,8.6225,4.0946,10.1515,11.5683,11.9416,6.6246,8.2303,8.0674,6.5352,8.2878,7.251,9.8393,12.8634,6.6139,11.886,13.8992,8.4122,9.6287,9.6947,14.2488,13.3806,7.2217,10.141,13.1662,13.0079,6.2741,4.7845,10.1669,9.2029,13.5166,7.2097,14.5655,12.4658,8.779,10.03,6.4045,14.6287,3.8301,3.373,7.1894,4.0304,14.7171,9.5394,14.5673,3.7652,3.9133,7.7422,12.6052,12.525,14.6161,6.0481,7.4553,13.5368,4.0008,5.8206,8.7553,13.2644,11.3129,14.9473,10.8376,11.344,4.9743,8.4137,12.9846,6.2157,12.0907,4.0726,13.6313,10.5608,4.6533,4.8646,8.2253,5.9859,9.7121,11.3854,8.2062,8.3508,13.7854,9.3429,10.1105,10.5128,12.4508,4.1117,4.5154,7.23,2.846
GS058,B3,F,56,case,9.4227,14.3897,6.1568,14.9019,11.6073,8.0166,4.2967,4.5396,3.938,4.4797,6.203,4.0057,11.7631,7.8047,3.9847,8.6553,6.1983,7.2313,14.1023,6.7537,7.6394,13.2647,10.0534,14.4097,8.11,3.8622,5.8449,10.6538,6.1533,3.9438,5.9355,6.7251,4.9268,13.9637,15.14,6.1186,8.6653,7.5291,7.0759,5.9002,13.0955,10.6127,6.588,4.5629,5.8377,2.7485,13.9384,9.4708,2.9173,8.0627,14.9378,8.9542,15.1799,12.1503,6.4863,4.8111,4.5128,5.0289,10.5211,2.5048,12.9874,4.4943,8.8982,6.4273,9.565,14.8937,3.8343,10.1037,8.2076,5.1823,11.2774,2.4804,2.9344,12.7346,4.6874,6.7278,14.1405,7.9756,6.7146,10.4779,5.0377,14.3964,11.3158,6.126,13.6833,10.6641,2.9929,11.8653,6.451,7.3658,7.9761,13.4663,14.807,9.6712,11.2708,3.1739,5.3267,7.8307,10.4641,12.2213,4.2892,9.3572,3.6244,10.046,9.0237,6.9027,15.0525,14.8793,3.0343,12.2469,5.9717,11.9882,11.635,3.411,12.2499,3.455,14.2017,14.7347,8.5014,6.8529,7.1628,9.6763,15.153,11.3569,7.1408,6.1342,9.2591,10.2392,3.1497,13.0175,12.0165,10.251,13.9682,14.3344,3.9644,6.9257,4.4703,10.5631,8.0288,6.7961,7.2171,3.0152,13.722,13.7566,5.4076,10.9938,8.6804,12.0904,9.7784,8.8,13.686,6.5705,11.3354,3.2771,3.5457,4.4478,8.9514,3.5081,8.0878,3.3,5.0307,7.3494,5.2145,11.0244,11.7848,10.5363,14.5124,8.5698,7.5123,14.5857,13.1639,6.5528,13.8551,3.3479,8.5528,12.5758,6.4437,3.2925,3.5003,11.7906,10.7896,9.4599,13.9,12.6675,3.7456,14.6232,3.2324,10.3525,14.6318,8.2385,14.5447,10.8256,13.7775,5.2422,4.6304,8.3999,12.6292,4.3705,13.1584,11.5821,8.3529,5.9617,3.4892,4.2684,3.358,3.3372,8.6022,14.3326,9.6308,5.7761,4.0433,6.2301,8.2677,5.6593,13.3306,10.5871,4.4291,5.4291,8.5871,3.2227,7.6642,4.2665,8.8602,13.1055,6.4517,10.0628,11.4597,11.19,6.8073,13.1006,11.4588,8.6903,2.7316,12.8432,7.116,5.5979,7.4286,13.9311,8.0854,9.7487,11.5718,6.9343,12.6504,5.4008,8.6176,13.8961,9.8853,2.5114,2.3492,12.096,7.1597,8.2605,10.5509,13.3604,9.3455,5.3436,2.7441,9.829,5.3728,12.4712,12.81,7.8218,11.6785,8.0523,6.0836,9.0909,10.0692,12.1674,11.5137,12.0746,7.3237,4.4838,11.2356,12.1191,13.6487,10.8245,12.9952,12.2758,7.6971,7.0007,14.433,4.366,9.5774,11.2608,5.1431,2.5159,13.7794,13.1504,4.751,5.3759,5.2065,2.2771,10.2978,2.7464,8.6241,10.8058,8.5182,11.1659,11.3066,11.5656,4.9884,13.0019,6.3416,11.8905,10.2475,8.2125,5.3261,13.1564,11.4251,9.0732,12.1313,4.417,14.6593,10.4228,2.8603,12.6875,5.0835,6.7424,5.7868,5.4754,6.5279,13.5384,4.6791,7.0447,7.3299,2.6391,12.1054,7.4259,13.2699,4.4971,12.4455,2.7488,13.2193,8.6421,4.9312,9.5847,3.0556,12.6016,6.9188,9.675,10.4693,4.8324,6.613,14.2668,12.8196,8.6895,9.5435,10.9268,10.6576,9.1816,3.0653,13.9399,12.7718,10.3167,2.5621,12.5943,13.4187,10.9564,4.7399,6.3985,10.1601,9.5674,11.3861,5.2499,13.2432,7.502,7.8422,7.8078,13.1589,2.9523,9.8913,10.5964,3.1119,12.4693,14.3422,12.6716,3.8992,6.8529,10.7637,14.4712,4.5214,4.0441,5.0347,4.8643,7.8589,9.4758,13.66,4.8029,12.6571,4.1543,3.8764,7.641,9.1815,14.5917,4.1281,8.2844,9.9446,4.1632,11.9522,7.4343,4.9516,3.9214,9.8862,13.747,10.9096,8.4164,6.3919,10.4085,5.68,7.1741,5.2704,9.7845,13.2563,7.634,10.2292,10.6315,7.8436,5.6298,7.6266,3.4831,10.0645,6.3211,4.5131,13.8289,13.3999,11.2491,7.0933,9.21,12.4929,14.7929,10.829,11.5006,11.8891,12.6048,5.3728,5.6917,12.2953,12.4476,12.2382,6.7894,13.3282,9.9411,8.5182,10.7891,5.3098,13.8144,3.8475,3.6515,6.5403,3.3362,15.4177,8.9852,13.6697,4.4703,3.9596,9.0351,11.8708,13.5899,14.5357,6.3572,11.5283,12.8053,4.159,7.1277,4.7323,12.0577,8.9672,15.0656,11.3209,9.1259,4.1358,9.7193,13.3845,4.5971,11.7208,4.5371,13.2106,13.0292,9.4926,4.5617,9.3277,8.06,8.6471,13.4838,4.1361,8.4949,14.7849,9.0206,11.7967,10.1763,12.7524,5.4126,7.6723,9.2231,6.2465
GS059,B3,M,70,case,8.3324,14.6164,4.9804,13.9025,11.8052,8.0357,5.795,6.1673,3.743,5.6844,5.9824,8.9528,12.1593,10.8269,4.8514,9.1356,8.2971,8.2494,14.9912,5.697,11.409,13.5693,11.8649,14.7795,9.6232,3.9487,4.9957,9.5393,4.6784,4.6283,6.2664,6.1849,3.8542,14.452,14.1573,7.0547,5.5514,6.0554,9.2902,4.6122,11.3654,11.1154,3.6837,7.1423,8.2865,6.6408,12.2483,10.512,5.18,3.9186,14.7595,7.6394,14.8346,11.8704,6.51,7.2184,4.4442,7.5556,9.3074,7.3987,11.72,7.8403,10.1843,9.281,10.7591,14.6963,3.2843,13.0862,5.5962,3.002,3.4153,2.9155,3.1504,13.2677,6.4291,9.0046,13.1469,10.2412,2.7532,7.0667,2.7557,14.8426,12.1134,3.1303,14.0188,11.5589,6.3697,13.6538,7.7711,6.1267,8.589,14.2686,11.6096,12.058,13.5721,2.1852,7.429,6.2038,8.161,11.9826,2.6814,9.2644,6.2231,10.3469,6.5745,10.1813,14.8326,14.0833,3.9015,12.9742,7.6087,13.3803,12.0416,6.6509,13.0628,2.2908,13.9596,14.8356,11.1135,7.2221,7.1879,8.5016,15.166,7.7713,8.8758,4.5843,9.9974,8.9011,3.5756,12.5952,12.0786,11.3883,13.537,13.3158,3.5031,8.0723,9.7557,10.0511,4.9969,10.7895,3.6611,7.8553,12.8752,14.3666,3.4973,9.6648,8.1705,13.9934,8.46,6.9891,13.1698,8.3584,7.3254,3.5543,3.4151,3.2507,8.1715,3.5088,7.9635,3.2058,5.562,5.0598,5.0233,10.9623,10.382,10.2984,14.6021,9.8301,5.8674,15.3525,12.6609,4.0046,12.33,2.6814,7.4735,12.7463,4.9475,2.6259,6.0572,9.8573,11.8611,10.1279,12.3808,10.6327,2.9907,12.7841,7.9211,12.1732,14.729,5.0347,14.386,10.9094,11.734,6.5403,7.7187,3.232,11.0721,6.0654,13.0216,10.3636,12.0628,9.3069,5.4434,3.245,3.4605,3.3572,9.6302,14.3199,6.0945,3.9951,5.4201,4.4285,10.0551,4.134,13.7846,9.0479,3.8019,7.9608,3.5248,4.4476,7.5658,4.691,10.2975,11.7953,4.6812,9.9468,10.0823,10.857,4.2015,11.7369,10.8921,9.6662,4.101,12.6147,10.113,6.7954,8.3396,13.6798,7.4464,10.5919,10.1826,8.5651,11.3943,7.3467,5.4424,13.9911,8.8012,2.2074,4.4478,8.3177,3.7138,7.06,12.9003,11.8747,11.5607,4.792,3.442,8.0352,3.3175,9.5779,12.3564,4.1045,12.2314,7.2689,9.6202,9.9773,11.4639,10.9826,8.2916,11.8488,6.4668,9.2484,11.6755,11.7753,12.361,9.3637,11.6009,14.7546,8.8783,4.5874,13.9938,7.0608,10.0228,11.6084,3.2174,3.2327,13.7293,11.0492,2.5556,7.9105,2.4681,2.479,6.4023,6.5329,8.1646,9.2802,10.2257,13.9118,13.0654,12.5621,6.4216,10.6885,5.9346,11.232,10.3554,8.4971,8.7554,13.4294,12.6285,4.2608,10.7838,4.9073,12.6917,9.6561,4.4348,13.6483,3.9884,5.9142,5.0302,5.8451,4.7051,13.6666,7.3826,2.4526,2.2238,2.4418,12.352,9.6162,13.7186,5.4515,11.3543,2.8193,13.9474,9.1033,5.5412,7.4466,6.0014,13.2912,5.7316,5.8718,10.4837,6.5059,2.8156,13.7471,13.1125,7.5918,9.3899,9.2108,9.5601,13.877,2.8082,14.1803,11.2535,8.8447,2.6546,13.2047,14.3234,11.7757,5.728,6.4116,12.0556,10.2114,11.341,6.5377,13.8749,9.6742,11.0647,6.9419,13.0858,3.1759,9.6936,11.4353,3.0769,12.2924,14.801,12.0283,5.0239,6.5693,10.8218,12.6047,6.5401,6.5626,5.4692,4.8537,8.8798,8.1088,13.0675,6.1124,11.978,3.8683,5.2415,7.7062,6.4535,13.6256,4.8161,5.0676,7.32,4.4599,9.7642,11.0798,9.0822,3.9579,10.8966,14.3135,8.4385,6.3044,6.2434,10.7136,5.3307,7.5082,5.5925,8.9574,13.6043,10.0883,9.3165,11.025,4.4141,7.8202,7.4122,7.885,10.583,12.8317,8.8345,14.2394,13.5902,6.663,5.5875,8.7723,14.7875,13.0649,4.8177,7.6796,11.3462,11.18,8.722,7.244,12.9523,10.872,13.4929,5.9982,13.9705,11.1004,9.0631,11.1487,7.4782,14.1958,4.4438,4.3808,4.5144,4.3334,14.9871,8.4925,13.4268,7.8449,4.6897,7.4982,11.6745,14.1599,14.5473,4.2842,11.6947,13.4737,4.5807,6.8536,4.0224,13.1074,12.0716,14.4721,12.9293,10.7965,4.1139,3.9112,13.4768,3.6456,14.1485,5.601,14.3334,12.7227,8.5489,7.9416,7.8825,8.3305,5.2644,12.7457,5.5156,9.7042,14.2478,9.5832,13.6652,7.8855,11.6526,3.715,5.6033,9.6085,6.4082
GS060,B3,M,51,case,2.6108,14.5888,4.4666,14.5574,10.962,7.3724,4.2952,7.29,4.8183,8.5799,7.521,8.9122,11.677,8.3054,4.7607,8.0041,6.719,10.5984,14.3199,7.9266,9.1783,12.5847,13.705,14.4344,8.6587,4.3367,4.1827,8.4639,7.4338,4.2844,6.5652,6.8451,4.4718,13.9104,15.2883,7.8444,8.692,8.4122,8.5248,4.7763,11.7061,12.7687,4.7056,6.3776,6.2092,4.6527,14.5495,8.8613,4.6973,8.739,14.546,9.474,14.8037,13.1683,4.8936,5.1798,7.2857,4.5691,11.4771,4.3233,12.0542,6.4412,7.615,10.5705,6.4648,14.7492,4.8285,11.8109,6.4841,5.1201,9.0754,4.3785,5.1864,12.3464,4.5546,7.2369,14.6255,9.7281,6.1233,10.344,6.106,13.0708,13.2194,6.3409,12.584,9.1311,3.2942,11.726,7.8449,6.681,7.1957,13.8514,14.2455,11.4977,13.067,2.5483,6.6559,8.3752,10.9184,13.1001,3.527,6.1041,3.0678,11.7265,11.6935,11.0531,15.3443,14.4758,2.8014,12.9155,7.877,14.2236,11.7299,3.4211,14.3076,3.138,14.0935,14.5592,11.7971,7.3293,8.4678,10.7146,14.8255,12.0318,3.0663,7.8476,8.4804,9.7015,6.0929,11.3364,9.9992,10.7363,14.4543,11.9344,3.3635,5.9494,10.4292,11.2721,5.7375,8.4122,6.9379,6.8735,13.1101,14.1452,5.0639,11.4285,7.5994,12.931,9.3292,9.4477,12.4384,8.0758,9.6281,2.8059,3.4294,3.6433,8.1171,3.1078,10.2952,3.2085,5.3426,3.776,5.3289,9.4138,7.6691,10.6006,14.4849,6.7906,6.9882,14.4997,12.8101,6.1104,11.323,4.6316,2.8857,11.1823,2.714,3.1502,2.6621,11.8679,13.7826,10.7373,12.8295,12.5993,2.0,13.6089,8.2409,7.6843,14.7374,10.2539,14.2863,12.5662,10.6646,5.0567,5.1041,2.2502,7.708,9.018,13.8563,7.193,11.4348,6.6949,6.0458,4.9995,3.0853,4.9624,12.7006,14.1056,9.0843,2.455,2.638,7.967,10.3893,6.1187,13.0869,2.4094,4.9359,6.4143,3.2305,4.7108,3.3145,2.7428,11.204,13.1444,2.5614,9.9903,10.3137,9.4982,4.5999,12.1506,11.4745,8.2194,2.7954,11.2918,5.1344,4.7885,8.7228,13.6709,8.3922,11.8927,10.853,5.8933,8.6086,4.6082,2.9601,14.4233,7.5643,5.8845,5.0714,5.985,5.6067,10.4637,14.0211,12.0887,12.0169,3.1042,5.933,13.1735,6.9593,11.9032,14.3726,2.9845,10.5428,7.4341,8.621,4.9086,10.2547,12.4962,8.7264,10.2341,6.8019,5.8667,11.2647,10.9821,11.6254,10.8189,11.4308,14.7321,6.2181,2.7534,14.1604,6.1648,9.0648,8.489,9.1098,3.5263,14.0449,13.1026,6.1253,6.1836,6.5759,3.9528,7.8082,6.0885,10.3173,9.6892,9.0094,11.9282,12.5751,13.1279,3.3099,11.8304,3.4415,12.6089,10.1933,9.3788,7.5202,13.485,8.9012,8.8259,6.1547,4.0165,14.0476,12.1839,4.231,13.7132,3.7504,6.4935,6.2392,4.3384,5.4369,12.3461,10.2104,6.6941,7.3707,3.9371,10.604,10.9747,9.8404,5.5894,12.7949,5.9519,13.9552,12.717,3.6679,9.7914,4.3685,13.7009,4.3862,8.5862,6.1975,6.6376,4.1596,13.4632,14.0401,7.4754,11.949,5.329,11.1611,12.0856,4.2386,12.2291,11.5972,9.5184,4.5795,11.8907,14.026,8.0668,3.9374,7.5608,11.7022,8.9748,11.5889,5.7452,13.1837,5.7096,10.642,5.9751,14.0086,3.8442,10.4724,10.5154,3.4209,12.0175,13.925,13.8195,9.475,3.9814,10.4731,13.6544,5.5617,8.5158,6.376,3.5941,5.2127,8.9648,13.1989,5.7871,13.9823,3.5847,3.3343,6.9847,10.6157,14.6467,5.2112,5.4912,10.4939,3.408,13.2369,10.1276,6.7173,3.6899,13.0925,14.2647,11.5812,7.6837,5.1814,9.5244,3.6679,9.1433,3.7862,9.1648,13.5263,9.2848,9.5386,10.9384,8.6992,6.3156,6.5626,7.7268,6.9228,10.2067,6.3899,12.603,13.5642,9.4298,8.2638,6.9773,13.4042,14.3326,3.3264,11.1134,10.6625,11.2763,6.3205,9.8241,12.6227,10.2187,14.5223,10.2671,13.773,10.4723,9.1788,8.0364,8.1567,10.9947,5.582,3.6085,3.7797,3.6029,14.4575,8.9739,14.0419,3.9669,5.3484,7.7437,11.2439,14.2678,13.8871,3.1913,10.4218,10.9838,3.9015,8.493,5.161,13.7052,9.7777,15.1777,8.1033,12.8488,3.5466,9.8862,12.7632,5.3937,13.0273,3.7535,12.309,13.1491,10.3555,6.6276,7.6549,8.844,7.2907,12.5323,7.4292,7.6683,12.6167,9.8483,14.1128,10.3862,10.5856,5.4576,8.7138,7.2522,4.6565
