sample_id,subject_id,timepoint,sample_type,run_order,batch,age,sex,bmi,mz_0001,mz_0002,mz_0003,mz_0004,mz_0005,mz_0006,mz_0007,mz_0008,mz_0009,mz_0010,mz_0011,mz_0012,mz_0013,mz_0014,mz_0015,mz_0016,mz_0017,mz_0018,mz_0019,mz_0020,mz_0021,mz_0022,mz_0023,mz_0024,mz_0025,mz_0026,mz_0027,mz_0028,mz_0029,mz_0030,mz_0031,mz_0032,mz_0033,mz_0034,mz_0035,mz_0036,mz_0037,mz_0038,mz_0039,mz_0040,mz_0041,mz_0042,mz_0043,mz_0044,mz_0045,mz_0046,mz_0047,mz_0048,mz_0049,mz_0050,mz_0051,mz_0052,mz_0053,mz_0054,mz_0055,mz_0056,mz_0057,mz_0058,mz_0059,mz_0060,mz_0061,mz_0062,mz_0063,mz_0064,mz_0065,mz_0066,mz_0067,mz_0068,mz_0069,mz_0070,mz_0071,mz_0072,mz_0073,mz_0074,mz_0075,mz_0076,mz_0077,mz_0078,mz_0079,mz_0080,mz_0081,mz_0082,mz_0083,mz_0084,mz_0085,mz_0086,mz_0087,mz_0088,mz_0089,mz_0090,mz_0091,mz_0092,mz_0093,mz_0094,mz_0095,mz_0096,mz_0097,mz_0098,mz_0099,mz_0100,mz_0101,mz_0102,mz_0103,mz_0104,mz_0105,mz_0106,mz_0107,mz_0108,mz_0109,mz_0110,mz_0111,mz_0112,mz_0113,mz_0114,mz_0115,mz_0116,mz_0117,mz_0118,mz_0119,mz_0120,mz_0121,mz_0122,mz_0123,mz_0124,mz_0125,mz_0126,mz_0127,mz_0128,mz_0129,mz_0130,mz_0131,mz_0132,mz_0133,mz_0134,mz_0135,mz_0136,mz_0137,mz_0138,mz_0139,mz_0140,mz_0141,mz_0142,mz_0143,mz_0144,mz_0145,mz_0146,mz_0147,mz_0148,mz_0149,mz_0150,mz_0151,mz_0152,mz_0153,mz_0154,mz_0155,mz_0156,mz_0157,mz_0158,mz_0159,mz_0160,mz_0161,mz_0162,mz_0163,mz_0164,mz_0165,mz_0166,mz_0167,mz_0168,mz_0169,mz_0170,mz_0171,mz_0172,mz_0173,mz_0174,mz_0175,mz_0176,mz_0177,mz_0178,mz_0179,mz_0180,mz_0181,mz_0182,mz_0183,mz_0184,mz_0185,mz_0186,mz_0187,mz_0188,mz_0189,mz_0190,mz_0191,mz_0192,mz_0193,mz_0194,mz_0195,mz_0196,mz_0197,mz_0198,mz_0199,mz_0200,mz_0201,mz_0202,mz_0203,mz_0204,mz_0205,mz_0206,mz_0207,mz_0208,mz_0209,mz_0210,mz_0211,mz_0212,mz_0213,mz_0214,mz_0215,mz_0216,mz_0217,mz_0218,mz_0219,mz_0220,mz_0221,mz_0222,mz_0223,mz_0224,mz_0225,mz_0226,mz_0227,mz_0228,mz_0229,mz_0230,mz_0231,mz_0232,mz_0233,mz_0234,mz_0235,mz_0236,mz_0237,mz_0238,mz_0239,mz_0240,mz_0241,mz_0242,mz_0243,mz_0244,mz_0245,mz_0246,mz_0247,mz_0248,mz_0249,mz_0250,mz_0251,mz_0252,mz_0253,mz_0254,mz_0255,mz_0256,mz_0257,mz_0258,mz_0259,mz_0260,mz_0261,mz_0262,mz_0263,mz_0264,mz_0265,mz_0266,mz_0267,mz_0268,mz_0269,mz_0270,mz_0271,mz_0272,mz_0273,mz_0274,mz_0275,mz_0276,mz_0277,mz_0278,mz_0279,mz_0280,mz_0281,mz_0282,mz_0283,mz_0284,mz_0285,mz_0286,mz_0287,mz_0288,mz_0289,mz_0290,mz_0291,mz_0292,mz_0293,mz_0294,mz_0295,mz_0296,mz_0297,mz_0298,mz_0299,mz_0300,mz_0301,mz_0302,mz_0303,mz_0304,mz_0305,mz_0306,mz_0307,mz_0308,mz_0309,mz_0310,mz_0311,mz_0312,mz_0313,mz_0314,mz_0315,mz_0316,mz_0317,mz_0318,mz_0319,mz_0320,mz_0321,mz_0322,mz_0323,mz_0324,mz_0325,mz_0326,mz_0327,mz_0328,mz_0329,mz_0330,mz_0331,mz_0332,mz_0333,mz_0334,mz_0335,mz_0336,mz_0337,mz_0338,mz_0339,mz_0340,mz_0341,mz_0342,mz_0343,mz_0344,mz_0345,mz_0346,mz_0347,mz_0348,mz_0349,mz_0350,mz_0351,mz_0352,mz_0353,mz_0354,mz_0355,mz_0356,mz_0357,mz_0358,mz_0359,mz_0360,mz_0361,mz_0362,mz_0363,mz_0364,mz_0365,mz_0366,mz_0367,mz_0368,mz_0369,mz_0370,mz_0371,mz_0372,mz_0373,mz_0374,mz_0375,mz_0376,mz_0377,mz_0378,mz_0379,mz_0380,mz_0381,mz_0382,mz_0383,mz_0384,mz_0385,mz_0386,mz_0387,mz_0388,mz_0389,mz_0390,mz_0391,mz_0392,responder
QC01,,,pooled_qc,1,B1,,,,18.133272,11.292966,,,9.015053,17.610002,13.869976,16.173064,13.026966,,14.797463,8.618386,11.727201,17.577069,11.899765,,9.266505,15.880023,,7.902918,16.538306,,,19.957183,18.284765,15.844354,12.32955,,,16.38695,,16.762861,18.441501,,16.854385,18.176639,7.264443,14.859861,15.21861,16.116477,9.675992,8.988088,11.1927,16.374175,13.440202,10.870234,11.18027,16.264181,,7.893119,18.47075,17.028241,18.711476,20.084545,6.106223,9.835893,15.84542,,16.233472,,17.888113,11.411845,,17.029259,7.479214,10.674484,,6.508587,12.832827,9.68317,13.222141,18.777372,10.259131,,16.453472,11.330463,17.798074,14.351518,12.992066,7.905868,6.798958,19.183532,16.382858,14.492211,15.246508,11.955461,16.133535,14.408341,13.66794,18.634183,10.745632,10.421118,16.154186,12.397266,12.343202,15.502621,7.493375,14.808442,17.368569,13.011414,,17.730365,16.068362,13.528443,7.562395,15.441767,16.472537,17.061975,,,11.912111,14.377284,10.670205,16.196156,16.543718,,10.027436,9.708187,10.941583,8.946526,6.753952,14.268177,13.542819,6.32355,18.874432,9.936417,13.826559,15.348245,16.458812,13.372683,10.183487,13.049741,16.161736,10.186238,9.482647,14.058532,15.69817,7.388362,13.185915,17.745117,10.899969,19.251784,13.521059,,12.986688,11.90718,13.316924,17.25696,19.168234,17.227726,17.663708,,10.773395,13.636394,7.489045,16.889978,10.567319,14.545547,17.101738,7.995202,10.057775,18.945061,15.618179,10.40834,11.542872,8.8098,9.217546,8.014634,18.198609,11.961623,10.780532,12.370172,8.502911,16.180257,11.665114,,12.472275,9.707929,9.926252,,12.323826,,,19.156095,13.618824,12.646541,12.266257,15.820559,18.719189,15.646192,,15.028586,12.527582,18.187315,,,16.190634,13.014177,16.434969,16.384901,,14.845061,,17.254194,11.187439,19.484971,12.618108,13.964861,13.529049,,11.830674,16.740949,14.203059,,15.664583,14.188604,,,16.804958,17.421533,15.230813,13.54276,,,10.949126,15.535121,16.572214,,,15.62192,15.644349,10.286257,10.357123,10.894697,14.874303,7.801611,13.29505,8.6637,11.703873,17.621836,15.035034,15.665698,14.495875,9.53222,17.895744,,17.749635,14.676238,16.197897,13.121168,,13.26105,18.211341,13.776131,8.761086,14.882392,9.813717,16.170503,17.187586,15.051217,15.890035,14.913995,13.000058,10.407746,9.165761,9.390878,6.079591,,12.776462,14.588602,,19.014417,18.02569,,7.283459,14.923087,,14.647833,15.88215,15.118805,19.108264,16.799395,14.650123,,10.186981,,13.797152,12.996957,16.245681,16.021998,18.4172,9.339004,15.127556,12.461799,18.083191,7.516803,13.887329,13.236893,15.560105,16.076525,,6.372081,16.757131,15.186537,15.806962,7.720278,16.956237,17.649988,10.235045,9.412231,11.598834,,,,7.448323,12.947014,14.919883,,14.431902,14.920642,9.792595,,17.764689,6.519793,,,10.470476,11.698696,11.969275,15.076686,8.68643,16.042534,,19.144397,19.096551,12.682268,7.509617,,12.650376,,10.134298,,13.960293,9.949579,12.825207,7.767059,17.743171,12.8771,17.47607,12.779631,,16.279085,19.086264,7.532629,10.349303,12.171671,18.846844,9.0,15.018765,12.557957,,9.623827,12.369919,10.580965,14.854065,10.498879,15.667929,17.394723,,11.017497,11.321037,11.167468,16.476094,12.742554,6.617945,16.534133,11.543873,11.266195,12.77588,,12.859013,12.274364,16.186024,8.846525,12.679715,11.567771,16.301757,15.317679,13.155533,14.810488,11.560701,12.531116,
S002,SUBJ001,pre,participant,2,B1,69.0,M,30.0,17.602335,12.132644,,,8.257246,18.093656,15.087961,15.711736,11.686614,,15.304274,10.341752,,16.496903,10.574187,,,16.234008,,7.946906,17.348556,,,19.029489,19.005351,15.626503,,,,15.614657,9.428967,16.493136,18.398544,9.799136,16.873069,18.561742,7.452859,13.350724,15.598176,15.954126,10.059574,7.877315,,15.999248,12.349328,10.443482,12.057606,15.626057,8.153552,7.908273,18.456415,16.017908,18.387533,19.747556,7.188935,11.500747,15.98572,,16.092509,8.149341,17.651855,11.345389,6.68594,16.975143,7.148527,10.778857,,6.605109,13.610553,,13.879076,18.953357,,,16.263946,11.163662,17.03621,15.101809,13.252081,,7.116968,20.764023,15.832273,14.073878,15.205261,,17.672685,14.713282,12.387743,18.274413,11.94905,10.833167,15.702242,13.049524,13.299823,15.584216,8.011786,14.229016,18.198827,11.982783,,18.218662,15.913645,12.316765,6.742006,16.60256,15.672674,17.413819,,9.409051,14.171784,,10.615124,16.077497,15.508874,,10.038137,10.537898,10.478426,9.602625,7.489125,14.195656,14.07086,,20.03769,9.978339,14.188994,15.490386,15.054767,12.734163,10.514369,12.494303,16.395409,,11.26324,13.452824,17.174098,,12.556214,17.766862,11.505221,19.068694,13.081122,,13.359103,12.1933,,17.180249,17.699036,17.412041,17.883026,,10.798715,14.384575,7.527086,15.805804,,14.213988,16.51529,8.220523,9.310908,18.319122,16.252518,11.556592,11.843238,8.534108,,8.264114,16.039416,11.887099,10.408266,12.245116,8.516685,17.428869,,,14.338931,9.722261,,7.560486,11.857771,,10.673857,17.985155,14.458749,12.646874,11.725933,15.411212,18.586863,14.959407,8.212083,17.519843,12.130883,18.793411,,,15.344227,14.230316,16.357518,17.366216,,14.315405,,17.522032,11.856756,19.825695,10.778751,13.767645,13.808867,,12.028718,17.089528,14.211173,,16.010057,14.113006,7.038151,9.164253,16.739622,17.14059,16.613053,13.76154,,11.242722,11.795605,17.133543,17.253091,10.460415,,,14.824897,9.728788,10.890006,,14.754201,,12.674574,,11.036709,17.026562,14.495696,16.864645,13.501768,10.204253,17.190603,,17.613173,15.555355,15.390243,13.523444,,13.462123,17.665899,14.363767,9.507636,14.968054,9.880946,15.928515,19.02952,16.796585,15.102065,15.02207,12.608615,10.978203,7.821264,9.727274,6.305606,,14.213925,16.2953,,18.970254,17.468031,,7.506922,,,14.605756,16.672754,16.340782,18.907455,16.513877,15.171305,8.545698,9.302845,,14.619711,11.73271,17.215026,16.580516,17.093972,8.845584,15.161576,12.482125,19.056635,7.715207,13.043444,14.318443,16.668201,15.981733,7.763279,,16.274742,15.175846,15.422599,9.438168,16.998357,17.648289,11.10298,10.015304,12.431983,,,,,13.201052,14.50195,,14.84213,15.756889,9.729553,,17.186723,6.899659,,6.405482,9.874244,13.039952,11.852631,14.911145,,14.335004,,20.011007,18.789141,13.729201,7.981225,7.074891,12.922384,,10.801716,,13.811024,,13.435513,,18.175177,14.220717,17.443203,14.217213,,16.76565,19.638312,7.886977,10.139385,12.128281,19.160242,9.121456,15.222733,12.607485,,9.451129,11.830602,11.047349,15.335949,10.690382,15.532351,17.441389,,12.458417,10.669239,10.840644,16.364981,13.714335,6.380937,17.30722,12.402527,10.718747,12.060966,,12.655139,11.862583,14.935644,8.268472,,10.505931,15.965115,14.902434,12.992145,14.749066,11.586737,12.447148,1.0
S003,SUBJ001,post,participant,3,B1,33.0,M,22.0,18.788907,11.107302,,,,18.600245,14.825807,16.212925,13.636144,7.629138,14.293824,,,17.277772,12.628635,,9.168396,15.145321,,,16.495815,,7.181997,19.402023,18.270643,14.391469,12.706388,10.236911,,16.157104,,15.550191,17.328577,9.7494,16.31094,17.321858,,14.072788,15.520538,15.329492,,7.767853,11.288791,16.802464,,10.597894,11.039728,17.947581,8.37169,8.440371,18.901433,18.077332,17.993905,19.621763,,,15.59917,,15.202209,,16.619529,11.680562,6.255123,16.171165,7.324901,10.864426,6.778997,7.490169,12.403486,,13.976477,18.506175,11.358107,,14.346254,12.265269,17.621093,14.130041,12.673799,,8.455861,19.800527,17.537016,14.279428,14.255984,11.555322,16.032624,13.288968,15.295818,17.806915,10.927771,10.588424,17.261544,13.753204,12.177694,14.524271,8.356496,15.475943,17.457047,12.548039,,16.689235,16.038942,14.72341,7.524738,16.127498,15.388509,17.013052,,,12.430899,14.850189,10.489758,15.415839,17.999126,7.618973,9.769325,11.168359,,9.327148,6.88093,13.750322,14.426339,,20.247489,10.043656,15.132843,16.140811,15.148113,13.965547,10.376777,12.454459,15.789438,9.314493,9.921737,,15.036365,,11.444125,17.888532,11.78229,17.535703,13.235603,,11.541547,12.368261,13.802926,17.121292,19.372895,17.004989,17.163045,6.317232,12.119596,13.137383,7.064258,17.222163,,16.444092,18.465076,8.19456,10.288728,20.538197,16.036165,10.015499,11.471502,10.158307,,7.483332,17.866588,12.502243,10.488131,12.079908,,13.778355,11.563954,,12.225238,9.556219,10.59995,6.413966,13.076958,,,20.869698,13.77266,,11.413348,15.88097,18.610406,14.428448,,13.302382,,17.667959,,8.638943,17.877969,11.767928,16.287022,16.288911,,15.081028,,16.618573,,20.587434,11.445687,13.823452,13.181573,7.630231,12.405383,16.587271,14.024982,,16.470092,,,,16.138138,17.80232,16.35262,,10.175313,,11.289685,16.558263,17.876293,10.24029,9.6904,14.817651,12.814146,10.942551,12.326199,12.103612,14.717506,8.101923,13.067994,9.18073,12.108498,15.998203,14.89124,14.119636,14.368624,,18.189225,7.490329,20.274592,15.141906,16.379514,13.222354,8.760354,13.835193,17.616143,13.841838,8.477677,15.154884,9.778209,15.461108,18.251242,16.036358,16.472391,15.443829,13.39838,10.741989,9.941928,10.372691,7.243936,,,13.959997,,18.53608,17.677994,9.082788,,13.333583,8.529431,14.442104,16.445439,13.175707,18.730671,17.133877,13.669429,,10.623086,,13.683448,14.811124,16.232736,15.28892,18.41093,,14.796337,14.187682,19.056296,8.075051,13.98909,13.565082,15.96359,15.637945,,6.616916,16.229429,14.680985,15.572487,7.636262,17.024284,18.7335,,10.108825,12.261293,8.860839,,,,12.818784,14.472108,8.84831,14.381148,13.331487,9.524463,5.852249,18.081161,6.552439,,,11.819552,11.860788,14.366513,15.803628,,17.483833,7.94228,18.780316,18.599169,12.226632,7.346691,7.042754,12.792829,,10.183449,,14.380198,9.572738,13.435914,8.667892,18.159807,14.495184,17.269304,12.764341,,16.752659,18.773732,7.246978,10.556803,11.786286,19.246944,9.015499,14.922545,12.78122,,,,,15.191088,10.992117,15.428435,17.534783,,11.519828,10.727793,9.938403,17.410627,12.877142,6.147103,16.553169,10.887579,11.01966,14.862926,,12.726874,11.115746,16.985867,8.558689,12.155308,11.057741,16.108056,14.279555,13.337646,15.343656,11.316112,,0.0
S004,SUBJ002,pre,participant,4,B1,44.0,F,37.1,18.636263,11.77992,7.004052,10.736512,9.518142,16.785373,15.003443,15.995852,12.069379,7.882704,15.414289,8.499886,12.19175,19.009525,10.975898,,9.253351,15.31826,8.07232,8.140216,16.088834,,6.168522,20.375812,18.843456,15.875567,12.734966,,,14.837607,9.017532,16.565132,18.120436,9.530036,16.646899,18.133778,6.776894,14.41529,14.94581,15.292355,9.167468,8.595556,,16.180602,11.945521,11.880177,12.386628,16.512182,8.812434,8.184776,18.80053,17.507254,17.950582,20.028457,6.970278,10.405344,16.15429,7.631104,18.259138,7.795195,18.277032,12.673457,,16.16674,7.134118,10.51197,,6.385604,13.380059,,,18.736853,11.105902,,16.809214,,17.788215,14.183491,12.772075,7.658569,9.242341,19.923872,17.522647,14.806501,16.200593,11.116506,12.867605,14.550601,12.879043,18.059355,12.388709,,16.741964,10.375626,13.075359,13.468302,6.88594,15.090258,16.741801,15.272829,,18.050944,15.257341,,9.003518,15.293894,16.569559,15.25115,,,11.960965,,11.176017,15.795546,17.457679,,10.434868,,10.924827,8.278728,6.314697,,13.023323,,19.271037,10.191528,16.245576,15.047972,15.960855,12.972777,,12.850286,16.715094,11.182947,11.134798,14.907853,16.639007,,13.548891,16.57553,10.182742,17.945248,12.942144,,12.570804,12.893302,14.114491,18.245417,19.01126,17.539793,16.340786,,10.884529,13.314158,7.038261,15.298683,,13.905608,16.460062,7.552976,9.85451,18.001757,16.10456,10.343052,12.19846,8.550631,,7.714589,18.218233,11.855406,9.968984,,9.692964,14.477795,11.962173,,12.07161,9.171202,10.151803,6.640968,,,10.56353,20.346873,14.32273,13.052685,11.500941,16.314858,18.571226,14.840845,8.406545,15.72109,12.608966,18.108486,,,16.408777,12.978053,17.056282,15.123273,6.865795,,,16.759533,11.126182,18.461148,12.238593,12.961348,13.872052,,12.794367,16.741969,13.995498,,15.833468,13.866158,6.713558,,17.041475,18.257458,16.499653,13.424122,,11.101746,12.590564,15.588422,17.097492,,,15.653187,15.237483,9.19928,10.429041,,14.23277,7.78862,13.974262,8.873506,11.118026,16.205702,15.7658,14.198155,15.426657,9.492374,18.498422,,20.039962,13.924774,16.787782,13.437147,,12.986983,19.027967,,9.018005,14.287929,10.743067,14.846815,16.128775,15.863966,14.250349,14.059946,12.302927,10.558019,,12.27531,7.357288,,12.920881,14.91819,,19.445813,19.587171,9.924427,7.832067,13.636361,,13.805189,15.432212,16.638864,19.267041,16.371626,15.405714,,10.709351,7.870858,14.547203,13.949091,15.388177,16.686121,18.443515,8.91767,15.960541,11.936296,18.547109,7.694044,13.954822,12.930665,15.263076,16.00915,,5.98982,15.580332,15.077511,15.926592,,18.41534,17.79456,10.311181,10.191121,11.561278,,,,,13.062012,15.464625,,14.410225,14.988306,8.351204,7.395149,17.369891,7.086083,,5.896272,10.93053,12.596628,11.648645,15.883861,7.94357,17.318659,7.546509,20.184833,19.031635,,,,13.096582,,10.020716,,13.550324,10.8444,13.221848,,17.541823,12.97073,17.743638,13.223237,,17.345438,19.158311,7.367983,10.933978,11.765158,19.198319,9.35942,15.021342,12.807365,,9.493595,12.76545,10.250831,16.456381,10.968429,15.517949,17.722115,,11.103209,11.723776,,15.618806,12.724834,6.816472,17.084775,12.270517,9.754871,12.314139,9.43927,13.363949,12.770009,16.0675,8.666508,11.666774,11.683271,17.390182,16.561383,13.347142,15.905797,12.055143,12.526384,0.0
S005,SUBJ002,post,participant,5,B1,67.0,M,22.8,19.191313,,,,8.713971,17.908722,12.965252,16.311136,11.505782,6.965092,14.362395,9.134195,11.660205,17.638269,11.728014,10.706815,9.34771,16.510047,9.365994,,16.864922,,,18.012806,17.808511,15.010818,13.937841,11.011542,,16.083832,,17.934503,17.189187,,16.884339,18.104399,,13.107554,15.146396,16.47394,9.424733,9.963373,11.751929,16.415281,13.705791,9.717933,,15.674705,,7.250488,18.45851,16.983879,17.167653,20.320717,6.619266,9.827438,16.417932,,15.845541,8.754186,18.075179,,,17.698852,7.156639,9.670338,8.238405,7.489928,12.748386,9.952363,13.150457,18.631787,10.010864,,17.008293,11.556037,17.689988,13.335463,13.055881,7.348463,7.221297,17.856406,16.489839,14.45393,15.349175,12.173562,17.924739,13.379959,12.952601,18.135928,13.257236,10.839094,14.926714,13.261701,12.81323,16.433921,8.125413,14.403552,19.221767,13.736628,6.177918,17.045882,15.269936,13.515967,,15.331554,17.697689,16.959082,,,11.543249,14.385959,10.846329,15.739654,17.284977,,8.371428,10.873175,11.130674,8.511595,7.115616,14.060657,,6.664767,17.691614,9.639956,14.5204,14.180324,15.736392,,,13.59406,16.378327,10.533145,,13.741982,15.807831,,12.842156,15.373739,12.09168,17.578652,13.915264,,13.073842,12.62088,12.335047,16.067444,19.844252,17.038127,18.258376,,10.810893,12.841608,7.053763,18.117006,,13.171266,18.043205,8.013295,10.679489,18.80847,16.555875,11.178715,11.180164,9.172478,,8.207405,17.005393,11.736503,11.34984,12.549431,,15.163449,,,13.206755,9.008877,9.839786,6.483332,13.106782,7.319491,,19.594879,15.089974,,12.465235,15.188019,18.631081,15.727543,,13.696136,12.522366,18.067463,,,15.534981,12.401685,15.738675,17.055968,,14.623357,10.819357,17.627093,,18.079256,13.007923,14.634636,14.062687,,11.502613,16.593168,15.653173,,15.457723,14.133202,,,16.629976,17.694028,14.021583,13.428651,,,10.804405,15.843083,18.154356,,,15.517425,13.281398,9.495855,12.336473,10.470628,14.941242,8.754721,14.024794,9.057802,10.975318,17.098,14.856434,15.131505,15.773495,11.104815,18.105665,7.573117,17.131036,14.783937,15.287087,11.933455,10.583355,12.840819,18.079733,14.448309,,15.679348,9.515148,16.642518,17.880212,15.652993,15.347151,17.079316,12.962956,9.674934,8.296182,,7.24165,,12.159606,13.959529,,18.881499,18.489811,,,14.72811,,14.634007,15.976906,15.151931,19.081996,16.730904,14.779371,,10.150369,,13.393397,12.303036,17.007002,16.339811,19.025036,9.53442,15.06014,13.276455,19.179923,,13.99647,12.713872,17.086421,15.430462,,6.849749,18.135821,15.978628,15.24785,8.379465,15.611005,17.211852,,10.455286,,9.067945,,,8.513017,12.795309,14.750587,,15.633451,15.092088,11.011926,,17.785248,6.78725,,,10.281652,12.405437,14.374795,15.391672,,15.766665,,19.335479,18.533477,13.347472,8.033037,7.670231,12.005839,,,,14.449425,10.194941,12.088841,7.412358,17.170904,12.469019,17.736578,12.61227,,16.417852,18.799074,6.868761,10.733032,11.998474,19.025058,9.678794,14.186534,12.62256,,,12.527321,,14.913282,10.166025,16.488487,16.880799,,11.779252,10.184392,11.324991,17.301526,13.728238,7.210623,16.669938,12.461953,10.188119,11.983528,10.186944,12.709062,12.834522,18.272584,8.19249,,11.304682,18.163947,14.200867,13.154457,14.47782,10.992974,,1.0
S006,SUBJ003,pre,participant,6,B1,74.0,F,29.6,18.783014,11.081903,,,,17.90575,13.760258,15.52166,13.370675,,14.505413,8.326744,12.654426,16.881768,10.799274,10.712518,9.654529,16.80886,,8.005456,15.902175,,,19.004153,18.45914,15.312037,13.236357,,,15.873237,,17.444998,17.933012,9.241006,17.216124,18.51713,6.498889,16.474725,15.359908,16.650189,9.24122,8.790283,11.77489,15.975143,13.566907,11.160697,11.259367,14.99628,,7.178117,19.919816,17.470386,17.75604,19.896865,,,15.345919,,17.387501,7.802193,16.379923,12.30746,,16.669146,7.513885,11.387102,6.547203,6.694462,12.977661,,,18.676765,,,16.462381,11.340974,17.503513,15.157081,12.719819,7.852561,7.129077,20.2966,15.508245,14.498501,16.133725,,16.556969,14.79771,15.554676,15.751257,11.832384,10.453446,19.185127,10.869393,,16.154964,7.153907,,16.635965,13.64581,,17.212316,16.0496,13.945914,,15.96332,15.794171,17.372161,11.061628,7.908273,,14.404135,11.071073,15.834919,16.7871,,9.401584,11.260978,,9.876624,6.75769,13.679996,14.120976,6.882521,19.953687,10.163109,13.70026,14.803569,16.301465,14.184155,11.376587,14.0943,15.274781,10.333949,10.100202,14.734505,17.845976,7.510329,14.19746,19.396316,,19.034006,13.483195,8.281513,12.450915,,14.090455,16.935387,18.715229,17.300408,17.382769,,10.77547,14.640802,7.835293,17.317732,11.191861,15.545088,15.512519,7.160981,9.962506,18.600604,15.550565,10.650809,11.063867,9.136632,,7.061668,18.864853,12.173658,9.931654,,8.844517,17.299296,11.747648,,12.198945,9.672691,9.662241,,13.260154,,10.769929,19.918085,,12.638569,12.09873,15.591178,17.920306,14.811124,,14.702752,12.648616,17.8809,,,17.325691,14.449159,15.428508,15.110413,,15.092055,,15.687528,11.293403,17.893988,12.227174,13.302572,13.671995,,,15.763423,14.599566,,15.494924,14.318741,,9.404482,18.33914,17.905683,14.168336,13.649344,10.327351,,10.694697,17.220751,17.102748,10.123255,,16.125731,12.853023,9.954894,10.892801,9.991763,15.465146,7.146085,13.547934,,11.89293,16.665362,14.488586,15.236758,14.329467,9.070094,18.008415,7.592831,19.380323,14.099838,16.016546,13.972737,,13.77275,19.524024,13.327786,,13.893302,,16.626187,17.428582,14.703334,16.374108,15.333355,12.730937,10.8652,7.668672,,5.87848,,11.980639,14.60914,,18.775048,17.420106,9.305264,7.678987,14.245347,,13.883246,15.031571,16.737745,20.032511,17.134115,15.592703,9.107112,11.090721,,13.357755,12.877731,15.202023,15.725827,18.546825,10.235823,15.848816,,18.370065,9.339382,13.411768,13.846338,14.275447,15.716449,,5.980025,15.161654,15.63703,15.285178,7.945034,16.579745,17.8725,10.305606,9.954225,11.487599,8.739443,,,7.845176,12.239569,14.712357,,14.7083,14.730686,9.986027,6.881787,17.801682,6.875534,,,10.543428,11.324884,,14.147727,8.089583,17.343912,7.748931,19.41387,18.522704,,7.213639,7.03837,12.770864,,9.959785,,13.775093,,,,18.147531,12.953229,18.113504,12.949064,7.731183,16.992666,18.94882,7.714314,10.733142,13.42169,18.551428,7.908453,15.226417,13.179432,,,,9.727461,14.953448,,15.605403,16.971004,,10.029922,10.999838,11.303473,14.396172,12.664461,6.064797,16.832954,11.404035,,12.745561,9.431978,13.269862,13.20016,17.123968,9.526851,12.171787,11.178883,15.687877,15.324201,12.908976,14.550533,11.033168,13.058815,0.0
S007,SUBJ003,post,participant,7,B1,74.0,M,17.9,19.467651,11.003862,,,10.643613,17.44269,12.558244,16.328594,12.671349,,14.991526,,12.507465,17.312318,,,,14.993902,,,15.954831,5.897724,6.600954,19.082324,18.730211,13.867749,12.657848,,,17.514863,,15.613335,18.368092,,16.819242,19.463047,7.708877,15.799663,15.320192,16.427234,8.782278,8.10638,11.408409,16.657229,11.682169,9.601418,11.347688,17.094191,,7.795066,17.581295,16.706538,19.686556,20.082509,6.154211,,16.83934,,15.671879,8.074677,17.431313,11.806876,7.01022,16.403638,7.001915,10.454412,,7.461561,12.344953,9.176398,13.231427,19.92498,,8.100347,16.687481,11.519184,17.999552,14.38289,13.339306,7.627388,7.907912,19.638902,17.937485,15.890285,16.174168,12.453641,17.111757,14.836995,13.811317,17.369206,,10.699841,14.849545,12.02165,12.394114,14.64994,8.173027,15.333641,16.439522,13.960576,,17.404178,15.988366,12.009006,6.925169,15.888726,16.332497,15.653156,9.511891,,,14.496979,10.871959,16.561963,16.598512,,11.200096,10.79767,10.538945,8.570501,6.337176,14.204236,13.261017,6.515069,19.46014,9.793457,14.008896,15.053835,17.764523,,10.164718,13.203284,17.267162,11.759314,10.88314,16.427973,15.895788,8.201928,12.620882,18.128661,10.145321,19.016211,13.687025,9.119356,13.998969,,13.714423,17.447399,18.257843,17.075632,17.479964,,11.817379,13.74524,7.078418,17.118325,10.980397,13.194968,16.567934,8.820402,11.183586,19.672871,14.15961,9.339939,11.480028,8.467076,,7.556736,17.78653,12.649894,10.791147,13.376218,,16.593936,,,11.921253,,10.178615,,,,,18.073424,13.770163,12.444818,12.418,16.483912,18.865825,15.904011,,14.602067,13.940416,17.908789,,9.083612,17.542958,11.824028,15.562139,15.448471,,15.284455,,16.047576,11.554301,18.442742,13.000368,14.871602,13.697772,,11.511703,17.45439,15.744847,,15.730118,13.667072,7.303689,,15.883365,17.741318,15.159932,,10.76003,,11.087271,14.240994,20.204507,10.125271,10.016822,15.644168,14.486701,9.773799,,12.608922,15.331824,7.378078,12.715823,8.756456,11.904849,18.20431,16.679289,16.709513,12.771555,10.357453,17.778505,7.953556,15.16105,14.342137,17.285967,13.79233,,12.568745,17.639005,13.11491,8.476503,13.563418,,16.57141,16.788641,15.847286,15.885087,15.51974,12.638162,,9.013071,,,7.43179,12.793254,15.233988,,18.389719,18.08481,9.111214,,16.159287,,15.125969,14.196838,15.491066,19.072665,16.873474,15.347582,9.577712,9.894681,,13.756166,13.957472,19.616865,16.303398,18.247461,9.424061,15.162151,12.992352,19.598636,,14.111593,12.613863,14.77622,16.454709,7.33226,,14.906865,15.951606,16.154005,8.81692,16.221684,16.598434,10.687883,10.441824,11.96403,,7.184379,7.014244,,11.996378,14.810785,,13.870083,16.629889,10.496444,,17.347398,,,,11.199942,11.559602,11.278316,14.370007,8.364222,16.589844,7.441533,18.639386,19.330505,13.725907,,6.740118,11.945919,,,8.530796,13.348731,10.108524,13.024968,,18.712124,12.107302,17.824504,13.065194,,16.773815,19.101844,6.896877,9.936829,13.943227,19.511932,9.019507,15.36826,12.740877,,9.33644,13.177446,11.220566,14.057226,11.504129,15.051163,17.328911,,9.759688,11.034469,11.169123,14.358063,,7.680184,16.930016,13.157879,11.466367,12.211365,,12.862,11.715207,14.411183,8.738937,14.211647,12.208582,17.764466,14.625929,12.665174,14.656167,11.111462,12.503195,1.0
S008,SUBJ004,pre,participant,8,B1,34.0,F,27.4,17.874395,11.152779,,10.291182,8.790218,16.9258,14.415579,16.273275,12.719423,8.435545,15.635056,9.650459,12.40392,17.571809,10.507041,10.685607,8.863071,15.074506,,,16.171743,,,19.937803,18.609325,15.602333,13.914668,10.017407,,16.43814,9.902586,17.511261,18.576404,,16.788348,19.006066,,13.746162,15.930339,15.400352,8.912979,8.916566,12.8329,16.512729,13.595284,11.065867,13.132988,16.283128,,,19.445353,16.817476,18.737406,18.851001,7.525208,,15.81084,,15.538701,,18.4356,,,17.293328,8.131908,10.352496,,6.23362,12.823099,10.724471,15.000797,19.357084,10.68267,,18.015286,11.860594,17.499287,13.028099,12.831479,7.902194,,18.056057,17.612317,13.792847,14.617853,11.636552,14.600974,14.420715,,16.877998,12.702383,10.508587,16.249218,10.623872,,16.682825,7.191306,15.201211,17.94264,14.231882,6.372256,15.761448,15.366189,13.836649,8.150458,16.47518,16.520982,17.90126,,,12.433711,14.531975,10.553284,16.834097,17.226239,,11.290745,10.283424,12.905808,8.583835,,14.929037,14.836628,7.169224,20.337261,9.68152,13.775495,15.005493,16.778731,13.665089,11.18214,12.360721,16.846518,9.197389,,14.194612,15.651781,7.599987,12.908124,18.581525,10.344018,17.527549,12.89961,8.314198,12.769472,13.73932,14.250669,16.380431,20.757796,17.453182,17.145639,6.653633,,12.808484,7.89069,16.583521,11.367306,14.388244,18.305218,8.246313,10.800366,18.360706,15.486394,10.661146,11.256415,9.775429,,8.791782,18.380308,12.148985,11.69675,12.074443,9.135299,15.608399,12.045282,,12.591943,9.640371,10.206563,8.789045,13.039315,,11.386509,19.61147,13.706289,13.515983,12.536621,15.195411,19.675282,16.808873,8.426852,16.008985,12.854695,18.63208,,8.921127,16.651714,12.360186,17.111845,16.516344,,14.885617,10.282938,17.407449,13.212875,18.231409,11.708782,13.716022,13.276444,,11.367737,16.019063,13.85624,,15.795441,14.123656,,9.642034,16.307652,17.41126,14.799116,13.359137,,10.967514,11.799047,17.494608,16.535338,,,16.459585,17.000881,9.311044,12.751536,12.365494,15.032914,7.599392,13.60895,8.862823,10.794513,17.323378,15.948797,17.066101,13.47693,,17.647862,7.425677,18.633054,14.430274,16.248039,13.379928,8.660923,14.169675,17.735293,13.630276,9.231389,14.653429,,17.003349,16.631502,14.005223,16.126977,13.870584,13.233861,9.571923,9.359574,9.4707,,7.922079,,14.191432,,18.272417,17.204182,,7.999324,13.857746,8.561135,,15.034645,14.415429,18.723332,16.989466,15.362406,8.469153,9.822619,7.951693,13.709987,12.07455,15.724873,15.914316,17.118602,9.43744,16.1471,14.293207,17.542569,7.378945,12.979012,12.462267,15.77149,16.880535,7.01078,6.052242,17.192124,13.810433,15.93805,7.035954,17.3732,17.18013,11.089715,9.070228,12.257308,,6.721373,,,13.190669,15.807614,,15.1715,13.145907,9.317594,,18.542261,6.730232,,,10.810523,11.977058,13.285554,15.354143,8.743118,16.251059,8.067649,20.204733,18.137724,12.672923,6.844612,,13.215713,,,,13.686057,10.326328,12.712387,,17.465268,,17.499172,13.275224,,15.98992,19.109241,7.435629,10.008737,13.521762,17.213811,,15.240326,12.98847,,9.424082,,10.587056,15.820694,,15.494468,15.537681,,,11.502006,12.002755,17.980851,,6.309976,17.219729,11.42373,12.366584,13.130712,,13.031246,12.305173,15.622897,8.977652,12.748029,,15.577788,14.927988,12.984078,15.145552,11.643626,13.184248,0.0
S009,SUBJ004,post,participant,9,B1,33.0,F,32.0,17.717782,11.214368,6.122259,10.897808,8.874551,17.150895,13.735672,15.961902,13.375425,6.670302,13.595147,8.546894,12.190859,16.747126,10.925072,10.456652,9.713988,17.641159,8.619083,8.09244,16.564143,5.81455,,21.075588,18.0748,15.6933,12.989606,10.381943,7.783326,18.846321,9.28033,15.802076,18.491728,9.911482,16.48433,17.772294,,14.61943,15.034061,16.732763,10.706669,,11.234955,16.880667,12.894026,11.949575,11.898798,15.142945,,8.632923,18.592067,16.657733,19.34811,19.29759,6.44791,10.835656,15.955627,,15.814265,8.575804,18.057481,12.363984,,16.392662,8.058749,9.704232,,6.845866,12.448072,9.658586,13.330417,17.812638,12.591653,7.952334,16.87059,11.597405,17.328395,13.711547,12.815045,7.115928,6.306153,19.395323,16.578868,13.82499,15.83908,11.400954,14.440353,15.667235,12.649997,18.740328,10.617504,11.204192,15.971331,12.104415,12.844447,,6.661351,15.078049,16.491926,14.197604,,18.825798,16.722903,13.277908,8.531732,14.399128,15.957995,16.34847,,7.778537,11.963774,15.004957,10.699408,16.289204,17.325648,,8.86273,10.432083,10.319751,,6.965438,15.145056,14.241139,6.470049,19.70118,10.005835,14.613372,15.330431,17.118679,14.472558,,11.410117,15.301997,11.267635,8.949126,15.751448,16.653105,,12.883858,18.009012,11.837762,20.3256,13.498412,,13.067665,11.983026,13.035923,16.689277,18.924817,16.996604,17.247546,6.953731,11.565259,13.534726,7.226123,17.212986,10.53814,16.139935,17.091207,8.598946,9.628044,18.355148,16.290995,12.155558,,10.492114,,8.581728,18.528373,11.305976,10.302582,,8.727274,15.564496,11.965344,,12.440685,9.316463,9.751142,,13.127182,,11.037643,20.311402,13.300613,13.274883,12.367434,14.808359,18.065439,15.108318,7.344562,14.258705,13.930639,19.045357,,,14.437764,12.834406,17.32898,16.410322,6.813012,15.083955,10.249564,14.985971,,19.600931,12.334287,14.774176,13.549939,,,16.873533,,8.529665,15.213615,14.480069,,9.49863,16.122537,17.142518,14.253229,14.206746,,11.073291,11.068503,14.413853,16.980994,10.50933,9.697193,15.251876,13.769738,9.315308,10.989629,12.351941,14.682514,7.802775,13.325474,8.837281,12.452663,18.014093,15.293687,15.880553,13.303845,9.177494,17.882301,,18.510503,14.351168,15.269917,13.108379,,14.417449,18.872673,12.762928,8.831307,15.344962,10.042781,17.219766,16.860088,16.246903,15.168173,14.427787,13.619929,10.573051,,,6.030115,,14.42348,14.202284,,19.010186,18.564356,,,14.680485,,13.746306,14.93114,15.831321,19.554174,17.183357,14.465815,,10.552804,,,11.870746,17.416737,17.567019,19.447316,9.65839,14.774953,11.148953,17.688357,7.758023,13.487659,12.094761,16.540502,15.284007,,6.030998,16.846632,14.623247,15.353266,8.289143,16.291867,18.350297,,,11.515838,9.066412,6.822603,,7.455492,15.220536,14.821559,,14.828033,14.80763,10.380667,,18.143326,6.173327,,,10.377482,11.475429,12.551482,16.134712,7.417515,16.541674,8.47261,18.135398,18.709265,13.359051,7.374866,6.73674,12.446732,,,,14.002812,10.76997,12.793557,,20.907516,12.773401,17.096105,12.780937,7.700162,15.298444,18.630606,7.160174,10.105673,11.965027,17.88146,10.138963,14.500605,12.05633,,,12.144808,10.200126,13.314604,,15.929123,18.324906,8.850468,10.970868,10.632695,11.411665,17.235993,12.222514,6.091277,16.457645,12.773576,,,9.416734,12.924783,12.315786,16.967104,8.9857,14.887097,,16.234725,16.509491,12.233943,15.862194,11.436149,12.374029,0.0
S010,SUBJ005,pre,participant,10,B1,68.0,M,25.1,18.272478,13.958864,6.834913,10.373137,8.86462,18.023377,13.854461,16.499288,,,14.806614,9.724394,11.611869,17.580815,11.3627,,9.203201,17.490139,8.080444,,17.41154,6.209843,6.096979,19.142612,17.873639,14.547098,12.696226,,,15.842093,9.193427,17.740496,18.081195,,17.667387,17.944385,,15.320719,14.754245,15.430342,11.607071,8.489045,,16.333135,14.69699,11.0917,12.66384,15.390008,,7.403609,19.167393,16.522901,17.085871,20.252882,,,16.321056,,16.406461,7.473056,17.608893,12.838077,6.26059,16.753914,7.143026,10.93019,6.910853,8.20183,13.24114,9.519931,13.692966,19.112863,11.279495,,16.644959,,18.127404,13.782261,12.551812,6.696689,8.063503,19.359747,16.337552,14.296543,17.204309,12.456673,15.364517,14.736997,14.11534,16.712101,11.332579,11.121521,17.869129,10.97866,12.467949,13.408234,7.100032,14.926166,17.473877,12.12774,,17.084868,15.861055,13.456668,6.559798,15.684138,15.627014,16.871362,9.249113,,13.576984,14.189484,11.508602,15.854153,17.75084,7.733558,10.000845,9.89907,,9.296916,7.230453,13.854938,13.635531,,19.119979,10.231869,15.308676,15.180233,16.688826,12.61285,10.228951,13.069003,15.403741,10.35875,10.46787,14.195564,15.042004,8.025084,12.547114,18.281884,10.706392,19.429976,13.12165,,12.578019,12.609804,14.210449,15.850965,19.281275,17.729435,17.970544,,10.841777,16.266245,7.630231,17.486405,10.483251,14.635877,17.047533,7.859473,10.125258,18.70891,14.034355,10.997786,11.177133,9.941282,9.397418,7.073606,18.625775,11.914307,9.94676,12.243814,,15.877696,,,13.304865,10.088788,,,12.131918,,11.153622,18.27429,13.654698,12.991573,12.4392,14.34015,20.798309,13.517162,,16.749422,12.434089,17.215662,,9.215533,17.576997,11.498276,16.14183,15.811524,,14.686752,10.898057,18.176044,13.955344,17.853433,12.01606,,13.66021,,13.845991,15.970083,14.350446,,17.129624,14.112984,,,17.012791,17.742231,14.7311,13.589699,9.469052,,12.015805,14.8854,17.789767,10.750665,,15.172721,15.387393,9.224822,,10.660183,15.71539,7.283181,12.558987,9.330133,10.806074,17.145107,14.75074,15.076493,14.714761,9.263034,18.038618,8.58007,19.360211,14.246061,15.70719,12.502804,8.928933,12.895729,17.986442,13.898187,9.343852,14.764878,11.331869,16.328904,17.716118,14.126092,14.808515,15.270951,12.676292,10.334363,7.925703,,6.015025,,13.836153,13.677138,,18.649423,17.133064,9.312066,,15.463263,,14.791895,15.401049,15.38222,19.305501,17.302493,15.678465,,10.393348,,14.695581,13.239719,15.410563,14.670311,18.372302,9.027436,16.686312,12.732825,18.15423,,14.108697,14.736076,16.132657,16.195929,7.337711,7.788751,17.066945,14.307865,15.675258,,15.778917,17.04068,,,12.444689,,,,,,14.851612,9.514004,14.729457,14.848447,9.124638,6.237831,17.63728,6.608809,,6.454834,10.127646,11.560853,12.187562,14.67815,8.193131,17.082269,,19.200138,19.02807,14.688094,8.334586,7.089053,11.848623,,10.851359,,14.568862,10.157296,13.178031,,17.242597,,17.213124,12.473379,7.532239,16.079025,19.952259,7.487116,11.69887,14.551526,18.791673,9.863799,15.42507,12.332272,,10.586971,12.248829,9.228145,14.919563,11.992875,16.35136,16.00425,9.355968,11.021181,10.836737,11.023671,14.319662,13.694786,6.168522,16.650878,10.839716,10.612979,12.967889,,,11.721616,17.829415,8.740725,12.100988,,16.192202,14.320911,12.953893,15.018942,11.367677,12.094404,0.0
QC02,,,pooled_qc,11,B1,,,,18.181296,11.346824,,,8.936167,17.581819,13.942974,16.293746,12.675265,,15.028402,8.446215,11.963106,17.4083,11.580781,10.299105,9.165636,15.947434,,7.794806,16.393881,,6.203005,19.459847,18.229903,15.653693,12.65766,10.242245,,16.584939,,16.765076,18.384967,9.341563,16.986642,18.28765,7.06264,14.580709,15.251632,16.245212,9.671223,8.575955,11.385744,16.445028,13.239581,10.541455,11.608971,16.248073,,7.637929,18.370421,17.232505,18.794691,19.792452,5.90641,10.110457,15.868733,,15.897235,7.54782,17.684833,11.454428,,17.061803,7.344651,10.447321,,6.397118,12.74062,9.624229,13.503111,18.616699,10.623324,,16.656104,11.548832,17.469814,14.657729,12.815583,7.50462,6.988003,18.889946,16.327613,14.270929,15.298178,11.945627,16.414112,14.421191,13.712313,18.465031,10.476999,10.497792,16.357559,12.380155,12.381892,15.195614,7.185272,15.163209,17.505637,12.987738,,17.820792,15.804021,13.527366,7.170226,15.300358,16.228708,16.627306,9.178117,7.753484,11.714486,14.635303,10.663309,16.280531,16.869344,,9.63782,9.851718,10.976679,8.598871,6.504144,14.453388,13.800829,6.172327,18.794746,9.796283,13.899967,15.135996,16.288981,13.892745,10.548061,12.739886,16.272133,10.410568,9.923595,13.941867,15.630387,,12.667282,17.607356,10.691176,19.159327,13.516904,8.42681,12.588394,12.347239,13.230637,16.985968,18.838692,17.147076,17.818467,,10.899697,13.805845,7.352264,16.772704,10.515276,14.469441,16.832424,7.711082,9.95626,18.910092,15.327275,10.100991,11.568289,8.594287,9.287805,7.642629,18.027887,11.707816,10.330413,12.578179,8.580108,16.226756,11.725106,,12.353767,9.726457,9.958335,,12.628926,,,18.751761,13.846875,12.786872,12.244102,15.479767,18.759349,15.360569,,15.163825,12.822408,18.07641,,,16.368323,12.607113,16.288619,16.175362,6.70418,15.153196,10.533982,17.108026,11.40193,19.301946,12.375311,14.196126,13.645518,,12.027965,16.740356,14.500193,,16.099569,14.217623,,9.157903,16.803854,17.665253,15.313603,13.696542,9.249516,,11.240201,16.03049,16.946722,,9.883682,15.696581,15.832015,9.969228,10.724062,10.593979,14.779855,7.276311,13.011318,8.503309,11.581215,17.280162,15.059007,15.303327,14.545957,9.412909,17.730294,,18.08049,14.572359,16.289561,12.973552,8.684223,13.370813,18.27962,13.771856,8.74305,14.699701,9.785387,16.463757,17.013125,14.872227,15.8277,15.218478,12.835314,10.186151,8.533758,9.695437,6.202809,,12.895399,14.655788,,18.757262,17.878551,,,15.115101,,14.673996,15.593531,15.451432,18.674027,17.097757,14.667031,8.053546,10.06812,,14.004118,12.955027,16.296446,15.5571,18.189751,9.399192,15.529053,12.728875,18.354136,,13.64547,13.276609,15.418618,16.295874,,6.278171,16.522965,15.331583,15.825211,7.563463,16.828129,17.686002,10.382797,9.299574,11.578736,8.739139,,,7.415066,12.797854,14.868832,,14.430865,14.954134,9.487217,,17.752475,6.541329,,,10.56494,11.883743,12.578172,15.416658,8.589277,16.160414,,19.149386,18.817321,13.016749,7.369728,,12.75764,,10.434107,,13.982459,9.803211,12.673724,7.494416,17.827253,12.842633,17.404167,12.969744,,16.241637,19.00101,7.398402,10.275915,12.276537,18.753745,8.699677,15.36,12.442555,,9.748964,12.576772,10.055323,14.666529,10.572776,15.989285,17.699701,,10.898443,10.882689,11.140581,16.340996,12.949163,6.552746,16.815106,11.278298,11.054184,13.283773,,12.857478,11.904525,15.989534,8.755589,12.976203,11.732502,16.460965,15.27714,12.983451,14.448221,11.226858,12.788094,
S012,SUBJ005,post,participant,12,B1,47.0,F,34.8,17.399957,12.306028,,,9.929806,17.352081,12.572056,15.822828,13.530565,,16.065548,9.05091,12.69765,17.213999,11.793766,10.300661,9.824466,16.868693,,,16.349168,,6.730504,18.625037,17.960583,14.241707,12.511772,10.264689,,17.63482,9.446815,16.105868,19.487458,,17.383838,19.256383,6.833017,14.528651,15.504583,16.99058,8.925495,10.693531,,16.327911,14.012556,10.539139,13.013795,16.107649,,7.047015,17.729279,16.716476,18.612607,19.534568,,9.895787,15.9353,,15.968384,8.468909,18.237368,12.134766,,15.721012,7.723149,,,,13.370106,9.272816,13.635971,18.719118,11.258719,,15.360977,11.509938,17.786932,13.143632,12.427433,9.781212,,18.179971,18.201492,14.952351,16.044877,12.570695,17.032524,13.88142,13.753488,18.405918,13.353668,10.612177,17.617209,12.310076,12.127804,15.956365,7.203005,15.467088,17.216885,13.558831,6.877253,16.725669,15.354516,13.038223,7.740455,15.093163,17.636729,17.380309,9.303712,,12.035693,15.023298,11.74609,15.936931,16.693442,,9.362799,10.209746,10.859783,8.502116,6.56514,14.335913,,6.390771,19.145712,9.482747,15.034808,16.039046,15.832472,13.590605,,12.033048,16.532454,10.483241,10.658292,14.951755,14.420366,8.058695,13.381324,19.080842,10.699529,17.877462,12.871665,,11.647701,,13.783799,17.00936,18.994318,17.560506,18.182416,7.309886,11.436243,12.852916,7.333603,17.268525,10.552237,13.909073,18.225445,8.311703,9.472894,20.003581,15.363264,9.947023,11.562004,8.525247,9.396712,6.933809,18.250896,12.737902,9.741366,,,14.949948,,,13.390008,9.167694,,7.955185,12.793004,,,20.796689,14.597773,12.556108,11.8556,15.480951,19.764543,16.208083,7.619486,13.458932,13.405241,17.625116,,,17.42392,13.202378,16.703298,16.07493,6.708463,15.433657,,17.657542,,19.700051,11.529831,15.175038,13.274484,,12.200552,16.714039,13.903035,,17.795711,14.658453,,9.209502,17.263957,17.568762,15.056391,14.439694,,11.61631,10.655271,14.121961,15.033935,,,16.315208,15.321892,10.460466,,10.935776,14.782575,7.877499,13.698265,,10.501837,18.016066,16.222618,16.587793,12.947622,9.586446,18.403367,,18.667298,14.400342,17.125502,12.454299,,12.880846,18.757982,,9.704163,13.681252,,16.769727,16.741522,14.085577,16.041024,16.021622,12.706047,,9.960712,11.181071,6.054631,,13.623481,14.36614,,18.446016,17.811916,8.949477,,15.290706,9.296389,15.337861,14.582784,15.832057,18.325946,17.498379,15.085045,8.175874,10.450469,,14.735508,14.572423,15.773733,14.809858,17.773114,9.876026,15.460853,12.61817,17.620106,,13.043402,12.505323,14.787027,17.6012,,6.638798,16.165202,15.819119,15.003084,10.083719,17.245647,18.899056,11.405088,10.196639,12.1592,,,,7.478729,11.801486,15.108355,,14.081334,15.42176,8.751845,5.950935,17.485886,,,6.723149,10.085897,11.40671,11.856391,14.81097,8.192835,15.492072,7.712183,19.026261,18.767267,13.042867,7.344828,6.715619,,,10.853754,6.796624,13.249758,9.807548,12.87893,9.823144,18.002204,12.533532,17.118438,13.485693,8.071033,16.716649,18.512515,7.486473,10.250571,13.555402,18.264275,8.727342,15.637468,12.213417,,,12.93677,10.660789,14.392535,,16.834142,16.952104,,10.807814,10.845114,11.635841,16.037551,,,16.767216,12.18026,10.913809,12.975828,9.820658,12.540407,10.90855,15.616032,8.909533,12.361738,12.847533,15.608719,15.322372,12.905191,14.223434,11.393128,13.697569,0.0
S013,SUBJ006,pre,participant,13,B1,37.0,M,33.4,17.798215,,,10.973461,9.276683,16.917648,13.97999,16.862405,13.250272,,15.568513,8.162089,,17.246889,10.566777,,10.282521,15.979055,,8.178914,14.666178,,8.528571,20.277386,18.93069,15.358907,13.349039,,,17.341506,,17.081641,17.876469,10.007756,16.523243,18.414993,,13.831019,15.9198,15.262794,9.340518,9.213712,11.747073,15.952126,12.486139,10.492634,,17.165497,7.58391,7.970278,18.681694,17.310457,18.807344,19.562526,,10.079365,14.728825,,15.822537,8.50605,16.725327,12.241596,,15.908649,7.654994,,,7.32319,13.590158,10.55502,13.906051,19.974216,11.221454,,16.589978,11.405136,17.610741,14.595298,13.436987,8.389223,6.480588,19.238432,14.901228,14.716168,14.221826,11.763362,16.752054,14.376666,15.062374,19.179832,,,14.806215,13.257606,12.679188,15.59884,7.070282,15.295263,16.157607,12.489033,,17.849377,15.917034,14.27462,6.717539,15.027077,16.304088,16.917855,,8.25833,14.099402,14.287738,10.0581,17.486578,17.466001,7.426433,9.552189,,11.779645,8.566397,6.732541,14.293106,14.504303,,16.972753,9.689823,13.89826,15.335077,16.419334,14.983591,,12.819263,16.423719,11.119927,11.60133,14.299283,15.51924,8.011059,12.66035,16.988537,9.69542,20.235827,13.79071,,12.981623,11.995658,13.561017,16.462958,19.383857,17.452614,16.9532,6.570766,11.934424,12.662566,7.574102,17.399415,10.963084,14.230782,16.314009,7.661921,10.459114,18.592962,15.094748,9.986681,10.704587,9.077403,9.33434,7.980654,17.790878,11.884319,9.850374,12.892418,,16.82037,11.914172,,11.49529,11.14383,,6.725605,11.810748,,10.939153,19.404132,,13.49998,11.694271,15.570799,17.326004,14.621036,,14.773886,12.290981,17.737118,,9.044886,16.902747,13.854509,16.400362,16.214592,,15.533463,,15.947758,11.771448,20.850692,12.707527,13.51955,13.328198,,12.615977,16.132589,14.220418,8.446339,17.090854,14.572135,6.986297,9.696759,16.762296,17.978078,15.244696,13.672077,9.955592,11.662833,11.821308,16.882066,18.541199,,10.204571,15.790501,15.341565,9.811487,11.194061,12.397795,14.599018,8.006466,12.609574,9.52779,11.893673,16.968808,14.887931,15.931182,14.405351,9.559205,17.784108,8.522895,18.776009,15.09667,15.14492,12.902449,,13.445231,19.518579,14.594316,9.509577,14.880636,10.181363,15.928678,16.60174,15.664383,16.370361,16.941778,12.679025,,10.438386,9.39776,6.635754,7.707221,,14.425211,6.68846,18.43822,17.434401,9.379985,,16.574844,,15.638871,16.237494,15.058967,18.325657,17.21888,15.453919,9.81322,10.174202,,14.255416,14.472456,15.779827,16.002839,17.682553,9.569191,15.024625,13.261949,18.086336,,13.280292,12.289794,14.700262,17.838359,,,15.24576,15.778947,14.914901,7.334497,16.478436,18.768091,12.92309,10.173577,12.108975,8.731557,,6.654063,8.839676,12.512563,14.756422,,15.135807,14.160919,8.288589,7.102553,17.40914,6.44145,,6.941458,10.448643,,11.549371,13.911645,8.432542,14.656142,,19.075444,19.076441,13.338245,7.409221,,12.928618,7.642485,10.781835,8.082202,13.505134,,12.370851,,20.209205,12.131516,18.191939,13.36182,,15.287592,19.978926,,10.052093,13.133696,18.590974,9.754587,14.930438,11.995877,,,13.422345,,14.658375,,16.512667,17.880292,,11.379113,11.182959,12.045753,16.393623,13.650279,7.200065,16.915803,11.366901,12.600568,13.591628,9.606535,12.536704,10.713661,16.470129,9.50928,12.587817,13.260149,17.282669,17.105069,12.393699,14.800743,11.106779,13.221323,0.0
S014,SUBJ006,post,participant,14,B1,30.0,F,32.1,18.841924,11.274698,5.816088,10.336205,,17.062224,14.730683,16.181742,13.493135,,13.53353,9.591111,13.434073,18.082374,12.097137,,9.759971,16.37859,8.663096,8.506843,16.328345,,,19.340355,17.33533,15.668124,12.213806,11.200899,,16.70675,,16.392942,18.155561,10.16448,17.051822,18.176431,8.414516,16.466557,15.129855,14.829756,10.517374,7.937109,,17.018229,13.599217,10.423778,12.348665,15.03025,9.065712,7.004164,18.301262,16.392869,19.534539,18.71233,,9.817128,15.926691,,16.519918,,18.595257,11.890393,,16.3674,7.229107,10.109478,,,13.218129,10.922651,13.012639,18.630308,,,16.778528,,17.245224,13.686307,12.660069,7.550439,7.140063,17.999849,16.352496,15.156766,15.076654,11.718798,16.418319,13.400242,14.934268,19.629183,10.672187,,15.943426,11.712738,12.610741,14.534125,7.391372,15.46595,17.268857,,,17.59554,16.1866,14.147428,,15.677569,15.775161,17.239694,10.350044,,,14.557757,10.613624,16.689915,17.181479,7.610213,8.445429,9.626293,10.434659,7.748394,6.104756,15.359705,13.636879,6.987435,19.052996,,13.7449,14.884586,16.243548,14.919027,10.780368,12.153128,15.795766,10.070993,,14.520887,14.406057,,13.150809,17.80905,10.909773,18.314805,13.268188,8.488603,12.790691,12.89818,15.282424,17.405054,18.636163,17.381332,18.358686,,12.437825,,7.919102,17.737823,11.64641,13.76535,17.190349,9.030943,9.859907,18.650696,15.735987,9.94294,11.721001,,9.839897,7.355351,18.394316,11.969815,10.650558,12.890283,,15.07701,12.449796,,13.15324,,10.036833,9.073178,,,10.825595,18.477835,14.065624,13.455047,12.372952,15.863474,19.306917,15.023907,7.328585,13.431674,12.669359,17.724344,,,14.479984,14.385556,16.623148,16.040732,6.745506,15.286327,,16.965834,12.100459,22.114546,12.499103,14.847386,14.029185,,12.492734,16.838788,14.107412,,17.230314,14.292373,,,17.410246,17.792665,15.835675,13.680836,,11.75136,11.70622,17.694059,18.164039,,9.77926,15.166203,17.542418,10.23727,,10.360825,14.44226,7.16782,13.923332,9.019563,11.39134,16.5286,14.312723,16.403407,,9.520874,18.472824,,16.43923,14.472278,16.379953,12.84971,,15.294309,18.787617,14.535641,9.12593,15.635908,12.679513,16.413496,18.211097,15.751372,,16.031239,13.098486,10.546769,8.197856,10.16404,6.768978,7.669027,14.636135,15.454422,,18.231767,16.514889,,7.371036,14.831436,,15.62054,15.237955,13.989911,19.19444,16.59406,15.187309,8.483896,8.899991,8.055662,14.123207,12.612873,15.447822,15.574267,16.713182,10.255642,15.031803,15.003103,17.736591,8.960784,13.106427,13.42966,15.151904,17.869333,,6.615151,15.916126,15.910748,14.709331,9.053111,16.921888,16.984818,10.911489,8.623369,12.526308,10.161006,,,9.615869,13.452261,14.923258,,13.646795,13.905243,9.487338,,17.836876,6.373126,,,,13.073998,12.492204,15.531933,8.889839,15.781664,,18.75953,18.431769,12.426438,6.999324,,12.959757,8.56632,,6.833396,14.346285,9.505335,12.482687,8.035899,19.517695,12.5207,17.697224,,7.529743,16.519152,18.704919,8.385086,10.914983,12.518488,18.826278,8.052296,15.616106,12.808313,6.905206,9.443897,12.950117,9.777469,15.110768,10.689491,17.339262,18.846477,8.963214,10.75146,10.367054,10.866893,15.577731,15.010421,,16.964669,11.956216,10.759755,13.014413,,12.605683,11.264114,16.812176,,,10.262071,16.822319,15.112934,12.523861,14.311318,11.547415,,0.0
S015,SUBJ007,pre,participant,15,B1,59.0,F,34.0,19.159797,11.299471,6.125982,,9.677226,17.51987,13.664983,16.028498,14.502801,6.736199,15.775713,8.075586,,18.316597,10.151778,10.900784,,14.441359,,,17.039894,,7.131548,20.416179,19.272858,14.697141,,10.568963,,16.23901,,16.3882,18.14957,,16.844065,19.445615,,15.928376,15.372157,15.3151,9.972463,8.34709,11.454716,16.109071,13.199093,10.81668,11.968145,15.519204,8.382451,7.256445,17.612704,16.760893,20.471935,20.140228,8.661529,11.098822,16.74518,,15.193279,8.418612,17.545727,11.503821,,17.837241,7.161686,10.06025,,6.53403,12.918069,9.868483,,18.879484,,8.599838,17.726868,11.709739,17.449158,13.192222,13.053422,7.286419,6.347311,19.351378,17.279131,15.575759,16.110236,11.788306,14.73485,14.192363,14.413619,16.392082,,,16.848894,11.131986,11.414638,14.497177,6.644433,15.928645,18.340938,,,18.303541,15.016771,14.825354,7.655924,14.631104,14.509821,17.186205,10.228145,,11.794757,14.765124,11.960759,16.069458,17.000621,,,,10.162417,9.78344,6.866042,14.576074,15.068458,6.518378,17.39762,10.1815,13.747637,15.353051,15.308929,14.247118,10.864403,13.470833,17.163005,10.673848,,15.325253,14.087281,7.729893,13.36767,17.250449,9.835656,19.809403,13.217649,8.672107,14.972566,,14.092068,16.71603,19.03123,17.274095,18.390192,,10.634893,13.989588,,16.742202,10.925651,13.622234,18.21894,7.268097,,18.78022,15.042187,9.453641,11.982651,9.378772,9.141417,7.435045,15.426272,11.210385,10.524738,13.330899,,17.250303,11.713902,,,10.314787,10.175724,7.288174,,8.132885,,17.655072,13.779595,12.745118,13.232376,14.361167,18.883384,13.994203,,14.182204,13.233124,17.882754,,8.596227,17.460751,15.232618,15.932896,16.064731,7.863938,15.684365,10.791179,17.338631,11.960248,18.531893,11.944694,14.588073,13.581532,,11.348783,16.337372,14.794468,,15.936249,14.36636,,,17.934452,17.357671,15.159638,,9.803227,,13.640176,14.667217,18.579332,,,14.832016,14.793199,10.674545,12.993512,11.802549,14.868929,6.886794,12.898014,,12.116997,16.420818,15.21175,14.734657,14.071761,9.256893,17.693899,,17.292886,15.121007,16.777472,12.99081,9.016892,12.242019,16.817877,,,15.0749,10.880923,16.352827,15.740366,14.809948,16.817462,15.064921,13.314095,10.676812,9.256303,,5.836934,,14.556696,14.322279,,18.534949,17.915707,,,14.892267,,14.167489,15.483994,15.779512,18.435668,17.30031,14.258949,,9.776894,,14.693666,11.809547,15.190422,16.274179,18.476377,8.764009,14.412054,11.56197,18.990037,7.579618,13.935271,15.05281,17.075328,17.177499,,,16.510504,15.858047,15.524188,7.186758,17.991307,16.033022,11.232607,,10.534517,,,,,13.767714,14.598102,8.307656,14.537547,14.440789,9.249777,,17.416582,6.524346,,,9.734862,,12.457943,16.187253,9.182916,15.568168,,18.361485,18.010588,13.927321,6.949768,8.207014,11.997585,,10.032225,,14.694206,11.984732,12.153932,,18.340747,14.376007,17.448746,12.778291,,16.494291,19.58748,6.794806,9.586746,11.940717,19.282456,9.348618,15.373492,12.696342,,9.87969,13.489625,10.815191,15.102916,10.979997,15.837154,18.164806,8.936108,,10.206135,10.298108,13.73246,14.964655,6.148324,16.294661,11.034606,13.733225,13.498376,,12.398394,10.686203,15.905453,9.209429,13.91594,10.089742,17.456433,16.299845,13.328972,12.999533,10.969646,12.366956,0.0
S016,SUBJ007,post,participant,16,B1,37.0,F,25.4,19.053281,12.309641,6.607626,,8.825976,17.08166,13.321697,16.488174,12.662435,6.659782,14.193906,8.125,12.217055,18.361383,13.680435,10.817399,10.490029,17.41891,8.037547,7.851999,17.42912,5.880441,,19.207002,18.512894,14.382011,13.355768,,,17.994856,,16.166115,18.931489,,17.007793,18.575116,,14.614105,15.1078,15.342151,8.956928,9.760986,11.732723,15.809128,13.190609,11.315189,11.723025,16.489188,7.676874,,19.194004,17.003225,19.152492,20.026261,6.231317,,15.974351,,16.050865,8.716236,17.173226,11.363653,6.591111,15.917817,7.23362,10.334731,,6.483655,12.022184,10.792481,12.919435,18.04289,9.908212,,16.393165,11.397284,17.267654,14.388463,12.537017,,,17.423848,15.176104,15.065162,16.285807,11.712187,18.172792,13.812318,12.977092,18.466507,11.207039,11.277514,17.272629,12.786768,12.659858,15.107306,7.021813,14.339308,18.114006,13.117051,,18.077364,14.906543,13.756847,6.738227,15.053789,14.161507,15.696999,,8.924011,12.059615,14.567612,10.141354,16.63955,18.034981,7.536131,9.085419,9.948396,,9.306631,7.4099,14.665192,13.885608,6.176323,19.70064,9.70122,13.61588,14.346894,15.95755,12.919981,,14.649128,15.883196,10.931668,11.371956,14.196828,16.061131,,12.380975,18.737319,10.402277,19.230163,13.791719,,14.096494,12.736859,13.971794,15.851749,17.676621,16.984542,18.044619,6.555509,11.733613,14.880361,7.314062,16.292147,,13.579237,17.011861,8.162844,10.066977,19.159503,14.221424,9.812145,11.043178,9.183362,,8.386294,18.315294,12.226758,10.254911,12.275767,,15.2324,,,13.260609,10.820905,10.307861,,,6.669877,,17.73183,14.640928,13.180966,11.907334,15.020837,17.390101,15.000065,,16.131766,,18.660518,,,15.007438,13.362955,16.692977,15.692029,,15.416598,10.25289,15.990895,10.883262,19.857455,10.851007,14.99673,13.393053,,12.828091,16.822969,15.011669,8.365491,17.409877,13.481226,8.208234,,17.661899,17.251239,14.191494,14.167256,,,,15.9428,14.751916,10.062073,,15.239779,15.271051,9.992386,10.314731,11.917659,14.663086,6.879093,12.498014,,10.734108,16.99781,15.658155,15.503042,14.390479,9.185842,16.732889,,16.235535,14.359034,15.4824,12.926359,9.521267,13.077281,16.898194,13.908211,10.31756,14.922932,,16.773626,16.809049,15.543072,16.034133,15.096952,12.662199,10.64188,,9.352573,5.960465,8.041769,13.322763,,,19.067496,18.258138,9.009969,7.405227,15.428342,8.631432,15.816132,15.683089,16.116202,18.24854,17.219007,16.096025,9.489286,10.576881,,14.757451,13.790169,17.013019,14.180044,17.156149,9.219096,16.754964,11.860354,17.920194,8.173027,14.074584,12.676288,15.627428,16.475242,,7.035954,16.03198,16.413889,16.141727,,16.178697,19.191121,9.995287,9.280632,,10.733829,6.908453,,,12.572229,14.893558,,14.497788,17.756338,10.053817,6.359837,17.240984,6.921722,,,11.285298,12.730309,11.274495,16.334313,,14.295549,7.62622,18.43348,18.600989,13.975182,6.916357,6.983564,12.664896,7.58819,,,15.217364,10.369826,11.229432,8.566435,18.452587,11.879265,17.581347,13.793861,8.173177,15.626335,18.570021,7.3733,10.792603,13.828102,17.954738,8.314289,16.261646,13.128302,,10.23459,12.307699,10.812627,14.555513,,15.639325,18.400971,8.854557,11.834179,11.000134,10.450902,15.518694,,6.187649,16.852455,11.698423,10.416819,,,12.658544,11.945751,14.610568,8.719389,13.625679,11.081064,16.274553,15.626133,12.798123,14.180955,11.237736,11.965842,0.0
S017,SUBJ008,pre,participant,17,B1,45.0,M,31.5,18.522932,11.693208,6.252098,10.397675,9.89978,17.562139,13.993089,17.044179,14.884045,,15.479635,8.637893,,18.141654,11.161768,10.646514,,15.356109,,8.367589,16.015439,,,18.639732,17.819349,14.557801,13.105825,10.273586,,16.388743,9.720774,17.91836,18.595857,9.863877,16.329169,18.15891,8.671506,14.896929,15.257622,18.475811,9.260026,9.356298,11.540675,16.503433,,10.435462,14.550027,15.324999,,7.891055,18.515372,18.497145,18.264314,19.760662,,10.202271,15.284913,,14.095934,,17.041849,10.967738,,14.921216,7.414051,9.891632,,6.626439,,,14.143207,19.313669,11.425132,8.607885,16.399244,12.514684,16.611748,15.797521,12.512254,6.671435,7.07307,18.810982,15.707002,13.963965,17.683835,,17.105323,15.755729,14.128728,19.922404,10.570036,,16.292551,12.463011,11.969692,15.020397,7.075105,15.293106,18.222239,14.114984,,17.812866,15.357629,13.357777,8.088735,15.796188,15.866551,16.347704,10.426128,9.424754,14.257635,14.512941,9.676609,16.433655,15.698716,,8.097189,10.784815,11.736402,7.848435,6.109361,14.296039,13.095947,6.885818,18.972014,9.809688,14.431963,14.112401,15.59794,14.911837,,12.30448,14.411003,9.688495,10.06129,14.42882,14.846219,,12.713023,15.482543,9.941165,17.666348,,,13.933595,12.572407,14.849635,16.290206,19.658182,16.949305,17.829912,6.950702,12.051382,13.192023,7.154919,16.869277,10.942595,14.068836,17.620091,8.73271,9.588265,17.993106,15.446002,10.378609,11.316508,11.009976,9.670639,6.80787,17.664675,10.934959,9.592924,13.242744,,17.393883,12.192814,,11.962838,,,7.266224,12.452174,,11.439182,18.55431,15.449571,12.85032,11.418717,14.546892,17.298427,13.599055,,15.006184,13.530653,17.610815,,,15.601359,11.648281,16.469524,16.610085,,15.416121,11.076902,15.19433,12.520631,19.319077,11.35393,15.198737,,,12.150461,16.418692,13.867397,,16.156469,14.468364,,,16.482806,17.986352,14.592969,13.844195,9.407501,11.589131,12.172302,16.456642,17.798706,10.339906,10.394731,15.670138,16.386458,9.394141,,,15.574473,6.776499,12.443503,,11.677301,15.413988,13.676458,14.56966,14.593773,9.657872,18.062671,,19.263758,14.931661,15.650447,12.488802,,12.232691,19.513914,15.231331,8.996897,15.881491,10.513007,16.387933,16.781025,14.566517,16.292649,15.200555,12.617405,11.394565,9.176447,10.7106,6.091488,,13.013096,14.500625,6.448075,18.427464,19.141941,,7.58105,16.661545,,14.881374,14.790792,15.000509,19.503833,17.169069,,,10.276264,,14.571754,12.007213,16.001994,15.108867,17.525434,,16.330087,11.680588,17.313629,8.53368,13.393192,12.5319,15.40024,16.464612,7.535586,,15.367556,14.709682,16.636088,,16.091116,17.000285,11.539159,9.17555,11.210032,,,,8.471635,11.952938,13.719628,8.264255,14.772171,14.759396,9.428214,,17.333933,6.570918,,,10.355847,12.151597,11.666419,16.625327,8.791489,15.151918,,19.186504,17.599045,12.525949,7.102658,6.960465,12.737492,,10.625691,,14.48176,10.345416,12.597592,,17.147307,12.855275,17.601819,12.770051,7.644361,15.894161,18.996522,7.245458,11.286488,12.446466,18.879411,7.640317,16.092926,12.93053,6.853621,,12.893404,11.155596,15.215151,11.68094,16.651387,18.274276,,12.118127,10.922659,10.846619,17.113101,12.232124,7.103603,17.526252,11.108381,10.394795,15.4406,9.427313,13.276774,11.227941,18.08719,8.542529,11.925855,11.431503,16.819686,15.552668,11.736761,14.004393,12.213809,13.1584,0.0
S018,SUBJ008,post,participant,18,B1,65.0,F,32.6,19.653046,13.012886,,10.404098,10.567224,17.009581,12.903628,16.831013,12.55925,6.616916,,10.01022,11.904962,16.6463,,,9.715705,15.995964,8.876087,,17.414952,5.735793,,18.431747,17.345293,17.1936,13.030431,9.970537,8.337711,17.954739,9.70063,17.199019,19.237534,11.018916,17.111855,19.156055,7.155324,16.153435,14.961348,16.685793,10.105725,9.10473,11.598127,17.305046,11.992921,9.73515,13.624222,17.326895,7.782736,7.393691,16.891235,17.800516,21.549608,19.451788,,,15.289833,,16.963357,8.271836,17.961388,,,15.507932,7.22265,9.969257,7.976192,,11.847868,9.35731,13.418751,19.558215,9.900656,8.739578,16.947614,11.780138,17.667869,,13.626485,,6.998308,17.873947,15.472981,14.185487,15.821848,12.231305,17.63964,14.666448,15.590621,18.966599,,10.306996,15.744733,13.065561,12.842592,16.28008,6.530757,14.660303,16.543293,12.122475,,18.183,15.933394,14.635647,6.591261,15.070227,15.306672,16.695891,,,,14.870754,10.308919,17.264806,17.884082,,10.367043,9.627753,10.968033,8.521011,6.347134,14.649686,13.167337,7.452035,18.61804,9.749853,13.743027,14.291413,16.788482,13.064891,11.612426,12.476432,15.428784,12.617298,,13.424116,16.591292,7.421981,12.469011,17.486321,9.823304,18.596604,13.354628,9.878618,12.367895,13.442971,15.345295,17.170041,19.723237,17.014393,17.792952,,11.850077,16.417546,,15.480304,10.202369,13.288885,18.371062,8.197512,,19.386003,14.327591,10.258648,11.010892,9.665922,,8.563845,17.61209,11.866321,10.19579,,,16.357216,12.396733,,12.524111,10.865006,10.449149,6.862947,14.292386,,11.534206,18.758598,13.265888,13.324778,12.829727,14.577347,19.144729,14.063098,7.493295,14.040735,13.54418,18.422548,5.995937,8.879491,14.069447,12.524338,16.613144,15.728676,6.680465,15.634081,11.291631,16.762869,,20.299051,11.64695,14.369653,13.452594,7.316417,11.315438,16.65564,14.657256,8.250819,17.760912,14.563685,,,16.723591,17.543951,15.851855,13.939845,,11.825158,10.275705,16.922395,17.701352,10.161737,9.888317,15.963335,15.763692,10.466821,10.978889,,14.96239,7.638581,13.467724,8.888926,11.289783,17.20656,13.389276,15.892985,15.125481,9.222602,17.252657,7.608144,17.378223,14.360369,15.656507,12.783982,,15.047253,17.031969,14.327011,,13.324927,10.130365,16.525321,17.240999,15.088124,14.676329,15.030778,12.362336,10.132461,8.38961,11.838306,,9.556199,12.551288,14.607889,6.203201,18.656589,16.72346,,7.434795,14.609897,,13.955085,14.977465,14.215479,19.027298,18.866213,15.552202,,9.571866,,15.502512,14.218971,16.717147,16.68635,19.001232,9.19392,15.538995,13.340149,19.002506,,14.181271,12.55086,18.77989,15.914839,7.256256,6.561632,16.754544,15.448812,15.279368,7.49857,16.461654,19.033321,,10.927741,12.171108,9.265404,,6.759422,7.761019,12.622244,14.940788,,14.6927,14.022074,8.869501,5.820434,18.098407,6.270342,,,10.611901,11.969473,14.529698,15.760757,8.751812,17.456266,,18.282806,19.175753,14.341198,6.813781,7.28568,14.332859,8.462789,11.747773,,13.500224,11.201952,11.97444,9.451273,18.217348,12.589834,16.715242,12.48908,7.56788,16.521398,18.542574,7.48188,11.00271,13.971906,18.32293,9.699295,15.706442,12.666228,,9.850046,13.301468,9.899251,14.251293,10.023893,16.739423,19.462739,,9.623241,11.012652,,,13.345346,,16.328253,11.091111,11.924256,13.724474,9.898284,13.339338,11.568512,15.296584,8.948718,14.35144,14.780508,14.8734,14.58689,13.391432,14.551347,10.614434,12.209755,1.0
S019,SUBJ009,pre,participant,19,B1,75.0,M,26.3,17.883816,12.34987,,11.001859,8.909833,17.583443,13.342918,16.640543,11.147319,,15.817472,,11.261002,17.347922,13.251926,10.294334,,15.26412,8.462952,7.846807,15.915299,,6.348728,19.392131,17.510173,14.639903,15.063649,,7.873383,16.918576,9.404397,16.632077,18.453074,9.467381,17.762753,17.621934,6.593503,15.880078,15.353611,17.342387,10.049454,8.263833,12.066267,16.148938,12.978269,10.369107,,16.112808,8.448571,7.879338,17.902971,17.806827,18.197168,19.372458,6.550285,10.325575,16.484011,,17.98219,,17.366753,10.980754,,17.231916,7.147815,10.675939,,6.534653,12.689908,,12.845282,19.286581,11.412633,,16.716895,12.425942,18.381708,14.415957,13.007241,8.024641,,18.747106,14.92595,14.021432,14.931697,12.101398,16.706473,14.682929,12.929011,19.678369,11.392452,10.631122,16.304471,10.750732,12.443677,14.074446,7.034524,15.620285,17.760145,13.145257,,17.427517,16.351411,,7.253706,14.854207,14.812116,16.750197,9.106825,7.883987,11.946464,14.444487,10.086813,16.318924,16.805967,,9.768234,10.02295,,8.639413,5.933337,14.022649,13.00104,8.106851,16.995328,9.674916,,15.544681,17.926599,14.619894,10.390502,12.279973,15.867275,11.446566,9.346514,15.70203,15.707022,,12.601183,17.973558,,19.713089,13.52867,,11.239772,12.566829,13.592847,17.920196,20.468442,17.009725,18.676836,,,14.094496,7.103498,15.947883,,13.548154,15.823318,7.203103,9.863691,18.064265,14.180441,9.69019,12.173046,9.521286,10.430829,7.987719,19.423133,10.100492,9.89069,12.56067,8.932628,16.960363,,,,9.613292,10.717599,7.453271,11.721467,,10.997723,17.042235,13.929796,13.406451,12.059057,15.337347,18.674592,15.50993,,14.819987,,17.12065,,,17.17677,13.655644,15.597056,15.908208,,16.270787,10.58088,16.089539,11.136901,19.011489,11.072381,13.713287,13.601441,6.868267,13.491428,16.083311,16.243484,9.23666,15.766987,13.579536,,,17.411766,18.802299,15.68717,13.724717,10.471797,11.855308,10.147904,15.887353,18.673258,10.666703,,15.338965,15.273443,11.214762,14.039891,12.147017,15.844055,8.312747,13.149263,8.89987,11.065907,18.268391,15.739884,16.18557,14.971083,9.163574,16.90849,,17.382888,14.863153,15.57976,12.622782,10.257824,13.246338,19.421817,12.864424,8.83829,14.894499,10.322818,16.747414,16.063979,15.82972,14.927679,13.612858,12.290172,,,,6.021702,,13.23073,14.993344,,18.274728,16.158594,9.035266,,17.950693,,15.600303,15.550614,15.165301,19.002795,17.581467,15.20822,8.816856,10.246087,,15.435251,11.385798,14.825847,15.070849,17.346314,9.879062,16.946951,12.348886,18.726217,9.594847,12.809599,12.453075,15.385432,16.541812,9.112804,8.372343,16.872227,15.188825,15.686653,7.307246,16.476321,16.857438,,9.980996,12.372781,,,,,,14.569352,8.496095,,13.834166,9.323708,,17.324027,7.140676,,,10.133823,11.571743,12.049481,14.959751,10.606488,16.254346,7.01402,19.626772,19.645803,13.232178,7.307155,,12.601086,,10.821902,,14.741829,10.03992,11.598443,7.805744,19.428966,12.884518,17.322778,,,16.473487,18.718243,6.834913,10.452869,12.865946,18.353152,7.810764,15.306537,11.908246,,,13.546982,,14.918136,10.07291,16.28397,17.267388,,,10.306597,11.790674,15.577307,14.458281,5.904484,17.105288,12.569739,,14.401209,,,11.904906,15.478918,8.514714,15.43092,11.749388,15.185493,14.492227,12.109579,13.899147,10.992152,13.48324,1.0
S020,SUBJ009,post,participant,20,B1,41.0,F,23.6,17.863739,11.512158,,10.365929,,16.462843,14.225916,16.166615,13.167633,,15.198491,,12.704561,17.620862,10.846854,11.335078,,15.866992,,8.11171,15.923995,,7.22091,19.498823,17.83763,15.741067,13.80676,11.113918,,18.480062,9.554148,18.370792,18.738946,10.245481,17.012012,18.339884,7.70418,13.88567,15.123956,16.360699,8.864217,8.851187,12.669592,15.392615,12.621649,10.098835,13.289278,16.00546,7.663558,6.976364,18.624358,15.869845,18.943693,19.630308,,11.301828,15.788079,,16.099145,,16.866239,11.568469,6.410579,16.577684,7.869131,9.684661,,,14.469328,10.161837,13.730203,19.035818,11.130493,8.160275,16.937427,12.235102,17.337262,15.510509,12.60022,8.829913,,19.427455,16.958803,14.067906,16.576571,,19.023782,13.722016,14.74268,16.736586,11.8106,11.360743,15.597021,14.121697,12.444676,15.216232,6.775051,15.604604,18.12853,13.088962,,17.682495,15.127175,12.264384,,15.556353,15.505229,17.355674,9.179934,8.984191,12.237646,14.689264,10.246515,15.901321,17.471522,7.496095,9.20528,10.654403,11.02957,9.363543,6.355439,15.097165,13.833684,,19.618275,10.177357,13.312567,15.430968,16.502772,15.030426,10.601669,11.222759,16.573779,10.394752,,14.183143,17.465661,7.843419,13.167357,15.983897,10.090271,17.097104,13.255365,8.315014,15.935679,12.527304,14.010149,16.568668,18.376816,16.653754,18.459016,,,14.634625,6.98607,16.671535,10.710204,12.972221,16.204793,7.022368,10.429721,18.88157,15.356813,10.403577,12.932442,8.83605,,8.392446,17.519056,10.591139,10.208564,12.261102,,16.634479,11.532497,,12.017438,9.478042,,8.811246,13.094221,,10.831822,19.282804,14.559011,13.173961,11.737281,14.323903,18.140828,16.069904,,13.056746,13.290709,18.243243,,9.206331,16.630025,12.355805,16.239077,15.408528,,15.462857,10.607978,16.396108,12.440402,19.726063,11.204058,14.647291,13.452176,,12.5532,16.706045,13.71578,9.390663,15.519467,13.453087,6.623516,9.559434,14.534224,17.850216,15.851983,13.925101,,11.600438,11.464091,15.826961,16.639897,10.930168,10.304625,14.774758,15.108366,10.336674,10.261813,11.899202,14.377176,7.219072,13.2416,8.379292,11.250624,16.955631,14.113149,14.104708,13.325349,,16.517745,8.262894,17.451369,15.162689,16.121971,12.810628,9.506843,13.457407,16.340137,13.187227,,15.403149,10.829461,17.880448,17.116311,15.998519,16.649503,16.057547,13.22733,10.20977,,,,7.381197,12.568141,14.904746,,18.341738,16.985625,,,17.413301,8.945707,13.928529,15.387548,16.095547,17.801378,17.721802,15.800796,10.343408,9.443379,7.989593,13.679918,13.481207,15.856467,15.283634,18.129301,9.718225,15.741741,12.225933,19.190184,,13.508452,12.708444,15.85429,17.539307,,,15.624392,15.886668,15.837837,,16.550277,18.88444,10.299861,9.489146,12.222885,10.7336,,,7.740388,14.291824,15.363287,8.569438,14.467393,14.971474,8.623808,6.485749,17.022208,6.602439,,6.534497,10.577806,11.994283,13.213859,15.699567,7.621612,14.669816,,18.56371,17.97643,13.648391,,6.69279,14.226375,,10.363522,,13.661963,,12.636131,,20.246508,12.437284,17.559206,,7.747253,16.004378,18.789236,,10.228266,,19.332883,7.811921,16.007986,13.113392,,10.620091,12.713393,,13.06815,11.257288,16.381397,17.593767,,11.918312,10.270821,11.939711,14.966254,13.091459,6.050066,16.292243,11.246919,10.607774,14.606213,9.872706,13.177177,12.730201,17.093519,8.078044,,13.185213,16.141524,15.538659,14.238198,14.192799,10.171139,12.841372,1.0
QC03,,,pooled_qc,21,B1,,,,18.470387,11.613895,,10.487991,8.784209,17.280349,13.600909,16.553961,12.851864,,14.843848,8.499049,12.276206,17.052018,11.281432,10.481931,9.352043,15.923303,7.98607,7.864186,16.156307,,,19.329171,18.179295,15.457133,12.901729,10.641528,,17.061297,8.985045,16.620064,18.484548,9.621631,17.069207,18.374465,6.861831,14.968053,15.357941,16.443988,9.390749,8.410409,11.567129,16.552915,13.070045,10.453106,12.099354,16.266684,7.644073,7.311249,18.192891,17.540204,18.909385,19.43582,6.029232,10.362788,15.940976,,15.602958,7.804647,17.432636,11.422685,,17.0823,7.11946,10.553553,6.47978,6.127014,12.964036,9.756723,13.685407,18.436545,10.824084,,16.567572,11.839924,17.37444,14.481309,12.520223,7.278171,6.719594,18.985474,16.001262,14.100055,15.412502,11.914699,16.533944,14.134241,14.337216,18.226653,11.020855,10.527389,16.473467,12.095067,12.4505,14.993761,6.914923,15.47487,17.534106,13.057068,,18.141865,15.503556,13.613305,6.989139,15.030821,15.784506,16.423101,9.454567,8.105909,11.932968,14.698125,10.430243,16.529742,17.131091,,9.381565,10.026759,11.087847,8.569704,6.200457,14.827135,13.994958,6.140574,18.912097,9.637911,13.875056,15.138231,16.390728,14.105002,10.710238,12.603144,16.237315,10.069007,9.550901,14.407263,15.421005,7.378165,12.451296,17.620463,10.552025,19.032632,13.525655,8.401392,12.65949,12.814643,13.856335,16.579384,18.869557,17.430888,17.934832,,10.911392,13.904175,7.30049,16.533874,10.707212,14.364222,16.793847,7.555816,9.840652,18.970056,14.927613,10.036668,11.424649,8.397332,9.300261,7.298567,18.153266,11.514433,10.031935,12.602738,8.657068,16.725537,11.838538,,12.146775,9.564874,10.14662,,12.905626,,10.850163,18.734859,14.047518,12.920025,12.090324,15.371803,18.769191,15.074359,7.219072,15.031913,12.896119,17.931506,,8.598239,16.328628,12.557387,16.177344,16.266475,,15.434778,10.902443,16.988622,11.347699,18.990765,11.784942,14.441064,13.620889,,12.069668,16.670452,14.821414,,16.462683,14.248723,6.68566,9.367153,16.929282,17.96336,15.971524,13.99074,9.368092,11.213238,10.970523,16.23078,17.097968,10.356221,9.942265,15.821071,15.681856,9.909443,11.043663,10.777453,14.676271,7.109883,12.928072,8.611615,11.352733,16.921183,15.101132,15.253979,14.378451,9.207185,17.505996,,17.994323,14.389155,16.241661,12.792166,8.826834,13.514221,18.692781,13.557502,8.633685,14.551141,10.376494,16.824644,16.77924,15.064949,15.933775,15.684569,12.651269,10.322334,8.497173,9.717145,,,13.387095,14.780922,,18.460405,17.539717,8.980739,7.189726,15.457883,,14.81439,15.289327,15.801743,18.513295,17.371241,14.766085,8.506288,9.846995,,14.339313,12.910665,16.164885,15.327064,18.425117,9.24415,15.378864,12.926179,18.34167,7.431038,13.565362,13.074125,15.872965,16.712115,,6.111031,16.11074,15.416186,15.782933,7.395149,16.473723,17.762595,10.817735,9.066439,11.783285,9.248283,,,7.528024,12.646804,14.638728,,14.174132,14.558167,9.231365,,17.600072,6.320485,,,10.363784,11.88155,12.639173,15.564709,8.236636,16.546154,7.016585,18.965921,18.54586,13.454885,7.239837,6.741197,12.930684,,10.605794,,14.268399,9.878266,12.25132,7.542258,18.00262,13.030865,17.452832,13.186356,,16.210644,18.9426,7.171827,10.201891,12.414733,18.747208,8.67055,15.698173,12.426207,,9.915596,12.829665,10.061506,14.715083,10.444394,16.098383,17.707956,8.977623,10.277032,10.699512,10.779539,16.383936,13.242315,6.092757,17.035606,11.166992,10.732057,13.584789,9.50718,12.851593,11.53632,16.132575,8.716065,13.146933,11.576031,16.318421,15.254312,12.460714,14.166951,10.995817,12.943482,
S022,SUBJ010,pre,participant,22,B1,75.0,M,31.3,18.652318,,,11.125988,10.240255,17.544656,13.118261,16.472815,12.386194,9.043656,15.023622,8.311067,11.430792,16.433733,10.888576,10.696768,10.106,14.828038,8.045923,,15.819684,,7.195643,17.521439,17.345056,14.605185,13.792751,10.903061,8.398701,14.980094,9.117721,16.733028,18.02253,,17.281352,19.75438,7.545968,14.787001,15.787029,16.932682,10.893499,8.178067,12.212378,15.797511,13.215261,10.496285,12.240899,16.941799,8.91238,7.033863,19.278983,18.230162,18.402032,19.292587,7.768383,,15.277129,,17.687041,,17.808992,,,18.17522,,11.582758,,5.982537,13.392163,9.900474,13.594369,18.575394,10.642693,8.987946,17.616821,11.200096,17.315454,13.75409,12.944503,,,18.955558,16.378812,14.034629,14.370984,13.637706,15.694353,14.712636,14.819608,19.350209,11.039282,10.945188,17.269081,14.39837,12.435694,15.560323,,14.607661,15.878502,11.694367,,16.986967,16.089106,13.660601,7.441284,15.079531,16.566629,17.56782,9.566967,,13.742984,14.444037,10.175662,15.927257,17.143645,,9.014551,10.585216,10.90291,8.45253,6.538849,15.005023,13.211552,6.590362,18.526767,9.989976,14.62747,14.628455,16.374575,13.023732,10.441813,12.307938,16.814268,10.21005,9.405035,13.945973,17.175355,7.458694,12.393112,20.03691,9.532999,19.666587,13.648401,,13.1304,13.315097,14.450609,16.29888,18.268546,17.740579,18.163373,,11.24362,14.215,7.391716,16.304463,10.939631,,15.662521,8.36466,10.063193,19.510107,15.239227,9.983008,11.766579,,9.247572,,18.508788,11.192287,10.747748,12.377671,8.568792,17.192686,,,13.786013,11.000972,10.543061,7.154312,13.101841,7.270062,11.362821,20.600992,13.647386,13.117581,11.410923,15.702423,19.155735,15.328127,,15.092434,13.022427,18.632358,,8.691395,18.126502,13.812513,15.083456,15.003734,7.298017,15.148086,10.826707,16.899061,11.817795,19.838162,11.697102,14.849296,13.156189,6.727784,12.132448,16.538838,14.540884,,17.057435,15.033599,,,16.694416,17.48164,14.642427,14.330793,10.247595,11.140606,,16.593245,16.829076,11.556995,11.545375,16.303667,17.018933,9.575029,,11.168252,15.352235,,12.833191,9.365207,11.215818,16.877662,13.830644,14.801548,13.723295,9.183983,17.62491,7.909953,17.531595,14.386674,17.720618,12.734462,8.603849,12.470504,18.49575,13.309616,8.991494,14.505423,11.206056,17.143962,16.917138,14.213867,15.074165,15.908898,12.057965,9.715053,7.860218,10.409995,,8.109361,12.946298,14.524042,6.975332,18.866938,17.032248,9.506665,7.65571,16.083917,8.771192,15.171355,15.507496,14.938215,18.1348,16.566035,13.804545,9.828486,9.80468,8.312747,15.042301,12.375232,15.509465,14.713038,19.025127,10.655441,16.438051,,19.000446,9.513609,13.509451,12.482077,17.728523,15.430373,,,16.326322,15.69453,15.143735,8.456437,15.518385,17.516746,11.939968,8.866012,,,,,8.130828,11.92917,12.96452,,14.509879,14.984088,,,17.735735,6.175325,6.861707,,10.693844,12.31717,12.005519,15.453073,,16.640445,7.078631,19.484465,18.488233,14.343758,6.723012,,11.976299,,,6.965784,13.306896,10.521453,12.077747,8.861335,17.550366,13.26563,17.574396,15.131353,8.264912,17.023203,19.855381,7.333155,10.553437,,19.728448,8.701792,16.429056,12.375189,6.949768,9.731047,13.097698,11.978878,13.649847,,15.440243,17.73006,,10.768242,10.276997,,16.696208,13.893243,7.441533,16.931497,11.248438,12.882826,14.210613,9.76959,13.032316,11.634993,15.927696,8.121378,12.311266,11.417737,16.126036,16.127166,13.08,13.78331,11.687507,13.168001,1.0
S023,SUBJ010,post,participant,23,B1,62.0,F,35.3,19.289638,12.044835,5.928607,11.063725,8.482768,16.904949,14.152603,16.40935,13.510831,,15.870665,7.416418,13.253654,17.190823,10.323652,10.536927,9.202858,13.141342,,7.785551,17.288856,5.825531,,19.641337,19.258817,13.941769,12.71626,10.437117,,17.204567,10.264818,15.201337,18.855281,9.437523,17.428491,18.714922,,14.224287,15.00005,16.977997,9.481133,,11.852268,17.088606,12.967127,10.498111,11.735099,15.04986,9.033175,8.793961,18.239234,17.134263,19.775155,19.418079,6.1918,11.447218,15.881787,,15.684146,,16.082034,12.739625,,16.687445,7.417853,9.969027,7.03188,6.180506,14.318396,9.635247,14.257576,17.290204,,7.927719,18.046778,11.927726,16.665789,14.193759,12.354299,,,18.455256,16.510283,14.134215,12.624293,12.063496,16.348346,,14.522213,18.600173,11.329712,10.928193,16.855291,12.403228,12.13492,15.719617,7.235918,15.024742,18.505953,13.36236,,16.816708,15.59015,13.043506,7.453682,15.231104,17.820958,15.383811,,8.35222,12.433317,14.360033,10.38569,17.181772,16.49463,7.759023,9.101739,10.97979,11.57595,,6.749266,15.268247,13.812935,6.532005,20.005724,10.17269,15.294519,16.123058,16.510119,16.642149,10.761468,12.233422,16.630722,9.978825,10.162177,16.352742,15.114724,,12.364419,18.840456,10.171627,19.350719,13.394811,8.614673,14.577708,12.582118,13.32843,16.556461,18.321168,17.790424,17.874313,,11.361401,14.119426,7.149137,17.047916,11.217431,13.698823,16.779388,7.327148,9.757823,17.796497,14.582407,10.568412,10.810371,7.91265,9.328406,7.314968,18.741925,10.941583,10.148629,12.581288,,17.105039,12.003145,,14.144709,10.837857,10.204009,7.102448,12.618741,7.085977,,19.622863,14.569325,13.10617,11.740055,15.307623,18.480684,16.59394,,17.826928,13.175074,18.133033,,8.944068,15.15488,,16.565103,15.60468,,15.183923,10.386455,17.162116,10.378056,19.057507,12.915188,13.68875,13.677954,7.828898,11.85767,16.978927,14.796245,,15.958721,14.139624,,,15.516076,18.190232,16.359027,14.107013,,12.040094,11.718456,16.081291,17.885524,,9.735759,14.886924,16.056524,9.246764,10.251991,11.722398,14.787763,,12.34233,8.776367,10.345394,17.982838,14.295919,16.957617,17.749826,9.369554,17.209947,7.746985,18.513184,14.605214,16.178778,13.577428,8.844141,13.968982,19.465749,14.187423,8.302502,14.665202,9.604813,16.373645,18.1644,13.955957,16.542413,15.204682,12.137785,10.763461,8.85306,9.457237,,,12.659949,14.556208,,18.186875,18.826077,,7.525599,16.660222,8.51025,14.783131,13.864332,15.356458,17.804392,18.521123,17.604023,8.627206,9.849202,,13.673327,13.021945,14.978091,15.993469,18.222101,9.0511,15.36391,11.233943,18.241987,,13.165973,14.737174,15.995063,18.30812,8.195643,6.802581,16.203878,16.797457,16.301738,8.031825,16.956931,19.738292,,9.890462,10.807363,,,6.955127,,12.543798,13.944659,8.281142,14.716818,14.899809,,,18.090807,,,,10.34958,12.130361,14.910018,15.496083,7.503269,16.100078,,18.707717,18.891335,13.47767,7.394034,,13.562542,,10.34596,,15.661373,,11.404391,7.842916,18.000757,13.305041,17.381164,13.183387,,15.116936,17.885011,7.348728,10.699997,13.687063,18.464568,8.13417,15.338782,12.211608,,9.905898,13.264381,9.630322,12.910869,10.360013,16.638041,19.310847,9.355681,11.168108,10.235272,11.425719,16.71806,14.237445,6.552746,16.788203,11.422065,11.025029,14.130918,,12.990072,12.901399,16.816711,9.360364,14.27297,10.123539,14.724124,15.300965,12.975945,14.261469,11.491342,13.127686,0.0
S024,SUBJ011,pre,participant,24,B1,35.0,F,28.6,19.662673,12.415528,,11.357167,,17.076186,13.934889,16.554792,12.225448,,17.277816,8.536286,12.056055,15.90189,10.2044,,11.098723,13.919068,8.016418,8.747186,16.382104,,6.794156,19.713094,19.233174,16.557476,13.815779,10.690679,8.211645,18.645261,,16.100224,19.116256,,17.11954,18.535587,6.759955,13.242257,14.807341,16.667153,,,12.300272,16.506203,13.270872,10.696759,12.175256,14.828171,8.184677,7.135863,18.593461,16.62829,15.412284,19.889626,,11.866618,16.181062,7.962723,,7.668247,16.080868,11.211262,7.190714,15.798679,7.428863,9.72168,7.624832,6.615593,14.05429,10.254745,13.985013,18.253738,10.554119,8.418443,15.763995,11.673817,17.418358,13.489565,12.419618,7.303689,8.068026,18.265195,15.561808,14.640915,15.916987,11.811078,15.99591,14.019016,13.700835,19.514009,14.175222,10.639042,18.565898,12.538002,13.290091,15.717703,7.251151,15.547319,18.417732,13.818317,,17.905007,15.51591,,7.525364,15.12041,17.562354,16.780402,9.245363,9.891131,14.552004,14.509685,11.168534,16.285837,17.824258,7.566663,10.242186,,11.163128,9.576711,5.948367,14.796907,14.71248,6.612647,18.043897,9.723627,15.754862,15.10197,17.288185,13.765633,,11.693509,17.46695,10.113651,11.236487,,15.733997,7.448405,12.449987,17.133354,9.868653,18.592581,13.363773,8.236445,,13.440803,12.838985,16.064485,16.992879,17.010391,19.083137,,10.98181,13.57456,7.103183,14.614074,10.380201,13.368212,16.380225,7.306062,9.86366,18.859309,14.313859,10.512977,12.031322,8.741636,,6.743219,19.20124,10.725409,10.682345,13.14953,9.993037,14.902752,11.463386,,13.086432,9.701705,9.724787,,12.920948,7.241364,10.995442,20.852508,13.283388,,12.371281,14.385546,19.798863,15.843801,,17.841048,12.479677,17.83597,,9.426118,18.08219,13.967861,17.14609,16.453462,7.023921,15.78106,11.251027,17.599252,11.80935,19.106363,11.513367,14.097456,13.452765,,,16.729698,13.921802,9.676204,15.165861,14.305991,7.69265,9.56039,17.07569,17.699783,17.365843,14.30448,10.313892,11.278107,10.060128,17.394445,17.29261,11.167136,10.99308,15.551292,14.700406,9.109099,,10.604442,14.998911,7.56209,14.588241,8.680289,10.814502,18.475842,16.369223,15.935575,15.261735,10.076027,17.63218,8.607108,18.059504,13.765566,15.331353,12.519324,8.770036,13.594695,19.137785,14.558465,10.166138,14.510111,9.910193,16.784979,16.565595,14.750318,15.291068,14.611267,13.043859,10.054021,8.437086,9.446029,5.975905,,13.296069,14.557847,,18.733549,16.419015,8.926652,7.470618,14.188627,,14.796282,14.829312,17.614737,18.240592,17.981227,14.624359,8.994353,10.066035,,14.503997,11.418127,15.836057,16.634205,19.132057,9.556238,15.295816,12.599448,19.208905,8.012401,13.797487,12.947984,15.781751,15.841034,,6.868267,15.247037,15.493221,15.103477,7.540632,17.898224,19.423741,11.14723,8.883865,10.82596,9.424502,6.277055,,7.644505,12.189262,14.762392,,14.45384,13.588622,9.983906,,18.133754,,,,10.47333,11.77224,13.920584,16.409855,8.735353,16.574769,7.099295,19.03244,18.518231,13.409112,7.480831,7.120808,,,11.49327,,14.70109,9.662027,12.718263,,18.258645,11.913993,17.887264,13.068599,7.705218,16.190784,19.224796,6.941224,11.709743,14.767635,18.23592,8.843136,15.269109,12.654023,,,13.481295,9.985315,14.092323,10.775972,16.609269,16.733598,8.913189,10.712303,10.738278,12.878806,13.655818,12.217973,6.58376,17.058551,11.507319,11.258684,15.112106,,12.706714,10.70767,15.537414,9.070577,14.047927,10.851999,15.667705,16.228911,13.921354,14.509871,10.700023,,1.0
S025,SUBJ011,post,participant,25,B1,68.0,M,21.4,19.514063,,5.862451,10.989231,,16.039592,13.307174,16.770192,13.936575,,15.779366,8.022978,11.491217,18.31068,10.852061,10.81107,,14.642017,9.754654,8.030502,15.681339,6.679762,,16.577763,18.04487,16.26198,14.59616,,,17.569749,9.335346,16.015138,18.694872,9.963648,17.357808,18.093415,8.343541,13.451581,15.592166,17.221363,10.507071,8.079858,11.74604,16.832815,12.441344,10.848811,,15.122314,,7.624028,19.478871,17.93194,18.907359,20.094854,,,16.213724,,14.866469,7.93434,16.554357,11.582923,6.058966,18.003353,6.944976,12.211332,7.407013,7.678283,12.146785,,13.353953,17.558215,,7.655066,16.120533,11.703999,16.852441,14.398617,13.125715,,6.309249,16.737506,16.91718,14.396438,16.220353,11.198678,17.836327,15.28565,14.492561,18.371107,10.756339,,15.975563,10.469642,12.37602,15.021383,6.895666,14.894154,17.403608,12.750223,,18.01435,15.153467,13.217964,7.567728,14.837684,17.179189,16.675428,9.842885,8.14175,12.116695,15.230737,9.77834,16.664032,16.868947,,9.107662,,11.511328,9.289927,,15.52035,14.595308,6.240887,20.084822,10.136312,13.57514,14.297098,15.922377,15.153515,10.173552,12.075472,16.818228,10.461305,9.038946,14.429838,14.105633,7.521365,12.651702,18.356225,9.602532,19.615356,13.244902,10.205439,12.035514,13.020022,15.383651,16.257607,18.078426,17.611777,17.478047,,11.982455,12.197204,,15.72847,10.165924,12.780234,15.809256,8.775709,,18.617235,13.271743,9.911377,10.723729,7.831814,9.561154,7.728397,18.831956,11.695989,9.907416,12.078334,9.543361,16.861555,12.079681,,11.610633,10.160993,9.788115,7.410409,12.943597,7.198494,11.936399,16.927504,14.786792,13.634396,11.753062,15.59066,18.95361,14.986796,7.194166,15.201916,12.890943,18.195248,,,16.155862,13.193208,16.972506,15.858335,6.996389,15.241138,11.239891,16.246018,11.487649,20.541359,11.753584,14.538313,13.368538,,13.994164,16.477604,14.498793,,15.696277,13.810018,,9.945093,16.116811,17.879227,15.742202,13.7434,9.705477,11.634847,10.616632,17.096649,17.91877,10.214805,10.303096,15.861338,14.903837,9.283575,10.595575,10.434169,15.747985,,13.567405,8.98034,10.988195,16.965961,15.812827,14.908562,,10.54619,18.414512,,17.542049,14.521088,16.15426,12.124441,10.752121,12.995025,18.414191,14.746915,,14.164084,10.518043,17.43641,16.835996,13.782311,17.516442,16.124351,13.264412,,9.07173,,,,12.995506,13.986724,,18.785091,17.447169,9.150077,7.661707,15.003416,,14.164753,14.868115,17.286314,18.695439,17.054345,15.010474,,9.623424,8.273749,14.950284,13.50373,16.500842,15.537608,18.318081,9.291263,15.720814,11.699815,18.484055,,14.367314,13.927074,14.760107,15.741116,,,14.705147,17.363626,16.022653,6.891055,14.973106,18.115801,11.726248,9.633758,12.005193,9.951984,,6.850874,,,14.014697,8.537529,14.078307,15.479422,9.007616,,17.055524,,7.077457,,10.411628,11.765381,,15.494524,9.710255,17.489543,7.830167,17.733895,18.046624,13.47283,7.796559,7.079485,13.701067,8.127788,10.226304,,14.937356,10.263328,12.29566,8.317096,17.616067,12.531581,17.947075,12.424998,9.607053,,18.677799,7.38569,10.829715,12.373526,19.580095,,15.277614,12.309653,6.893969,10.295998,12.807472,,15.335284,,15.555558,19.139831,,13.006829,10.301816,11.086667,14.466493,12.259016,6.010332,17.798977,,12.65048,14.677662,10.582377,12.438215,11.401013,17.761082,9.071811,11.897709,12.21566,14.104819,15.738832,12.458014,14.006623,11.889576,12.499995,0.0
S026,SUBJ012,pre,participant,26,B1,64.0,F,24.9,18.169371,12.783103,,10.99773,,17.772598,,17.000197,13.658891,,17.615096,7.932215,12.521095,15.249645,12.257674,,,14.659073,8.688635,8.175974,17.058049,,,19.36898,18.565154,15.893111,14.583497,10.926667,,18.806365,9.3706,17.873082,18.563204,9.84447,16.959139,18.23227,7.921603,15.554752,15.241088,17.850155,,7.941811,,16.514625,13.861688,10.807484,11.899444,15.688329,,,18.071128,17.635658,19.211557,19.264777,,10.470649,16.808484,7.245553,16.32207,,17.052472,10.868151,,16.211902,,11.974644,7.909353,5.963012,13.128993,10.210574,14.266415,18.722953,,,18.071534,12.295238,17.699629,14.586592,12.668284,7.333692,,20.866267,15.904401,13.632883,14.144532,12.357415,17.271493,13.854094,15.328808,16.091841,,11.073486,12.876152,,13.37313,14.044285,7.07564,15.476932,17.773685,11.788278,6.716031,18.821304,14.948079,13.954797,7.531537,15.254791,16.905154,16.600594,,,13.651039,15.259575,9.762,16.03498,18.171381,,9.595313,10.774095,11.557636,8.587703,6.202418,15.488825,13.053122,6.628482,19.344145,9.400218,15.659717,15.35331,17.03411,14.214715,12.507785,14.154954,16.368862,,9.132603,15.557906,17.029856,7.46238,11.35399,17.443382,,19.595825,13.813413,11.078324,11.447011,12.894776,13.537693,17.306937,16.956677,17.952339,18.469527,,10.729825,12.177036,7.280678,18.188722,,15.399354,17.64075,,9.510369,18.199186,15.05075,9.293587,11.83515,10.345549,9.578373,8.420171,18.59068,11.884422,10.538849,13.842146,9.014216,17.488059,12.152364,,11.166383,11.151689,11.219054,7.234099,12.866097,,11.301433,18.131505,13.951481,12.734199,12.326786,14.943307,19.343837,15.221629,8.507478,12.976985,13.06995,18.75093,,8.761418,16.487847,12.217673,16.514962,15.343197,6.851749,16.055623,11.034097,17.665024,10.59782,19.205008,11.641307,14.167815,13.4112,,13.147183,17.208662,14.981603,8.631468,17.529475,13.446005,,,16.322207,17.306644,16.400936,14.118433,10.2212,11.162486,11.974314,16.966637,17.265923,10.691866,9.670709,15.366475,16.880099,10.920301,,10.799136,14.304415,6.89724,12.375479,8.580748,11.70609,17.264735,16.326953,14.66183,14.386101,8.891298,17.591274,,20.359236,14.494524,15.793865,13.049261,11.800597,13.832654,19.425549,13.191352,,14.829129,11.820618,17.306483,16.833624,16.90053,16.169973,15.831072,11.650033,10.599811,8.941987,10.254119,6.106223,,13.034214,14.705346,,18.893569,16.788081,9.299116,,15.278644,,15.158851,15.479032,16.388341,18.825489,17.684158,14.543901,9.205818,9.137606,8.777617,14.722947,13.701153,16.989558,13.923675,18.574198,,16.244227,13.196302,19.602935,9.213347,13.129924,12.496107,15.958462,15.906336,,7.433043,17.331717,15.075864,,8.734032,16.351355,17.986821,10.686325,,12.75033,,,,,14.074248,14.513833,8.867279,14.388319,14.320426,,,17.009379,,,5.946965,,11.723913,12.440379,15.193093,,16.63401,,18.865409,18.404607,13.410443,7.510725,7.378425,13.193852,,,6.634448,14.322569,,12.543651,9.596152,19.190383,12.737583,17.369317,13.514942,,16.394696,18.896091,,,12.170667,17.841348,10.291113,16.021705,12.83981,7.52693,9.338157,12.411106,9.660709,15.004112,10.537082,16.46472,18.783946,9.519774,11.406928,10.042111,11.597117,17.725426,15.462126,6.112075,17.857281,10.901387,10.67919,14.548519,9.882123,13.020871,11.332087,16.036719,8.053111,13.208054,,17.090735,14.192295,11.574452,14.157739,11.273184,13.376779,1.0
S027,SUBJ012,post,participant,27,B1,45.0,F,27.9,18.372991,11.17239,6.002928,10.227387,10.26984,16.66422,13.535691,16.7192,13.147852,7.346248,15.51642,,13.841547,15.683916,11.010304,11.085008,8.878879,14.485707,,7.803808,16.632711,,7.79253,16.914579,19.178143,15.897751,13.213786,11.181966,,17.27206,,17.132741,19.088731,,17.391409,17.992568,7.416333,14.770333,15.519359,15.638896,10.18578,,11.285217,16.781842,13.099566,10.30273,13.201635,16.119238,8.391888,8.702519,18.186725,17.5723,18.523076,19.066323,,,15.681824,7.455738,15.84841,,17.091593,12.798565,6.693208,17.770473,,10.849303,9.670727,7.75074,12.041854,9.698496,14.202568,17.82158,12.603383,7.878051,16.514336,12.215324,17.329524,14.768305,12.133955,,7.322649,17.753657,17.246055,14.201424,14.746918,14.421741,16.731792,14.340879,,18.27291,10.681335,10.189726,16.870474,11.659483,12.624958,15.778233,,16.663854,16.920881,12.247132,,17.379344,15.226627,12.384079,7.222843,15.327511,17.857171,16.127465,10.070081,10.529997,10.795204,14.950683,10.357827,17.092955,16.101504,,,,12.751207,8.282903,6.196332,15.421563,14.692686,6.152183,21.132914,9.684889,14.571377,16.558735,16.374216,13.814386,11.785493,13.305587,16.158711,10.237772,10.094975,15.284839,14.092657,7.316689,13.315651,16.832587,10.672911,19.66535,13.612858,,12.408266,12.605644,13.846145,16.986252,18.875674,16.864255,18.239245,7.618018,12.024928,15.440515,,16.311426,,15.175567,16.954763,7.865115,9.397482,18.491627,15.585714,9.30273,,8.636262,9.844486,,20.074797,11.162121,9.998633,13.148144,8.485709,14.891515,12.966952,6.700023,12.2759,9.484742,10.224436,,12.559874,6.735658,11.264589,20.657143,15.286516,13.608239,12.180005,14.101625,19.330132,15.150409,,15.853423,13.158559,18.251995,,8.784831,16.264427,11.578311,16.541563,17.324746,,15.637572,10.950352,18.595466,10.483201,20.719123,10.857849,14.418078,13.296845,7.413459,12.103311,16.845402,16.289995,8.195938,18.130723,,6.804389,,17.125583,18.44935,15.690435,13.456018,10.55996,11.115187,11.483408,17.385254,18.769966,10.276241,11.142394,15.384618,16.638788,10.228518,,11.819983,15.504109,,12.971103,9.983606,12.434654,16.955605,15.027252,15.265141,15.236224,9.230261,17.439399,7.32589,18.400414,14.672567,16.421246,13.122045,9.280864,12.324999,19.567217,13.508911,8.731285,14.334803,,16.829731,16.708897,15.795945,14.604289,16.917688,12.279805,10.675084,,9.614379,7.310522,,14.440222,15.588452,6.209258,18.291135,16.49142,9.489607,7.389825,14.046404,9.037739,14.515724,15.162765,14.051957,18.321104,17.145672,13.92972,9.842602,10.542655,,15.190105,13.203339,15.879773,15.050553,18.378544,9.467096,15.838513,12.932351,18.788966,8.830737,14.20852,13.138064,17.579574,15.714935,7.565521,7.135863,16.876359,,15.207706,,15.352181,16.426027,11.44838,9.235057,,8.823144,6.139142,,7.809479,12.840294,14.388388,,14.805985,15.871326,10.099151,6.307429,17.032573,7.074677,,,10.288024,12.041125,12.211237,16.019793,8.171527,16.358146,,18.250122,18.486131,14.635736,7.13494,,,9.430181,10.86944,,13.532428,10.144709,13.457964,,18.969974,12.604898,17.597929,14.783157,,15.619851,18.815822,6.644289,9.467789,,17.388542,8.649795,15.69556,11.809595,7.263598,9.528259,13.311372,10.9932,13.236938,,16.113343,16.484835,9.435587,11.337672,10.086441,10.517197,17.293476,14.458062,6.131137,17.306051,11.289552,10.598639,15.192358,10.687717,,12.596814,15.550977,8.652988,13.862524,12.097311,17.171676,16.450249,12.548025,14.18292,10.333636,13.875508,0.0
S028,SUBJ013,pre,participant,28,B1,71.0,M,26.5,17.303289,11.372811,,10.704275,9.687708,17.251461,13.933815,16.734797,11.274797,9.13494,14.132624,8.027685,11.437695,18.338772,11.390282,11.107282,,13.531279,8.967255,,16.304034,,,19.451372,18.349109,15.507602,13.569882,12.608987,7.782474,15.125577,9.041002,16.19573,18.591616,9.794789,17.245462,18.328481,,14.824024,15.633181,15.272818,9.064797,8.69387,11.771531,16.68703,11.581798,10.965618,13.364362,16.264821,7.643712,7.806646,17.886146,18.083037,20.479587,19.773801,6.304511,11.713266,16.705852,,14.859918,,16.568679,10.53513,6.570463,19.093754,7.54782,,,6.153603,13.293726,9.789208,13.716892,17.997335,,,16.415868,,17.638056,16.901502,12.597897,6.743488,7.430118,19.844594,17.692964,13.44342,,11.28142,16.913835,15.41334,14.771846,17.881755,,,14.939871,12.313648,11.997261,13.686496,7.192194,15.787506,18.998,13.342665,6.530601,17.840954,15.09691,13.703799,6.741467,15.220231,14.92809,16.558551,,,14.215996,15.451028,10.122957,15.802918,17.054092,7.66626,8.80787,,12.225159,8.188539,5.843481,15.054819,15.159649,6.416502,19.750485,9.630249,15.727339,13.565666,15.434802,12.939656,,11.511461,15.795307,8.906259,,15.16383,15.698772,7.343852,12.653387,17.744598,11.203483,21.39578,14.369275,9.179561,12.666089,13.946946,14.814755,16.582822,18.890775,18.095448,17.697864,,,12.588286,7.365535,16.897228,11.454526,13.980868,18.055646,8.297604,10.657131,17.85341,14.605937,10.095028,12.178634,,10.245529,7.935637,17.509948,12.32746,10.165234,12.972885,8.677614,18.098871,11.940897,7.769111,,9.550574,10.022507,7.059399,13.918288,,10.442322,18.611851,14.402399,13.019685,11.911242,14.802593,17.731665,13.85802,,15.939838,12.768093,17.803535,,,16.457775,,17.755629,16.726854,,16.085062,10.601028,15.251769,11.808055,19.387961,12.644203,13.836959,13.406071,,11.50232,16.834812,15.509055,8.643243,15.477932,14.420256,7.595071,9.152133,17.208716,17.650088,16.592718,14.754225,9.764689,11.123145,,17.39966,15.046956,,,15.52319,15.023076,9.848639,12.342783,,15.433234,8.52415,13.129761,9.840007,11.475951,15.566107,15.479079,14.635742,13.557397,8.906289,17.792526,7.75769,17.926774,13.987429,17.91844,12.76327,,14.313237,20.118576,13.631451,8.3733,14.466337,9.633213,16.763928,16.357477,13.488169,16.966169,15.496807,12.578642,10.917551,9.184057,,,,13.228488,16.375788,,18.031783,18.21244,8.994297,7.321748,13.711013,,14.781297,15.033498,15.480946,19.060623,17.53154,15.905488,,,,14.457067,13.066066,15.792392,15.505712,17.916472,,15.510252,11.825098,18.00887,,13.569001,14.059559,17.411214,17.517701,8.308248,6.893119,14.738818,15.28297,15.673808,8.143077,16.894297,15.349612,11.924204,,10.9632,,,7.253706,,12.817657,15.146497,,14.311128,13.598933,,,17.361447,6.869871,,,10.639657,12.542904,12.290981,17.710598,,18.356895,7.733829,19.116263,19.185141,15.245831,7.233236,6.852873,12.705494,7.756156,10.350508,,14.347509,,,8.34576,21.398378,12.831687,17.355077,13.91465,8.448488,15.949254,18.538922,7.116552,10.540835,12.619979,19.362728,9.300627,16.688785,12.293038,7.196725,10.691133,13.739307,10.438345,13.91306,11.849198,17.039678,18.140108,8.958669,12.426634,10.350177,12.035744,14.036866,13.264699,6.582857,17.771088,9.920755,11.150128,15.486995,9.831703,13.162671,12.831636,16.252949,8.772809,11.859011,12.591017,17.531864,16.700985,13.634321,14.115662,10.091739,12.268191,1.0
S029,SUBJ013,post,participant,29,B1,50.0,F,24.1,18.581928,12.395561,,11.337215,10.660353,17.026363,15.658042,16.558395,,7.115824,16.390267,7.466464,11.294236,17.255698,12.39026,11.183499,8.886459,17.11488,8.002365,7.825086,15.268565,6.147917,,17.508851,18.799185,14.747562,12.858818,10.955265,,19.706628,,15.592411,18.300159,9.718396,16.097994,17.946684,7.8009,13.598111,15.685365,16.265394,10.38071,8.877161,11.995665,16.899284,12.742648,10.314028,11.287089,14.974699,9.336975,7.547049,18.961721,18.770422,18.983081,20.075789,,11.869663,15.366493,,14.77406,,18.086862,11.832684,6.933337,17.451706,6.991522,10.729927,6.464995,6.510171,12.437271,,15.192354,17.783079,10.491693,8.621612,17.63037,12.782318,16.790793,15.16713,13.05313,,,19.376133,13.63612,14.324964,14.784985,12.031877,15.393613,14.735044,15.45426,17.877744,10.555231,10.694898,16.181842,13.648434,,14.300409,6.362996,16.110127,18.300557,13.294325,6.568336,18.576331,15.229734,14.22052,,14.215396,14.759107,16.947209,,,11.544626,15.197034,11.60843,16.962095,17.686083,8.04144,8.092757,10.433137,11.874186,8.384007,6.479619,15.037645,13.214503,6.174127,18.750473,9.293081,12.405107,14.639243,16.445051,14.707365,10.181413,12.806111,16.679015,9.310522,,13.387103,16.45796,,11.87095,16.629596,12.525885,18.306506,13.526681,,,12.192277,15.046504,16.852398,17.595018,17.915375,18.154789,8.249825,10.888454,12.460942,7.294529,18.214654,11.914445,13.506175,15.023888,8.902345,,17.956536,14.688672,10.55596,11.629625,8.034579,10.266869,7.258519,16.099728,10.537743,10.105817,13.024482,8.535392,16.534348,12.414453,7.388792,14.08754,9.995456,10.271405,,13.074627,,11.16975,19.00255,13.585412,14.081477,12.479614,14.807754,19.775258,15.358721,,,13.045282,18.242247,,8.639413,15.727738,12.768242,15.820675,16.514893,,15.679353,11.046046,15.637902,13.728524,19.039718,11.52057,15.129737,13.364741,,12.575345,16.615619,14.531375,8.142311,17.02248,15.55675,,9.648376,16.182337,18.93689,16.803774,13.491626,11.482158,11.525452,11.012324,16.384171,17.082156,10.369216,,16.175237,17.596568,9.139654,12.567692,12.026333,14.350153,,12.577589,,10.777527,15.785461,13.420237,15.71879,14.633328,,17.44834,,19.813116,14.49038,16.31958,12.847498,10.143995,,18.153398,12.907617,10.293805,14.508057,10.759064,16.25343,17.216706,15.457845,16.991195,15.697934,12.457781,10.726423,9.02561,9.627716,5.901832,7.777222,12.940438,14.563613,,18.185159,16.330363,9.366781,7.341185,16.771417,8.341363,15.412753,14.463387,14.252677,19.052677,17.456807,14.686971,,9.712922,7.773007,,13.352976,15.130052,14.578843,18.354017,,15.749661,13.891482,18.291775,7.90346,13.58175,13.610312,16.715205,16.259264,7.331186,,16.313876,15.770395,16.601357,,16.488129,19.82145,12.302813,,12.91768,9.751728,,,7.9659,11.436311,15.436544,,14.706452,13.530564,8.944624,,17.735771,6.624101,,,,12.470059,11.788584,16.705567,7.607182,17.412953,7.70141,19.679382,18.491801,14.090303,,6.733625,12.125546,8.238309,11.030095,6.635319,14.995117,9.703194,12.172734,,16.374212,13.630325,17.706365,13.639612,,14.983566,18.558638,6.803615,10.05948,12.57346,17.31864,,16.167213,12.043779,6.971773,9.878879,,10.112335,14.889385,10.941356,16.154527,18.473618,9.289858,12.078481,10.110092,11.20702,17.773379,13.847142,6.086614,17.43113,12.796399,9.663789,13.939075,9.570311,12.742596,11.304996,15.450672,8.1952,14.636119,12.362873,16.342268,15.419548,12.326851,14.218911,11.569652,,1.0
S030,SUBJ014,pre,participant,30,B1,34.0,M,22.0,18.239712,12.729808,,10.401029,,18.307475,14.703399,16.092213,13.73785,,15.252377,,11.900723,16.207433,12.529833,10.528024,9.771919,15.716296,9.166264,7.835735,15.308267,,6.379552,20.296235,17.667106,15.019916,13.641604,10.977902,7.851811,19.183845,9.407544,16.345061,19.066728,,16.514493,18.161135,,13.33608,15.173063,17.190044,9.490029,,12.73395,16.757592,12.974192,10.72872,14.517802,16.038426,,7.347577,19.752165,17.730725,18.4224,18.579794,6.651195,10.780417,15.515758,,14.790829,,16.782841,11.967803,,16.276763,6.715207,,7.589689,6.420718,12.056479,9.82061,14.907643,19.419973,10.503468,8.180506,17.073711,12.127569,17.897058,14.174441,13.221854,6.981053,,18.301816,14.540106,13.789052,15.502335,11.20536,15.407496,14.886206,14.715892,19.21192,10.598974,11.069785,16.024474,13.043887,12.674735,16.464639,6.979454,15.164201,17.281708,13.964752,6.161686,17.916678,15.424645,14.469632,,14.853678,15.616061,16.15531,10.333245,9.31447,12.072772,14.691833,10.01788,17.582266,18.04283,8.144913,9.446401,10.593559,11.989394,8.878174,5.899417,15.072329,13.176486,6.359135,18.393769,9.460435,13.252748,14.935781,16.510434,13.189148,10.298727,13.653609,16.413185,10.720569,,13.899228,17.293329,7.506684,11.203935,18.538522,10.235332,18.402504,14.383725,10.463463,,13.176421,14.207316,15.876038,19.527004,16.962104,18.528601,,11.615938,13.17112,,16.210823,10.834092,15.487594,17.173147,7.705701,9.479841,18.288016,13.989513,10.063098,10.828248,,10.660959,7.284847,17.543064,,9.432103,13.494406,8.624393,17.501175,12.734108,,,10.428193,11.047594,7.565369,12.598685,,11.055757,19.546429,14.558161,13.076094,11.267073,14.347433,19.639743,14.327986,7.222264,16.387327,12.699924,17.858367,,,16.097077,12.480952,15.361077,16.459502,6.852498,15.539909,10.851515,17.428256,13.605732,18.947046,12.112003,14.387964,13.476353,8.059182,13.165521,16.064524,13.617433,,18.044318,14.29726,,9.614287,15.821047,18.557954,14.951232,14.381147,10.000549,11.723977,11.324996,16.395907,16.419638,10.855857,9.677332,15.339609,16.942674,,11.162442,10.594035,15.12325,7.778209,12.78048,9.268472,10.436129,17.277598,,13.789211,15.725916,9.198371,18.80185,8.494256,18.755194,13.977762,15.816109,13.289641,10.470252,14.279928,19.011431,13.35713,8.919012,13.641262,11.244221,16.695279,17.527616,14.347722,15.811947,14.675034,12.294793,10.542335,8.151473,10.875603,6.89845,10.447021,14.741904,16.676225,,18.524423,17.116049,,7.423662,17.308926,8.770334,15.129771,15.015302,16.388514,18.139281,18.440653,15.053799,8.486111,9.519086,7.890264,15.019865,13.604262,16.123851,15.307605,18.472841,9.697263,15.185622,13.047923,18.356579,,12.524963,12.891474,15.919075,17.197187,,,16.920696,14.143191,15.489429,7.619413,17.696923,15.54715,,,10.558124,,6.471025,,8.542219,13.225348,15.231205,,13.682132,14.425339,9.183214,6.765004,17.300557,6.433794,,,10.571449,12.029225,12.123565,17.656678,,16.884323,,18.686478,18.79023,13.272044,7.253328,,,8.514083,10.628026,,14.283358,10.415192,11.63467,8.311385,16.826504,12.278322,17.225689,13.399011,,16.488813,19.094041,7.544887,9.728074,13.085753,18.288646,9.759172,15.812758,12.237297,,10.621896,12.664374,11.231119,14.769561,9.943833,16.856531,19.29492,9.325688,10.878434,10.806034,11.230002,14.481904,13.047671,,17.256305,9.780228,14.130731,13.481913,,12.848832,11.520525,17.756766,8.614489,14.292707,10.250973,17.296001,13.960114,12.750908,13.822277,11.00763,13.85997,0.0
QC04,,,pooled_qc,31,B1,,,,18.695496,12.006603,,10.819517,8.712699,16.991977,13.620479,16.804424,12.720657,6.662918,15.821283,8.011004,12.642444,16.976722,11.234099,10.697689,9.391437,15.338355,8.15416,7.915999,15.646129,,6.141188,18.993596,18.089008,15.026164,13.153929,10.792172,7.875657,17.30445,8.925139,16.344388,18.620496,9.794871,17.118676,18.37423,6.820179,14.720658,15.450029,16.488568,9.1499,8.20134,11.782626,16.587592,12.976557,10.252819,12.139072,16.022747,7.879951,7.294161,18.261282,17.577051,18.665452,19.126854,,10.73685,16.036239,7.206917,15.575113,7.666615,17.124608,11.59748,,17.473852,6.913966,10.506952,6.491051,,12.839105,9.69265,14.081375,18.297421,10.914916,7.719868,16.80127,11.917659,17.083176,14.752526,12.437482,7.48075,6.457955,18.727322,15.870357,14.08421,15.38057,11.996269,16.590851,14.448207,14.73768,18.372947,11.220276,10.473117,16.249652,12.078231,12.52726,15.285176,6.712596,15.808217,17.591664,13.166133,5.861459,18.192,15.246906,13.630195,6.792985,14.873046,15.803211,16.168635,9.599708,8.247358,12.18639,14.843569,9.95687,16.470463,17.570514,7.511515,8.936461,10.143613,10.984732,8.413797,5.964861,15.166418,14.060828,,18.722578,9.677614,14.064179,15.150188,16.574935,14.411601,11.209021,12.41249,16.536803,10.03188,9.567671,14.561253,15.743676,7.366322,12.279999,17.404408,10.26599,18.971982,13.426725,8.795975,12.638087,13.009624,14.026249,16.263219,18.638439,17.399278,18.381871,,11.067233,13.957582,7.15967,16.775391,10.71202,13.96703,16.640358,7.120601,9.750925,18.804615,14.941925,9.782097,11.337449,8.138528,9.393927,7.129695,17.446912,11.180338,9.794058,12.824155,9.098374,16.701716,12.08437,,12.240308,9.661208,10.093959,,12.925419,,11.218176,18.64101,14.334511,12.88935,11.846552,15.170436,18.689521,14.910223,7.198789,14.898576,12.894179,17.836296,,,16.785341,12.3846,16.120633,16.34743,,15.873964,11.344856,16.796991,11.695302,18.93327,11.533047,14.831,13.610243,6.778603,12.169556,16.681287,15.012548,8.48192,16.766225,14.180659,6.739578,9.487378,16.703492,18.262567,16.391841,14.097965,9.658622,11.448462,10.990324,16.465919,17.358494,10.752531,10.07751,15.881293,16.035621,9.647386,11.546094,10.869255,14.661102,6.982994,12.956873,8.581314,10.964399,16.651374,15.176906,15.200589,14.368743,9.307816,17.194747,,18.542729,14.337014,16.492703,12.658238,9.214708,13.775377,18.62132,13.679471,8.804712,14.130797,10.864751,17.255591,16.630765,14.899974,16.154432,16.243195,12.384795,10.13115,8.03166,9.84029,,7.593354,13.446997,15.039836,,18.250818,17.396435,9.165384,7.168722,15.978807,8.640715,14.785625,14.912684,15.967442,18.284433,17.59192,14.558204,8.634811,9.775067,7.763876,14.457976,12.896567,15.996224,14.973454,18.401161,9.061182,15.467816,12.771593,18.603185,7.524973,13.128595,13.216249,16.13485,16.632293,7.241077,,15.909137,15.456993,15.775565,7.416755,16.046223,17.581848,10.930804,8.920532,11.615814,9.27144,,,7.556506,12.614434,14.418894,8.304283,14.418981,14.49903,9.122932,,17.488923,6.175325,6.165309,,10.19568,11.964929,12.679713,16.038829,7.911871,16.868219,7.125672,18.85999,18.439293,13.76305,6.818135,6.961508,13.351803,7.773007,10.922094,,14.330638,9.889032,12.07567,7.922971,18.258568,12.865501,17.575994,13.524109,7.62044,16.039127,18.809975,6.921365,10.078911,12.336495,18.672317,8.234722,16.053277,12.224044,6.884109,9.884003,13.150726,10.199255,14.621027,10.283528,16.390414,17.985978,9.145346,10.458673,10.410854,10.777214,16.098306,13.509445,6.075105,17.265247,10.830499,10.870511,14.271058,9.561364,12.884546,11.457063,16.208622,8.35275,13.78685,11.638409,16.787303,15.297987,12.474804,13.930763,10.768854,13.000965,
S032,SUBJ014,post,participant,32,B1,70.0,M,21.1,17.897649,14.529049,6.560256,10.938631,9.720809,16.781111,,16.653529,15.38519,,15.762098,7.990898,13.057552,15.566965,10.071932,11.037677,10.615584,17.446817,,8.279889,15.378846,5.893605,6.287989,18.868624,18.682095,13.945019,13.414772,11.139718,8.42836,15.940182,9.709997,15.055188,18.964632,9.309249,17.733699,18.293653,,14.085077,14.967833,15.257741,9.2489,8.033093,11.684823,16.313608,13.494777,9.638635,12.710845,14.435874,8.860156,,18.122094,18.300723,17.952341,18.479861,,13.457303,16.087486,,16.195527,8.095819,17.623047,,,17.256025,,10.657685,7.049304,,12.222255,10.442705,14.133821,18.801328,11.472508,8.839015,17.811201,12.327016,16.94236,15.421265,12.456064,,7.429281,19.464449,16.907841,13.072441,15.546951,12.73749,17.354345,13.70966,15.528936,17.185789,12.383756,10.530855,15.195258,11.876152,12.938289,14.047491,,15.615195,17.356203,,,18.792713,15.451551,13.667738,6.665194,15.300994,16.955374,15.943738,,8.307429,,14.500055,9.450283,17.036549,16.501699,7.588865,8.740152,10.320936,10.721971,9.444373,6.214319,14.98841,14.822272,,18.936282,10.354646,15.038001,15.802924,16.402244,14.18108,10.076722,12.923164,15.779567,8.870858,12.653539,14.111718,15.920338,7.987321,12.524189,18.298819,10.983257,19.093952,13.320349,10.319695,12.46769,13.915711,13.706623,15.837078,18.656975,17.378825,19.246675,,12.187247,12.906757,7.747253,16.243947,10.335279,14.103719,16.881786,,9.297444,19.105074,14.381367,9.465362,12.248079,8.834408,9.661671,,16.31544,11.737023,9.249256,13.105516,9.593821,15.630604,11.588195,6.936638,12.66221,10.506734,,,14.033396,7.693348,11.260649,20.653628,14.138357,13.071258,12.302553,13.927356,17.603848,16.289229,,16.71216,13.263769,17.190655,,8.602922,17.096934,,16.793644,16.163119,7.205744,16.369646,10.996396,17.733341,10.557243,17.88257,11.719872,16.337223,13.477646,7.187253,12.10674,17.226117,15.132326,8.552093,17.037628,14.620244,,,17.340298,17.939745,17.209336,13.329304,10.596646,12.030295,,15.563549,16.431082,11.195772,10.212922,17.057507,16.011882,9.031467,11.224924,10.736732,15.06148,7.262377,13.15645,8.810668,11.380883,17.716022,14.260518,15.849193,16.429514,,17.330968,,19.209618,14.48046,16.175836,13.056888,,15.167338,19.410371,,,13.815235,9.57841,16.366937,17.264437,15.14038,16.030294,15.831472,12.228028,9.873044,10.153349,10.210403,,7.765071,14.072853,14.912985,,17.884308,18.313709,9.118915,,15.606704,8.451376,15.538464,15.143375,15.814513,18.131561,18.614258,15.44871,8.666863,9.470537,,14.713181,12.19931,15.062699,14.579981,18.136467,9.582725,16.826109,11.407624,18.360838,9.61811,13.072057,13.803083,15.873919,16.636122,9.099926,6.024807,13.965797,15.127198,16.524985,8.687236,14.893802,18.71068,10.73036,9.133039,11.228205,8.910673,7.41608,,,12.576879,15.069754,8.812209,14.232845,14.112527,10.505206,6.621466,18.110258,6.891784,6.627169,,11.156962,12.017772,13.384174,16.584239,,16.404538,7.207795,19.6065,18.417962,13.360281,,6.844486,13.430805,,,,13.980123,9.559071,11.358964,9.606683,17.559774,13.546241,17.82487,13.950138,,15.572781,19.081006,,10.786417,11.473356,19.404054,8.404247,16.658946,11.724714,,11.378739,13.589332,10.918587,12.732248,,16.235598,18.764917,9.230165,11.065194,10.954174,12.584486,17.852884,14.507868,,17.356162,10.055269,11.543994,13.807126,10.701662,13.380235,13.016716,15.162466,8.923625,14.778178,13.588863,16.489946,13.396405,12.254226,13.233254,10.455471,14.461547,0.0
S033,SUBJ015,pre,participant,33,B1,54.0,M,31.1,19.871152,12.13232,6.800512,10.910605,8.809672,17.036359,14.043244,17.428014,11.291867,6.948367,15.039773,,12.144101,16.704752,11.080451,10.449592,11.269682,16.639668,8.456601,8.222843,15.150537,,7.658854,19.742883,18.227819,16.410991,13.328415,10.332115,7.984931,17.390883,9.016753,15.024675,19.39107,9.575445,17.086078,17.96524,7.259555,15.427727,15.318121,17.155084,8.665514,8.56434,11.691085,16.905463,12.289131,10.246111,12.347644,15.821557,,6.974873,17.70862,19.496904,19.529966,18.719431,,11.411913,16.897078,7.410748,16.29001,,17.014813,11.51761,,17.777386,,10.696394,7.54396,,12.1929,10.626503,14.107108,17.661276,12.177827,8.462584,16.83034,12.438064,17.220739,15.282489,12.920585,,6.794546,19.875836,17.030166,14.051211,14.597458,12.264067,14.659149,13.427957,15.423467,17.633386,11.291056,10.916268,16.575238,10.192835,12.46585,15.946461,6.69488,16.49803,18.145453,14.006903,,18.481564,15.178636,14.608832,7.013686,14.555917,15.930878,16.400577,,,12.249576,14.809463,9.300696,16.822892,17.502817,,9.59809,10.906605,10.593923,7.749668,,15.005834,14.053205,,19.314247,9.680957,13.141552,15.343716,16.216206,15.609227,10.499278,11.404354,17.072677,9.561574,9.955446,13.829668,15.570536,,12.130262,18.019198,10.407905,20.114525,13.489138,8.923001,14.986326,13.188882,14.252774,16.430825,20.464031,17.388693,18.076575,7.30241,10.574981,14.511076,7.345804,16.422496,11.022271,13.539847,16.243366,7.292506,10.628491,19.183664,14.760201,10.210562,11.275432,9.787478,9.450799,8.249066,16.610855,12.083881,10.229179,12.468805,8.421223,17.247153,11.835407,,12.574371,10.332585,11.021813,6.812113,12.67362,7.051916,11.639241,20.761641,14.762896,12.844178,12.093451,15.332104,18.118053,15.882482,,16.40141,14.130433,17.20599,,,16.345674,14.217675,16.592116,15.347091,,15.897538,11.796539,18.158849,12.658571,16.760876,11.669053,14.519237,13.8864,,12.20824,16.995583,16.53189,9.426936,16.034122,13.769899,,9.604386,16.753162,18.465077,17.617814,13.274487,11.318447,11.29962,11.41839,16.153022,19.220386,10.805857,11.132198,15.864536,16.375896,,12.822266,,14.998966,7.163599,12.469627,,11.125336,16.887165,13.599599,15.624919,14.748053,9.290894,16.305805,,17.385722,14.17322,16.676166,12.741298,,14.110582,17.482581,14.19513,9.964947,15.42795,10.950067,17.386627,16.199618,14.949905,16.458451,17.572509,12.765866,10.658685,8.758356,14.029618,6.167117,7.863381,13.278632,16.557552,,17.976341,19.174296,9.67451,,16.703509,8.816888,14.664277,15.518348,15.135569,18.688001,17.694189,12.834224,,8.944741,8.595668,14.880101,12.168305,16.937421,16.437709,18.401958,9.529704,16.128803,12.654343,18.074799,,13.496125,,12.425586,15.550764,8.044066,,17.063893,16.6983,14.542231,,18.157307,18.887226,10.827851,9.488041,12.338516,,6.522778,7.24384,8.374648,13.530582,13.241107,8.697697,14.126407,12.99503,8.70729,,17.679338,6.329841,,,10.68985,12.321891,12.997407,14.164506,,16.293818,,18.373619,17.919781,12.555883,7.453518,,13.062544,8.980168,12.384236,6.65764,15.012269,9.839015,,8.568564,17.399515,12.877913,17.737961,13.782739,7.484058,15.071653,19.037564,6.88594,9.703402,11.243305,18.060145,9.763611,16.630162,11.594619,7.160981,,13.830317,11.255371,14.753924,10.22746,16.480751,18.481819,9.451191,11.737754,10.015833,9.833444,16.139284,14.103521,,16.853049,11.58154,10.646811,13.190447,9.6714,13.043239,,16.544751,8.14425,11.806457,10.542587,17.220261,14.783149,13.510779,14.111418,10.559979,13.332406,0.0
S034,SUBJ015,post,participant,34,B1,46.0,F,31.1,19.512997,11.359305,,11.684486,,16.561668,12.738818,17.102795,13.642286,6.670019,17.020026,9.023006,13.241434,16.592661,10.144658,10.696985,8.950293,12.987507,,7.975848,15.153901,5.749802,7.194363,17.584317,17.145863,14.931193,,10.511486,8.112231,16.699932,10.245374,15.41793,17.984094,10.756306,17.035761,17.812578,6.645875,15.380975,,17.67521,9.359574,,11.510972,16.991717,12.624366,10.887137,13.124758,,7.887647,8.744565,18.971235,17.248411,18.92358,18.926598,,12.102681,15.420354,,14.430062,,16.864868,13.513351,,17.621573,,11.268788,6.83996,,15.132452,9.719885,13.247583,18.014498,11.975529,9.9414,15.840516,,16.981477,14.457341,12.105067,8.283088,7.101608,17.846022,14.616421,14.736745,17.15136,13.534017,17.710822,13.622415,15.217763,16.759315,10.526362,,17.057035,,11.61203,16.115389,6.436628,16.229443,18.459374,11.998844,6.467769,18.561605,15.555277,13.269907,7.622198,14.440151,15.785713,16.915691,9.28568,9.13106,11.595919,15.246859,9.345849,16.364753,16.736221,8.01614,9.205964,9.804663,,,,15.50396,15.754121,6.486553,17.997114,9.325733,13.831943,14.554635,16.515499,14.861753,10.87871,11.342102,17.130563,8.84596,10.286639,13.669017,14.274265,,12.989341,16.917189,10.081683,17.994944,,,13.19375,13.598165,14.841059,16.352887,18.73016,16.803423,18.777205,6.343763,10.642467,14.688352,7.0568,16.426753,10.534721,13.647319,16.042922,7.677649,9.877836,18.119004,14.767809,9.513096,,9.15765,9.755822,,18.299619,11.568716,10.063152,13.303893,,15.847019,12.81403,6.942749,11.267495,9.937447,11.08597,8.11546,13.544624,6.784766,10.935408,19.179383,14.325264,12.628165,12.033426,14.294008,19.665035,14.17626,7.196725,15.343203,13.034185,18.253934,,9.07564,17.211815,12.439808,16.508156,16.410494,6.816856,16.055934,11.620027,17.402863,11.351607,20.462373,11.331079,17.136638,13.906341,7.239551,12.399008,16.469282,16.707298,8.771291,17.088005,14.450809,,10.152931,16.234548,18.552938,15.749945,13.6637,10.205915,12.488608,12.854804,16.68805,16.137512,10.787429,9.990756,14.86391,14.953937,10.686063,10.374942,11.909826,15.178882,7.640606,,,11.405014,16.656283,15.101433,14.325152,15.172299,9.611947,17.6968,9.140216,19.90118,14.166999,16.879878,12.826398,,,17.595094,13.001574,9.363018,12.97829,10.252393,16.441541,17.315633,15.00149,15.191309,16.539591,12.386595,10.402788,8.643604,10.244982,,7.484783,14.436299,15.521542,,17.945445,17.659198,9.318656,7.520658,16.120843,8.989281,15.358486,14.689937,17.795521,17.877385,17.45208,15.187913,,10.124018,7.718978,14.995709,14.443909,17.889819,14.160964,18.431269,,15.023836,12.167986,18.427772,8.527047,13.166177,14.784091,14.605705,17.850684,7.204376,6.617651,17.940261,15.45242,14.946794,,16.813828,17.446402,,9.471594,11.998918,9.202932,6.23477,6.825277,,13.517362,13.318659,8.271136,15.130189,14.277998,8.443938,6.761817,17.500053,,,6.865795,10.950906,11.717008,11.676177,14.562499,9.973037,18.660696,7.257199,18.730884,18.586574,13.029039,,7.420213,12.79593,7.657354,11.545158,8.629174,14.474535,,12.893575,8.123759,18.153545,,17.881702,12.94293,8.675357,15.083203,19.119345,6.870858,10.400122,11.393235,18.983222,8.193575,16.267509,11.973012,7.210623,9.71855,13.935503,10.122841,14.446531,11.493745,15.935096,17.782716,9.073767,11.408516,9.529411,9.736047,16.055429,12.900791,,16.982787,10.552794,11.318017,14.670281,10.71128,12.73828,12.125359,17.150343,8.43442,13.754432,10.174089,16.021087,16.22666,12.169822,12.968741,9.93282,15.314257,1.0
S035,SUBJ016,pre,participant,35,B1,30.0,F,29.8,17.85065,13.269404,,11.204608,9.088497,15.519821,12.553711,16.126493,13.155467,,15.451945,,12.823505,16.23159,,11.054652,9.601269,16.409928,,8.377731,16.749641,,7.311885,18.258568,16.988326,15.639567,14.284862,11.392274,,17.267176,9.553457,16.25384,19.5998,9.825976,17.147118,18.646834,9.562128,15.57837,15.156379,15.973022,,8.432918,,16.109491,13.341448,9.608902,14.757354,16.106299,,,18.705329,18.051909,19.649464,18.415101,5.852249,10.997927,15.225068,7.585864,15.132552,,17.24078,,6.915282,17.359529,7.242031,10.791366,7.369292,,12.135661,,13.580412,18.123435,10.095463,,17.097917,12.540617,17.049199,14.179597,12.761956,,,18.453741,14.006072,14.367562,14.479149,12.423473,18.806847,14.379456,15.543921,16.478535,12.542369,10.560333,17.652099,13.182815,12.404721,14.309445,,16.581993,17.430911,12.858379,,17.938445,14.725547,14.243758,6.829088,15.090735,15.786937,15.983169,9.527966,,,14.464263,10.185036,17.219365,16.372139,,8.74826,9.670939,,8.214368,6.486875,15.805444,14.248046,,16.885296,,13.658634,15.029389,16.569767,13.764616,10.324754,12.248645,15.281583,11.298406,11.423331,14.842669,16.379736,7.306517,12.406452,18.127312,9.73349,19.663622,13.558543,10.47881,13.967786,12.643171,15.738061,15.963031,17.66749,17.176644,18.164872,,10.713292,13.286292,6.950818,16.76222,,14.022549,16.266609,9.329976,10.87482,19.447319,16.372694,10.210915,10.957697,8.04144,9.644523,8.391415,14.432402,11.371733,9.333603,14.089505,,18.777265,11.657193,7.053437,12.91066,10.699,9.789045,,13.082325,,11.472833,18.427007,14.802009,12.457076,12.100685,15.295568,17.837703,14.676298,,15.136038,13.43913,17.940074,,8.558497,15.671126,13.391587,15.819963,16.183193,6.977852,16.235668,11.330015,18.432973,10.343952,19.60954,11.791952,15.906681,13.660612,6.880196,12.735973,16.218835,16.652396,,17.651646,15.018056,,10.116162,17.391833,18.303585,15.849195,14.589622,10.383035,12.150645,10.800423,15.267665,17.840005,10.512474,10.241769,15.771677,16.950581,9.394398,10.209539,14.104063,15.005939,8.513964,13.167773,8.58312,11.408372,17.169003,15.573515,17.219874,14.582135,9.26341,17.042318,9.7856,18.526314,14.007357,16.329164,13.05277,9.49067,12.5344,17.541397,14.270627,8.664838,13.143952,10.693374,16.782581,15.693257,14.703511,15.267931,15.148548,12.319381,10.391577,7.917133,9.545814,,7.867773,13.721487,14.806523,6.301222,17.779306,18.113026,9.33644,7.467361,15.346296,8.974673,15.144044,14.299857,15.767908,17.372027,18.151431,15.218731,9.264794,9.259861,7.570311,15.048817,12.646412,15.628379,13.669069,19.383587,8.84279,14.848424,12.471569,18.998461,8.167117,12.976437,13.280811,16.061594,16.141665,,6.589913,17.856497,14.915172,15.803747,9.169599,16.560219,17.401457,11.62326,,12.417214,9.309658,,6.753284,7.497293,11.941789,13.421361,8.628446,13.757283,15.736061,8.762515,,16.466297,,,6.17732,11.227995,11.844753,11.763453,14.583401,9.743572,17.596762,,19.392374,18.420311,12.572902,7.917193,,12.993949,9.676116,11.212156,7.621026,14.885397,10.122401,12.238515,8.431874,19.015148,12.163945,17.333099,14.073787,8.248924,16.532529,19.428078,,11.028245,,19.081227,8.196332,15.111567,,7.109152,9.844423,12.779506,9.514241,15.361484,11.985714,16.145158,19.009567,9.187006,9.464219,10.042535,10.39776,15.369984,15.402356,,17.141948,11.123611,10.453435,15.025112,11.334525,12.793225,12.197905,15.06779,8.884689,13.528549,10.951321,15.392448,13.919563,12.636137,12.434284,10.904303,12.510428,1.0
S036,SUBJ016,post,participant,36,B1,42.0,F,32.0,19.631041,12.615119,,11.163102,11.198009,17.340271,11.954022,17.086163,12.310826,9.106615,15.002337,9.740455,11.811278,16.295009,10.035473,10.889314,,15.120656,,7.967457,13.874091,,,19.504993,17.093319,14.774123,13.263922,10.695002,8.002815,16.698246,9.614691,17.560751,18.189969,10.292115,17.765854,17.802961,7.087675,15.702045,15.211889,17.627042,10.098111,8.309567,12.682178,16.179371,12.068859,9.823924,12.725713,17.779596,8.712527,,17.366441,16.957598,18.094787,19.079055,6.57289,10.853832,15.996048,7.699954,14.25624,8.927452,17.773029,11.374012,6.369466,17.793861,6.912889,10.034428,,,14.321314,9.589857,13.126572,18.661028,12.725748,,17.942537,12.11751,17.2946,14.656656,12.182435,,,18.244897,16.663334,13.493419,14.758569,11.645001,16.505362,15.400263,14.16864,18.916903,10.617238,11.014467,,11.938962,12.797447,16.153585,,16.325869,17.318659,14.525205,,17.967788,15.331002,15.347922,6.881665,15.069916,16.519067,15.010719,10.437814,7.807033,11.564173,14.279293,9.707411,17.725207,17.723162,7.863505,8.338335,10.614148,,9.267583,6.344828,15.266864,13.96635,,18.157086,9.704803,15.318085,15.535771,16.192188,14.754105,11.852128,12.823698,16.199221,9.13799,8.935077,16.568194,16.003509,,11.566406,17.019424,10.554953,18.184665,13.161097,8.461725,13.180622,12.796784,14.052035,16.152888,18.660852,16.628315,19.587463,,10.956768,13.275281,7.261437,18.134794,10.415372,14.447491,16.522702,,9.548591,18.364633,15.0497,9.665638,10.647252,8.465362,9.248449,7.881787,17.022361,10.434003,8.880563,12.689448,,16.931628,11.926429,,13.541887,,10.047683,7.176024,11.959053,,12.370061,16.354107,13.780156,13.456652,11.505042,15.126819,18.778115,14.199632,,16.285072,12.520825,17.050568,,8.835735,15.644008,11.806964,16.403256,15.383954,7.473381,15.707166,11.741467,18.28046,10.684819,18.737471,12.305922,14.947085,13.535867,7.2076,12.844855,16.694463,16.032953,8.608033,16.040967,13.905891,7.297467,9.260614,16.758535,18.407186,16.89038,13.897108,10.426757,11.4602,10.534449,16.146519,18.542625,11.042425,10.50607,14.914804,15.547505,9.256751,13.483569,11.644821,14.691872,,12.582977,,10.298303,17.551316,16.634395,14.94815,14.05644,,16.980675,,18.067112,14.826111,16.993207,13.774171,,15.388541,18.091664,13.889249,8.908543,12.859137,,17.765929,15.654748,14.45208,15.474432,13.984914,11.973658,9.785256,10.620027,10.146352,,8.072267,15.076773,16.565228,7.095292,17.916638,18.065024,,7.705356,15.518308,9.570159,14.065998,14.735176,18.428864,17.916843,17.967384,13.955743,,9.841234,,14.17859,11.687594,14.751765,16.006468,17.306744,10.43821,16.069577,14.370824,18.147406,,12.68624,14.289464,16.174219,17.122906,8.472325,,16.493568,16.464887,16.059559,8.14995,15.57679,16.191208,10.612786,9.416544,10.2845,11.096748,6.103498,6.952101,8.135504,13.585937,15.722555,9.492454,14.566023,14.394315,8.987548,,17.777029,,6.679339,6.473787,10.240481,12.021913,13.902735,16.928301,,17.007229,,19.459975,17.57265,14.194261,7.017477,,13.262745,8.01201,11.286194,7.540709,14.589741,9.517906,12.960272,7.899961,17.812143,12.797799,17.599316,13.478661,,15.644905,19.267141,,10.272606,11.694667,18.172127,8.554781,16.533196,12.51958,,10.605202,14.156334,10.449819,14.270989,10.146938,15.864067,17.49226,9.237688,9.793083,10.337343,11.685677,17.638195,14.37612,,17.199687,12.319954,10.070859,13.940982,,12.776207,13.594697,,8.351955,14.404848,10.349204,16.30086,17.232453,13.017741,13.726611,10.712794,12.975848,0.0
S037,SUBJ017,pre,participant,37,B1,64.0,F,27.4,18.759107,,6.159064,11.665327,,17.984641,13.650126,16.694433,11.577717,6.76739,14.365626,,12.993183,15.7586,10.19804,10.656228,9.792774,15.926499,8.881756,,15.278579,5.839456,7.439457,19.552462,18.408738,15.771891,13.178923,10.608209,7.868267,17.808305,,16.417375,18.906227,9.306654,17.892897,18.687477,6.500483,14.010321,15.951643,18.383403,8.815223,7.589164,,16.62898,12.669862,10.155919,11.223242,17.107358,,8.047233,18.497511,17.842267,19.188454,19.204569,6.039358,10.553351,16.557479,7.237162,16.427618,9.181003,17.266272,10.691866,,17.34263,7.430954,11.954382,,6.328944,13.652437,10.206086,14.393877,18.963073,10.401402,,17.449468,,17.200844,,12.365743,8.039084,6.615004,17.080431,15.3913,13.382887,15.844114,13.862817,17.067812,14.195428,16.961131,17.710467,10.485004,10.503229,15.33296,,,14.257221,,15.35968,18.387636,14.383837,5.842476,18.179155,15.396169,13.399478,7.598574,15.03613,15.669384,16.839817,10.450613,,12.195117,15.171314,10.378598,17.12991,17.20676,7.816344,9.227664,10.055689,10.491633,8.869995,,15.38479,13.295287,6.443109,17.545915,9.8324,14.95235,15.044535,16.741187,14.911322,11.21002,11.38183,16.922167,9.569286,10.783661,13.956955,15.253024,,10.958364,19.105254,10.077163,18.883085,13.645309,8.829088,10.853918,13.836928,15.175011,17.240591,18.985223,17.778135,18.241752,,11.064702,13.171416,7.069638,16.611039,10.690225,13.965454,17.522744,7.259743,10.159707,18.623512,15.647162,9.218878,12.022822,10.212472,,6.939344,17.794197,11.511935,9.865671,13.142752,8.449438,16.826214,12.008008,7.058966,11.325232,,10.699616,,12.247307,7.912889,11.428868,21.463102,13.898398,12.885098,11.781397,14.952814,18.485296,13.87197,7.417937,14.136164,12.351762,17.891178,6.128871,9.909143,16.523425,11.517231,16.588884,15.819158,,16.122751,11.775565,17.353015,11.400324,17.712129,11.584042,15.640509,,7.488161,12.777126,16.898135,16.013689,10.50115,16.711321,15.104573,,9.397974,16.806021,18.045655,16.484108,15.17878,10.505444,11.72089,10.203899,17.184365,15.586776,10.070336,10.783743,16.080163,17.280901,9.83357,11.191072,,14.572654,7.446422,12.530282,8.583158,11.393079,16.129097,13.996034,14.543857,15.674048,9.13476,18.047739,7.600805,19.458134,13.401716,16.821538,11.936848,9.585488,14.183407,17.995297,13.507465,9.953905,14.237328,,17.083003,17.060756,15.134887,15.203947,16.822274,12.410549,9.978811,8.728805,10.496854,,8.274774,13.498004,15.801687,,16.908904,18.84781,9.444332,7.294713,17.010701,8.993901,14.653533,14.43273,15.6511,18.680186,17.241545,14.414296,,9.896529,7.547743,14.247316,10.920613,16.281891,14.988984,18.952192,,14.794537,11.115167,17.387178,,12.463882,13.038502,14.737592,16.633048,8.17976,,15.032092,16.849884,16.646251,7.286049,15.32538,15.860254,10.536898,8.739173,11.192213,9.715945,6.674404,6.97728,7.448901,13.1228,14.365064,9.06859,14.995599,14.576067,8.767059,,17.614969,,,6.370513,10.172215,11.51497,12.697778,16.00279,,17.787763,7.725741,18.920214,18.174794,14.170631,7.714795,,13.066984,10.089358,10.62622,,13.852884,,11.488322,9.291953,18.778583,12.521235,18.099832,14.534167,8.570994,14.549982,18.580579,6.941928,11.820446,12.050794,18.942541,9.145728,15.944261,12.095008,7.98999,,12.724947,10.331477,13.330458,10.920204,16.899562,17.809969,9.312089,9.548071,10.149976,10.332562,16.617502,14.914528,6.194166,17.600597,10.610886,12.14563,14.620677,9.300856,13.617014,11.89167,15.626221,8.482364,13.649458,12.559755,15.402819,13.796401,11.790141,14.341572,10.924107,13.331649,0.0
S038,SUBJ017,post,participant,38,B1,53.0,M,35.7,18.504316,,6.0568,,,15.779836,13.556233,17.055709,13.555098,,14.934669,8.961623,12.302288,16.615187,,10.645001,11.156279,14.79617,9.935357,8.537646,17.466082,5.867402,8.459514,17.880259,17.445292,14.047646,13.842323,11.378663,7.892998,17.150806,9.962535,17.592445,19.285395,,16.959084,18.845019,7.22699,15.108683,15.578682,16.792674,9.700214,8.738903,11.797722,17.195315,12.591052,9.799573,11.192767,15.798435,,,18.148753,18.947566,18.56383,18.892343,7.409136,12.40105,16.473997,7.858105,16.292407,,16.301064,12.560997,6.819413,18.494592,6.710393,9.983549,,,13.561389,,14.601134,20.03697,11.757357,8.478487,16.358803,11.873563,17.121275,15.099298,12.225361,,7.509854,18.156654,15.767183,13.377159,15.557449,13.053914,16.812528,13.940419,13.353123,17.686934,12.119395,,16.783043,12.812364,11.69632,16.525865,,16.20937,17.954496,14.582673,5.926237,18.19256,15.712928,14.440464,6.742141,16.007896,14.379922,17.14485,9.716339,,10.812434,15.182653,9.243936,15.920944,17.461177,7.837628,8.925109,10.816752,13.196364,,,16.00475,14.33661,,20.879664,,14.811001,14.544136,15.268109,13.128408,10.517955,,16.99135,10.586934,9.538383,14.187814,16.345004,8.027408,11.773918,18.153544,,17.863036,12.930632,,11.521546,12.867895,13.412748,16.299288,19.420673,18.426934,18.868411,,11.129631,13.87929,7.404035,17.140878,10.418295,14.213589,16.835722,6.990841,9.888926,20.377669,14.579449,9.873567,11.24371,9.019368,10.017546,7.719047,17.346463,10.489587,9.639214,12.210647,10.300593,16.992038,11.767307,7.557732,11.533485,9.790674,,7.678495,12.711207,,11.505305,17.955411,13.928375,13.104722,12.511478,14.17362,18.803465,14.622575,,13.490635,,17.656284,6.049631,9.057423,18.215647,12.130474,16.567492,17.119695,,16.238895,11.321528,15.868682,11.744695,19.344567,12.430899,14.117866,13.454133,,,16.606251,16.193296,8.203593,17.656073,,8.697107,10.345084,16.27898,19.034406,16.163916,14.137499,,11.426081,,18.02707,17.838019,11.101017,10.436347,16.128344,14.371181,9.355659,11.319288,,14.604063,,12.275729,10.230429,10.893901,17.068766,15.12314,14.158488,12.736123,9.270552,17.403977,,18.130383,13.143962,16.411264,13.029499,8.932481,13.321753,19.671929,14.35541,9.860264,14.260781,,15.984076,15.843949,,16.395913,17.659934,12.522611,,,11.106039,6.729009,8.631868,12.707452,14.663149,,18.275223,16.150331,9.231389,,16.602774,,13.931451,15.209234,14.655588,17.957116,17.993609,14.697026,9.114367,10.224002,7.68566,14.459428,11.238017,16.950281,14.433107,17.847557,,15.384497,13.563587,18.316346,8.132166,12.903869,13.088197,17.820255,17.508303,7.490329,,17.517576,13.719114,15.339667,7.31134,16.306364,16.340967,10.755246,,11.569666,,,,7.882582,12.669425,14.767469,,14.704927,15.036663,9.168246,6.536053,18.18093,,7.480184,6.269033,9.830325,12.086485,,18.044302,8.685134,17.482135,,18.846998,17.95362,14.164394,6.742545,7.186758,13.800741,,11.765887,7.385258,13.746699,10.017142,10.949265,8.821551,20.960968,11.81614,17.768791,13.162407,7.937109,16.104215,19.574975,,9.874028,12.782861,18.866657,8.542916,16.599524,12.739753,,10.069893,13.216643,9.705252,13.264289,12.442607,16.497062,17.994512,9.697628,10.327687,10.623369,11.561794,16.060831,14.835962,6.551362,17.477413,10.59768,12.345835,13.055848,,13.165755,11.330301,18.057342,8.14272,13.534709,12.396907,17.821022,15.964155,12.248085,13.319992,9.938374,13.84245,1.0
S039,SUBJ018,pre,participant,39,B1,47.0,F,30.6,18.535198,13.372355,6.876271,11.462973,8.901923,18.790164,14.255007,17.087655,12.728125,8.199918,16.062931,8.687551,11.979932,18.089339,12.421886,11.573046,,16.709316,,7.823367,14.794265,6.068026,,16.49838,18.356865,14.222242,14.092924,12.471502,,16.457576,9.331253,16.091121,18.328984,9.789338,17.511904,18.582851,7.6125,14.719391,15.102227,16.374872,9.366278,,11.32858,16.875161,14.356832,10.268191,13.224217,16.079789,9.47261,7.004501,18.358631,16.976103,17.908301,19.269554,5.973152,10.897596,15.371708,7.862389,13.634535,8.231173,17.410044,12.198804,7.094447,17.757518,6.813268,,7.157549,,12.856591,10.046647,14.688458,17.445802,10.563987,8.15127,17.432578,11.449009,16.928337,14.748436,12.852916,,6.942397,17.716635,,14.390219,15.580189,11.907386,17.459336,13.283673,15.543806,16.526575,12.211758,10.707799,16.196044,13.152879,12.27508,14.921238,6.992768,15.474662,18.07782,12.855207,5.981396,17.665889,15.530898,13.735321,6.971544,14.514724,14.831648,15.994943,9.1316,,12.324746,14.798159,10.100807,16.736259,17.720139,7.878909,10.14569,11.426144,12.687227,9.256279,,14.633624,14.046647,,18.843869,10.077203,13.095608,14.487278,17.151007,14.901178,12.241209,12.426244,15.575333,10.074008,9.05023,13.872011,17.076964,7.319672,12.845821,16.985016,9.734235,20.112442,13.725738,10.901666,12.849954,12.861703,14.230162,16.931284,18.924422,18.394307,18.102615,7.645298,10.551564,14.726562,7.073713,16.403598,10.578995,13.724359,16.865236,,9.714125,19.870023,15.079706,9.233739,,,9.181773,,18.063905,11.861785,9.461684,12.593793,8.606183,16.110494,11.987499,6.576976,10.5825,10.631477,,6.904243,12.796176,7.836429,11.990668,18.537519,15.262349,13.254818,,14.845487,19.105596,14.244412,,14.812485,13.79625,18.716285,6.277799,8.738261,15.628018,12.140207,16.082182,18.143509,6.846368,15.743975,11.029591,14.729881,12.021351,17.139429,11.01756,14.777798,13.347034,,12.764936,16.396161,15.708704,8.55167,16.229883,14.632088,,9.111397,16.692408,19.046969,16.446062,13.985139,11.023221,12.218336,,18.601407,19.020467,11.215163,10.836248,16.393745,16.221799,10.414305,11.267471,11.646712,14.868244,8.329393,12.310769,8.812819,12.190707,16.692494,14.018658,15.737084,14.217541,,17.685363,8.626585,17.279583,14.36918,17.225126,12.806683,11.986439,12.684613,20.418063,14.480175,9.254485,14.222758,12.208393,17.820367,17.373587,15.726241,16.811808,15.667054,11.913611,9.625855,,10.74252,6.277241,,15.472979,15.465458,,18.424083,17.148897,9.689421,7.697871,14.991804,9.306107,14.227896,15.025807,16.326221,18.416945,18.559584,13.377968,8.511239,,8.442819,15.186413,11.451015,16.480992,14.1908,17.972706,9.208112,15.004424,12.305737,18.585165,7.889474,12.45813,13.357879,16.979844,15.520498,8.314017,6.6125,15.754343,14.735796,15.613249,,14.887774,17.607821,12.232337,9.323303,,9.899312,,,8.584549,12.483005,14.483497,,14.123331,15.763253,9.8822,6.61132,17.757846,,,,9.902405,11.621141,13.491254,16.162442,7.857981,16.580772,,19.104395,18.646011,15.125517,,,13.916457,8.530601,10.960465,7.551593,14.610345,9.684433,13.070876,9.404354,19.379233,13.104094,17.655223,14.280667,,16.498271,18.976451,7.283274,10.326306,14.233177,18.93275,8.277101,15.81468,11.725775,,10.864589,13.364358,10.009955,14.635262,10.888317,16.871468,18.282526,9.893939,10.632677,10.204363,10.33693,16.946386,14.76433,,16.790616,10.997927,11.609894,14.524786,9.929155,12.583717,11.744355,13.303434,,14.466838,10.78086,17.641922,15.011531,11.809459,14.322427,9.941004,12.696437,1.0
S040,SUBJ018,post,participant,40,B1,42.0,F,23.5,17.862066,11.802565,6.924813,11.013595,,16.978867,13.671983,17.201269,13.57593,6.938756,16.527809,8.84618,12.009692,18.189711,10.895772,11.097795,10.182841,18.191523,9.412803,8.107792,17.467314,,,21.513906,17.765749,15.670959,12.44509,12.273551,8.317865,18.753092,9.870842,17.086214,17.472655,9.811102,17.822521,18.726397,,14.908751,15.4986,18.497077,,8.134991,12.259384,16.488137,12.260881,10.75518,14.432538,15.739441,8.32364,,18.822932,17.345786,19.006754,18.752973,5.86839,10.309169,16.84063,7.724991,14.605627,7.89724,15.790017,12.677118,,19.495763,,10.722748,8.319582,,12.548699,,13.884881,19.475414,11.792221,7.906891,16.991874,,17.483861,13.744828,11.990108,7.46573,6.474598,18.691917,15.011507,13.22191,14.673553,11.973945,16.156925,13.291959,14.763891,17.811925,,10.263081,16.699664,10.725699,12.755933,16.015701,6.572738,16.259779,18.152539,,7.114471,17.176984,15.342619,12.724915,7.231413,13.492212,15.17198,15.473168,9.74,10.12713,12.401469,14.501335,10.429428,16.618917,18.968372,,9.093761,10.500075,13.484912,8.683977,,14.796628,,6.484622,18.248278,9.751059,15.211905,14.943995,16.113615,14.799551,11.730708,12.840603,15.643436,12.024596,10.08672,14.596328,15.428596,,12.706904,16.909233,10.116617,18.727417,12.879168,9.165435,13.317003,12.82129,14.42035,16.604607,17.709347,17.586461,19.536687,,11.525907,14.382535,7.168121,16.79843,10.63531,14.662198,16.03671,7.34678,9.544752,19.714412,12.890889,9.63105,11.939715,,9.600247,6.817623,18.167447,11.424035,9.014467,12.987244,,16.591082,13.297702,6.758623,11.198764,9.773749,11.155033,6.934281,13.329065,,10.589183,17.242918,13.592388,12.881888,12.204929,13.123366,16.90612,16.228646,7.324271,13.113454,13.361194,17.164048,6.080658,8.90662,14.444485,12.550893,17.537038,16.158312,6.760354,15.887226,11.482808,16.431903,14.474754,18.944531,10.308373,14.52131,13.744997,,12.875617,15.994455,15.887039,9.048269,17.344573,13.729081,8.397033,10.263739,16.794101,17.745681,16.975511,14.55013,10.434295,11.423699,12.332568,15.99843,17.390199,11.589272,11.137164,16.752098,15.877861,9.681063,11.16573,10.834392,14.929752,,12.310286,,10.866383,16.566862,14.867774,15.795652,14.303638,8.906981,17.163431,,20.834837,14.536709,16.576448,12.533802,9.839204,14.794347,20.867586,15.078549,8.832131,13.468032,10.531956,18.339999,16.831584,15.508335,16.328809,16.217391,12.024762,,7.77663,,5.935931,9.663843,,14.635438,,17.733213,16.819361,9.882139,8.024752,15.144047,8.659711,15.13444,14.719535,13.863727,18.327478,17.504883,14.338188,8.537878,9.165862,9.17525,14.649866,15.261475,15.552438,16.886582,18.635908,,15.821971,13.112933,17.826352,,12.927608,13.716452,15.769334,16.043806,8.58169,6.734168,17.148075,15.252186,16.995692,,16.190721,17.566082,10.009297,9.767009,10.660477,8.993646,,6.875289,7.721783,12.413956,14.146326,8.346647,15.320834,15.044263,8.994438,6.091277,17.467033,6.9331,8.061452,,10.859612,11.590592,13.643167,17.127069,,18.527491,7.609253,20.021606,17.8974,13.974045,7.606442,,13.175347,10.137568,10.849859,7.408882,15.326843,10.245042,12.335552,,18.041419,,17.401167,15.599646,,16.106914,18.677319,6.787119,,14.824567,18.837876,7.952334,16.330052,12.157767,7.328316,10.07051,13.737725,10.961515,15.528888,10.016,16.408492,17.927075,,9.674528,10.744153,11.694615,17.155841,14.157838,5.981396,17.074574,11.213062,10.631186,12.642124,10.508963,12.600912,9.84607,13.699901,,16.463145,10.506397,17.006713,14.780268,,12.613161,10.570529,12.949748,1.0
QC05,,,pooled_qc,41,B2,,,,18.756557,11.995764,5.902556,11.197604,8.600879,16.887586,13.278801,16.986579,12.762893,6.92196,15.839349,7.829469,12.920582,16.796031,11.537078,11.053335,9.133425,15.251227,8.494816,7.882949,15.450118,,6.165912,18.673086,18.067085,15.132386,13.42605,11.22172,8.111814,17.657471,9.126033,16.307857,18.645092,10.149607,17.190414,18.404795,6.629648,14.550013,15.53977,16.900905,9.079778,7.971601,11.926355,16.634495,12.513279,10.091568,12.764046,16.05227,8.148934,6.993674,18.292977,17.877862,19.084052,18.864712,,11.086919,16.178394,7.609917,15.523567,7.612868,16.722418,11.597857,,17.685507,6.79831,10.777921,,,12.832728,9.956158,14.36745,18.166272,11.04784,7.720005,16.858593,12.041262,16.990387,14.545919,12.161941,7.19977,,18.622143,15.810224,13.922368,15.55334,12.221285,17.142873,14.372203,15.009985,18.218639,11.566882,10.549765,16.366491,12.025022,12.501904,15.155578,6.383013,16.097534,17.714903,13.107475,6.027243,18.349321,14.846583,13.48196,6.489125,14.573787,15.772627,15.905564,10.003532,8.483131,12.079515,14.938909,9.590213,16.714207,17.87407,7.614783,8.844988,10.143039,10.9125,8.236445,,15.516146,14.063354,,18.633229,9.607515,13.948851,15.006663,16.342622,14.953463,11.481688,12.20001,16.571171,9.512049,9.609271,14.963459,15.348854,7.451706,11.951237,17.632323,10.144314,18.827291,13.584559,9.168647,12.277761,13.465065,14.448368,16.181664,18.458811,17.491163,18.547026,6.464015,10.902835,13.854024,7.082468,16.522387,10.776737,14.285388,16.584185,7.070604,9.7468,18.677324,14.285925,9.685485,11.033918,8.197708,9.647458,6.866413,17.269567,10.843882,9.521051,12.998143,9.302456,17.230661,12.06614,7.100978,12.193421,9.648573,10.181277,,13.16925,6.647171,11.621319,18.424483,14.345653,13.012169,11.713885,14.858342,18.484504,14.677863,7.471919,15.440928,13.097324,17.83567,,8.877836,16.428199,11.988127,16.100135,16.405099,6.810186,16.137243,11.483529,16.720099,12.148369,18.428529,11.362388,15.115214,13.802547,7.197806,12.030919,16.71826,15.554714,8.671258,17.091305,14.271811,7.04505,9.646973,16.494179,18.62292,16.566286,14.30731,9.961493,11.753417,10.683003,16.904782,17.709905,11.036675,10.329516,16.014155,16.417359,9.351491,11.459898,11.041748,14.636079,6.940519,12.76872,8.693069,10.821471,16.477592,14.967288,14.878766,14.22216,9.157852,16.960894,7.718704,18.689869,14.05018,16.509623,12.532414,9.341586,13.819353,18.768244,13.692074,8.576258,14.084268,10.836398,17.633159,16.339734,14.884174,16.30226,16.336857,12.170473,10.126317,7.769441,10.197856,,7.746783,13.916136,15.19879,,17.871854,17.451212,9.18896,7.290203,16.220947,8.679762,14.888419,14.793348,16.349394,17.823429,17.851618,14.746598,8.87055,9.47974,7.963994,14.736205,12.354238,15.905115,15.124657,18.739274,9.015638,15.712542,12.757396,18.792571,7.819987,12.999671,13.051426,16.693273,16.754917,7.808578,,15.99504,15.560195,15.684014,6.940989,15.770588,17.704825,11.004824,9.051291,11.892387,9.539411,,6.74241,7.759222,12.510945,14.338586,8.749769,14.321465,14.507672,8.682573,,17.355021,,6.784897,5.934281,10.295413,11.804466,12.912614,16.39194,7.806517,16.933228,7.127117,18.585505,18.164346,14.180323,6.726286,6.887891,13.284818,8.120393,11.314793,6.870735,14.517636,9.904183,11.742507,8.255973,18.542439,13.006061,17.521468,13.752485,7.859224,15.866307,18.675769,6.752882,9.994877,12.648191,18.711667,8.034634,16.409185,12.261078,7.105385,9.755639,13.562651,9.671913,14.276612,10.546354,16.785185,18.270686,9.300421,10.270891,10.166992,10.764216,16.009642,13.821402,,17.42657,10.964139,10.779645,14.514935,9.859566,12.8951,11.156962,16.192425,8.442695,13.647178,11.460169,17.101209,15.274618,12.344421,13.694845,10.40529,13.268191,
S042,SUBJ019,pre,participant,42,B2,31.0,F,27.3,17.960547,13.354293,,10.623653,8.915909,16.761397,12.616512,17.419342,11.40049,7.302867,16.073627,8.337934,12.550403,16.098875,10.267161,11.82895,9.111501,17.685307,9.36748,,16.270061,6.965207,,19.357103,17.945442,15.932749,14.21083,11.184094,7.920115,17.112126,9.347466,16.432129,19.552571,10.657452,17.467349,18.446174,,13.177715,16.159431,16.365999,,7.536597,11.933875,16.666661,12.926654,9.879047,10.710307,15.362155,8.418822,7.032431,18.238694,17.391347,18.419302,18.82488,,12.392752,17.016525,8.279471,16.643378,,16.311393,12.626428,,18.888171,6.765535,9.682503,6.552131,,12.593958,10.185792,15.617853,16.560878,12.76935,7.762282,18.14113,11.646127,16.083064,13.800535,12.730638,7.243174,6.585563,18.440286,15.54531,13.026205,15.108446,12.035277,16.846799,13.132477,14.9637,17.738875,11.385512,10.362579,16.825944,11.889504,12.174142,15.543728,,15.924676,17.437765,12.637388,6.248876,18.54123,14.43397,13.237244,,15.036959,16.35568,16.360021,10.310067,8.362908,12.295017,14.752803,10.439498,16.69437,18.484401,7.762947,,9.772826,11.315885,,5.917432,15.500618,13.741347,7.398402,20.368462,9.506228,14.65692,15.151788,15.534715,15.277021,11.756085,12.529977,17.246592,9.68245,10.829525,14.660856,15.456267,7.795325,11.764478,18.544019,,20.320785,14.152858,,12.195846,14.02398,14.393836,15.97158,18.158789,17.123231,18.959246,,,13.355694,7.283922,15.83283,11.037465,14.890962,15.220288,,10.268858,19.391542,15.340868,10.62164,11.093266,7.93652,9.627078,7.043191,18.340553,10.827676,9.928592,13.207412,9.073124,17.438392,11.75205,,,10.642873,,,12.043977,,10.798755,17.617059,14.444464,13.182078,11.311765,15.960828,19.141585,14.310437,,13.55319,12.295803,17.582657,6.51822,,15.031187,12.381205,16.329297,16.906756,,16.526882,12.335834,16.843872,11.330732,19.890844,11.697267,15.313311,,,11.514019,16.202562,15.675116,8.165108,17.621915,14.625919,8.668318,9.530816,16.043,18.249912,16.845982,13.737056,10.834953,11.186746,11.290468,16.096278,19.35033,10.940769,9.971615,15.393193,16.322019,9.268589,12.947723,12.116204,14.312925,6.818902,13.64294,9.226773,10.507448,16.000568,14.867016,15.259809,13.841499,8.904183,16.536514,7.452859,19.619917,14.372775,15.898461,13.239815,9.943013,13.174213,17.767786,13.399359,8.715756,14.308227,10.848607,16.215009,16.333049,15.201259,18.226343,,12.949655,10.72934,8.139244,10.476756,6.016363,8.32571,13.890474,15.22774,6.68818,18.194804,17.992079,,7.63706,15.738939,,15.999838,14.48791,16.629683,17.281969,17.463644,14.852196,,,,14.026864,12.322914,15.072597,14.698351,18.822171,8.708084,15.748703,11.503528,19.319752,7.447744,12.544597,12.352984,17.009881,17.676153,,7.132577,15.456768,16.403652,16.701515,7.645154,14.253155,16.473917,11.465607,9.583384,13.133206,9.601492,6.874674,7.338781,8.295585,11.69221,13.977205,9.457873,14.822724,15.299663,8.896696,,17.364603,6.375213,6.797791,,10.456128,13.01523,12.655759,16.921914,,18.648732,7.206331,18.679549,17.472722,14.026174,6.723422,6.850874,14.062091,,12.644722,7.614489,14.117562,10.620412,13.486093,,17.475352,12.480048,17.589186,15.459003,8.264865,15.756302,18.295168,,10.395063,13.94627,18.787641,,15.951174,12.454623,,10.187402,13.854211,10.383532,13.896021,10.611781,16.216303,18.081734,9.032349,10.88181,10.418264,,16.83608,13.872949,6.394377,17.54511,10.271556,12.18349,14.67329,9.851187,12.776482,11.465918,17.134669,,14.095132,,16.678677,14.558384,12.473929,13.812909,10.183846,11.936873,0.0
S043,SUBJ019,post,participant,43,B2,73.0,F,28.0,18.874107,13.491689,6.573647,11.371564,8.604071,16.907596,13.285644,17.083815,12.188082,,16.639664,7.633794,13.348586,16.469528,10.401807,11.11062,8.986155,15.731107,9.232325,8.489286,15.102235,,8.204669,15.948854,17.797621,15.161435,12.422619,10.735861,7.930383,18.526332,10.323246,15.706961,18.414897,9.981696,16.986564,18.429519,7.423998,15.317786,15.800274,16.900203,10.642196,7.718841,12.614813,17.154866,11.965005,10.079285,,16.339963,8.777453,,18.199504,17.171639,17.695249,18.576789,,10.765328,17.609049,7.9034,14.361225,8.149798,16.741027,11.911089,5.972693,18.319922,,11.950979,8.469927,6.556583,13.073914,9.786531,13.57203,19.41005,10.041892,,16.823704,,16.372255,13.865556,11.809213,,,17.501699,16.707553,15.019566,15.065645,11.660268,19.236362,15.12443,15.379155,17.510597,,10.256775,15.379462,12.267375,12.847547,16.360924,,15.236388,17.801061,11.751753,,19.601233,14.958872,13.129066,,14.345624,15.668309,15.419201,9.653365,8.852373,12.773741,15.271143,9.809961,16.085592,17.852581,9.179436,8.551593,9.983364,11.208497,,,15.884759,13.184369,,19.431919,9.510823,14.660945,15.336625,17.468789,14.771637,11.661587,11.934561,16.769697,8.951489,10.162215,13.882755,15.567036,7.420802,11.670793,18.826128,9.982395,18.454846,13.261876,,12.026724,14.329756,14.372685,16.665922,17.876916,18.165473,18.095726,,,13.930765,7.071677,17.98359,10.318622,14.598529,16.179019,7.299208,9.787168,19.200191,14.241829,10.23666,11.09477,7.86431,9.400538,6.719183,15.208223,11.352165,8.876056,13.675728,9.390083,14.085256,12.229312,8.053817,15.140487,,10.622894,6.811856,14.134016,6.959538,11.394891,18.732643,15.211791,12.960422,12.275324,14.535732,19.008384,13.380346,7.48599,13.799432,12.982261,18.137012,6.435795,8.597866,14.980589,12.642548,16.455588,15.534532,6.700717,16.142673,12.006831,17.373214,,17.301947,10.96701,15.465893,13.973584,8.275892,12.159332,16.662242,15.03694,9.705235,17.994167,14.929932,7.551977,9.388835,15.756695,18.199918,17.690767,14.660384,10.387597,11.567842,10.760296,17.453385,16.138582,10.4529,10.840833,16.3365,19.591312,10.450727,13.240857,12.727261,15.043049,7.973554,12.661424,9.151448,10.685073,16.822789,16.649162,,13.856665,9.148934,16.857582,7.308976,18.279975,13.779249,17.195433,12.070638,9.485306,13.02741,18.122937,13.59815,8.882215,13.513631,10.902639,18.024372,15.71542,14.840147,16.751347,16.800314,12.600605,10.493325,8.940431,12.332266,6.256822,9.067838,12.86425,14.206594,6.217425,17.640142,17.994327,,7.690138,14.933425,9.038398,14.608443,13.491966,15.924047,17.615734,17.427358,14.749826,9.555797,9.974558,8.317955,15.65096,12.159351,14.876141,15.041826,19.033323,9.246337,15.611527,13.320503,19.12524,8.336239,12.923374,,15.169822,17.420013,7.024364,6.984134,16.193626,15.382938,15.117506,6.963359,15.449396,17.177147,11.605262,8.999352,13.676495,10.12438,7.287897,,7.89839,12.133479,14.595851,9.001802,15.186652,14.066505,9.208625,6.70141,17.310423,7.667537,6.851124,,10.911332,,12.821585,15.48527,,16.689891,,18.906759,17.116195,14.362429,,,13.824194,7.834218,11.18477,,13.975592,10.184305,12.913729,,17.049211,13.067967,17.447584,14.081375,,16.705341,18.377345,7.170626,9.974386,13.198483,19.387069,8.648969,17.012711,12.980493,6.958379,,14.190747,9.925273,,11.397065,16.412757,17.083453,,9.721219,10.492995,9.967298,14.93207,13.420159,5.88533,17.652232,11.648843,,13.629659,10.707721,12.805736,10.841824,15.898594,8.395577,12.53528,11.052785,15.514526,13.404879,,13.123898,11.213694,13.626112,0.0
S044,SUBJ020,pre,participant,44,B2,54.0,M,34.4,17.685164,12.461595,7.406503,11.623584,8.365666,17.045949,13.598073,17.283652,12.335147,8.2628,15.272498,8.539198,14.114838,15.380065,11.628997,11.361083,9.063368,17.377251,9.702103,7.871659,14.926932,,,19.883652,17.843606,14.946801,12.776521,11.186164,8.475652,17.646853,9.490851,15.986043,18.972307,10.729714,17.396407,18.306646,7.75709,15.898409,15.302607,15.696453,9.369096,7.968552,11.662864,16.814541,11.34074,,12.412533,16.671369,,,17.804203,18.649276,20.993143,19.394822,,11.050495,,,14.857508,9.054821,16.189318,10.897641,,16.971895,,9.630595,,,11.980954,10.073231,14.010163,18.541232,10.193858,,17.926415,11.816016,16.877528,15.213877,12.599962,8.711908,,18.59907,16.485636,14.168504,14.452613,11.242972,17.363513,14.102669,16.571727,19.189517,12.581664,10.293828,18.048099,11.61085,12.998668,14.216494,7.564073,15.475249,16.674021,13.02505,,20.816422,14.436859,13.587445,,14.666435,14.357982,15.003093,10.57639,7.812691,12.53006,14.914494,10.054007,15.293491,18.371113,8.674934,8.899931,11.558583,,,6.114992,15.665233,13.801884,6.147917,18.571965,9.710066,14.128171,15.221096,18.027034,14.56229,13.089002,12.100593,15.724048,10.501738,10.105162,13.90892,15.744478,7.345183,12.265691,18.46814,,18.200963,13.822098,8.910583,11.323607,13.530048,15.276869,15.662782,17.74896,17.596728,18.683541,6.992882,11.784864,13.475927,,15.351296,10.788547,16.172972,16.193816,9.00349,10.284315,18.020527,13.246785,11.021528,,8.849405,9.63686,6.720552,17.226312,11.407894,9.239527,13.41426,10.027436,16.296478,11.418111,6.644145,10.746002,9.874182,10.188935,6.79831,12.881533,,12.398346,19.867421,13.858191,13.511861,11.762532,14.99251,18.499775,15.203466,7.616696,16.045741,13.757323,16.818766,6.16088,9.016948,17.276078,13.39766,16.104878,15.748971,6.723559,16.377832,11.416111,16.651417,11.254249,18.528723,11.210872,15.943336,13.324701,7.909413,13.898958,17.150379,15.537768,9.854385,17.201875,15.407825,8.201536,9.936844,17.238783,18.365836,17.561682,14.177376,,11.690024,12.8171,18.225525,16.460392,10.888119,10.086773,15.690092,15.257789,9.239455,10.839779,10.023075,,,12.26796,8.806582,10.683267,15.729505,15.974125,14.149631,14.942191,8.887525,16.032016,7.989309,19.447894,13.534073,16.106721,12.498099,11.059175,15.008011,18.540301,13.664222,8.804196,,13.07432,17.732729,16.501053,14.893493,16.352851,14.718809,11.660147,10.098308,,,6.525129,7.729281,14.121806,14.733696,6.791944,17.467757,16.45029,9.452941,,16.524292,9.512859,15.723752,14.383443,15.315308,18.335752,17.991541,15.148488,,10.145002,8.212667,15.250342,11.641442,16.097048,15.381963,17.421484,9.337577,15.555291,12.545534,19.463189,8.925643,13.000218,12.69301,15.229519,17.236177,9.434315,6.266787,17.277689,14.796443,16.328407,,16.908231,17.132154,10.600638,10.363193,12.504228,8.697141,,7.110092,,,15.136117,8.518574,15.453777,15.424183,,6.548437,17.49959,,8.999042,,11.106569,11.848772,14.263772,16.281339,7.632414,17.484679,,20.590549,18.137664,12.791149,7.266037,,12.415697,7.504303,11.508146,7.203593,,9.388362,12.068671,,19.325051,12.714213,17.459519,13.62969,7.681379,15.558145,19.222181,7.04144,11.080911,11.450041,18.470881,,16.517027,12.250159,7.598425,10.134516,13.825211,9.419054,12.438716,10.734794,17.288929,18.996133,9.535353,,9.981268,,15.666866,13.517171,,16.901069,10.686623,,14.611827,10.171202,,,16.546303,8.080178,14.32422,10.490721,15.11078,14.076846,11.695615,14.516944,9.929451,12.855552,1.0
S045,SUBJ020,post,participant,45,B2,40.0,F,25.1,18.705435,13.031515,6.699607,11.431968,9.474233,16.468436,13.381578,17.105378,12.661685,7.70418,13.934397,,12.572954,14.580188,,10.442705,9.856877,15.005389,9.509953,,15.453261,,,19.461914,18.39576,15.446448,14.7774,12.25959,8.030557,18.798467,9.831228,15.573582,18.380039,10.325676,17.383018,18.425509,7.937697,15.62878,15.399792,16.428989,,,12.517751,17.797979,11.721753,10.499238,12.962169,15.510688,,7.328675,18.454949,17.86934,19.336905,18.393259,5.992315,10.767299,17.047921,7.338157,16.747784,7.490329,17.499418,,7.39592,18.387796,6.679058,10.215327,,6.747119,13.350406,9.968091,14.841265,17.657527,12.44554,9.093576,18.110736,12.171352,17.082801,15.192401,11.706526,,,18.267277,14.889315,14.932452,14.657858,11.31013,19.33378,15.61968,15.95636,19.010791,11.150255,11.111364,13.795593,11.435467,12.276203,15.095739,6.83605,15.568247,16.694787,,6.377991,18.336333,14.894455,12.939041,,14.364743,15.769876,15.180988,9.702069,9.624466,12.670205,15.144763,9.740186,15.267316,18.152131,8.265943,9.412528,11.270348,,,,15.841303,14.572682,6.267723,19.323688,,15.125423,15.906185,16.569847,14.668212,11.940504,12.552297,14.867543,8.83406,,15.633576,15.388706,8.246266,13.096326,18.489696,9.468644,17.849826,13.190376,8.597159,12.502506,14.518862,14.408598,16.359851,17.710372,17.607406,18.602558,6.77834,11.56807,16.169296,,16.897948,10.792497,13.26463,16.341913,,9.343497,19.058972,14.061987,10.10355,,7.903822,10.327193,7.169524,16.75661,11.712303,9.800771,14.052913,10.340918,17.713213,11.517842,7.78254,13.852352,9.164077,10.384902,,13.417949,7.060912,11.88202,18.401352,14.362264,,12.804335,13.823248,19.642888,14.91514,8.023311,14.815236,13.255723,18.185384,,8.670196,16.628497,10.820027,16.165452,17.275869,,16.725352,10.804244,19.388268,,15.348999,11.436144,14.878212,13.458864,7.829659,12.763239,16.731078,15.599089,8.430202,17.74577,14.889151,7.392489,9.812899,16.728245,18.579332,16.435117,14.976301,10.556401,11.949717,11.70089,15.696001,15.141593,11.572615,11.252234,15.482581,14.398279,9.974242,12.346237,10.005849,15.069788,,12.410732,8.429951,,15.069738,13.727852,16.540272,15.21256,10.671523,17.898244,9.041878,19.690784,14.734848,17.740722,12.378056,12.094081,15.564876,18.351733,13.945964,,14.213854,,17.658183,15.737448,16.202258,16.607125,18.258022,11.369428,10.142375,,,,,14.481272,14.911277,6.222843,18.020328,17.655749,,7.358695,15.981922,8.604553,15.436981,15.041121,15.58601,17.585195,17.346169,16.062823,10.745481,8.952246,7.694253,14.642781,12.731448,14.777409,14.422136,17.183665,,16.52714,11.32337,18.009062,,13.457017,13.014195,16.034201,17.781945,,,14.133407,15.902295,15.304931,9.58024,15.224667,18.456151,12.768583,10.445543,12.349489,9.716597,6.902074,6.654206,8.095239,13.679659,14.842213,8.972147,13.653999,14.302313,8.328091,6.118111,17.532319,6.907492,,7.264349,10.534585,,12.733606,16.771147,9.400815,15.517954,7.522856,19.341771,18.204799,13.113496,7.094764,6.693905,14.290036,8.391372,11.156001,,14.72975,9.497792,11.006389,,17.596069,13.535897,17.084003,13.649961,,15.94372,19.451454,7.08672,11.02955,11.522866,19.016367,8.777255,16.590642,12.381113,7.0917,10.861436,13.412543,12.475731,13.261835,13.285732,15.908743,17.830194,9.043684,,9.415192,11.446003,18.436102,13.453397,,17.008438,11.10791,10.281258,16.225603,10.832099,12.465056,10.255194,16.373077,8.719971,14.648679,13.797727,16.328698,16.652009,13.257261,14.056426,10.843254,13.045152,0.0
S046,SUBJ021,pre,participant,46,B2,41.0,M,24.0,19.748711,13.131777,,11.725797,8.293518,17.235534,13.901761,16.941815,12.242275,,17.459412,,12.832093,15.65055,11.742642,11.058012,9.326272,15.014361,10.824975,,15.75457,6.0974,6.884598,17.309334,18.184916,15.021508,12.735334,13.573343,8.05197,17.243135,9.204693,16.87745,19.191823,10.971393,17.69991,19.033045,6.674687,14.341349,15.882203,14.947221,,7.578712,11.50309,16.451652,13.220814,10.08745,15.584895,16.017368,,7.534108,17.680634,18.346527,19.950801,19.465112,,12.600375,16.100929,8.005344,14.778887,8.72598,16.654756,11.167876,,18.231033,6.988003,11.333228,8.368288,,13.698516,9.654779,13.883394,17.999612,10.776145,,17.273247,12.358357,17.443842,15.284027,12.061027,7.279471,6.648178,18.8585,14.664927,13.513786,16.327666,13.65711,19.779981,15.242485,15.578777,16.500871,12.077016,10.193414,16.993619,13.601933,12.799761,16.671207,,15.882924,15.951887,13.778761,6.6125,18.717325,15.125863,12.405838,6.53683,14.234231,16.372337,15.374596,10.607857,7.897603,11.24312,14.805238,10.574915,16.456299,18.351119,7.765667,9.370622,12.056069,10.655996,,,15.887087,14.752969,,20.427392,9.627005,13.120473,15.828008,16.00195,14.750063,10.598806,12.752073,15.9441,,,15.918424,14.750408,7.427606,12.118448,18.231081,11.014823,16.731197,14.155474,9.410896,11.787837,13.364638,14.27136,15.296774,19.505196,17.580628,18.62029,6.938168,11.287574,14.089709,,16.384035,11.362289,14.422527,15.957238,7.195544,9.603255,19.142998,15.123632,9.754771,,,,,16.101785,11.121773,9.572454,13.253265,10.889443,17.6701,12.079548,,12.311941,9.002618,,6.615151,14.668163,,11.245404,20.148191,14.415476,,11.445362,15.370266,17.397004,14.879305,7.796105,13.6947,14.3978,16.958985,5.990728,10.271848,17.858181,12.694286,16.483229,17.342449,,15.441823,12.021018,17.6051,12.740006,19.354205,11.309431,16.692834,13.432366,7.01469,13.306583,16.58941,14.906536,8.442363,17.155745,13.792398,7.986297,10.074837,16.342105,18.215941,16.456307,13.974231,11.195409,12.077647,,17.481965,19.406051,11.514611,10.094777,15.834095,16.584681,,13.071957,10.810877,14.406543,6.771754,12.248396,9.778718,10.832131,15.114375,15.67073,13.88275,14.160352,9.561269,16.389159,8.476665,19.632428,13.871286,16.594837,11.994049,,13.578048,20.858466,14.333664,,12.651173,10.661333,18.41631,16.676609,,15.504371,15.939543,12.372471,10.963142,8.223809,9.71294,6.18844,7.784373,13.837694,18.009579,6.847621,18.653634,17.399573,9.069987,7.270249,18.37771,8.82766,14.887117,15.170326,15.775153,18.232807,17.809354,15.400025,9.477293,9.286766,,14.257616,12.017884,15.442803,13.567484,18.618313,9.196282,15.728917,14.75517,19.393261,,12.961578,,18.203356,15.360256,,6.240314,16.318804,14.261341,15.957365,,16.2781,17.589524,12.146785,9.379335,11.304443,9.695437,,7.355351,,11.870114,,9.695037,13.748366,13.338009,8.290388,5.831624,17.431496,,7.530211,7.001127,,12.555032,11.93543,16.183126,8.160426,17.451814,,18.154772,17.496037,14.660084,,,13.513478,,11.473914,7.627461,16.359156,9.933661,12.011577,8.995711,18.62376,13.663773,17.721287,13.477242,,16.302385,19.120881,,9.9536,,19.026993,,16.38926,11.907897,8.337399,10.478709,13.285535,9.941987,15.353482,,17.672211,17.712385,9.733541,9.706772,10.463739,11.225979,16.972327,13.57881,,17.729153,9.892801,9.821933,15.623593,10.878128,12.910482,11.450521,14.953383,8.390556,13.916082,,16.89156,14.354982,12.285191,13.668155,10.136363,12.421807,0.0
S047,SUBJ021,post,participant,47,B2,29.0,M,22.7,17.715234,12.885256,,11.145716,8.596786,17.108803,13.592271,16.366517,12.122255,6.846995,17.849024,,12.871276,17.59946,10.716382,10.630495,8.644505,16.269481,8.907161,,16.010345,5.710944,,17.645667,18.127975,15.279105,13.333273,10.744523,8.107269,18.728103,9.798974,15.450895,19.077235,10.091197,16.092815,17.885392,6.576371,13.93114,15.720042,17.30656,8.505692,7.48784,13.670064,17.004584,12.814328,9.995852,12.704907,13.991665,,,17.133062,17.058218,19.221613,18.783949,,11.045664,16.505208,7.748797,16.287339,7.609991,17.453479,,,18.198272,,11.722069,,,12.247925,,13.317348,18.15951,11.063436,8.440495,16.367695,11.955152,16.9688,13.328024,12.087115,7.917253,6.296824,17.448972,16.095926,13.854703,17.549138,12.4167,19.585219,13.860083,14.147073,17.815558,11.464015,10.783391,18.138351,11.083287,12.381286,15.537609,7.027021,15.757656,17.112954,13.0536,6.38905,18.320609,15.025907,14.137528,,14.377832,16.437464,14.996735,10.126046,9.561498,10.860001,15.136793,,17.590822,17.665799,,8.387156,11.302113,11.329241,7.9219,5.830357,15.596567,14.251252,,17.80444,10.076976,14.290246,14.637284,15.248791,14.451517,11.766372,12.850687,16.082196,9.445946,8.88246,16.086283,16.52602,7.361768,11.098868,17.440578,11.027014,18.129809,13.038729,11.126427,12.505715,13.987104,14.988505,16.388583,18.10346,17.574586,19.021729,,11.029708,13.138705,7.269968,17.50813,11.26243,15.429606,16.325285,7.485507,10.271195,19.859543,13.984725,10.149176,11.735878,,,6.863319,18.97425,10.921975,9.959698,13.235727,9.882918,18.577497,12.466561,7.558115,13.224189,,11.377373,,12.857336,7.174826,11.989022,19.751531,15.425076,12.634246,11.829017,15.076812,17.883832,15.085305,7.963994,15.538419,13.956409,17.625247,6.195938,8.77482,15.757387,12.457409,15.670499,17.190768,7.185569,16.490072,11.984472,17.604697,12.287484,17.976923,11.305446,15.648182,13.780522,6.861335,11.931875,16.978291,14.932128,8.374735,17.892551,14.510183,,9.899976,17.593201,18.022431,16.920382,14.432538,,11.565654,11.530021,16.830937,18.535212,11.522866,10.848513,15.159173,16.855358,9.367349,12.248959,10.478173,14.591076,6.757823,12.151074,9.669044,11.194831,15.920125,14.842143,15.728951,14.162599,9.036393,16.884142,,17.535433,14.122548,16.301093,12.710475,10.64309,13.121527,18.649696,14.935098,9.440848,13.944992,12.815659,17.673005,16.151136,16.036804,16.808384,15.290492,12.044592,10.379812,,,,8.478365,14.050701,15.618979,,17.46735,17.772475,9.963098,7.529821,17.432452,9.00812,15.777743,14.981168,16.724806,17.630972,18.451622,14.03005,10.900829,9.676609,7.585639,14.079949,11.7995,,13.213375,18.865333,8.991664,16.160678,12.43298,19.428321,8.988315,13.311159,12.787043,15.863425,17.209261,,6.262095,14.728927,17.336099,16.259573,8.045923,14.770267,17.486831,10.29132,8.749668,13.977926,9.437315,,,7.512069,13.524997,14.8445,10.560419,13.768273,15.191276,,8.020369,17.01483,,6.600359,6.467932,,11.768073,12.51095,15.375945,7.826294,16.283503,8.002084,16.367635,18.089935,15.494838,,7.462052,12.813691,8.596152,12.984661,,13.565695,11.756306,12.652242,9.556736,18.176435,13.901263,17.119199,13.860034,9.726746,17.211099,18.993611,,11.784291,13.009404,17.386139,7.654135,17.216823,12.12918,7.264067,11.219719,14.055094,,15.362085,10.467341,16.87084,18.016344,9.839944,9.983264,10.193217,10.39868,14.971486,13.75989,,17.492748,11.568374,9.722688,15.558919,10.489517,12.880423,12.047928,17.176065,,14.204584,12.466438,16.553351,15.671539,12.889934,14.46887,9.710376,14.688802,1.0
S048,SUBJ022,pre,participant,48,B2,55.0,F,26.4,18.657037,12.579111,,11.466923,,17.439141,13.61128,16.576695,11.640914,,15.195395,7.379378,13.855175,16.976608,11.737687,10.784946,9.586145,14.45573,,,16.053331,,7.003827,17.007865,18.510388,15.482507,13.549767,10.43322,8.317684,18.985527,9.811423,14.946418,19.360862,10.804462,16.776494,18.322299,,13.933963,15.360458,16.163522,9.241077,8.575691,11.661707,16.678808,11.566244,,12.234102,16.303243,8.571904,7.078418,18.666978,17.169255,18.726911,18.338761,6.198298,10.178677,15.146814,7.539779,15.039085,7.769111,17.165364,11.663647,,17.611403,7.049849,11.191448,,,12.666231,10.825539,14.04935,17.68359,,9.918699,17.315764,12.294402,16.933899,15.091852,11.751234,7.011227,8.195397,17.185287,15.177646,13.766071,15.05428,11.439483,15.676972,,13.82405,20.053096,11.738109,11.152057,15.68123,13.232793,13.611877,15.123798,,16.502922,18.362835,11.889664,6.686501,19.794263,15.230635,13.86478,,15.019203,14.469744,14.989375,10.680105,,12.069738,15.534639,,16.727113,18.214559,7.5529,,11.02311,11.344668,8.211937,,16.087506,13.821393,,17.662934,9.43369,12.620534,14.196437,16.322802,14.477338,11.419539,12.663087,17.257694,,,14.757304,14.356787,7.774326,11.493825,17.026198,10.674828,18.560938,12.901864,10.041248,11.876636,14.518468,14.250404,16.01634,21.185887,17.790464,18.475745,,10.775281,14.267942,7.332976,16.117061,11.474147,14.320503,16.403947,,,18.638257,14.523383,,11.119778,9.854042,10.268834,,19.202441,10.04259,,13.169375,9.01349,16.453992,12.129521,6.912051,12.870326,8.89503,10.120808,,13.619619,7.052894,12.356111,17.710889,13.366503,13.069894,11.273184,14.467037,17.927478,14.315194,8.002252,15.408818,13.837355,17.583914,6.068241,,16.281201,11.450299,15.880543,17.256566,,15.455152,11.661783,16.203761,12.861688,20.875575,11.462666,14.394323,13.773918,7.33887,12.49158,15.645013,17.331852,,17.268034,14.51737,8.438667,9.67345,15.508033,18.541052,15.483334,15.14497,10.420887,12.047301,10.628409,15.714966,16.572526,10.43249,11.126524,16.438465,19.562495,9.52366,13.463855,11.720432,15.257471,,12.958234,,10.703696,15.126694,15.153976,13.957008,14.258812,8.929643,17.246147,9.391158,20.404048,14.539198,16.40239,12.366666,8.671152,14.545362,19.829797,14.22961,9.56613,14.078298,9.599522,17.751904,17.356279,14.916413,15.90023,15.198161,12.867821,,8.070175,12.842737,5.960234,7.464995,13.345183,15.017605,,17.890001,18.984447,9.385711,,15.988747,8.90144,15.234822,15.593665,14.339842,17.423603,18.505027,14.751268,,8.989962,,15.340664,,15.878483,14.620629,18.136489,8.821742,15.323103,,18.279276,,12.555452,13.688369,17.898196,16.79265,8.417599,7.02525,16.031014,14.821978,15.560882,,16.232306,17.624673,10.805833,8.545466,12.838928,,7.551977,6.747387,7.760886,12.159449,13.877081,9.528337,14.081392,13.727936,9.737754,,17.443301,,,5.886062,10.300398,12.193381,13.525269,15.183885,8.160779,17.662237,7.832637,20.164034,18.369201,13.263529,,,12.548234,7.773205,12.223441,6.806582,14.063377,9.883575,12.048998,9.528454,17.710254,13.386098,18.131391,14.650732,,15.963901,18.693665,6.784766,,14.313502,18.091016,8.33329,17.111921,12.346987,7.80935,,13.720766,9.901274,12.521868,11.125413,16.059848,18.394151,9.184379,10.773601,9.999535,,16.74903,14.019746,6.0268,17.692963,10.819317,10.261895,13.943648,10.693583,12.48107,,14.965469,8.069745,14.214971,13.680042,18.249281,16.570571,12.061023,13.153329,10.127311,12.989414,0.0
S049,SUBJ022,post,participant,49,B2,41.0,F,23.5,19.351629,11.25952,6.029674,11.325525,8.575993,16.077765,12.665702,17.787697,14.205393,,17.149256,7.464178,12.336707,15.991727,12.670678,11.747522,10.400805,13.432839,9.185594,,15.821463,6.33985,,18.068899,18.271583,13.94848,14.175056,12.415211,8.561975,19.080505,9.118811,15.822329,18.655414,9.954327,17.455845,19.205363,,,15.679275,15.99264,9.739882,7.936343,12.66461,16.506029,12.573896,10.1097,11.425174,16.060846,8.525012,7.135042,16.552154,17.817648,17.757666,18.875052,,9.894909,15.514656,7.820881,14.690731,,16.288014,12.238429,6.170526,17.487052,,10.522307,,,,9.898949,13.954488,18.524072,10.996346,9.252263,15.640569,12.620165,16.199729,15.154762,12.59421,9.851452,6.320665,19.106519,15.368502,13.75886,15.998793,13.09741,15.922521,14.589251,15.270415,15.19436,11.206483,10.594455,14.310627,13.165837,12.117166,15.450646,6.982651,16.322111,18.408956,14.007576,7.032321,20.090841,15.451879,14.80371,7.105804,14.545933,16.384309,15.374664,9.676909,9.81415,,15.374925,9.701029,16.714089,17.550014,7.998421,8.881145,,10.29578,9.14583,5.793896,15.665275,14.237155,6.911692,19.162442,9.540767,14.890774,14.715579,16.840719,15.986034,12.363519,11.430588,15.406677,9.094025,9.850921,15.271452,15.273451,,11.528811,16.405952,9.619211,18.870888,13.53534,8.796267,11.159644,14.303941,15.702668,16.036598,18.904139,17.965469,18.582763,7.785158,11.571383,14.182049,7.053763,15.985394,11.048248,13.524782,16.305839,,10.307326,19.944318,,,11.905568,,,8.295356,15.899966,,9.647962,12.340262,9.992074,18.955439,11.691835,7.80355,14.33638,,10.070684,,12.510497,7.146594,11.969102,19.852231,15.128006,12.840347,11.469403,14.803971,18.825264,15.125874,,15.034428,13.812268,17.659887,,9.350564,14.48922,12.878687,15.765369,15.788912,6.804776,16.708512,11.496459,16.884988,12.447055,18.001291,11.198629,15.643595,13.598602,7.16541,11.675194,16.59205,16.466353,8.961681,17.845536,15.103985,,9.586596,16.784123,19.51232,15.729645,13.990966,11.220481,12.011378,10.356518,14.976964,16.006752,10.956906,10.578458,17.461567,17.375995,,10.591672,10.794936,15.227308,6.913248,12.251962,9.15231,10.482274,16.392165,13.633569,15.913115,14.617833,10.337432,16.765772,8.508112,19.18892,13.49911,15.520345,12.35029,8.898178,13.78241,19.499691,12.854851,9.215242,13.176,12.577438,17.884384,15.804428,14.494951,16.18656,16.818792,12.271626,,,10.541881,5.868884,8.774161,12.780039,14.379666,6.67101,17.812823,18.325158,8.91782,7.287805,18.087634,8.779785,14.888548,14.818801,16.47249,17.231107,17.183079,15.649112,8.581314,8.991919,8.410112,15.443349,11.744031,16.07369,15.352552,19.039845,,16.068899,,18.997887,,12.594378,,15.599914,17.853719,7.772677,,14.365094,16.866578,16.166794,,16.327148,19.770676,12.042549,8.701202,12.426414,9.575672,6.972348,,,11.383882,14.816525,8.943453,14.945938,14.005021,8.883621,6.19022,17.144891,,,,10.419802,11.448741,11.864608,18.270038,8.637567,16.419221,7.871967,18.582363,17.932182,14.921367,,6.694323,13.386785,8.857079,11.887499,7.32535,14.811103,,11.211049,7.763412,18.103283,13.736773,16.808146,,9.21184,15.001285,18.731366,7.279936,9.615188,,17.284929,7.646811,16.466891,12.765435,,9.87112,14.050588,9.406311,13.518636,10.894894,16.447651,18.334466,8.867155,,9.639775,11.895541,14.588305,14.808267,,18.151836,10.920732,10.253611,14.745214,10.419634,12.64949,12.770798,13.39146,8.776104,15.487805,11.838597,16.746067,14.862725,12.035528,12.954742,10.582462,12.752755,1.0
S050,SUBJ023,pre,participant,50,B2,50.0,F,35.5,19.752113,11.080964,,11.016961,8.984703,16.049806,12.510725,17.590657,12.207487,7.644649,15.401247,,14.022142,16.776549,10.569362,10.265474,,16.413449,9.661921,8.026745,16.954376,6.069315,,20.680965,17.484607,15.881325,12.985579,12.335147,8.186461,16.899921,9.779342,16.231111,19.243752,10.138681,17.241618,19.334666,9.093048,14.566908,15.645319,16.181634,8.562281,,11.750535,16.408673,12.445299,10.006242,16.42008,15.276347,8.383963,,18.654417,17.671074,18.254121,18.650203,,11.318198,16.535575,8.049957,14.785997,8.247738,16.739032,12.107289,5.97728,17.145767,8.12407,10.762066,,,,,14.604955,18.059429,10.827279,7.7847,15.908303,11.767187,16.904558,15.860676,12.117533,,6.757957,18.985831,18.455982,12.800087,14.692521,12.31528,16.178101,14.643354,15.359651,17.6725,11.961037,10.976757,15.648161,13.360773,11.469296,15.068771,,16.47816,17.972826,13.756521,,18.712316,14.493149,12.721309,7.143128,15.062246,14.943024,15.265139,9.467626,8.303552,11.989249,15.137841,9.297008,16.910907,18.166533,,8.287759,11.449133,10.678468,,,15.713317,13.309272,,18.967995,9.342475,13.979915,15.128177,16.696735,15.043457,10.190047,11.167707,16.649192,,9.113768,14.94407,14.364369,7.360189,11.826525,19.21851,10.758481,19.585797,13.031922,9.138553,12.982539,13.338025,14.650647,15.984428,18.604206,17.528093,19.66533,6.953149,10.954414,14.646212,,17.761984,10.441824,14.701187,16.465822,8.036064,10.068147,18.043259,14.036344,10.215302,11.82472,,9.76185,6.919459,17.186217,,9.049821,13.107758,9.914774,18.2961,12.16276,7.535664,14.204971,,,6.534342,15.349895,7.560027,11.317887,18.864574,14.727048,12.919599,,14.856727,18.605275,15.044129,7.97252,14.602128,13.482218,18.065726,6.568792,9.009605,16.081873,11.918207,16.193168,16.347477,,16.031694,11.89007,16.492428,11.747417,18.325143,10.612868,15.922007,13.28701,,11.556501,17.440318,15.789238,8.563768,17.743513,13.775809,7.993278,10.659916,17.858925,18.381588,17.849933,14.229895,10.894939,11.985002,10.539799,17.5463,19.223604,11.9275,11.574291,15.860184,16.181908,9.138912,12.641679,11.134702,,,12.781593,9.342297,10.640362,15.589142,15.82413,14.576024,15.296091,,16.280558,7.589314,18.335545,13.394153,17.261825,12.667324,10.205573,13.59638,17.925483,13.26942,9.002815,13.520896,,18.21434,15.967346,15.295752,17.248134,17.332846,12.16117,10.005919,,10.030805,,8.384482,14.410156,15.132461,6.956173,17.142007,17.02121,9.377709,,17.334808,9.535897,15.860061,14.950257,15.88141,17.343324,18.074116,15.688913,10.410038,9.942749,9.268963,15.118352,12.906428,14.49171,14.551807,18.280987,9.79899,17.401807,11.961826,18.830222,9.085419,12.33673,12.171449,14.642205,17.272721,6.989025,6.387328,15.749457,17.537852,15.91798,,15.166116,17.479116,11.126788,9.135607,12.809318,10.114029,,6.980025,8.379162,,15.581917,11.065005,15.064576,13.918299,8.605998,,17.169062,6.279286,6.776104,6.171527,10.385075,12.662108,12.446889,16.221445,7.971544,17.951448,8.17717,19.862169,17.946198,,,,13.025707,9.628336,,6.984361,16.123203,10.288186,11.250364,8.298887,19.426586,12.762494,17.345898,15.44996,,17.176839,18.999653,6.734032,,14.172179,18.359956,7.719663,16.098011,11.892053,7.600805,11.71038,12.920507,9.557291,13.902447,12.568329,17.032224,18.700124,9.555874,10.153463,10.089199,10.107452,15.522829,13.870262,,17.915884,,12.074596,13.87713,10.364419,13.162431,12.220898,18.253875,,14.099183,12.535183,16.282297,16.077283,,13.012532,10.182146,13.458216,1.0
QC06,,,pooled_qc,51,B2,,,,18.918262,12.450544,6.015248,11.384519,8.737822,16.693204,13.532358,17.230372,12.538092,6.669027,16.159978,7.846807,13.108799,16.522927,10.85096,11.215345,9.218248,15.28028,8.635138,7.879951,15.389708,5.67101,6.151981,18.53999,17.99652,14.83324,13.617325,11.724446,8.289788,17.928496,9.364397,16.188024,18.759673,10.405173,17.1623,18.538417,6.656639,14.975192,15.657908,16.839866,9.010668,7.50319,12.368621,16.762091,12.435563,9.799039,12.992781,15.967752,8.414178,,18.392487,18.159881,19.090961,18.559732,,11.335173,16.398588,7.93705,15.117928,7.860901,16.564766,11.611398,6.046797,17.679638,,10.556152,6.569552,,12.958098,9.871197,14.511906,18.036467,11.538325,7.74873,17.025921,12.374678,16.768516,14.828144,11.997388,7.079911,,18.431778,15.395711,13.658634,15.564198,12.238246,17.149174,14.40392,15.227652,17.947539,11.634856,10.612472,16.223363,11.865787,12.662085,14.938136,,16.470096,17.655282,13.073409,6.084915,18.599029,14.718233,13.472085,,14.306416,15.5262,15.713382,10.201266,8.761285,12.118886,15.1557,9.315965,16.893128,18.138057,7.838195,8.81596,10.323843,11.079078,7.863629,,15.844045,14.265916,,18.610218,9.468583,13.914465,15.010039,16.345745,15.136976,11.518294,11.855305,16.739272,9.62901,9.310272,15.159139,15.332368,,11.596148,17.470334,10.006017,18.65631,13.516851,8.963041,12.34118,13.903395,14.775466,15.784585,18.572811,17.618742,18.650049,6.697663,10.975791,13.960832,7.01948,16.482519,10.841061,14.311161,16.555846,,9.618532,18.579748,13.956858,9.555663,10.916566,8.092599,9.664287,,17.108823,10.728898,9.303119,13.210498,9.573041,17.19827,12.270529,7.515858,12.29781,9.673079,10.33916,,13.674729,6.98402,11.857623,18.291019,14.576445,13.12624,11.575379,14.660803,18.475774,14.447711,7.692371,15.091272,13.181944,17.680206,6.172728,8.828517,16.639661,11.876275,16.213577,16.373115,6.853372,16.616141,11.84964,16.808507,12.006989,18.482993,11.055188,15.560281,13.799288,7.517354,12.167035,16.818511,15.596586,8.797564,17.505871,14.271691,7.546277,9.835908,16.558109,18.866387,17.072214,14.469688,10.237043,11.989781,10.643297,17.23335,18.013057,11.282498,10.687157,16.079409,16.599488,9.202736,12.07762,10.970818,14.55488,,12.618748,8.731964,10.655933,16.05578,14.912402,14.809531,14.365769,9.018089,16.762763,7.986126,18.832872,13.955737,16.613344,12.364802,9.414791,14.073849,19.199721,13.718341,8.35469,13.637073,11.237664,17.821088,16.119161,14.905538,16.4895,16.585215,11.964705,10.018854,7.680395,10.269583,,7.809093,14.022082,15.50671,6.406503,17.682726,17.209549,9.476422,,16.534632,8.807129,14.818256,14.414328,16.553668,17.708307,18.126331,14.581597,9.169399,9.393004,8.44638,15.026586,12.306797,15.659796,14.639667,18.765734,9.029619,15.758852,12.60291,18.9727,7.737281,12.760312,13.033752,16.474806,16.735761,7.944156,,15.666807,15.296884,15.591245,,15.740767,17.568381,11.189942,8.880043,11.931269,9.729893,6.324631,7.286512,7.507715,12.373811,14.11582,8.832194,14.238871,14.35832,8.500364,,17.279196,,6.783719,5.914325,10.239766,11.820634,13.174798,16.923717,7.634375,17.39472,7.255217,18.446857,17.953231,14.543939,,6.725741,13.587663,8.32854,11.524899,7.187451,14.685328,10.011716,11.340785,8.311158,18.478511,12.971262,17.599398,14.089893,8.573155,15.651104,18.634998,,10.028099,12.723023,18.416259,7.666899,16.763564,11.980468,7.354911,9.885788,13.670569,9.745826,14.153595,10.629311,17.067127,18.470768,9.518515,10.049604,9.745237,10.536306,15.928987,14.16805,,17.697063,10.704224,10.70861,15.038882,10.131252,12.802805,10.92743,16.217736,8.253942,14.155652,11.588799,16.9845,15.625563,12.163653,13.321576,10.213056,13.364637,
S052,SUBJ023,post,participant,52,B2,59.0,M,20.2,17.298566,12.794789,5.995032,11.014453,,16.801277,13.945071,16.746922,12.515848,7.12784,16.399708,,13.676842,16.380536,10.496364,11.768995,9.586465,14.993473,10.302582,7.772743,16.354168,,,20.26791,17.835891,16.379117,,12.072796,8.803582,18.94565,9.646235,16.061052,17.560721,,17.138675,17.608268,7.216164,14.512789,16.901579,17.302411,,,11.914217,16.474834,13.083026,10.1469,12.787562,14.322686,8.557311,,19.039019,19.675618,17.855584,18.112194,7.446835,12.952474,16.213104,7.205744,14.879347,10.524454,16.657262,11.434102,,17.865521,6.850999,10.829414,7.629575,,13.921522,10.832455,15.413498,17.530471,10.687699,8.784046,17.227879,12.714606,16.270518,13.973163,11.632027,,,20.500383,16.477036,14.031416,17.555265,12.091502,14.606214,14.534261,16.925098,16.17079,11.251115,10.506397,16.725212,12.703722,12.445411,13.527621,6.508746,16.785341,18.168686,12.189973,,19.721038,14.743686,13.334206,,,15.331458,15.740783,9.70979,,11.225183,15.015981,10.235823,17.847667,18.285479,,10.563463,,,8.354029,,16.399704,15.502066,,17.497647,,,15.329176,16.892301,15.24102,,12.806119,16.167847,,9.666206,14.075394,13.247506,7.905748,11.805941,19.45765,,19.141929,13.311266,9.298612,11.612822,12.799826,13.988364,16.562743,16.898073,17.563912,20.037186,,11.570482,14.928141,7.092863,15.406299,10.805026,15.133451,16.654953,8.060912,9.590381,18.503463,12.661063,,11.788437,9.664661,9.130905,,17.913069,10.158067,9.763046,13.298653,,15.948167,12.350796,7.046469,10.719851,,10.450861,,13.033994,,11.678239,18.741937,14.950257,13.204687,11.66935,14.368551,16.50385,14.075806,,17.261792,12.672441,17.466887,6.218781,8.940549,16.322463,12.272513,16.173149,15.504491,,16.767239,12.167936,17.066058,13.628394,19.772633,10.215424,14.006702,13.508877,7.994184,12.581768,16.928678,18.829336,9.971702,18.146941,14.205939,6.894697,9.494516,17.280721,18.560681,16.360376,15.285708,11.650033,12.09387,10.309749,17.30248,17.82603,10.05163,10.472924,16.857164,14.982612,,11.737877,11.32503,14.78686,,12.945083,,11.681967,15.410035,14.240358,14.184083,15.57053,9.461234,17.577309,8.351955,18.176472,13.883276,17.243248,12.534415,9.305993,,20.925778,12.515476,,13.455457,9.908393,17.339264,15.708136,15.343922,15.917799,17.088188,12.280629,10.278449,8.152285,11.929221,,8.934634,14.715876,14.714313,6.320485,16.808518,19.862203,9.864279,7.294161,16.057955,8.947111,14.971132,14.538035,17.169029,16.371708,18.350421,15.197086,9.449334,9.14555,8.310658,15.944406,11.896385,13.989008,14.517004,17.78645,9.304808,14.768457,12.452566,17.922722,8.309795,13.199873,12.578344,18.449111,12.921149,10.38071,,,15.173761,15.57315,7.259743,15.636813,18.388701,10.672072,,13.002884,9.073285,,6.8212,8.145372,13.817388,13.537794,10.166916,14.346353,14.174362,,,16.755132,6.243555,,8.308202,10.475814,12.228127,12.761196,16.893842,,17.655475,,18.483382,18.296189,14.808869,,7.122983,14.315489,7.507557,11.971967,7.58007,15.710951,,11.038192,,18.900623,13.661944,17.499675,14.142534,7.603552,16.757875,18.410696,6.900384,,13.54894,16.939408,7.897845,17.325984,11.837348,,10.366377,13.117898,9.252594,,10.65503,17.526438,17.523348,8.987918,,,,16.273102,16.231942,,17.594691,11.195544,9.911662,14.060074,10.890583,13.342166,11.592111,17.40379,8.06183,11.479639,11.144919,18.14431,16.668182,12.823091,13.513102,10.371842,13.614053,1.0
S053,SUBJ024,pre,participant,53,B2,29.0,M,31.0,17.52751,12.845766,,11.785052,,15.992595,14.173359,18.062926,11.459268,6.871351,16.225548,9.087065,13.022342,17.348084,11.273528,11.175213,9.802226,14.710324,8.831909,7.967226,16.282923,,8.15972,17.451688,17.311336,15.173704,15.059063,10.470201,8.439748,20.57586,9.631304,16.168422,19.977752,11.306671,16.641913,18.619817,8.592083,15.206941,16.270484,16.083199,9.310681,8.289973,12.264372,17.125637,12.355888,,14.60181,14.431532,9.276473,7.891966,18.599842,18.141371,19.493873,18.377505,6.880808,10.378024,16.146856,8.015527,14.43373,,17.100621,10.923209,7.583008,16.981493,6.918148,9.635809,7.791423,6.342519,12.694761,9.447621,14.318224,17.808516,10.806896,8.982024,17.322413,12.315939,17.043163,15.059924,11.635505,,6.954894,19.170183,15.328553,13.675808,14.575923,12.176619,19.423841,13.61089,15.076524,18.32199,11.493655,10.530709,15.783634,13.247368,11.840562,15.451401,6.373822,16.311476,15.828185,14.089809,5.912889,19.204376,13.574957,13.812691,,13.674471,13.472738,15.532078,9.276171,8.517866,,15.748295,9.30613,16.467684,18.369485,8.764308,8.14272,10.559195,11.055743,8.923268,,16.816206,13.689425,,17.184553,9.431707,15.645609,15.785134,16.399714,15.435089,11.044155,12.197773,16.154781,9.562548,9.9499,14.555387,14.563689,7.647674,11.382413,18.016617,10.532093,19.0359,13.035536,,12.515722,13.738555,13.805761,15.685084,19.714226,17.765359,17.750142,7.075319,11.711753,15.662614,,16.062509,11.897702,14.109769,15.598981,,,19.036237,13.77399,9.890036,11.313592,,9.189973,,16.281426,,8.934369,13.102683,10.845482,17.776071,12.431346,6.87578,12.041676,9.245053,10.369663,7.277706,14.647592,7.509142,11.742503,18.126699,14.965031,13.340623,12.205741,,18.466166,15.005933,7.512227,15.939452,13.664167,18.41955,,8.859659,17.587492,12.517261,15.502457,16.344323,,16.335381,12.471007,17.37719,11.339126,19.81826,10.961341,15.87753,,7.071141,12.374542,16.423709,16.523161,9.004979,18.000249,13.733417,7.538228,9.884201,17.59741,19.621318,16.625605,14.435009,10.083306,12.780831,10.087357,15.9006,17.284252,11.471248,9.748579,16.658724,15.215433,,12.960554,10.747152,14.475079,,12.67836,9.011926,,16.033322,14.785546,,13.166673,9.189948,17.012841,,19.323398,13.543596,16.646185,12.969538,9.755639,16.035075,19.874401,14.191318,9.298429,14.467848,12.551641,18.174768,15.884689,14.49662,16.120801,15.954588,12.389327,10.063503,,9.115512,6.271836,9.304716,13.94512,15.086316,6.643856,17.952151,14.383986,9.344695,7.236588,16.66197,9.325081,15.336592,14.060871,15.927479,17.082936,17.303921,12.93175,8.425258,9.559568,9.456354,14.880813,13.685935,15.145973,13.701241,18.673766,9.079565,,12.965079,18.357932,,12.468067,13.572494,17.983637,15.489262,7.940402,,14.624183,16.799808,14.855779,8.967831,14.258076,16.562526,11.915872,9.587102,,,,7.418021,7.973669,11.58241,,8.651195,13.867117,15.629235,8.431414,6.160678,17.503727,6.409391,6.117695,,,12.060233,13.088705,16.444527,7.573647,17.120374,7.443524,18.203346,17.966573,14.563312,6.767125,,13.421196,8.799735,12.288696,7.00641,15.089721,10.017365,11.333021,8.49845,18.758364,12.515986,17.270343,13.066969,9.384633,15.537677,19.380053,,,12.81877,18.993671,,16.827769,11.94657,,10.478476,14.549705,10.824115,13.594788,10.497792,16.80427,18.423686,9.473949,10.583675,10.052745,,18.762114,14.868566,5.955359,17.771922,11.080318,10.229792,12.064278,9.619725,13.252076,12.482291,15.991124,8.666224,16.917061,11.054197,17.491471,13.754869,,12.750807,9.96226,14.514959,1.0
S054,SUBJ024,post,participant,54,B2,30.0,M,31.8,18.984521,12.388765,5.950468,12.333916,9.306358,17.13235,12.788657,17.670647,12.134654,,16.11618,7.697524,11.750753,16.222504,11.824004,11.938054,10.885536,15.586396,8.605813,7.798504,15.675627,6.358959,6.432625,17.309838,18.19085,16.14369,13.691742,12.588441,9.196381,17.85713,9.517138,16.118248,18.490262,10.403822,17.439416,18.612265,,14.74675,15.130015,16.634656,10.798358,,12.364403,16.756157,12.119927,9.897013,14.843213,16.625063,,,18.502346,16.837179,18.485376,18.373701,7.261813,12.175468,16.100623,8.070497,14.631736,7.960581,16.355133,,5.892148,18.328761,7.313881,10.771432,,,11.899599,11.009451,14.775785,18.243594,11.756023,7.861707,16.056826,12.503259,16.611715,13.641072,12.061651,8.763578,,18.11311,15.783263,13.237985,16.514309,,18.66061,15.847059,16.01251,17.066639,12.202767,11.484299,16.627816,,13.663574,15.305578,6.353676,16.345171,17.119309,12.882706,7.277799,18.877627,,13.181551,,14.475291,16.939476,16.394903,10.302068,9.176423,11.775495,15.291279,9.474781,16.719354,18.257346,,9.348352,10.540603,11.703821,8.887251,,15.87318,15.619193,6.42509,18.296527,9.396669,13.981956,,17.15453,15.350208,12.857728,11.443643,16.734559,9.28702,9.563215,16.052281,13.755841,,,17.639911,10.057125,18.724148,13.873598,9.216237,11.994053,13.662638,15.275412,15.168104,18.930193,18.179551,18.450135,,10.998837,14.415617,7.304329,18.145527,10.935253,14.554453,15.535379,7.480265,,19.381875,14.470415,,11.639829,8.51025,9.415404,,17.081878,10.941348,9.496554,13.081146,9.502832,17.324134,12.095862,8.801773,12.483277,9.78787,10.135966,6.991749,13.250559,,11.460691,16.975268,15.800737,12.929392,11.530543,14.261022,17.539216,13.222208,7.731115,15.610459,12.144792,17.617334,,9.01639,18.248138,,15.837403,15.383766,,16.873023,12.402767,16.820468,12.363836,17.612958,10.669107,15.578445,13.756546,7.982138,,16.589763,15.017022,8.174776,18.272027,14.331055,7.12143,10.300295,16.816908,18.991271,16.240039,14.3091,10.170564,11.529177,10.576352,17.176875,18.125059,11.915263,10.118837,16.296202,16.639464,9.344651,12.576489,11.234698,14.469491,,11.944789,,11.102159,15.651375,15.407559,14.386147,13.570538,10.141226,15.9961,,16.263529,14.352159,15.772443,12.46549,10.454474,13.969891,18.607633,12.4655,8.573117,13.515633,10.865648,18.228216,16.071605,15.041272,15.483891,17.070733,,9.74722,9.094025,9.473543,,,13.78439,14.957709,,17.249214,16.027971,8.916148,,16.202036,8.911182,14.640156,14.054592,18.272039,17.042971,18.167026,12.989792,8.281884,,7.909353,15.352217,12.643547,16.298054,14.176839,18.332928,8.741467,15.631205,13.725973,18.87898,7.462134,12.69725,14.085921,14.438418,17.710587,9.604609,6.159064,16.093933,14.535704,14.237194,,15.360547,17.055565,10.85057,,12.780595,10.44284,6.655495,7.616696,,13.154131,14.392876,9.868622,,14.978471,10.605831,,17.116023,6.530289,6.261907,,10.412199,12.300756,11.785804,17.781115,,17.786441,7.491212,18.244019,17.397346,12.862754,7.035404,7.20418,13.68943,8.588452,10.758981,,15.661531,10.750464,11.806429,8.403481,17.891687,12.686325,17.485506,13.43548,8.358959,16.714693,18.011864,,,12.121155,20.019919,,16.585093,12.925326,7.595817,9.488222,14.622978,9.473117,13.828434,10.971637,17.120632,20.064464,9.315738,11.94979,9.621905,11.858525,16.279208,14.409405,,17.699718,11.098637,10.097084,14.730872,11.133772,12.220409,11.458986,16.396759,,13.935974,11.368168,17.098785,14.554594,11.632959,14.361927,10.198838,12.827958,1.0
S055,SUBJ025,pre,participant,55,B2,58.0,F,25.4,19.667167,12.948216,,11.419202,,17.197134,14.33839,17.132628,11.035562,,18.000856,,14.352533,18.137988,13.152768,11.213675,8.701202,14.99633,8.429407,,14.709181,,,16.243308,17.755973,15.346206,13.833385,10.057423,9.330917,18.912851,9.563864,15.276952,17.552112,9.751778,17.134481,18.393272,,13.695988,16.105361,16.21363,,8.082468,12.890488,16.491108,12.228007,,,16.115674,7.651984,8.38487,18.425577,17.500944,17.41893,18.033617,6.078738,11.132442,16.097836,7.958321,15.421955,,16.495819,11.323364,,19.211352,7.322469,10.720441,,,,10.711633,13.990347,17.53825,11.772912,,16.344084,12.424211,16.674972,13.188504,12.080071,7.634085,,18.36623,18.409001,14.730009,14.999023,12.68144,15.811793,14.489369,14.825948,17.756021,12.505375,10.917738,15.691704,12.772849,13.297127,14.995228,,16.678083,17.744716,13.652884,6.301953,19.750281,15.347244,12.675554,,14.542035,18.736646,16.23698,10.210233,9.275519,11.91038,14.903603,10.118669,17.14716,19.257488,8.631541,9.887282,,13.050767,8.043574,,16.103154,14.902873,6.667324,20.476205,9.432646,12.633876,15.364331,16.776001,15.405727,10.963713,12.699256,16.804289,9.039221,10.031963,15.321349,15.075452,7.709497,11.84903,18.577754,9.843057,17.573237,13.627968,8.304009,11.393466,14.276602,,16.064891,19.230813,17.61842,19.150502,,11.311612,14.755658,,16.981074,11.462962,14.540319,15.967548,,,18.95914,14.960883,,11.693465,9.493015,9.951197,,18.011742,,9.789909,14.395977,10.268893,18.434122,12.226183,7.813653,14.108041,10.424649,10.445067,,13.236768,7.886489,11.023921,18.981467,15.317811,13.134989,11.254137,15.47234,17.302637,14.59127,7.552592,15.107245,12.666623,17.55676,6.365623,9.19249,14.603978,13.077764,16.071331,17.051108,,17.128998,12.059578,15.522629,11.684959,16.893412,,15.259592,13.794545,,12.364219,16.372464,16.514067,8.807129,17.557229,15.296835,7.532784,9.62622,15.537461,19.164925,15.32661,15.400209,11.191355,12.510539,11.356232,17.14948,19.360239,11.08998,10.825555,15.148751,15.256548,9.02259,14.28144,11.387323,14.788834,,,8.886215,11.136998,16.327604,14.536837,13.673841,15.022504,9.303484,16.253572,,18.744539,13.616292,16.489366,12.161655,9.752999,13.128529,18.393304,13.06927,8.359837,13.748365,10.419844,17.233178,16.844452,16.251131,15.459308,15.775668,11.331628,10.374887,9.48776,10.528161,6.250014,,14.562195,14.840582,6.642557,17.723265,15.074705,8.960407,,16.189634,8.758456,15.115425,14.679087,16.474903,16.809587,18.272071,13.661396,9.57198,9.244697,8.990217,15.140299,12.043957,13.927533,15.122663,19.064577,8.709291,17.414902,12.754142,17.75271,9.118552,13.817154,12.222306,16.471499,18.108739,9.708377,,14.276171,16.610761,16.073479,9.186585,16.928105,16.925154,11.329796,8.748226,10.926985,12.174114,6.643568,7.218878,7.869871,11.687953,14.295558,9.635954,14.045637,14.555133,9.240958,6.459923,17.408299,,7.022035,6.909293,10.87525,12.713038,12.408539,16.207978,9.911422,17.63722,8.088364,19.989371,17.106891,13.835118,,6.888256,13.779439,8.782015,11.648295,7.568868,14.843491,9.742764,10.884109,7.60622,19.881201,12.330872,17.496443,14.557588,7.671859,16.832603,18.451275,,9.807113,11.303113,19.560177,,16.784508,,7.064689,9.35372,13.732457,11.527154,12.932995,10.201193,16.836123,17.534957,9.354778,,9.841643,12.740097,14.933154,15.577658,,17.839374,11.64834,11.36196,16.563069,9.532025,12.706103,12.685991,13.944103,8.078791,15.621964,11.383672,17.35845,16.365309,12.150087,12.872238,10.038549,12.351872,1.0
S056,SUBJ025,post,participant,56,B2,48.0,F,20.5,17.591126,13.173749,,11.12343,,15.878766,14.760047,17.318389,13.368571,7.14129,14.662659,,11.865671,15.090716,11.895606,12.330567,11.034881,15.265981,10.962816,,15.551285,,8.269875,18.253504,17.534277,15.720173,14.126289,10.38203,8.690452,18.793027,,16.095589,19.690377,9.762482,17.348396,18.728974,,13.788521,15.269223,14.339506,8.769276,7.458776,12.761418,17.641155,14.156222,,15.278631,16.063276,,,17.609446,18.431498,18.666517,19.099363,6.449561,12.846672,16.291795,7.732541,14.082865,8.132834,16.602809,10.895757,7.137504,18.447458,,10.866197,6.900263,6.267349,12.424445,10.903995,15.195566,19.518538,11.416354,,16.678084,12.196187,16.048077,15.13639,11.642814,7.000113,,19.696151,15.845494,13.063029,15.828858,11.37875,18.250399,14.406236,15.331712,20.284641,11.075265,10.953069,14.882706,12.664729,12.512879,15.183505,,16.154216,16.35159,12.327446,,17.97029,14.186392,13.716314,6.512543,15.052374,15.559385,15.919861,10.183983,9.396733,12.580332,15.752295,9.920532,16.457062,18.325027,,,11.808216,12.102861,7.754487,,16.493656,14.43896,7.684889,16.469021,,14.358236,14.379622,16.075215,15.569193,11.269115,11.620224,16.652808,9.726116,,15.246846,14.462511,7.95111,11.486745,16.514266,10.123966,19.01802,14.38414,9.708687,12.417998,14.276099,14.643046,15.746953,18.794673,17.265539,19.051468,,11.527052,14.640617,,16.342596,10.685064,14.853014,17.583237,,10.836642,19.07472,14.093319,,11.602328,,9.516921,,15.534274,11.530938,,13.468373,9.733812,16.890984,12.758548,7.705909,10.372049,,10.530962,6.925169,11.748021,6.699052,12.629384,16.604238,13.487688,13.72771,11.143976,15.044504,18.178038,12.804942,7.809286,14.588517,13.344546,17.444538,6.437794,9.188762,17.85237,13.874555,16.150703,16.558278,7.357464,16.553097,11.990327,17.818905,12.263865,18.196362,,15.409207,13.718045,7.9194,11.94017,16.779953,14.206131,8.889443,17.401302,13.63726,7.188539,10.529226,16.069847,19.111894,17.77812,13.796908,10.203005,12.128317,,17.611082,18.528694,10.880456,11.305292,16.472905,16.268958,,11.896416,,14.015805,,12.957187,,,15.149354,16.172578,15.462691,13.987021,9.148248,16.883846,,16.402958,13.999528,17.34811,12.586457,9.77073,14.022776,20.008529,12.7042,8.81692,12.571274,10.929014,18.599058,16.197816,14.436533,16.45314,17.527047,12.102701,10.395577,,9.831877,,7.581803,14.332137,15.024638,,17.76619,15.950389,9.435524,7.51822,16.34941,9.175949,14.036745,13.966356,16.952848,18.431356,17.821259,13.561159,10.878879,,8.556084,14.84484,13.994813,16.549548,14.757749,17.705421,8.675992,15.394176,13.974131,18.096992,,12.454721,12.142573,16.945615,16.722105,8.343319,,15.764233,14.816802,16.090204,6.893848,15.320794,16.492073,,,13.50804,10.913697,8.728635,7.566815,8.946,13.470772,13.377924,10.671249,14.449323,14.598089,8.690312,6.669027,17.084708,6.334139,6.597382,,10.187315,11.682459,,17.408174,8.018033,17.938698,7.690068,17.836224,17.130476,14.711554,,7.531069,13.492075,9.800835,11.830008,6.785027,14.832198,10.16649,12.919984,10.286003,19.80044,14.05884,18.023444,12.57791,9.584248,16.475084,18.174479,6.98014,10.471391,12.064174,17.984314,9.23326,17.464085,12.557062,7.651195,10.346525,12.981826,10.769102,13.917815,12.282657,16.550506,18.04763,9.276194,10.202858,9.543167,12.036551,15.108882,16.199448,,18.081795,11.11477,,15.93679,11.011947,13.221551,9.979725,16.039203,8.44116,15.531569,13.369593,18.684497,15.416039,13.479193,12.902871,10.000099,14.259718,0.0
S057,SUBJ026,pre,participant,57,B2,48.0,M,26.7,20.065015,13.862134,,11.205531,9.40201,16.395172,14.089738,17.199923,12.031997,,15.200002,8.254745,12.369524,15.597944,12.202522,11.625745,,15.493989,9.853653,8.605591,14.57811,,7.107165,20.415206,17.558095,14.310517,13.38579,11.914949,8.260778,18.233666,9.188465,16.217153,19.481969,11.17149,17.511195,18.851716,,14.931585,15.823427,16.698901,,,13.170919,17.354666,11.364255,,10.73382,14.053688,8.560982,7.438875,18.718995,18.636251,17.86974,18.869374,,10.907702,16.557226,8.783227,14.036809,8.192145,14.303859,12.803217,7.019924,19.152282,,,7.616475,,12.431767,,15.276561,17.449888,12.455453,7.945619,17.725536,12.742208,16.551083,14.220171,11.421939,7.666331,,19.091926,16.001619,13.303718,15.639998,11.30984,19.921059,15.278276,15.126688,19.361571,10.882635,,17.716974,12.91651,11.977466,14.178414,,17.069036,17.173855,13.807286,,18.727023,15.117299,13.146402,,13.987734,17.187461,15.403122,10.154097,10.60904,11.700271,14.358641,10.337075,16.770998,18.822902,8.04259,,,13.011584,7.885513,,16.253763,13.798318,,18.765012,9.382105,12.751552,13.850621,16.811024,14.700821,12.16019,11.162051,17.205597,8.786792,10.112856,15.820709,15.617479,7.93705,11.348723,17.998977,10.988436,19.781643,13.43309,8.745775,10.887617,13.196679,13.263588,16.366396,17.486914,16.551166,19.464157,6.561937,,12.367032,7.58744,16.943096,10.862963,14.830864,16.352431,,10.410949,18.543129,13.90193,9.375539,11.186275,7.992145,9.671824,,14.2085,10.979261,,12.7651,9.899402,16.375989,12.268419,6.970854,11.867754,9.301382,10.801668,,14.163603,6.906169,10.485135,18.750854,14.315868,13.738475,11.352181,13.535818,19.738807,14.436361,7.721031,14.288297,14.097369,17.852047,6.480911,10.209344,17.456148,11.42086,15.686361,16.651222,7.604961,16.395548,12.690238,15.984392,10.432678,17.033048,11.193125,15.242297,13.535936,7.267817,12.318986,16.321014,14.464713,9.55526,17.449792,14.977713,7.227279,9.826294,17.249867,18.831412,16.890869,14.54955,10.015192,13.115978,,17.685167,17.695347,12.002066,11.36588,15.738238,16.578095,,9.96812,10.648412,14.792788,6.858105,13.028333,,10.670745,16.160304,15.210084,14.838203,14.026149,10.01941,16.92982,,17.546938,13.17506,16.476916,11.919999,10.704872,13.179995,20.750547,13.22715,8.875688,13.810836,10.149417,18.211227,16.387256,14.806088,16.605083,16.817776,11.999049,9.955592,,9.661475,,8.399855,13.814663,14.915648,6.243745,17.893119,16.959652,10.208905,,17.074581,8.891571,15.049919,14.41578,17.555434,16.935925,17.8873,15.601194,10.1516,8.848686,9.096531,14.654679,11.538024,15.566774,15.102997,17.780873,9.356408,15.862075,11.386407,19.539046,,13.124948,13.805163,16.251372,17.242498,8.094711,6.219749,15.130299,14.008899,16.797838,,15.377463,18.328698,11.572331,8.56514,11.839566,10.344729,,8.446959,8.750305,14.779583,14.735493,10.260696,14.828011,15.157478,,,16.644218,,7.094975,,,12.96544,12.05058,17.683136,7.850124,18.848447,,17.888077,18.116721,13.53651,6.894939,,14.425321,9.038041,12.084895,,,10.287505,11.553898,,17.334811,12.20359,17.808895,14.117877,11.167669,15.814523,18.473103,,9.752949,15.748391,17.401459,,16.845068,12.095713,7.151575,,13.814159,,13.912088,,16.735251,18.473379,9.45656,,10.637947,10.153451,14.451125,14.039881,6.030115,17.728077,11.548369,,16.162865,9.944829,13.040964,10.008176,16.281886,9.043301,13.821313,12.917051,17.3705,14.543805,12.363456,13.129099,,13.885592,1.0
S058,SUBJ026,post,participant,58,B2,50.0,F,24.5,18.596888,13.283223,5.900142,11.456467,,17.062364,14.005485,17.012549,11.168045,,14.187439,,14.279512,15.15558,10.091621,12.071053,9.415953,14.794428,9.644289,,14.927721,5.739308,6.372256,16.911124,17.961247,14.682998,13.99928,10.934435,8.706047,17.89077,9.833807,15.157574,18.153581,10.696941,17.293452,18.848742,,14.935524,16.150187,18.37935,8.738227,,12.076909,16.68596,,,13.518679,15.092155,8.569362,,17.606029,18.63915,20.94351,18.932883,,12.589843,16.417463,8.40314,16.540695,8.538849,17.174072,11.935084,6.84712,18.072672,6.821072,9.842727,7.045377,6.283737,13.450593,9.287897,14.001262,19.085758,10.968336,7.97252,16.886388,12.863472,17.15945,15.959081,12.268808,,6.378685,18.366585,13.814379,12.84479,14.186246,12.023758,15.659088,14.950256,14.951478,17.851028,12.616473,10.541048,16.534117,12.952081,13.246199,16.884697,,16.404585,18.429158,12.649297,,19.66037,14.344405,14.753064,,15.299265,16.093931,16.24806,9.110483,8.616622,14.225247,15.093539,,16.721574,17.407558,7.922257,9.346447,9.997335,10.899304,,,15.863322,14.302845,,19.209016,9.278287,14.540221,14.635042,16.974838,15.655817,12.512955,11.242882,17.683276,,9.420318,14.071231,14.538762,,12.09989,16.86048,11.039461,18.794305,14.479985,10.862056,11.918304,13.657967,15.531518,16.635819,18.481182,18.046719,18.879406,7.064366,,14.90848,,15.175606,10.176086,,17.125552,7.581125,9.827327,18.885075,13.419146,,11.296194,,9.993505,,16.981855,10.77276,,12.956356,9.369445,15.753743,12.716226,6.766728,11.781696,,11.061648,6.841344,12.942764,7.783391,12.555493,18.159156,13.480932,12.769611,11.603135,,17.418867,13.550997,7.888682,15.487136,13.744682,17.350405,6.281698,9.524169,17.622847,12.598422,15.553591,16.56088,6.874797,17.104527,11.716699,17.100177,12.532831,18.732396,10.392049,15.354671,13.257354,7.465974,,16.784719,15.51421,,15.647263,15.242919,8.013183,9.887327,17.070984,19.076047,17.950927,14.377836,11.578958,12.402181,10.829025,17.932332,19.403313,11.196744,11.204614,16.175411,15.401433,,10.63677,13.147254,14.293319,8.236971,11.96696,9.117617,10.821112,15.043862,17.061293,15.135266,15.24232,,17.003916,8.393991,18.617454,,17.40904,11.940372,9.430829,13.364868,18.184123,12.78646,,13.910565,12.678162,18.41359,15.587678,14.552902,15.930681,17.224987,,10.917797,,11.023754,6.471187,8.108838,15.965687,15.091767,7.21218,17.330254,15.755747,9.233476,7.305788,18.50888,8.564073,15.385188,14.994867,17.945199,17.106978,18.471517,13.217788,8.037821,,8.871536,16.067503,,16.018238,15.536525,19.83346,9.200114,15.438459,12.93193,19.972137,8.43442,12.008618,13.234127,18.681531,17.55213,8.200212,,14.756727,15.454116,15.838276,7.04155,16.034697,16.674289,,,13.00049,8.816984,,,9.001436,,13.321965,8.573534,14.985991,,8.329662,6.33664,16.426946,,6.901712,6.587065,10.233931,11.502916,12.00473,16.530923,7.857172,18.702365,7.402245,18.280237,17.89755,14.747292,6.665478,7.300398,13.884703,7.667537,12.584535,7.881053,16.322523,9.747522,11.497243,8.55117,18.795367,13.158368,16.663188,13.210478,10.162039,15.83498,18.582746,,,11.363275,17.496941,8.375778,17.719473,12.033716,7.51885,10.200359,15.097772,9.775462,13.67034,11.864356,17.619339,17.597303,9.8197,10.022659,9.70096,10.558172,18.241831,16.742707,,17.900881,,11.139929,13.623209,11.13354,12.78497,,15.814169,,15.192682,12.187872,18.460255,14.727004,11.513436,12.416365,,13.309925,0.0
S059,SUBJ027,pre,participant,59,B2,70.0,F,28.7,19.023015,12.764181,,12.241396,8.87799,17.651059,13.288188,17.315845,11.686676,,16.914743,8.814711,14.542747,15.718154,,10.878266,9.420318,15.461297,9.879859,,15.136035,6.194757,7.397974,18.278922,18.270914,15.258819,15.491128,11.510665,8.345937,19.103739,9.921112,15.393469,17.972418,10.881581,17.531314,18.478937,,14.03483,14.973324,15.914544,,,12.8529,16.614929,,9.918505,12.652706,15.202835,10.385312,,18.860978,19.37516,18.765152,17.828363,7.506208,13.186244,16.326579,8.887617,15.169152,9.005091,16.824585,10.754069,7.367022,16.037599,,,,,13.43216,11.158692,13.826067,18.20244,9.916372,8.603849,17.277329,12.259696,17.012108,14.307335,,6.955708,,18.86602,16.038304,13.953002,15.606377,13.409734,17.540796,14.467307,15.775355,16.871431,12.633626,10.274891,18.29459,10.830769,12.924313,14.347291,,17.099954,18.891065,12.506608,6.47135,19.241184,15.101982,13.52304,6.487358,14.790689,14.571839,15.931833,10.736047,10.65028,13.059125,15.288482,,16.438654,19.73197,8.084011,,11.00805,11.065759,8.239026,,15.652435,15.421359,,18.587772,,12.610102,15.582223,16.930207,15.399989,11.495895,11.24598,17.509361,9.00728,10.365065,14.271223,16.439266,7.802646,11.735281,17.08118,10.840447,19.526321,13.615635,9.724718,12.365141,14.080677,15.157381,15.552131,18.71567,18.138542,19.262353,8.670125,11.95139,14.049393,,15.803736,10.282034,14.365394,15.322983,6.993788,9.568469,17.402346,13.798576,,10.890173,,10.379465,,16.50249,10.631195,,13.690356,10.124328,16.795414,13.078951,7.00641,12.13717,,10.527819,6.661065,14.359067,7.301679,12.025254,17.799208,14.728449,13.027851,11.724612,14.055203,18.733557,13.088985,8.662348,14.954585,13.326175,17.939771,6.942515,8.710187,16.696723,11.682332,16.859336,15.827976,6.984475,16.97172,11.410875,15.210311,11.873459,17.965663,11.587988,16.118919,13.926981,8.216503,12.170204,16.310869,16.31532,9.210379,18.288614,13.790235,7.479214,9.215897,16.59988,18.993209,17.841142,14.630897,10.193168,13.123716,10.768747,16.391033,18.977336,11.387694,11.365781,16.372513,16.661484,10.19993,12.766173,,14.234316,,12.271872,8.805808,10.257953,15.445867,15.184646,14.783256,14.430272,,17.591317,10.951882,19.509103,14.472756,16.193319,,9.763943,14.576053,21.016082,14.729904,8.585977,12.999778,10.952872,19.067989,14.959622,15.705291,16.987755,17.071798,11.278502,10.574868,,9.820083,,8.177569,14.674557,16.016356,6.798569,17.50529,15.585788,10.261648,7.674757,16.279403,9.269033,,14.867448,19.288649,16.901278,17.972555,15.019586,8.414643,9.4012,8.64922,14.27503,11.643044,15.412873,14.854197,18.413405,,15.023748,11.579957,20.086517,8.268799,13.202156,12.969203,15.789683,16.271505,,,15.632887,15.754158,15.432052,,14.117164,17.943872,12.532185,9.000141,10.930929,9.461786,8.088417,7.051372,,12.259367,14.501042,8.346115,14.291998,16.278617,9.053492,,17.743848,,7.490008,,9.920755,,11.957207,15.839661,,17.061276,7.888378,18.497947,17.694736,16.03312,,7.408202,14.382681,9.905252,10.890279,8.997405,15.575074,10.138886,11.314062,11.270763,18.11709,13.404045,17.973953,13.707808,7.888317,15.086707,18.724883,6.66775,,13.128465,18.945369,,16.804253,,,,14.113662,11.09314,15.225535,11.186102,16.241781,18.929327,8.970681,9.582142,10.452777,10.119629,15.192809,14.707684,,17.793106,10.790862,10.186374,15.870636,9.826151,12.887748,11.838755,15.068454,,14.119068,,16.507571,13.350072,12.516567,12.445243,10.416059,13.239758,1.0
S060,SUBJ027,post,participant,60,B2,60.0,M,22.4,19.4136,13.748936,6.937227,11.479588,9.147307,16.349479,14.055522,18.416481,13.391789,6.694184,17.855761,8.74086,14.039006,16.405984,11.671599,11.031639,,15.215087,,8.818934,14.750052,6.419202,,16.236171,17.231967,15.426136,14.600676,12.719209,8.908873,15.935023,9.345183,15.976746,18.117245,11.607104,17.277923,18.226129,7.154919,14.524623,15.682703,18.522648,,8.079485,12.516055,17.072889,13.023392,10.237545,12.364293,15.097256,9.960914,,17.772907,17.449713,20.285879,18.458264,,,15.66547,7.974472,16.174115,,15.909566,11.264671,6.027243,17.995228,,11.019695,6.739578,,12.787072,9.938359,13.81051,17.935627,11.243959,9.250109,17.651459,12.82896,16.908232,13.247785,12.170789,6.980711,6.759822,16.975577,15.881715,,15.002839,11.566782,18.044258,13.698369,13.63869,16.707141,12.499554,10.639467,15.013063,,,14.282927,,16.360722,20.172935,12.791737,6.372256,19.597472,14.149895,12.785918,6.845114,14.881737,14.270838,15.618909,10.147472,8.749065,11.163411,15.345253,,16.559713,18.684457,8.064096,8.472122,10.072655,10.302765,8.314878,,16.439189,13.546718,,19.438034,9.637313,13.819159,14.627773,17.78919,17.499334,13.322631,11.990409,17.319807,,,15.948246,16.521723,7.899357,11.135716,17.216247,11.368425,17.91466,13.134436,9.852295,12.046176,14.661701,15.533332,16.274789,19.319346,17.134992,18.688547,,,,,16.387928,,14.201375,15.069217,,10.186523,17.342989,13.770704,9.473483,10.944339,,10.113573,,16.347969,10.025112,9.029177,12.753336,8.570083,17.845273,11.917145,,12.323404,10.059074,10.422527,6.76739,13.713744,,12.135244,17.137706,14.561137,12.700134,11.732138,14.774598,18.471158,14.002181,8.693208,14.814665,13.064448,17.30256,6.750339,8.81596,18.284669,10.914378,16.313505,16.235098,6.8282,16.618024,12.827365,17.000238,10.497323,18.982159,11.338703,15.907684,13.291034,8.492895,12.812151,16.165474,16.472359,8.413543,17.717769,13.887532,7.828962,10.555068,17.209581,19.147492,17.677164,14.467752,9.73332,12.454508,11.496759,14.544898,19.286838,11.10233,9.809913,16.426988,15.761995,9.478729,14.839772,12.646205,14.627992,8.910942,12.648385,9.648196,10.91514,15.389156,15.76709,13.085019,13.504018,10.677746,16.617054,7.725946,21.022934,13.850083,16.771072,12.188468,11.37225,14.080605,19.221604,14.168479,8.913368,13.631518,11.700032,18.076434,16.178768,15.275243,15.170909,15.981378,11.572634,,7.457217,10.035239,,8.203446,14.624425,14.654154,7.418021,17.276851,16.739508,9.405035,,18.408459,8.94597,14.253656,14.019368,16.246422,17.787035,18.875946,14.428578,9.801256,9.232373,7.709704,15.644677,,15.942228,13.065616,19.292486,,16.553396,11.165165,18.953645,8.689614,,12.107126,14.608112,16.148005,9.68594,6.41007,14.28044,15.3727,15.471548,,15.39151,18.563096,10.607913,8.523405,,9.668513,6.727784,7.664981,7.703281,11.784749,13.629799,9.78195,14.166365,14.373822,8.418063,,17.22872,,8.217618,6.29223,10.110927,12.141076,13.840528,15.331783,,16.102608,,17.298593,17.950212,15.306163,,,12.512061,7.753551,13.222925,8.351381,15.204229,10.553418,12.414883,8.438875,18.7584,13.550154,17.052875,13.172378,7.905868,14.839529,17.988973,,10.937771,13.045751,17.39526,,17.334707,,7.452282,10.441481,13.668375,10.547859,15.973542,11.346769,16.819705,18.865715,10.05998,,,11.170539,16.530759,14.74162,6.047669,17.899707,9.974458,11.721518,15.660742,10.241268,13.330896,10.478072,15.809337,8.459104,15.123162,,17.208209,16.152371,12.190133,13.460281,10.148705,13.043034,0.0
QC07,,,pooled_qc,61,B2,,,,19.163868,12.632055,5.871104,11.736626,8.582293,16.491401,13.250035,17.395475,12.516673,6.680184,16.537107,7.932982,13.700084,16.225243,11.220052,11.457499,9.262635,14.905411,9.381478,7.858541,14.880012,5.845239,6.363872,18.55206,17.974585,14.649581,13.88084,11.811756,8.624832,18.059605,9.412591,16.061773,18.68153,10.744144,17.321086,18.66485,,14.904027,15.868409,16.698525,9.06002,,12.640475,16.796464,12.382945,9.584944,13.454734,15.835168,8.803485,,18.25995,18.330203,18.908174,18.21922,5.864681,11.685003,16.422632,8.230068,14.91928,7.896151,16.196713,11.298887,6.015471,17.983412,,10.332708,,,12.866551,9.681238,14.853795,17.93743,11.71303,8.214222,17.255822,12.576659,16.47952,15.029765,11.749643,6.68552,,18.271851,15.389178,13.653732,15.615059,12.209006,17.267171,14.374733,15.648229,17.93868,11.451922,10.589174,16.119544,12.002804,12.499143,14.923307,,16.744169,17.721931,12.959698,6.381629,18.819863,14.41072,13.312168,,14.12448,15.196207,15.323754,10.26186,8.877928,12.480566,15.197925,,16.989829,18.328301,8.04007,8.15497,10.361549,11.372843,,,16.134499,14.389619,,18.507687,9.36339,14.219667,15.01371,16.50896,15.564235,11.977108,11.752163,16.760103,9.221515,9.260849,15.194691,14.962572,7.385,11.299855,17.384735,9.844047,18.656333,13.389653,9.482284,12.037849,14.25879,15.116022,15.578392,18.355139,17.632574,19.106064,6.722603,11.206056,14.160098,,16.169466,10.8241,14.285917,16.353008,,9.540806,18.357039,13.86131,9.247595,11.026482,,9.653956,,16.95241,10.396284,8.858727,13.307569,9.518653,17.643578,12.322187,7.773996,12.49056,9.347931,10.369412,,13.899711,7.075533,12.209469,18.009845,14.640579,13.250627,11.403491,14.482302,18.421391,14.19992,7.71349,15.113111,13.20543,17.709614,6.452035,8.892482,16.319977,11.643559,16.127478,16.500658,6.722603,16.954599,12.252905,16.749356,12.337,18.217526,10.924887,15.826033,13.829057,8.020536,12.261933,16.785207,16.014635,9.402628,17.758687,14.387736,7.876394,9.996699,16.615451,19.258804,17.50939,14.659271,10.452705,12.226063,10.274495,17.370469,18.262514,11.50136,10.870357,16.09394,16.569338,9.002674,12.06997,11.090814,14.408953,,12.527352,8.650118,10.381727,15.790047,15.106881,14.758237,14.333677,8.918804,16.447166,8.21529,18.936879,13.81631,16.668533,12.273478,9.785976,14.216978,19.317811,13.697466,8.338112,13.52841,11.537844,18.302657,16.065018,14.817483,16.392669,16.891786,11.697841,10.02792,7.462216,10.454988,,8.295815,14.309305,15.537673,6.775051,17.235038,17.068446,9.536791,7.232853,16.963043,9.016251,14.913624,14.017216,16.892521,17.363427,18.438968,14.271259,9.538887,9.177395,8.552515,15.184831,12.134423,15.732246,14.459743,18.78963,8.695924,15.882582,12.478658,19.015521,7.806646,12.500984,12.94157,16.958113,17.144652,8.29223,,15.299184,15.457212,15.496691,6.918982,15.39253,17.69828,11.81644,8.529626,11.891233,9.937374,6.54566,7.490169,7.837186,12.295014,14.028502,9.341274,14.340662,14.107063,,5.848498,17.238693,,7.305697,6.568184,10.0455,11.8942,13.074377,17.105592,7.403097,17.640291,7.205744,18.346725,17.591374,14.868362,,6.955359,13.73839,8.563196,12.005972,7.596264,14.80849,9.714675,11.24122,8.406205,18.972268,12.997606,17.58271,14.314023,8.678917,15.781017,18.473209,,10.088484,13.122335,18.463548,,17.056895,11.94691,7.596339,10.051209,14.070248,9.637041,14.074748,11.01552,17.326882,18.937784,9.606035,10.062303,9.585901,10.552439,15.769979,14.560351,,17.978646,10.651832,10.556803,15.314525,10.418359,12.910675,10.845953,15.917082,8.095239,14.80423,11.692097,16.948139,15.604537,11.887365,13.040654,9.949841,13.592143,
S062,SUBJ028,pre,participant,62,B2,64.0,M,19.7,18.996991,12.193251,6.901108,11.111449,8.505494,16.339587,12.678785,17.013476,11.036812,,17.051454,,14.079606,16.525191,13.487667,11.737598,9.298567,15.03579,9.04666,7.780179,15.760991,5.886794,8.27538,20.228789,18.126052,13.883333,15.589725,11.473827,9.330312,20.18879,9.869039,16.098194,18.752834,10.790438,17.122837,18.591609,7.642629,14.222245,15.969298,14.755656,,,12.7382,16.352329,12.584288,9.66814,13.959905,15.000557,9.136299,,17.074474,17.836241,18.18222,18.098064,5.94228,11.925198,15.687461,9.146212,16.045674,,15.613052,10.804526,,19.148622,,12.255746,,,12.445261,9.301107,14.790978,18.41531,12.177472,8.538577,16.138861,11.523988,15.813364,14.558952,11.871786,,6.621173,17.294817,15.279369,15.805293,15.752013,12.488428,18.533613,15.13415,15.913128,15.535548,12.528674,,16.086044,11.619936,12.728985,13.931715,,16.70325,17.613437,14.777367,,17.982729,14.129971,14.223049,,15.198058,16.381208,15.065901,9.560447,8.324631,12.009507,15.911532,,17.067296,18.31505,8.466994,,9.805889,11.031501,,,16.249139,13.596383,6.334497,17.903723,9.594325,14.490134,14.76221,16.5011,17.154608,10.748352,,16.799547,,9.316282,16.049584,16.420608,,11.132988,18.08619,10.700587,17.710339,13.268163,9.913503,,14.074812,14.682196,16.185058,19.809729,18.58251,19.098637,,11.630003,15.328552,,16.192539,11.075352,14.018131,15.999402,7.187649,,17.686486,13.203862,9.702831,10.81576,8.169324,9.935975,,16.099532,,8.721646,12.909706,9.494776,19.027213,12.124955,6.943335,12.988225,10.078364,10.197143,,14.1874,7.466872,11.896344,19.77566,14.512095,13.66823,11.658118,13.818265,20.119349,15.318911,7.919459,13.901306,13.315332,17.686607,6.415826,9.148019,15.880511,12.294115,15.310983,16.229827,6.982765,17.215429,12.052191,16.641727,10.86489,18.11831,11.10776,16.803862,13.931075,8.127994,12.254164,16.881994,16.959126,8.98268,18.137134,14.314419,7.577731,9.674086,16.966557,18.668453,19.382277,14.786561,12.013396,12.025801,,14.934043,19.533234,11.185662,9.968537,16.942657,21.034013,,13.042121,10.294425,14.301596,7.774458,12.518867,,,15.005005,16.571178,15.766804,15.415375,9.072508,16.105977,8.893271,20.051181,14.363979,17.579493,13.15052,10.046892,15.746754,19.134947,14.522952,,13.530022,,18.190737,14.635796,14.869527,16.778055,16.601329,11.671276,9.611892,7.693208,9.26287,,9.375148,13.855265,15.436081,6.978996,16.842221,16.292911,9.3548,7.211012,16.164318,9.23924,15.54641,14.022937,16.641026,16.897694,18.541786,13.711321,,10.77848,9.508627,15.091262,11.582725,15.188127,15.169069,19.113234,9.825976,16.265528,13.365822,19.297254,,12.027039,13.715398,14.767642,17.834973,10.111253,6.634303,16.634414,14.994555,14.738901,7.586389,14.716134,17.705277,11.051481,,11.888165,9.165209,7.289097,,7.853621,12.251485,14.771684,9.802371,14.1212,14.820759,,,17.302915,,6.287805,7.015025,10.229107,,12.487006,15.357019,,18.197675,7.737619,18.737382,17.341644,14.284869,8.032707,7.497932,14.191408,8.733795,11.491858,8.653096,14.016681,9.410579,11.056942,7.389395,19.258117,,17.225011,15.380769,8.784177,16.658236,17.876269,,9.538538,13.427725,18.122751,,16.754452,13.063299,7.610877,9.883025,12.567001,10.706936,14.650484,10.64993,17.029425,18.575544,9.871135,,9.536208,10.997568,15.97002,15.283883,,18.101941,10.710273,,15.026242,9.938021,12.806876,11.551353,16.282247,,15.411656,10.89453,16.115413,15.834455,,13.359774,10.031301,13.114811,0.0
S063,SUBJ028,post,participant,63,B2,60.0,M,31.7,18.158344,13.50449,,12.458225,,16.010248,13.747447,17.654529,12.904179,8.000789,17.685867,8.715413,12.925356,15.891311,10.883842,11.406178,9.888043,16.12171,10.36179,8.0387,14.783128,5.800382,6.806968,16.914214,18.119426,14.487944,13.658982,13.784389,8.681344,17.338721,9.075934,17.851679,18.027532,10.491723,17.065403,18.023195,,13.158398,16.511102,16.492089,,,13.274308,16.866239,13.101936,10.096518,13.354715,15.391751,,,18.785328,18.770264,19.995723,18.307012,,12.391236,16.468131,8.000845,13.829002,8.169123,17.362295,11.100327,,18.103478,,,6.509538,,13.473277,10.558325,15.104556,18.027008,12.123303,8.117279,16.694382,12.319825,17.293104,16.245309,,6.987889,,16.264281,15.159952,14.117865,16.566625,11.922781,18.076594,13.272305,15.854047,17.627279,11.598857,11.002604,16.49444,12.317509,12.69441,14.837078,6.322649,16.80172,17.220111,13.451632,7.332529,18.321111,,13.878592,,13.776131,15.977552,15.534558,10.199537,9.015331,12.218164,14.467371,10.132101,16.169749,19.427416,8.995965,,10.571923,10.828668,,,16.492496,14.815361,,17.246038,,13.062009,15.077246,16.869318,14.289264,12.605991,11.860039,17.492379,,9.239956,16.28965,14.240531,,12.040577,19.871845,,18.947058,13.819959,9.916238,12.078841,13.899935,15.397718,15.085302,18.134816,17.84174,19.218073,8.192589,,14.632126,7.135658,16.735921,11.302873,13.181981,16.190379,7.035844,9.573193,18.048329,13.858516,9.214343,10.905237,,9.615207,7.651267,16.466272,10.87621,8.830579,13.383812,8.71029,18.016033,11.784201,8.519597,,10.200188,,,13.104435,7.35032,12.525232,18.362506,15.77417,13.819158,11.430975,15.275252,18.827363,14.921077,7.548591,16.938396,13.344914,17.857725,,8.927096,14.649017,,15.855959,17.703815,6.881298,16.417029,12.723829,16.965423,12.036033,19.115003,10.292598,14.988721,14.233268,6.902194,12.215481,17.290704,17.343285,10.214841,17.998415,14.004995,8.519086,10.31311,15.498745,19.35252,18.049917,15.642568,10.979182,11.725456,10.35095,19.091385,17.454722,10.539634,9.857577,15.576276,16.509166,9.070121,10.379498,12.161724,14.26045,6.817879,12.847756,8.334318,10.288578,15.383617,15.849924,14.210163,15.603233,,15.997099,7.295172,17.88717,14.314692,17.405874,11.822435,10.993971,14.249985,19.090823,13.460659,8.552938,14.154888,12.913566,18.759253,15.988383,13.845423,16.686435,16.475301,12.050651,10.582622,8.997575,9.191429,,9.015471,14.837056,15.638469,7.477596,17.464723,17.733444,9.777058,7.816536,16.680642,9.270973,14.987707,14.87226,16.253904,17.667631,17.701334,13.789219,9.677121,9.164505,7.798828,14.955232,13.234828,16.986128,14.542163,18.898755,,15.378489,12.163115,18.60282,,12.593008,13.237775,17.666321,17.163824,9.665425,,16.697392,16.383851,15.015202,,16.007795,17.68657,12.162712,,13.2241,9.900248,6.934634,8.013406,8.214513,13.35242,13.329171,9.875749,14.493357,14.427325,,5.840463,16.382168,,6.86059,6.258142,,11.578189,12.200206,16.958841,9.801159,18.794656,,18.171121,18.093952,14.608115,,7.984646,14.335201,10.560199,12.144974,8.188391,14.380911,9.357354,,10.196258,19.006799,13.529589,17.067165,13.965648,10.898337,16.153127,18.505216,,10.630476,12.592978,18.893258,,17.274377,12.265718,7.943453,9.526343,12.984326,10.477262,14.29076,11.991586,17.255046,18.863527,9.990487,10.037066,9.403864,11.645438,13.652642,15.399101,,16.921214,,,13.907781,9.933794,12.632725,,18.345951,8.397247,15.729493,11.77589,17.481051,15.222599,11.917559,14.125566,,13.803217,1.0
S064,SUBJ029,pre,participant,64,B2,39.0,F,39.1,18.597509,14.043019,,11.365469,9.221539,15.959212,13.6372,17.752926,12.575293,6.913368,16.527206,8.311203,14.440667,13.45614,11.192835,11.608051,,14.129521,9.689876,8.214173,14.170069,6.706254,6.798439,17.558294,17.625383,14.684829,13.424536,12.760938,8.621393,17.024807,9.425677,13.972207,17.642968,11.757448,18.263167,18.741584,,16.242502,15.81722,15.345353,9.521365,7.744901,12.549438,16.26202,13.633741,9.918625,12.95438,16.524341,8.033148,7.608366,18.032288,18.818142,20.174327,18.029429,,12.38774,16.528589,8.751711,13.795309,8.403822,16.603951,11.727682,,18.434255,,9.98449,6.603775,,,9.583139,15.367634,16.506951,12.463394,10.275415,16.828754,12.956284,16.254027,15.889887,11.514246,,6.59425,18.124945,13.946233,14.35627,13.635909,,17.824853,,15.749392,18.290673,12.9535,10.502524,15.862172,,13.054981,15.132425,,16.770511,17.581728,13.179751,8.352838,19.11237,14.731113,14.368848,,13.51852,15.28288,16.496506,10.058885,9.942339,13.535635,15.098872,9.924976,17.414257,18.775071,8.007139,8.848153,10.330536,11.961996,,,16.274017,15.154091,,19.176243,9.628628,,15.956093,15.544012,17.67522,10.213311,12.177877,17.850139,,11.498535,15.690397,14.75333,,12.097012,18.380755,9.951285,18.223546,13.043637,10.204901,12.144056,14.21698,15.075046,14.943094,17.499723,18.218254,17.554171,7.035404,11.460016,14.243923,,17.038933,10.644334,13.555754,15.362476,,,18.482117,13.775876,,10.989622,,9.576182,,18.303851,,9.147536,14.044926,10.210002,18.305714,12.522731,7.838637,12.737089,9.190911,10.708256,7.633722,14.516818,8.657176,11.330626,19.414347,14.826505,12.734462,11.021126,14.061229,18.993058,,7.46842,14.513726,14.096902,18.111725,6.592756,,16.84052,,15.67857,15.814027,,17.502571,12.14909,16.349082,11.131291,20.364975,11.809463,15.330756,13.844675,7.777157,,16.516547,15.512966,8.285818,16.830898,15.161705,8.110562,10.199734,15.969589,19.367498,16.717205,14.889463,11.188045,12.634491,10.079005,17.323066,18.90885,10.895144,10.825921,16.208579,17.569213,,11.20322,10.552073,13.512176,,12.130197,10.053804,10.984248,15.595864,14.719111,13.515872,14.898919,,16.952332,8.023089,20.327193,13.411396,16.685207,,9.785583,13.114826,20.001438,13.26664,8.356628,13.144064,11.989802,17.748784,16.118842,14.570743,15.860892,17.124336,11.971831,11.378008,7.440205,9.997857,,8.041057,15.663598,15.533872,8.008653,17.226331,17.386197,9.282718,7.471269,16.081212,9.375952,14.954547,14.537061,17.636749,16.036406,18.13715,16.34756,9.703921,9.391437,8.872028,15.319539,11.947768,16.015378,13.919927,19.271061,9.110379,16.484537,14.703136,19.800876,,13.208548,12.851931,17.675484,17.110519,7.221297,,15.220133,14.693519,16.053579,,14.681986,18.076402,10.881183,8.879399,12.410147,9.036393,7.36501,7.768184,9.182866,12.395904,13.928349,8.801288,14.226414,15.92657,9.455081,,16.771565,,6.44791,6.91277,9.945605,11.759073,13.237973,16.933911,7.918804,17.709896,,19.265111,17.705185,14.590665,7.218684,,13.277845,9.407693,12.031918,8.52415,14.825882,10.404354,11.802484,,19.301717,13.956926,17.589234,13.173487,7.967514,14.721225,17.958692,,9.983763,14.480059,18.004566,,17.497528,12.100689,7.956986,9.883132,13.477652,,,12.037468,16.864298,17.985402,9.676856,11.591064,,11.266318,17.70231,14.36119,,17.960353,,10.009521,14.431688,10.729536,13.449921,11.169543,17.653061,,15.727205,10.803736,15.176007,13.701152,12.34178,13.918502,,13.424964,0.0
S065,SUBJ029,post,participant,65,B2,43.0,M,21.5,20.513008,12.468301,,11.63255,9.782441,16.818351,12.188994,17.562761,15.064395,,16.067003,8.080604,14.137626,16.964622,12.209085,12.221379,,17.635588,,7.827692,14.749937,5.748193,,16.006018,18.208858,13.993798,14.852523,12.721845,8.372822,19.017884,9.103786,16.761057,19.607054,10.354877,16.915576,18.886728,,,16.333274,18.068412,,7.920948,13.279841,16.40357,12.80494,9.93571,14.984111,15.956337,9.116864,6.906169,18.015363,17.56517,19.956958,17.590722,,11.094394,16.371337,8.49865,13.391378,7.837376,15.792597,11.422228,6.934988,17.854366,,10.379714,6.98151,,12.132991,9.615446,15.254551,17.196827,10.63667,8.409179,17.26476,12.436873,16.133465,16.335649,12.261642,,7.46287,17.852716,15.19603,12.912667,15.349963,12.970744,18.177829,14.580184,14.812608,18.354876,10.923469,10.892748,15.169523,11.962285,12.787935,13.62505,,17.067855,18.823912,12.986806,7.496494,18.492867,14.219863,12.401712,6.522464,14.402314,16.274959,15.81022,10.310772,9.599801,11.441471,15.544853,,17.934599,19.233801,8.616365,,11.188292,10.779498,8.052133,,16.122048,14.305621,,16.680031,9.895469,16.336209,14.92633,15.804336,15.743127,12.336325,12.807947,17.663289,8.894909,11.736419,16.031025,14.886588,7.37121,11.908025,17.514509,,19.378554,13.927256,10.395748,10.973403,14.560877,15.097933,15.513893,18.083897,17.475723,19.474012,7.09919,11.780105,13.334969,,15.944074,10.286789,13.354846,16.517242,,,16.517923,14.553852,9.909443,,8.892118,9.8456,,16.403971,10.576021,,13.623126,10.103183,16.219936,12.934039,7.630522,11.815475,,10.403236,,13.375949,7.602736,11.563463,18.504869,14.700455,13.048386,,14.955773,17.491419,13.551816,8.402287,16.157427,13.514465,17.133623,7.749132,9.79539,16.48629,12.305184,15.293307,17.232632,,16.643152,12.698711,16.721145,,16.914825,10.842264,15.120784,13.769826,7.588939,12.545117,17.028908,17.187379,8.78398,16.43426,15.165114,,9.238954,17.002147,19.60362,19.126109,14.495584,10.384838,12.380889,,17.465631,17.956964,11.663456,12.344912,15.688662,15.411057,9.226581,12.81396,14.637757,14.178414,,,,10.213943,15.816262,14.393971,15.13135,14.556574,9.880915,15.875294,8.679762,18.483376,14.022929,16.594403,12.650226,8.743185,14.96084,17.941099,13.55826,8.304055,13.128974,11.98217,18.993802,16.505591,14.573734,17.730448,17.768968,11.564878,,,10.91116,,7.956057,15.346312,16.00958,6.710118,16.775183,18.598821,,7.640028,16.450964,9.717385,15.014752,13.437964,18.341735,18.062821,18.586031,14.298323,10.229636,,9.293035,15.042784,11.562166,15.533758,,18.304831,10.047601,15.889689,12.756975,19.709804,8.024419,12.869891,11.821969,16.280586,17.568745,,,14.542681,15.124216,16.366108,7.800512,16.220437,16.711579,12.013392,9.331275,12.368124,10.07453,6.899176,7.403779,,12.417531,15.072367,9.875596,,13.179371,8.789403,5.969012,16.79471,6.974873,7.816792,6.407693,9.917626,11.578693,12.428517,16.60031,8.276729,15.478017,7.57448,19.440047,17.456723,15.719933,,,13.97281,10.714022,13.768042,6.764872,15.897034,,10.80351,10.935762,19.764666,13.825079,18.234787,14.612009,10.060115,16.041715,18.938804,,,12.79566,19.705684,8.0268,16.661257,,8.214028,9.93186,13.929384,,16.08611,10.154185,17.362227,18.583467,10.261554,11.890629,10.468023,11.731565,16.248667,15.280545,,17.739886,,9.791602,16.313989,9.603997,13.085305,,18.660241,8.383402,16.065782,10.604655,15.529831,15.333995,11.620554,13.16437,10.580014,13.666755,0.0
S066,SUBJ030,pre,participant,66,B2,65.0,M,33.7,19.609908,15.895866,6.043082,12.349099,8.566891,15.611469,14.386538,17.827851,12.786576,,17.233483,7.857172,12.392972,17.204026,12.020351,10.742158,8.651698,,9.913667,8.545351,14.680831,5.815832,,19.464035,18.273116,14.394036,14.255498,11.961884,8.674793,20.137061,,16.575022,18.121622,10.665913,17.503853,18.944105,,14.196647,15.428797,16.830956,,,11.393825,16.797829,14.727657,,12.809977,15.351398,8.25979,,18.631947,17.60803,19.71815,18.296369,5.980711,11.585634,16.687592,8.526304,14.481374,,15.742643,12.230321,6.38905,18.562676,6.815832,9.744767,,,12.141299,10.067058,13.877388,18.736058,12.611359,11.224472,17.379568,12.345183,16.756423,14.333992,11.878564,,,16.861643,14.996244,12.800566,17.317866,13.347021,19.3347,14.182718,15.361341,17.62908,11.498769,,15.70765,10.683425,12.089927,15.207476,,17.016868,18.404262,12.532634,,19.617956,13.658407,13.639791,,14.339976,15.320791,15.99715,10.489768,9.021174,11.509404,15.073196,,17.108651,19.571279,7.967745,,10.803397,11.036551,,,16.940034,14.086075,6.962202,18.821357,,13.308447,14.62668,16.455999,16.574383,11.482435,11.105882,17.671142,,,17.365281,14.81402,,,16.322945,,18.013535,13.162992,10.556075,11.003469,14.34277,15.526959,14.934587,18.523967,18.386334,19.98496,7.509933,11.098164,14.567562,,16.090852,11.606456,12.613414,16.953121,,,18.891582,14.444616,,11.201622,8.765568,,6.782278,19.071424,12.139877,9.11533,12.320953,8.780901,16.942757,12.987262,8.509023,12.531484,9.809848,10.336239,,12.311149,6.856986,13.268457,17.831821,15.733919,12.651964,11.815964,15.160839,18.634073,14.531607,8.348064,14.293128,13.335728,18.112772,7.339137,9.884644,16.538669,12.149411,16.413628,17.161538,6.773864,17.169816,11.982819,17.168963,10.851827,18.444761,11.963503,17.076004,14.187702,8.892725,13.116112,16.257526,17.451648,8.770664,18.46855,13.579356,9.178341,10.287101,16.661372,19.873834,17.654279,15.273044,12.152259,12.782697,11.521051,17.058128,17.498344,12.151464,11.132737,16.009214,16.535882,9.558019,10.866815,10.974271,14.758431,,12.449922,,11.125995,16.144426,14.506727,15.28887,15.453143,,17.144492,,20.413181,13.889982,16.452103,,,14.147079,18.318055,12.674137,,13.053641,12.554618,18.614755,16.374907,14.358363,16.241552,17.371788,,,,9.636371,,7.451046,16.010344,14.720305,6.260402,16.99893,19.138896,,7.987548,18.63834,8.83232,14.700238,13.213317,15.983527,17.952738,18.638899,13.369574,9.905432,9.963604,8.643495,15.193388,11.097999,16.46772,13.834175,19.093301,9.171252,15.487968,12.942421,19.314486,7.664269,12.425685,13.993887,17.034933,17.753196,8.272023,,14.980315,14.931489,15.944485,7.592905,16.010586,17.919152,12.717404,8.78924,10.704448,10.955853,7.718773,8.013295,,11.718404,14.471934,9.236517,13.50393,13.366606,8.342475,,18.583479,,7.520501,,,11.976195,14.054492,15.854036,8.087092,17.503132,7.035954,18.33296,17.526948,15.603784,,,14.127584,9.11244,10.53143,7.744027,13.923245,9.457155,11.400559,8.731013,20.188593,12.749002,16.944063,13.780969,8.462543,16.129108,18.619455,,9.932879,13.647879,17.527002,,17.47353,11.787788,7.54481,9.4798,14.659422,11.289091,14.616578,12.743566,17.605041,18.132079,9.051726,9.652074,9.877407,,17.046913,14.719655,,17.309742,10.761626,10.67132,16.662938,9.591204,13.094274,10.156879,14.892092,8.261907,14.980885,12.438719,17.63158,,13.078193,13.132006,9.999605,14.893229,0.0
S067,SUBJ030,post,participant,67,B2,64.0,F,11.1,19.318177,11.521738,6.969127,11.901112,9.471248,16.192676,12.968485,17.591744,12.458555,7.835419,13.769276,,12.744933,15.888257,,11.6023,10.126188,12.502678,10.708653,8.380115,14.312101,6.555663,,17.98087,17.557901,14.359316,13.695326,11.639684,8.702069,17.404885,9.796705,16.70892,19.554263,10.687787,17.910732,18.746009,7.474517,13.054348,15.426101,17.191566,10.541765,,12.153178,17.452128,11.336897,,16.473979,15.668943,9.708687,,19.484487,18.770831,18.635153,18.631466,6.674545,12.218179,16.703484,8.807097,14.741057,,16.181587,11.727572,,18.776772,,10.032431,,,13.781178,,15.421818,18.491021,11.61789,9.748763,17.909967,11.715336,15.994883,14.858761,12.156165,,,18.91431,14.216602,14.056582,15.610734,11.614314,16.280752,14.410946,16.217635,15.766876,10.610536,10.765286,15.037095,11.482632,11.47045,15.324048,,16.202606,16.782381,12.093398,7.946029,19.356641,14.735029,14.22521,,13.950023,14.236991,15.566831,10.663354,8.631795,10.96533,14.977488,,17.007371,18.617334,8.513096,9.264231,10.591532,12.041977,,,16.296825,14.359279,,18.11799,,13.115003,15.611107,16.589882,16.304709,10.39324,11.475911,16.738266,8.830959,9.331947,15.008587,,8.019202,11.019695,17.420352,10.398637,19.892205,14.308923,11.048228,11.643689,14.966277,14.148624,14.552723,17.16025,18.193628,19.484817,7.77788,12.517787,14.799879,,17.702594,11.041426,15.75609,15.838923,,9.468767,18.348773,14.402805,,11.587281,,9.937183,,14.53482,,,13.352075,9.255312,18.916126,11.76398,8.451706,13.30094,10.864039,10.917745,,13.537079,7.812755,12.726218,16.877914,15.221024,13.196408,11.571321,14.367488,18.573942,13.863439,8.006915,14.249127,14.136317,17.057474,6.230165,9.112101,17.142887,12.375729,15.243477,16.108707,7.230453,17.118449,12.226906,16.822912,13.878257,19.519933,,15.019022,14.467356,9.076228,12.824969,17.18891,15.444565,10.214841,17.521512,13.709911,8.347223,9.655888,17.833803,18.793488,18.955675,15.143479,9.651123,12.515776,10.859643,17.58206,19.199782,11.115356,10.996636,16.301646,16.473337,10.206782,9.912889,13.20117,14.309471,7.443275,12.901148,9.204106,10.308544,15.983952,15.204617,15.371888,14.413687,,17.855332,9.151904,19.83985,14.265398,16.917768,,,15.63151,21.268277,15.168412,8.651159,13.14792,11.690984,18.317824,16.095599,15.706502,15.272746,17.597545,11.554709,10.281548,7.578486,11.001732,,,14.76065,13.929061,6.706254,17.083144,16.255053,9.242864,,16.108189,9.362689,15.085344,14.447815,18.752877,16.20346,18.533412,12.660011,8.822666,9.617376,8.489567,14.698375,11.808329,16.242283,13.460659,19.245423,8.884567,17.0248,11.210793,19.145664,8.036558,12.819387,12.437177,15.03278,16.67512,9.290618,,14.986594,15.961417,15.662645,,16.032204,17.540838,11.644194,8.551285,11.027505,9.158281,,7.596786,8.810025,13.029914,13.226284,10.511436,14.67164,13.857921,,6.74779,16.838902,,6.393862,6.684819,,11.606965,12.159395,17.603734,8.214028,15.836248,8.072749,18.556718,16.68005,15.521309,,,15.651116,7.632777,13.121928,7.32337,13.962598,10.483765,,8.148629,19.235676,13.624382,17.29586,13.606165,9.953789,15.496931,18.367399,,10.670488,12.115752,18.412552,,17.857171,11.875396,7.672991,,14.323498,,14.12588,10.205537,17.028738,18.335899,8.946,,,12.032308,15.392102,14.827969,6.084915,17.833085,,10.790788,14.750145,10.259155,13.293282,10.839716,15.638627,,13.720435,13.403388,18.323397,16.001552,12.298985,13.112708,9.767191,13.958854,0.0
S068,SUBJ031,pre,participant,68,B2,73.0,F,30.4,18.924242,14.377383,6.547666,12.060818,,16.227263,14.471565,17.894089,11.316621,7.943511,16.332315,,13.682005,15.908504,,12.760481,9.418443,15.077692,9.900006,,14.343889,5.68173,,18.248588,18.966943,14.950779,14.539322,12.992951,8.514083,20.519141,9.469947,15.571723,19.559477,10.391147,17.166848,18.775344,,14.355495,15.635471,17.764992,9.153628,,14.434848,16.691649,12.605635,9.788441,12.357316,15.746522,9.357794,7.612352,19.640358,16.959441,19.248946,18.305708,7.062208,13.18015,16.270669,8.617541,15.034148,8.883254,15.612532,12.210674,,18.731903,7.018256,,7.076495,,13.283414,10.241828,15.919167,17.68071,11.207862,8.237019,18.026689,11.638232,16.81097,15.63087,11.416159,8.14425,,17.944714,14.280518,13.640738,17.363268,13.182236,18.575652,13.988813,14.587371,16.306894,12.049318,11.132827,17.757236,11.826711,13.135656,14.756137,,17.168416,18.28388,13.880659,,20.012385,13.878707,14.347693,,14.366,15.153848,15.040877,9.7944,8.467728,11.333569,15.339493,9.159241,16.433496,19.649045,7.798504,9.082282,9.955185,12.373167,8.617431,,16.039998,15.19821,,17.163429,,14.030841,,17.960331,15.212547,11.25279,12.387624,16.771065,,,16.813987,15.036603,7.337889,,17.883635,,18.2565,13.851889,8.942133,11.005589,15.474558,14.446117,15.525896,19.757675,17.539425,19.537544,6.924694,12.061678,14.838735,,16.216479,10.895946,15.714809,15.749276,,9.617614,18.838424,13.960061,9.473929,12.03178,9.570102,9.857577,,17.583425,10.860497,9.01653,12.744918,,16.342272,12.305965,7.360803,13.468937,11.205494,9.828644,,14.534113,7.128561,12.875358,17.741578,15.457082,13.577553,,13.997295,15.875666,13.871058,7.326879,15.002948,14.123629,17.681211,7.098664,9.588565,17.006516,13.178366,15.134925,16.55022,7.019257,16.567653,12.235081,14.861271,10.989196,22.010399,,16.674114,13.800903,7.664412,11.286096,16.113256,15.838151,10.08425,18.861498,14.398843,7.603849,10.479053,16.864646,19.913845,17.439586,15.156509,10.824959,11.879721,10.740067,17.538771,17.89857,11.749203,11.143077,15.674918,14.604304,10.022368,10.930116,13.064238,13.81726,,12.229474,8.983393,10.563273,14.829777,16.805591,12.545647,16.385962,9.061857,17.350358,7.482848,20.344714,14.40046,17.419233,12.102661,11.760263,12.943496,19.160154,14.130477,,14.166376,11.658743,18.343949,14.680313,14.736136,17.423024,20.36715,11.255383,9.698097,7.454505,,,,14.466753,16.097156,6.911692,17.640567,17.793286,9.855445,,16.998967,9.558268,15.330053,,18.393267,17.832776,18.675951,14.938079,9.09574,9.141622,8.722773,15.642497,11.932776,14.662651,14.743293,19.410254,,14.437885,,19.483074,,,13.474463,14.713173,15.913897,,,14.560099,14.584134,15.140466,6.89978,13.729078,17.560457,10.887845,9.098822,12.13942,9.593335,6.830103,7.443275,,12.702725,14.239309,8.946906,13.8137,14.672532,,6.618532,17.31138,,8.266131,,,,,18.020277,,17.846489,,17.80849,17.3024,14.31687,,,14.916382,10.535266,12.649492,8.034194,15.017947,,11.127865,,19.535526,13.722066,17.780854,14.929991,7.907912,14.878931,18.40753,,9.838258,13.124889,17.481971,8.943599,16.860513,11.613601,7.876333,9.516705,13.819759,,12.5901,11.876594,17.288753,19.629837,9.692162,9.871936,,9.906109,15.42637,13.988588,6.380071,18.075476,,9.726337,14.192848,12.33722,13.689385,11.47583,15.127265,,14.212419,10.058222,16.833603,17.478988,11.288728,12.823855,,13.75003,1.0
S069,SUBJ031,post,participant,69,B2,54.0,M,27.2,19.688007,12.797467,,11.903325,10.949659,16.437631,,17.588744,11.260137,7.130725,17.503168,8.505137,13.779953,15.436845,10.640381,11.216176,9.954676,15.070862,10.610453,7.848686,15.019198,,6.509062,16.823903,17.414879,13.708278,14.138347,12.576921,9.267536,20.60444,,16.957931,18.394439,12.167873,17.073433,18.670854,6.647746,14.44439,15.856598,18.341157,9.509241,7.561632,12.90347,16.026413,12.164093,10.061088,11.27946,15.181198,8.492053,6.940402,18.166341,17.707487,19.500105,18.870789,6.257388,11.506189,16.210584,7.973324,15.532681,8.077991,16.645693,11.5344,,17.634714,,10.206624,7.35447,6.305788,13.679389,9.809221,16.051766,17.205609,12.484088,7.628846,18.409196,12.735198,16.783359,14.841463,,7.030005,,16.933178,15.547613,13.88272,15.088665,12.772016,18.799347,14.960833,16.309798,18.301766,13.925873,,15.087588,11.269968,,16.406629,,16.88661,17.963427,13.316769,6.002027,19.779918,14.59852,14.059202,,13.384397,16.135247,15.42741,10.127504,9.911886,13.226239,15.8694,9.42362,16.891768,17.094403,8.134529,8.489326,10.518771,10.428538,,,16.880288,15.740053,6.111449,19.35812,,13.136655,15.192749,17.137393,15.805606,12.150096,,17.785887,10.747102,9.126111,13.9484,15.797165,,,16.499083,9.568811,17.86229,13.749565,8.720484,13.788824,14.674984,14.411169,15.394763,18.584084,17.464199,18.307585,7.253611,10.900874,13.597721,7.257388,16.609358,11.232457,14.145104,17.445469,,9.168848,18.204848,14.09653,,11.82956,7.842916,9.577712,,15.737147,,9.306768,14.070595,9.392725,18.329598,13.249441,8.448942,12.812651,9.147332,11.136664,7.546431,15.931245,8.314017,12.246081,19.002961,16.603107,12.748629,11.305081,13.482536,17.211531,14.22841,7.852373,12.866298,14.899052,17.418414,6.208283,,15.984172,11.9584,16.408911,16.121453,6.985614,17.725865,11.936918,14.791397,14.917062,17.13705,,15.445446,13.610627,8.753417,11.8344,17.209194,15.365623,8.909053,17.732004,14.837455,8.382538,10.12297,16.024181,19.917859,16.32481,14.33911,10.709248,13.177922,10.444797,18.0662,18.229326,12.087241,12.192601,16.173867,17.909977,9.385172,13.963392,,13.851099,,12.341144,9.489627,,13.919888,14.203179,13.914205,13.8289,8.914266,15.381233,7.520029,18.534006,13.071208,16.908485,11.893976,11.50223,14.669547,20.546269,14.453822,,,12.166963,20.277293,16.399549,16.132745,17.227074,16.917506,,,8.659282,10.824354,5.835671,7.952625,14.358031,15.607244,6.540709,16.911798,16.953968,9.590624,7.316508,17.569455,8.751644,14.244714,14.593312,16.33041,16.848424,18.522085,15.470813,9.727087,,8.694114,16.474822,12.89605,15.58188,13.403905,19.019845,,16.169512,12.903449,19.063644,8.173027,13.118738,13.106192,15.750335,17.788714,8.307429,,15.770756,14.703414,15.93172,,13.823897,17.390499,12.573295,,12.557081,8.945268,7.151067,8.219943,8.363741,11.439987,13.951685,9.691761,13.959946,13.40314,,6.217037,17.892407,,7.2993,6.692929,,12.288566,13.539416,18.262451,8.458653,17.394002,9.140702,16.902812,16.92215,13.244996,,7.165611,14.171275,8.418822,12.093936,7.223229,14.458243,10.543274,11.127246,7.350674,18.504756,12.889266,17.742563,12.769278,8.338157,15.767957,18.875903,6.802064,,12.259861,18.965827,,17.443046,12.058347,7.892027,10.690513,14.268868,,14.46019,10.077323,17.745046,19.201298,9.574972,10.540855,9.487096,,15.609068,15.796109,5.908573,18.154655,,9.761319,17.011245,10.896211,13.027951,,16.656157,,15.865083,10.630695,17.357487,16.08231,,12.647218,10.412612,12.929724,0.0
S070,SUBJ032,pre,participant,70,B2,47.0,F,29.0,20.54059,13.512502,5.998196,11.992652,8.202369,15.54378,14.427297,17.768278,,,15.319579,8.127943,14.476742,14.922564,10.97612,11.464209,10.403598,13.102781,9.820163,8.939579,15.648688,,7.121015,17.668402,18.743773,13.755641,14.265864,12.129064,8.699642,19.347018,,14.738173,18.907413,11.504888,17.325249,18.086733,,15.560846,16.362413,16.938159,8.823749,,12.751287,16.759736,11.459913,,14.024174,16.894539,8.532161,,19.683257,17.705777,18.185261,17.838024,,11.392543,15.914715,8.895181,16.513396,8.492694,15.854443,10.567852,7.106223,17.451489,,10.120977,,,13.165205,10.030405,17.141352,17.544178,12.369589,7.819477,18.438029,12.765541,16.661376,15.10293,11.823049,7.110718,,19.358689,15.351377,13.458698,13.64029,,15.750524,13.024021,16.81282,16.886516,12.986667,11.197505,17.786193,,13.56191,16.056448,,16.743187,18.986161,13.225253,5.822985,18.40261,14.214226,14.592371,,14.607346,16.787655,15.375404,10.438823,9.516685,12.182155,15.467473,,16.764662,19.195912,,,10.6285,12.801369,,,16.40778,13.851406,,16.990846,,15.140384,15.28708,16.537922,15.314106,12.243305,11.40145,17.539099,10.502832,9.713747,16.224065,15.388574,,11.118539,17.463415,,19.266115,13.790891,9.349812,,15.457679,13.809365,,17.622484,18.077048,18.937172,7.53512,11.767435,14.505723,,15.744096,10.734066,12.980436,16.645295,,10.686588,19.593727,13.953185,,10.587271,7.849937,9.542703,6.885208,17.911774,10.96377,,12.994025,8.996134,18.451831,13.229227,6.983906,13.552287,8.881726,9.994042,,12.905199,6.628336,12.686496,17.645342,13.786363,13.667597,11.473376,14.376115,17.215103,14.22367,,16.26089,12.739232,17.586807,7.172428,8.891966,17.429053,10.779711,15.594005,17.137748,7.1816,17.116669,12.455307,16.646654,10.741391,18.638089,10.941092,15.911218,13.437463,7.812819,12.84279,17.031738,16.333069,9.870149,18.564822,15.040272,,10.269699,15.843696,19.501242,18.259312,14.438117,12.255805,12.439428,10.778036,18.235464,18.972748,12.080831,10.052636,16.663302,17.819145,,12.569901,10.691534,15.296586,,,9.114601,10.364069,16.81434,15.63053,14.663908,12.628129,9.44172,17.218358,8.145117,15.840466,,16.000349,11.96073,11.265674,13.563079,17.792886,15.068617,8.566473,12.136139,12.521004,18.64228,14.945773,14.408136,16.457344,17.28048,12.074586,9.963084,,10.610047,,9.207063,14.866715,15.502269,,17.664043,15.606679,9.593597,,16.857552,9.157397,15.583668,14.563665,18.613107,17.194502,18.312132,13.989632,11.547603,,8.145983,15.251786,,15.238129,14.470023,18.422211,9.135709,15.953907,,18.031045,8.974701,,,16.458966,17.242577,8.080551,,14.906019,15.647022,15.577555,6.843984,16.040402,19.047789,11.316564,8.820626,,10.367906,7.571373,7.722124,,11.806546,14.096086,9.791912,13.633811,14.354107,9.074784,,16.914565,6.372081,7.918565,6.963243,10.646775,11.473295,13.236017,15.78093,7.806066,19.054115,7.825213,18.323984,16.913169,15.377252,,9.453106,13.25982,11.857546,12.752586,,15.338972,,,7.909773,19.85386,12.251468,17.732337,13.280888,9.564531,14.810636,18.807729,,,11.8277,17.306781,8.045814,17.024212,12.667852,7.354734,10.868213,15.28355,10.481184,14.316888,11.682578,17.558089,17.357559,9.826215,10.925636,,10.272187,16.920839,15.041634,,17.884588,10.675075,10.730046,14.697892,10.75182,12.428638,,15.278957,8.242698,13.855759,10.605952,17.475846,14.656924,11.558086,12.503716,,15.022201,0.0
QC08,,,pooled_qc,71,B2,,,,19.082439,12.81258,,12.012907,8.506486,16.271935,13.146349,17.693864,12.412149,6.819029,16.817187,7.348374,13.931754,15.981959,10.66728,11.656501,9.313382,14.492012,9.25859,7.871228,14.806489,5.895545,,18.137415,17.907825,14.466008,14.165674,12.284873,8.814679,18.463262,9.360737,15.981222,18.526976,11.022645,17.313501,18.727315,,14.741599,15.783216,16.738928,8.953905,,12.664345,16.804615,12.312168,,13.831824,15.677805,9.227496,,18.063067,18.583304,18.997016,17.845614,,11.985034,16.381197,8.643315,14.849282,7.951634,15.812643,11.498321,6.316327,17.928103,,10.324451,6.757957,,13.046317,9.987051,15.165685,17.698953,11.915047,8.182593,17.312978,12.63117,16.304685,15.257693,11.543457,,,18.320881,15.041541,13.563531,15.630007,12.487609,17.473431,14.250656,15.833706,17.791611,12.040923,10.620357,16.293503,11.652222,12.792001,14.882022,,17.143174,17.93914,12.84769,6.544887,19.135612,14.133556,13.307853,,13.963731,14.878157,15.207274,10.631923,9.226509,12.373561,15.405237,,17.168976,18.680302,8.078364,,10.297421,10.63667,,,16.508443,14.615009,,18.464441,9.301793,14.069937,14.760963,16.377648,16.077817,12.337672,11.531172,16.974215,9.015415,9.497812,15.577958,15.307444,7.331186,10.980804,17.379045,9.490049,18.53516,13.523435,9.706064,11.89365,14.655675,15.52666,15.357061,18.532456,17.731576,19.168204,6.933809,11.196909,14.013785,,16.266439,11.009913,14.39722,16.228006,,9.529704,18.456581,13.506337,9.212059,10.921171,,9.735539,,16.818559,10.365273,,13.576442,9.96291,17.820854,12.365625,8.120134,12.239918,9.573003,10.579014,,14.057069,7.186263,12.733244,18.207792,14.964834,13.283029,11.2745,14.035814,18.219641,13.885241,7.791489,14.862917,13.393337,17.682663,6.958843,9.051155,16.782902,11.487549,16.045108,16.460318,6.842853,17.347662,12.528327,16.599762,12.477708,17.836147,10.582791,16.164253,13.907287,8.33481,12.39722,16.854407,16.256614,9.291815,18.011451,14.346766,8.144505,10.102606,16.508161,19.516693,17.842808,14.853042,10.845921,12.439745,10.417325,17.72476,18.514526,11.821463,10.921975,16.349418,16.936346,,12.367043,10.963691,14.388811,,12.15541,8.721338,10.201609,15.618893,15.041906,14.61217,14.285203,8.86561,16.11089,8.159569,19.156573,13.609597,16.86127,12.073094,10.268343,14.65509,19.384319,13.788038,8.40612,13.14982,11.774375,18.570954,15.750039,15.099343,16.434527,17.041321,11.420002,9.894484,,10.631841,,8.420044,15.044626,15.776713,6.970509,17.070549,17.077524,9.602755,7.172327,17.050894,9.222457,14.804391,13.992105,17.108933,17.0557,18.544494,14.549095,9.813268,,8.935195,15.392196,11.889032,15.712772,14.253648,19.212863,8.65019,16.176905,12.490069,19.21501,7.780244,12.282463,13.10856,17.258816,17.246764,8.694323,,15.103102,15.482475,15.479976,,14.850598,17.605371,11.789937,8.59902,11.960556,10.102671,6.86629,7.635392,7.538305,12.176728,13.884797,9.699312,14.28927,14.064811,,6.221297,17.072424,,7.542877,6.795585,9.904364,11.961019,13.11762,17.22728,,18.00273,7.051807,18.121036,17.513015,15.250286,,6.86431,14.00073,9.205158,12.225461,7.844549,15.045388,9.709963,10.816264,8.432625,19.067172,13.068852,17.579666,14.430492,8.870519,15.492953,18.463392,,9.889291,13.011168,18.218078,,17.441771,11.839275,7.712802,10.126175,14.412933,9.596302,13.743713,10.981232,17.532676,19.001684,9.773123,9.733287,,10.231545,15.914441,14.764888,,18.073734,10.365054,10.195483,15.504725,10.549611,12.861077,10.588218,16.207207,,15.022451,11.627288,17.064256,15.733245,11.781212,12.827627,9.70848,13.755709,
S072,SUBJ032,post,participant,72,B2,54.0,M,18.3,19.617229,12.204085,6.845866,12.302285,9.545968,15.805522,14.218053,17.110368,11.092235,8.648681,16.597498,9.236493,13.384294,16.777096,,10.943562,,13.3369,10.687682,8.124793,14.78496,,,17.783991,17.484243,,14.559383,12.348382,9.878174,17.93565,9.848951,16.107641,18.693016,11.245784,17.166056,18.964503,,15.832984,15.757266,17.471784,,7.518142,11.876739,16.834182,13.058401,9.636171,11.896586,16.970854,9.425384,,18.363957,19.247958,18.66689,18.262872,6.638364,11.585808,16.705211,9.108185,14.60096,7.853122,16.32876,11.741496,6.729009,17.483772,,10.284385,6.515227,6.492174,13.292885,9.26052,14.105835,16.463178,12.219671,7.778734,17.149104,12.815748,16.001956,15.469852,11.88931,,,17.849757,15.453846,14.010869,15.052625,11.427899,17.997611,13.707665,15.278906,15.941689,11.291038,10.829088,16.642032,11.956184,12.063115,15.208609,,17.134248,17.741026,12.344473,6.088947,17.731031,14.334898,12.711211,,14.843791,,15.001263,10.604785,,13.409778,15.325474,10.268004,18.684296,19.872206,7.517748,,10.361045,11.997984,8.691639,,16.713533,13.82082,,19.811133,9.90677,14.788939,15.534671,16.338144,16.129463,11.448731,,15.933034,10.655388,9.21774,15.484941,17.06272,7.630085,11.045882,17.136555,10.486403,17.07243,13.531104,11.007532,12.16415,15.473235,14.716993,15.273298,17.432317,17.695941,19.010935,6.706116,11.835332,,,17.493322,10.14383,14.197068,17.422935,,10.466087,17.402059,,,12.651316,,10.257447,,17.501617,10.502901,,14.101334,,16.360079,12.878917,9.488282,11.327699,,10.998379,,13.579532,,11.455168,17.39642,15.752589,13.132614,,13.748569,18.68075,,8.037053,14.382589,12.69421,18.232214,7.209746,8.589314,16.980322,10.903581,16.171164,15.149019,6.74685,16.938396,12.526172,15.504235,11.578184,17.734444,10.92042,15.386763,13.862991,8.877683,11.960226,17.086002,16.030384,11.269197,18.336361,14.966578,8.685099,10.417388,17.882808,19.584124,16.446969,14.861496,10.402724,12.41627,10.293414,18.981089,17.663863,12.259858,10.624613,16.734137,16.503469,9.74086,12.530409,,14.890543,7.569248,,8.829596,,15.038533,15.202502,15.393199,,9.259484,15.338073,7.373039,17.6979,13.049433,15.958378,11.883407,10.848013,14.321115,18.134586,14.128375,,13.244206,11.413681,18.137815,15.260824,15.808597,18.088712,17.415877,,10.155071,7.48438,9.671346,5.885086,10.947469,13.635588,15.142074,7.14037,17.633624,16.552179,9.535897,,17.373582,9.583139,14.692527,,16.368774,17.045581,18.527719,,9.9579,,8.545466,15.478075,12.014432,14.955978,12.846446,19.634549,8.656854,17.406324,12.572506,19.693037,8.213542,12.66366,12.269165,13.99238,17.895487,9.206819,6.916238,16.749241,16.532135,15.779846,,15.886202,18.078858,12.84157,9.320259,13.486566,11.237515,6.393519,8.634884,,12.028731,13.747172,9.164429,14.614496,14.819645,,,16.725821,6.198298,7.147307,6.557655,10.31627,13.547826,14.319554,18.578531,,17.407363,,19.082215,17.599379,15.467743,,8.054848,13.596882,10.229948,12.185414,6.712871,15.77815,10.587506,,9.525991,17.383135,12.966208,17.143411,14.604426,8.229732,14.410771,18.3946,,9.942646,12.307631,17.352478,7.809093,16.952457,11.848729,7.04494,10.994827,15.028008,10.091858,13.958444,12.930846,17.371693,19.898323,9.199059,11.129141,,11.072796,15.74146,15.052048,,18.727687,,,16.060078,11.560046,,12.067337,18.433813,,15.723448,12.074968,17.665728,14.914877,12.766247,13.836583,9.77337,13.810024,0.0
S073,SUBJ033,pre,participant,73,B2,30.0,M,23.1,19.209087,13.197269,6.440454,11.668442,9.07481,16.194425,,18.056271,,,15.027543,,13.979662,15.810925,11.182382,11.719081,10.526597,15.92201,8.527672,8.604664,15.131092,6.481234,,16.726509,17.35145,13.660617,14.249988,11.449556,9.558478,17.836722,9.344562,15.082728,18.454257,11.480396,17.958333,18.443434,,14.049996,16.670412,17.687371,,,12.423166,16.923131,12.131156,,12.892725,16.605649,9.668832,7.347666,17.329739,19.092579,19.100175,17.660018,,11.964305,16.006972,7.203005,14.578567,10.494106,15.597705,10.881229,6.559645,19.22058,,,,,13.959509,11.111299,14.549303,18.487364,13.313365,8.396305,18.137944,12.613451,16.618706,15.692128,,,,18.608087,14.922763,14.250956,15.660526,11.304597,16.191101,14.294502,15.888984,16.830327,11.622587,10.620266,15.347936,12.329606,13.463641,15.350687,,17.623798,16.431254,11.654775,7.492013,19.810749,13.871194,,6.551824,13.464936,16.218274,,11.410271,8.929732,12.11957,15.115889,,16.208542,18.098963,8.327238,,,,8.085393,,16.698604,14.105874,6.346425,17.514172,,14.147621,14.93814,17.118496,17.130716,11.428742,,15.35529,,10.832265,15.457683,14.581564,,,15.719017,12.01965,20.267115,13.195786,8.855024,11.654609,14.298829,16.478785,14.499797,16.287533,17.474395,19.621745,7.999775,11.554977,15.007362,,16.799934,11.963568,15.189529,15.825676,,,18.409017,13.1311,9.419792,10.84867,8.749635,,,18.164344,10.169299,,13.362099,10.759056,18.710713,12.747012,8.719149,12.708939,,10.146149,,15.239359,6.923981,12.544916,18.022452,16.837068,13.460218,11.190998,14.724875,20.431508,13.263441,9.016279,12.839153,12.943833,17.388661,6.582556,8.808095,19.917239,11.217661,,15.882662,7.644866,17.162213,12.391638,17.05441,12.153416,19.065979,,15.766309,13.360433,8.334676,12.318015,16.452351,15.443414,9.563768,18.292793,14.88816,7.520658,10.102461,15.810569,19.222537,17.72136,15.101543,11.704453,12.540201,,18.811172,17.575711,12.517992,10.720355,16.78241,17.080213,9.405333,11.752105,11.697667,14.206972,,12.938767,,,15.300394,15.399458,14.485696,13.410502,9.598164,16.86241,8.27305,18.446918,14.699955,16.695123,12.15955,9.751075,15.235334,18.180227,14.31756,,13.81154,11.403049,19.59908,17.321115,16.508005,16.453757,16.441405,12.023605,,7.479376,10.053166,,,14.941423,14.761653,6.794026,17.076491,17.492994,9.558842,7.678987,17.853173,9.340718,14.940276,14.350654,17.981841,17.494761,18.086574,14.938343,10.939403,,9.721475,16.037426,,14.969763,14.084121,18.279216,10.135517,16.570913,11.166169,18.995905,7.650046,12.755902,13.439492,19.112878,17.254438,9.201756,,15.982519,14.259478,16.231132,,15.731997,18.429354,10.811455,,12.41646,10.141226,8.053926,7.331813,,12.003444,13.958649,8.879369,14.472187,13.780723,,6.775841,17.817126,,7.472163,7.453847,,11.935843,12.876496,18.213659,,18.831947,7.190121,19.232386,16.706955,14.794442,,7.040673,14.09512,8.800771,13.000217,,14.887428,10.37145,11.096972,,19.219608,11.850699,18.114168,15.983614,8.202809,16.804396,17.830501,6.645586,,13.491817,18.461611,9.436087,17.222716,12.157827,7.418359,10.525296,14.113993,9.777979,13.660215,,17.161093,20.274291,10.428036,10.864867,,9.751979,16.465652,12.716086,,17.496928,11.020584,11.263058,17.297491,11.156387,13.109041,10.32607,16.310881,,12.203024,,17.125303,14.869755,11.901176,12.584011,,14.127947,1.0
S074,SUBJ033,post,participant,74,B2,62.0,F,20.3,18.778204,12.890065,5.9241,12.119625,8.195348,17.450551,12.516345,17.138229,12.426005,9.862932,16.911553,,14.5163,15.552883,10.309408,11.50658,,13.439309,9.721458,,15.41017,,,16.433083,16.911919,16.839935,14.108377,11.472787,8.717813,19.326897,,14.039952,18.426495,11.162051,17.443888,18.963294,6.78986,15.93125,15.713914,17.862527,8.784504,7.737484,12.308854,16.588529,12.63448,,12.875966,16.350785,8.289466,7.129489,18.089026,18.842399,19.887967,17.833599,,12.529614,15.989203,8.288543,13.656557,7.763611,15.570319,11.570582,7.361066,19.268951,,10.750925,7.65914,6.843104,13.647647,9.800059,14.455293,16.914869,12.69279,8.801223,17.695032,11.607242,16.389734,15.65137,11.78997,6.71122,,18.184663,14.262427,13.895773,16.667462,12.040389,17.722782,15.434098,17.061136,16.386136,11.632923,10.741644,16.490514,12.230861,12.059497,14.234675,,17.002549,17.366,13.278304,7.268191,17.704601,13.968432,13.3495,,14.614239,14.496486,15.665496,11.298538,9.127479,12.122909,15.897336,9.367611,17.112946,19.534869,8.999775,,9.778291,11.118902,8.384352,,17.249389,14.816531,,17.722147,,14.640708,14.111245,16.562866,16.108619,11.868892,11.665314,15.794183,10.752983,10.718225,14.597353,14.591654,,,16.109801,10.353136,17.822128,13.35269,9.268144,11.995265,14.79406,16.649908,14.37828,18.21572,17.770876,19.482091,7.681309,11.367529,14.269637,,16.327138,11.35323,14.504555,16.706713,,,18.278068,13.409927,,10.568013,8.605776,9.298383,,14.460006,11.070302,,13.390591,8.433126,17.381689,13.226186,9.051209,11.445744,10.906131,10.642124,7.759222,13.81619,7.785158,12.638787,17.134185,14.181899,12.6753,11.663616,14.648271,18.808335,13.982662,7.603775,14.79928,14.073573,17.980183,7.35588,9.620201,15.628123,12.322106,17.401127,16.664417,7.676874,17.772527,11.98206,16.507182,13.809304,19.689069,10.613854,16.375186,13.524379,9.474578,11.577405,16.866113,15.164595,8.618349,18.255206,15.322768,8.945678,9.846822,15.881417,19.427004,18.414442,13.926679,10.428486,12.545085,,17.224854,20.682923,11.960404,11.425992,16.441705,17.869894,,13.537525,11.334832,13.832147,7.145677,12.00769,8.516527,11.471629,15.271125,14.425948,14.575521,15.158782,,15.640874,9.062289,20.57337,,18.7013,,9.68094,14.824126,18.016963,13.057151,,13.524554,11.909218,18.21395,15.093857,14.734577,15.761055,18.949221,,9.890416,7.623955,9.127453,,,15.037698,15.64931,6.369641,17.672834,17.582647,9.067542,7.209063,16.140103,9.518948,15.022717,13.15369,17.434434,15.673209,17.751746,13.873348,10.666286,,8.814198,15.703002,,15.971664,14.951047,19.49759,8.782179,17.379637,12.728299,20.021359,7.953032,12.456886,13.100999,16.634759,17.239266,10.175288,,15.518224,16.880831,15.475608,7.551593,13.923317,19.095351,11.436493,,14.371528,9.191898,6.721099,7.633577,,13.304025,14.186011,11.077537,14.634732,,8.438168,,16.354378,6.207112,7.827374,5.880686,10.312123,11.742124,14.28324,18.088384,,17.409603,7.819221,19.228491,17.177717,15.121547,7.173527,7.435212,13.467985,9.194289,12.17118,8.428611,14.642305,,,9.89715,20.228872,12.619812,17.667134,15.284929,9.388448,15.450827,19.44615,,9.612242,12.663311,19.015614,8.019035,17.419115,12.450585,8.038261,9.325395,13.796954,10.383855,12.967113,11.127143,17.504979,18.987127,9.679691,,,10.86414,17.502825,15.733458,,18.437443,9.994184,11.664167,15.80317,10.545129,12.849454,,18.195386,,13.930832,12.764915,17.73272,15.737349,11.250032,12.525976,,13.426535,1.0
S075,SUBJ034,pre,participant,75,B2,35.0,F,26.9,19.580334,12.784637,,11.257877,9.808079,16.113686,13.58543,18.13793,12.500192,6.723968,18.368172,,12.943368,15.685243,13.534193,10.788563,10.283158,13.649014,8.34678,,15.55642,6.092334,,17.570625,16.72873,15.557204,14.161095,13.04483,8.596637,16.963551,,14.484352,19.531581,10.470293,17.677146,19.485477,,13.703502,15.341869,16.24613,10.195729,,13.271108,16.49187,13.18558,10.285495,12.602562,16.098621,8.740051,7.304511,18.489152,18.080308,19.125048,17.575809,,11.966008,15.315738,8.748293,14.288297,,16.457279,12.10634,6.669452,18.487775,,,6.926474,5.975447,13.318666,10.443793,14.023366,17.85399,11.318012,,16.690717,12.439387,15.837353,15.156573,11.520059,6.882399,,20.265626,14.205444,13.169945,15.206716,12.304443,15.807973,14.279151,15.358422,18.108033,14.553933,10.698288,15.313545,,13.963234,15.075993,6.447414,17.366595,17.907729,13.97594,,19.253783,14.215644,12.944567,,13.55633,16.234238,15.317884,11.172665,9.026911,12.372835,15.477954,,17.674734,19.942442,8.226509,,11.543994,11.063516,,,17.159422,13.801046,,18.286973,,14.824846,14.981506,17.330862,13.847139,12.19981,11.380926,16.71455,8.816632,,14.330044,14.439221,7.582104,11.187822,16.521106,9.807065,17.677332,13.219025,,11.745821,14.714869,15.206097,15.017051,19.595198,17.837771,18.465604,7.879338,11.563501,14.240818,,17.166412,10.515325,13.721345,15.78604,,9.491673,17.582436,14.495447,,11.334156,8.989707,10.620687,,15.024001,10.497153,,14.421279,10.07236,17.93646,12.916074,10.098453,12.909327,8.89718,10.741686,6.634593,16.098503,,13.004361,18.220594,14.473487,12.846615,11.272641,14.515915,19.747771,14.118028,8.19387,14.845607,13.169225,17.287345,7.637639,,14.698775,11.361165,16.688526,15.93556,7.014132,17.561665,12.178164,17.425544,12.290794,17.458207,10.63145,16.550254,13.569455,7.437211,12.610485,17.157441,15.263388,10.424355,16.983158,14.189584,8.878695,10.206856,17.459996,19.716451,18.139322,15.078701,11.142675,12.271297,10.72419,15.372831,20.137073,11.609733,11.264296,15.593427,16.167134,,14.029032,10.469611,13.716975,,,8.617174,,17.256908,14.735061,14.933077,14.260123,,16.015372,8.259555,19.582435,13.850251,16.37711,11.997176,10.534011,15.188481,18.76709,14.003591,8.266833,13.334896,10.822682,19.1099,15.397911,14.203395,16.720895,17.133509,11.97964,10.120873,7.857857,10.467932,,8.337889,15.108792,16.869825,7.161787,16.72331,15.700731,9.248947,7.399171,17.725976,9.403502,15.749685,14.572012,18.924149,17.40502,18.4649,14.010011,10.610499,,8.690417,14.530898,12.870446,16.156788,13.190427,19.308064,,16.472657,12.899689,19.412933,8.219653,,12.714698,17.659027,16.128547,9.322559,,15.59615,14.774606,14.957436,,13.31402,17.339864,11.346287,,12.18182,9.793473,6.92837,8.816824,8.023366,12.15472,13.968098,9.808321,14.027118,13.931433,,,16.815977,,8.569058,,9.774524,12.214003,14.679729,17.263328,7.968321,17.573218,7.677015,18.797576,17.605224,15.458226,,,12.697584,8.355968,12.968237,7.950935,14.456197,10.431048,10.729536,9.76527,20.631563,12.992466,18.45108,15.019419,7.461398,16.943095,18.503468,,,12.672288,18.1884,,17.784532,11.795427,7.152488,9.859178,13.492437,9.964774,12.635269,13.225578,16.844623,19.039913,10.405503,10.520913,,10.974199,16.216566,13.230995,,18.767047,,9.789583,15.366034,10.942896,13.200056,11.614098,16.904588,,14.043989,11.806328,18.23192,16.240611,12.357731,12.71341,,13.713015,1.0
S076,SUBJ034,post,participant,76,B2,28.0,M,27.1,19.497186,,,12.321325,,16.377671,13.417746,17.465014,,6.6522,17.147164,,14.598289,16.082703,10.145537,12.078851,9.147256,14.910276,,,13.765152,5.958843,,18.699181,18.141724,14.464408,13.901879,12.082671,9.248876,21.10342,10.390663,15.644265,18.170353,10.961811,17.53088,19.129936,,15.832829,16.11796,17.098768,8.518181,7.486393,12.608821,17.000116,13.910789,9.920115,14.52856,15.821635,9.806195,,19.179921,20.275822,21.305176,17.185307,,10.31904,16.777585,9.33443,15.079529,,16.295087,13.534229,7.752949,17.447526,,11.195015,7.137811,,13.004396,10.282046,15.121647,17.970125,10.688049,,17.32667,11.523817,16.090771,13.769974,,7.011563,,18.8113,15.495634,,16.49764,12.524774,16.915889,14.188919,18.029939,17.641352,13.65461,10.627388,17.241141,11.799873,12.111618,14.544681,,17.350643,16.998093,12.670251,6.292414,19.348065,14.251713,13.588509,6.484622,13.600143,13.721355,14.815696,11.879112,9.551305,14.339071,15.328629,9.301679,17.749906,20.398382,8.785354,,,10.321184,,,16.731841,15.306034,,18.461841,9.467483,14.790482,13.677219,15.279913,15.435458,12.905282,11.623177,16.79647,9.963806,9.540767,15.706569,16.879709,,,16.427808,,18.507759,13.418869,9.340028,,14.837414,14.508367,14.38971,18.153372,17.570182,18.459726,7.099085,10.509181,14.731116,6.962433,15.578737,,12.755015,15.451295,,,20.385577,13.268948,9.24134,12.850962,,10.668486,,13.711,,,13.250217,9.969746,16.653353,12.047161,8.463361,12.130535,10.507398,10.861444,,13.377976,6.838574,13.262334,16.048739,16.795237,12.711944,,13.670749,16.707784,14.411445,7.864743,14.775686,13.810731,17.699166,6.879828,9.432145,16.288108,,15.226411,16.150943,,17.451221,12.186411,16.907071,12.812568,17.780392,,15.958577,14.272142,8.489125,12.191824,17.140469,17.541565,9.448798,18.739871,13.923,8.274308,9.700873,16.160693,20.380533,17.341519,15.019382,12.106851,12.461809,10.761584,17.513933,19.78278,11.575525,11.592022,15.733299,16.595722,,11.690483,11.576069,14.018647,,12.339641,,,15.255136,13.677559,13.868017,12.630126,9.350409,16.827705,,19.840162,13.23535,16.202498,11.725733,10.295229,15.456415,17.890974,13.565822,,12.926146,13.381201,18.543853,15.329125,13.675817,16.541227,16.00894,11.383288,9.798699,,9.627005,,8.962376,15.511307,15.980474,7.535042,17.09581,16.807767,9.723541,7.406333,15.327315,9.597028,15.460097,13.126574,18.736102,17.392695,18.626193,15.441095,10.71379,9.20156,8.48776,15.183886,11.791147,15.255245,13.235464,19.724107,,16.087104,12.362242,19.614015,9.084171,11.858987,13.230678,17.215201,17.24725,8.569932,6.431289,14.330901,15.655767,15.369345,,13.996397,20.101636,10.193907,8.474395,12.359898,10.509003,6.906891,6.986411,,12.683795,13.939212,10.324372,14.095886,13.236738,8.857639,,16.994157,,8.248355,8.340829,11.482274,13.109723,15.993412,17.547628,,18.428777,7.977681,18.898449,16.618292,17.024209,,,13.921406,,11.548909,8.037767,14.081939,10.006985,10.648232,9.384071,20.266893,13.234614,17.940196,14.139347,7.965265,15.707937,18.256978,,10.815159,12.752297,18.300826,,17.527035,11.780847,8.44791,9.950877,14.991261,12.137555,13.224296,11.735954,18.421551,18.694569,10.176248,,,11.567623,16.491468,14.897283,,18.42711,10.60269,10.119823,16.269965,10.946848,13.320799,10.3475,16.255967,,16.285583,10.541716,15.973111,14.090742,12.041563,,,13.209211,0.0
S077,SUBJ035,pre,participant,77,B2,49.0,F,20.4,19.545145,12.754286,,12.317865,8.635319,16.25839,12.47106,18.283158,11.571079,9.543651,17.612203,,13.438422,15.846539,10.629894,11.979011,,12.786878,8.225063,7.801417,13.493905,,,16.750136,17.979145,14.79474,15.151987,11.370742,9.13694,18.639879,10.586915,14.629737,19.432582,12.409346,17.157829,18.914621,7.487116,15.37502,15.274463,15.027014,,,12.028959,17.195371,,,14.508401,14.53984,8.12143,,18.323955,17.721371,17.151185,16.8208,,10.801458,16.364477,9.037327,15.855959,7.806646,15.533492,13.06402,,20.17943,,10.310579,7.041331,6.410579,14.233751,9.777288,15.138888,18.913339,10.873098,7.993618,16.703522,13.063046,16.740662,15.430932,,7.324,7.442943,18.244273,15.129751,12.904298,17.072539,12.829964,17.058165,16.040498,16.617748,18.184397,,11.124179,14.248733,10.885285,12.993062,14.821711,,17.395993,17.546752,13.546814,,19.353973,13.859101,13.283852,,13.387584,15.828049,14.329867,11.163216,10.367087,12.053006,15.608399,,18.139507,19.470722,8.323505,8.254509,11.615064,11.990891,8.580183,,16.557736,14.32246,,19.692851,9.365382,12.45726,15.311293,16.522081,16.83421,11.775606,,17.127463,,,16.211968,14.38201,7.777814,11.378831,18.15608,9.756156,17.991371,,8.904183,10.970307,14.139004,16.210297,15.23729,19.506913,17.5319,19.925116,7.414643,11.951664,13.726423,,15.366348,11.486905,13.78956,15.848437,,,17.577025,13.481374,9.947213,,8.553975,9.31193,7.135658,15.129971,,,14.644646,9.019062,16.454259,12.146324,8.651195,13.57774,9.802355,11.117825,6.945561,15.841663,7.196823,12.384646,18.473849,16.495289,13.423897,,14.000971,17.986636,13.601143,9.159342,15.804713,12.501235,17.936747,6.704042,8.663131,19.335637,12.961882,16.746509,16.320115,6.708463,16.805927,12.900795,16.53656,13.13796,17.664939,10.583487,17.575949,13.94743,8.553668,11.659291,16.26741,17.075788,9.587384,18.658164,13.696554,8.470293,9.933897,16.53318,19.545009,17.690706,15.419904,11.607742,11.977656,11.160943,18.18891,18.704944,12.043509,10.982559,16.37284,17.434965,,13.095811,12.334692,15.170804,,12.987621,8.981681,10.277566,12.984232,16.372733,15.294068,15.83791,,17.354382,7.816728,18.564805,13.905533,17.329587,12.04928,9.293725,14.628737,20.442507,14.723632,,13.857614,12.839617,19.42619,15.555112,16.616161,15.302862,17.625549,,10.320327,,11.518181,5.848498,8.529821,15.632566,15.277914,7.15967,16.861417,17.396536,9.735573,,18.705758,9.059344,14.920819,14.171173,16.932983,15.874365,18.18771,14.127283,10.399289,,9.280214,15.868157,12.747885,16.229264,14.36932,19.57224,8.703869,15.973001,11.919854,18.660063,7.846556,12.208064,13.180621,20.913625,18.061097,10.036229,6.190615,15.97281,16.596829,15.485025,,14.345095,17.226353,12.461618,,13.587951,9.987207,8.32364,7.830737,,11.989721,12.989795,10.186164,14.189398,14.327602,,5.833649,16.690676,6.62819,6.770168,6.814807,10.394313,12.032077,13.393378,16.976602,8.160779,17.923374,7.842727,17.975475,16.582451,15.060936,,,13.864989,8.59902,12.486566,7.416755,14.58008,11.162114,11.40612,8.768383,17.883494,12.684288,17.494092,14.466632,9.485366,15.210661,18.074479,,9.786057,12.965131,18.780474,,17.48499,,7.621832,10.892733,14.242437,9.229588,12.524419,12.20739,18.829262,19.932102,10.361099,9.398273,,,15.203873,15.077321,,18.661507,11.746796,11.792709,15.816723,10.934141,12.752974,10.836768,16.744329,,14.895016,12.052021,15.011447,16.824374,11.61833,,9.722329,13.25925,0.0
S078,SUBJ035,post,participant,78,B2,74.0,F,26.2,17.459081,12.649743,6.538693,12.267351,8.947988,15.499779,12.884609,17.418419,11.448034,8.051318,16.32227,7.785289,12.840473,16.764143,,11.954007,9.768995,13.384355,9.168873,7.899961,14.034697,,7.257859,16.485421,17.709657,16.178753,16.132008,12.164175,9.272933,21.267044,10.31447,15.410464,19.335249,10.658211,17.185035,18.948699,,15.627204,16.357959,16.099675,8.553629,7.603478,13.142557,17.29238,13.324998,10.069638,12.492622,15.830795,9.37953,,18.99222,18.178691,19.432177,17.990437,5.8387,13.619858,16.9907,8.727614,14.415348,8.962549,15.858749,10.567234,7.525756,18.829336,,10.013253,6.949652,,12.869235,9.3635,14.785688,17.808215,11.732206,8.569514,15.994982,11.993083,16.243219,16.061182,12.014868,7.197905,,19.063336,15.682364,,15.029555,12.701989,19.376196,14.43476,16.662926,17.125628,,11.005126,15.542156,12.250349,12.148009,15.593613,,17.585637,17.760633,13.51471,8.660923,19.1708,14.441676,15.963762,,13.351058,14.552327,14.980761,11.926048,9.118785,11.835407,15.066592,9.400303,16.933148,19.242797,7.704042,,11.917212,10.527653,8.049141,,16.957223,14.617924,,18.887834,,13.612872,14.76512,16.151729,16.309358,13.554639,11.446272,16.338439,9.505037,8.968033,17.604547,16.458333,7.453024,11.307081,18.270411,10.487629,17.971132,13.568495,8.326789,12.099476,15.283322,16.706009,14.784673,18.299861,17.417261,19.804891,6.833523,11.005568,13.820246,7.335658,16.023457,10.654788,14.317415,16.927455,,,17.953438,,9.252216,11.643739,,10.221442,,17.48299,10.228241,,13.085728,10.547704,17.305082,11.803522,10.482223,11.135312,10.181624,,7.414474,14.939136,8.16551,12.734341,18.739104,15.610605,13.525735,10.989998,14.141686,18.285289,14.489761,7.542413,16.054003,,17.312262,6.159266,9.658211,17.082831,12.043492,16.72084,15.757369,7.047778,17.732558,13.016988,16.510136,11.817228,18.243469,,16.283338,13.409185,9.216503,13.157914,16.347545,16.835262,,18.230069,14.293351,8.580032,10.453569,16.165487,19.886786,19.469442,14.947378,11.04066,13.188043,11.721424,16.854618,17.639617,12.623148,11.4062,16.244691,16.568311,,12.551112,10.94082,14.488206,6.842853,12.614521,8.451087,,15.461057,15.445919,13.792525,15.538254,,14.671403,7.951634,19.408301,13.632286,16.507587,11.909008,10.854868,13.826956,18.472084,13.864438,,14.569243,11.389319,19.115828,16.306722,13.92113,16.406429,18.142995,11.388755,,,12.520405,,8.560944,16.06023,16.072225,6.683275,16.793938,17.987495,9.750707,7.289189,18.192482,8.820721,15.642227,14.592568,15.533491,16.832392,19.351473,13.901897,10.199108,,8.972262,15.153669,12.007255,15.531369,,19.418963,9.024032,15.70053,12.061665,19.521178,8.080338,,13.403798,16.376711,17.615094,9.472853,,15.673622,16.347653,16.394802,,15.386631,18.126906,10.418759,9.971314,12.35875,10.587074,7.757423,9.133579,8.436045,13.043692,13.809838,9.193082,14.225316,13.273989,,,16.553272,,8.371907,6.126188,10.414188,11.627114,13.460496,16.174737,7.942221,18.53315,,14.766483,17.261995,15.54449,,,13.843107,8.319491,12.502305,7.034414,13.981902,,11.881951,7.581803,18.372861,12.933132,17.616701,13.048407,8.516803,15.443439,18.938712,,,11.556578,18.039407,7.938521,17.010964,11.745779,7.851437,10.688801,14.529498,10.302205,14.397784,10.000042,17.908627,20.534445,10.086786,11.729527,9.434607,,15.762848,14.866695,,18.107763,10.607691,10.459073,12.941583,11.300856,12.736867,,16.183126,,14.314485,10.666579,18.157001,17.209351,11.92954,,,13.599574,1.0
S079,SUBJ036,pre,participant,79,B2,37.0,M,22.1,20.331322,11.048051,6.240696,12.719859,,16.275968,12.216925,18.400678,,7.70335,15.379441,8.967169,12.768668,16.510465,10.362327,12.184782,10.056353,15.704834,8.868298,7.787315,,,7.521208,17.526983,17.991325,14.796355,14.301771,12.584934,9.174851,18.200813,8.932451,16.154654,18.770567,11.537325,17.219579,18.786983,,14.443046,15.402314,16.978583,9.864356,,12.104425,16.141982,13.761087,,15.073992,16.314883,10.181898,,17.864566,19.687431,19.496865,17.226352,6.67101,12.282758,16.563662,8.657604,14.791576,7.609327,15.785055,11.872533,6.134837,18.38987,,,,,13.957373,9.873521,16.396657,18.064792,10.887122,8.514438,17.427284,12.071985,15.894214,14.428259,11.587004,,6.648322,17.463972,14.403392,13.758152,17.296656,14.379286,14.858846,15.958955,16.377674,17.768221,10.390878,11.409762,13.362671,12.229807,12.200984,14.376627,,17.688158,16.775974,11.703519,8.010556,18.690043,13.905944,14.653113,,14.331628,14.802274,16.652051,11.65689,8.626914,12.26196,16.18089,,16.954319,19.178004,8.160678,,10.943313,11.376739,,,16.686698,15.022044,,18.954184,,12.964516,16.820144,15.18429,16.485401,13.358782,11.481159,17.36357,,10.121249,15.04728,14.766544,8.01363,11.433257,16.103241,10.07047,16.623953,13.522785,10.372745,12.120235,14.193103,16.044692,14.659883,18.55676,17.745751,18.94263,6.441782,11.533889,13.968174,,15.483043,10.757557,,17.043979,,9.987548,17.877114,15.030909,,11.17971,9.42792,10.398188,,16.152412,11.229522,,15.148418,9.380894,19.115707,12.257756,7.677015,13.012935,9.265146,10.465311,,14.437964,7.919876,12.11243,19.289183,15.092763,13.51409,,14.173258,18.058168,13.805543,7.407948,14.241855,14.035287,18.57433,7.798375,9.629721,17.094393,13.528162,15.421228,16.134222,6.661065,18.063484,12.558581,18.130051,13.228036,19.885177,11.41665,16.139247,13.698528,9.235583,12.14668,16.80826,16.518209,10.035871,18.880241,13.496062,6.809543,10.05952,15.475148,20.075521,18.417663,14.005039,10.088907,13.011393,10.261025,17.315643,19.13847,11.655669,11.612219,16.737839,17.364689,,11.921685,11.346015,13.795476,,12.66781,8.793473,,14.732547,13.976108,13.880269,14.846582,,16.769628,9.338424,19.04265,13.194064,16.110337,,9.237831,15.920479,19.284841,14.410125,8.564874,,11.757919,18.436442,14.671382,16.432411,18.284738,15.908615,11.261595,10.281455,,11.372783,,7.895908,14.713238,15.692938,7.739713,17.284257,14.508977,9.024364,,19.004909,9.651106,15.789002,14.248181,19.306443,16.851829,18.537492,13.693547,,,8.106955,16.712425,11.753731,14.665967,13.881857,19.448317,,17.296611,12.658319,18.770681,8.927482,12.143339,14.306767,17.11474,16.619405,,,15.390489,15.232741,15.578108,7.034194,,17.118158,12.41302,,11.569879,11.540666,,8.415995,7.935224,12.66968,,10.070819,14.482997,14.922701,,7.520029,17.418015,,9.311885,6.663772,,,13.50897,16.628484,,16.026687,7.162693,17.963008,17.288384,15.225384,,9.120627,15.296009,10.228109,11.503344,8.666224,14.93005,10.011325,11.281623,,18.819931,12.158913,18.201352,13.683865,9.158357,15.871316,18.486883,,9.844219,13.656221,19.195774,,17.282851,11.988869,7.904665,11.089563,13.890905,,14.073923,10.026717,16.98007,17.572117,10.265041,10.636634,9.725145,11.788722,15.888537,14.666516,,18.534185,10.146658,,16.735953,11.675238,12.604773,11.634625,17.870436,,15.777606,12.137804,17.366219,15.114526,,,,12.337039,0.0
S080,SUBJ036,post,participant,80,B2,70.0,M,28.4,20.396504,13.992305,6.533719,12.220593,10.87631,16.351082,12.482258,17.705586,11.989476,7.805292,17.813569,8.214028,13.77188,13.940947,11.641772,12.030381,9.436066,14.514939,9.888895,,15.975748,7.160981,6.756356,16.568609,17.537458,14.381566,14.317591,12.760518,9.102868,19.67237,9.161132,15.344789,17.985072,12.078348,17.030083,17.943612,7.444021,16.887243,15.97633,17.193318,9.954545,,12.856178,16.991346,,9.572833,13.088686,15.660872,8.709497,,18.33748,18.543655,19.924028,17.687224,,10.860699,17.045371,8.892968,15.561418,8.518417,15.067786,12.298661,6.864186,18.311639,,,6.971199,,13.070924,,16.203991,16.418233,11.254143,8.035734,17.436509,12.866193,16.001041,15.734809,,,,17.101246,13.220759,14.176599,16.274526,12.5817,19.005569,14.858963,16.275471,16.704116,11.051005,10.850718,15.474862,12.209871,12.476149,15.550541,,16.957448,18.415752,12.383315,,19.078941,14.147732,14.236067,,,14.237909,14.961945,10.781311,8.898632,12.328647,15.638077,,16.770638,19.374901,8.82569,,,11.19504,,,16.402644,14.229686,,17.884565,9.401562,12.947414,14.969582,16.560213,16.1523,12.326359,,15.813435,,9.093074,15.817208,15.477595,7.440122,,16.663483,,17.139005,,9.102999,,14.790191,14.435942,15.09695,17.188954,17.878228,18.74396,7.295907,,14.548505,,15.942479,,14.967108,16.298212,,9.854448,18.806323,13.261365,9.288036,,,10.248521,,14.549768,10.240994,,13.569869,10.397386,19.099469,12.499559,8.096083,13.183375,,11.538999,6.522778,13.823703,,13.518659,17.643129,14.281278,13.768184,11.027574,13.238036,18.814953,13.828643,8.473827,15.127453,14.125318,17.311139,,9.230573,15.710914,11.999968,16.183537,15.706736,,17.562841,12.264472,15.404112,13.138377,16.818772,,17.196855,13.634861,7.696411,12.36345,16.508137,16.149194,9.721646,17.357326,14.560926,8.989224,9.986539,15.421411,19.742259,17.270444,15.144377,10.12438,12.855859,10.489166,18.546072,19.914613,12.028652,10.794968,16.846894,15.761414,9.366453,13.09673,10.009801,14.486125,,12.197843,,,15.283929,14.436009,14.245643,15.445798,,15.89544,9.301633,18.975166,13.180711,16.490926,12.104196,12.251524,13.098781,19.908708,13.282981,,12.285292,12.752613,19.062973,15.486215,14.807227,14.693948,18.544559,11.739768,9.860125,7.5694,10.73476,,9.195323,17.199415,14.790364,7.100873,17.203869,16.327975,9.822013,,16.807782,10.628354,15.892535,14.56667,18.022473,16.233499,18.945591,15.345024,9.470395,,8.968379,16.815819,11.662686,14.943063,13.369407,20.576103,,17.257959,11.624891,18.572707,7.802387,12.789705,13.053739,18.276717,16.623886,10.117215,,14.143343,15.115909,16.245062,7.556813,14.465969,18.463449,12.515424,8.520029,10.397429,11.197094,7.828644,7.346691,8.57841,11.810692,12.946771,10.366421,14.391133,15.123419,,6.154413,16.817289,,7.892027,5.895303,9.816792,12.810313,14.055404,17.170857,7.624174,19.176112,,19.096531,17.36091,15.024509,6.702519,7.239551,15.17575,9.885574,12.103321,9.778439,14.245343,10.490079,,9.386876,18.674384,12.226457,17.750753,14.470176,9.99009,16.975307,18.441141,,10.401573,14.1553,18.592054,,17.093863,,8.17981,10.527927,13.982197,,14.181205,10.83342,18.190813,18.462222,9.914146,9.491091,,11.434112,15.892032,14.407349,,17.639064,,,17.849081,10.983585,13.229713,11.079405,14.311958,,16.000906,11.155375,15.698081,16.938443,11.657202,12.95792,,14.018455,1.0
