sample_id,sample_type,run_order,batch,age,sex,bmi,mz_0001,mz_0002,mz_0003,mz_0004,mz_0005,mz_0006,mz_0007,mz_0008,mz_0009,mz_0010,mz_0011,mz_0012,mz_0013,mz_0014,mz_0015,mz_0016,mz_0017,mz_0018,mz_0019,mz_0020,mz_0021,mz_0022,mz_0023,mz_0024,mz_0025,mz_0026,mz_0027,mz_0028,mz_0029,mz_0030,mz_0031,mz_0032,mz_0033,mz_0034,mz_0035,mz_0036,mz_0037,mz_0038,mz_0039,mz_0040,mz_0041,mz_0042,mz_0043,mz_0044,mz_0045,mz_0046,mz_0047,mz_0048,mz_0049,mz_0050,mz_0051,mz_0052,mz_0053,mz_0054,mz_0055,mz_0056,mz_0057,mz_0058,mz_0059,mz_0060,mz_0061,mz_0062,mz_0063,mz_0064,mz_0065,mz_0066,mz_0067,mz_0068,mz_0069,mz_0070,mz_0071,mz_0072,mz_0073,mz_0074,mz_0075,mz_0076,mz_0077,mz_0078,mz_0079,mz_0080,mz_0081,mz_0082,mz_0083,mz_0084,mz_0085,mz_0086,mz_0087,mz_0088,mz_0089,mz_0090,mz_0091,mz_0092,mz_0093,mz_0094,mz_0095,mz_0096,mz_0097,mz_0098,mz_0099,mz_0100,mz_0101,mz_0102,mz_0103,mz_0104,mz_0105,mz_0106,mz_0107,mz_0108,mz_0109,mz_0110,mz_0111,mz_0112,mz_0113,mz_0114,mz_0115,mz_0116,mz_0117,mz_0118,mz_0119,mz_0120,mz_0121,mz_0122,mz_0123,mz_0124,mz_0125,mz_0126,mz_0127,mz_0128,mz_0129,mz_0130,mz_0131,mz_0132,mz_0133,mz_0134,mz_0135,mz_0136,mz_0137,mz_0138,mz_0139,mz_0140,mz_0141,mz_0142,mz_0143,mz_0144,mz_0145,mz_0146,mz_0147,mz_0148,mz_0149,mz_0150,mz_0151,mz_0152,mz_0153,mz_0154,mz_0155,mz_0156,mz_0157,mz_0158,mz_0159,mz_0160,mz_0161,mz_0162,mz_0163,mz_0164,mz_0165,mz_0166,mz_0167,mz_0168,mz_0169,mz_0170,mz_0171,mz_0172,mz_0173,mz_0174,mz_0175,mz_0176,mz_0177,mz_0178,mz_0179,mz_0180,mz_0181,mz_0182,mz_0183,mz_0184,mz_0185,mz_0186,mz_0187,mz_0188,mz_0189,mz_0190,mz_0191,mz_0192,mz_0193,mz_0194,mz_0195,mz_0196,mz_0197,mz_0198,mz_0199,mz_0200,mz_0201,mz_0202,mz_0203,mz_0204,mz_0205,mz_0206,mz_0207,mz_0208,mz_0209,mz_0210,mz_0211,mz_0212,mz_0213,mz_0214,mz_0215,mz_0216,mz_0217,mz_0218,mz_0219,mz_0220,mz_0221,mz_0222,mz_0223,mz_0224,mz_0225,mz_0226,mz_0227,mz_0228,mz_0229,mz_0230,mz_0231,mz_0232,mz_0233,mz_0234,mz_0235,mz_0236,mz_0237,mz_0238,mz_0239,mz_0240,mz_0241,mz_0242,mz_0243,mz_0244,mz_0245,mz_0246,mz_0247,mz_0248,mz_0249,mz_0250,mz_0251,mz_0252,mz_0253,mz_0254,mz_0255,mz_0256,mz_0257,mz_0258,mz_0259,mz_0260,mz_0261,mz_0262,mz_0263,mz_0264,mz_0265,mz_0266,mz_0267,mz_0268,mz_0269,mz_0270,mz_0271,mz_0272,mz_0273,mz_0274,mz_0275,mz_0276,mz_0277,mz_0278,mz_0279,mz_0280,mz_0281,mz_0282,mz_0283,mz_0284,mz_0285,mz_0286,mz_0287,mz_0288,mz_0289,mz_0290,mz_0291,mz_0292,mz_0293,mz_0294,mz_0295,mz_0296,mz_0297,mz_0298,mz_0299,mz_0300,mz_0301,mz_0302,mz_0303,mz_0304,mz_0305,mz_0306,mz_0307,mz_0308,mz_0309,mz_0310,mz_0311,mz_0312,mz_0313,mz_0314,mz_0315,mz_0316,mz_0317,mz_0318,mz_0319,mz_0320,mz_0321,mz_0322,mz_0323,mz_0324,mz_0325,mz_0326,mz_0327,mz_0328,mz_0329,mz_0330,mz_0331,mz_0332,mz_0333,mz_0334,mz_0335,mz_0336,mz_0337,mz_0338,mz_0339,mz_0340,mz_0341,mz_0342,mz_0343,mz_0344,mz_0345,mz_0346,mz_0347,mz_0348,mz_0349,mz_0350,mz_0351,mz_0352,mz_0353,mz_0354,mz_0355,mz_0356,mz_0357,mz_0358,mz_0359,mz_0360,mz_0361,mz_0362,mz_0363,mz_0364,mz_0365,mz_0366,mz_0367,mz_0368,mz_0369,mz_0370,mz_0371,mz_0372,mz_0373,mz_0374,mz_0375,mz_0376,mz_0377,mz_0378,mz_0379,mz_0380,mz_0381,mz_0382,mz_0383,mz_0384,mz_0385,mz_0386,mz_0387,mz_0388,mz_0389,mz_0390,mz_0391,mz_0392,responder
QC01,pooled_qc,1,B1,,,,287513.91,2509.12,,,517.37,200050.16,14971.97,73888.57,8346.56,,28476.09,393.0,3390.31,195535.2,3821.08,,615.88,60306.36,,239.34,95175.75,,,1017913.28,319346.91,58833.67,5147.12,,,85696.6,,111204.93,355995.92,,118488.26,296287.73,153.75,29734.72,38129.23,71046.54,818.02,507.79,2340.66,84941.1,11114.86,1871.83,2320.58,78705.75,,237.72,363287.04,133663.01,429255.05,1111860.65,68.89,913.9,58877.14,,77048.11,,242581.93,2724.63,,133757.35,178.43,1634.33,,91.05,7295.68,822.1,9555.67,449316.37,1225.48,,89740.53,2575.19,227905.21,20904.39,8147.07,239.83,111.35,595413.16,85453.88,23045.71,38873.73,3971.48,71891.55,21744.17,13015.47,406862.94,1716.95,1371.1,72928.06,5394.47,5196.06,46425.21,180.19,28693.62,169223.31,8257.07,,217456.12,68716.16,11815.91,189.02,44507.69,90934.28,136825.21,,,3853.92,21281.09,1629.49,75080.78,95533.45,,1043.66,836.48,1966.73,493.37,107.93,19731.01,11934.24,80.09,480584.9,979.85,14528.11,41714.02,90073.33,10606.66,1162.88,8479.37,73310.67,1165.1,715.42,17062.39,53164.3,167.54,9318.71,219691.18,1910.81,624258.5,11755.59,,8116.76,3840.77,10204.54,156625.54,589133.07,153483.72,207637.56,,1750.31,12733.96,179.65,121447.9,1517.33,23913.66,140648.87,255.15,1065.84,504697.9,50296.79,1359.01,2983.67,448.76,595.33,258.61,300834.2,3988.48,1758.99,5294.11,362.77,74257.89,3247.5,,5682.36,836.33,972.97,,5126.74,,,584196.66,12579.82,6411.92,4926.19,57871.25,431556.25,51282.98,,33423.75,5904.43,298488.25,,,74793.95,8272.9,88596.95,85574.94,,29431.25,,156325.56,2332.14,733771.5,6286.79,15989.76,11820.87,,3642.4,109528.7,18860.22,,51940.89,18672.19,,,114497.65,175551.29,38453.11,11933.75,,,1977.04,47482.91,97439.17,,,50427.38,51217.51,1248.74,1311.61,1903.84,30033.87,223.11,10050.99,405.54,3335.93,201697.85,33573.47,51981.04,23104.32,740.43,243868.48,,220380.22,26181.09,75171.46,8909.74,,9816.89,303500.88,14029.06,433.86,30202.75,899.96,73757.56,149272.22,33952.18,60726.36,30871.64,8192.33,1358.45,574.34,671.33,67.63,,7016.14,24638.08,,529553.68,266853.84,,155.79,31066.83,,25670.66,60395.36,35580.64,565145.95,114056.94,25711.45,,1165.7,,14234.97,8174.74,77702.9,66542.96,350049.67,647.62,35797.12,5641.25,277704.55,183.14,15153.14,9653.88,48312.38,69106.06,,82.83,110764.1,37290.92,57328.38,210.88,127155.76,205672.3,1205.19,681.34,3101.68,,,,174.65,7896.59,30997.9,,22102.2,31014.22,886.88,,222691.81,91.76,,,1418.82,3323.98,4009.69,34556.89,411.98,67496.92,,579479.05,560576.14,6572.69,182.23,,6428.99,,1123.9,,15939.21,988.83,7257.25,217.83,219394.94,7523.04,182314.56,7031.57,,79523.01,556593.47,185.16,1304.52,4613.58,471482.17,512.0,33196.99,6030.06,,788.97,5293.18,1531.75,29615.51,1447.03,52061.48,172319.06,,2072.99,2558.42,2300.08,91158.8,6853.16,98.22,94900.85,2985.74,2462.99,7013.31,,7429.31,4953.95,74555.32,460.33,6561.07,3035.61,80782.62,40839.54,9124.52,28734.34,3020.77,5918.91,
S002,participant,2,B1,69.0,M,30.0,198989.76,4490.45,,,305.97,279726.17,34828.02,53666.56,3296.26,,40461.83,1297.71,,92483.18,1524.57,,,77076.77,,246.75,166892.11,,,535114.92,526236.04,50587.84,,,,50174.15,689.29,92242.0,345552.06,890.91,120032.82,386937.68,175.2,10446.44,49604.24,63484.92,1067.17,235.13,,65501.87,5218.17,1392.52,4262.86,50572.19,284.75,240.23,359695.19,66354.56,342924.94,880251.16,145.91,2897.81,64890.51,,69875.99,283.92,205938.62,2601.97,102.96,128833.05,141.88,1756.95,,97.35,12507.91,,15066.7,507608.6,,,78692.9,2294.02,134403.36,35163.94,9756.05,,138.81,1780711.94,58343.05,17244.85,37778.05,,208933.62,26862.06,5358.98,317063.6,3953.87,1824.35,53314.57,8478.09,10084.3,49126.58,258.1,19202.62,300879.65,4047.41,,305044.96,61728.32,5101.71,107.04,99510.44,52233.0,174615.07,,679.84,18455.77,,1568.45,69152.64,46626.88,,1051.43,1486.7,1426.66,777.46,179.66,18763.69,17208.81,,1076330.63,1008.74,18677.24,46033.18,34035.83,6813.42,1462.65,5769.79,86200.53,,2457.95,11212.53,147883.09,,6022.78,223027.5,2906.81,549855.73,8665.83,,10507.29,4683.27,,148515.03,212784.91,174400.07,241728.11,,1781.3,21388.9,184.45,57282.39,,19003.64,93669.36,298.28,635.13,327043.35,78072.04,3012.18,3674.26,370.7,,307.43,67351.19,3787.68,1358.94,4854.53,366.25,176446.21,,,20722.79,844.68,,188.77,3711.46,,1633.62,259460.47,22517.34,6413.4,3387.33,43574.98,393734.29,31858.87,296.54,187930.94,4484.97,454339.31,,,41598.02,19219.94,83966.0,168947.57,,20387.61,,188216.28,3708.85,929242.34,1756.82,13946.79,14351.03,,4178.35,139463.49,18966.6,,65994.43,17718.96,131.43,573.74,109427.98,144487.98,100236.81,13887.89,,2423.24,3554.93,143783.92,156206.09,1408.96,,,29022.75,848.51,1897.66,,27634.85,,6537.73,,2100.78,133507.54,23101.45,119333.94,11599.44,1179.74,149584.67,,200490.27,48153.56,42946.19,11775.04,,11285.03,207953.16,21082.63,727.92,32050.38,942.89,62367.84,535126.25,113834.99,35170.17,33273.13,6245.56,2017.29,226.17,847.62,79.1,,19002.81,80421.88,,513588.78,181301.43,,181.89,,,24932.78,104471.8,82997.61,491712.28,93577.71,36899.27,373.69,631.59,,25175.12,3403.28,152138.5,98001.49,139893.77,460.03,36651.27,5721.29,545278.82,210.14,8442.44,20430.58,104142.64,64711.43,217.26,,79283.99,37015.61,43920.26,693.7,130922.78,205430.2,2199.53,1034.92,5525.86,,,,,9417.0,23201.82,,29371.52,55372.78,848.96,,149182.96,119.4,,84.77,938.52,8422.03,3698.26,30810.72,,20666.46,,1056606.53,452996.64,13580.05,252.69,134.82,7762.92,,1785.01,,14372.51,,11078.79,,295987.49,19092.48,178208.01,19046.17,,111420.12,816057.94,236.71,1127.87,4476.89,585878.43,556.97,38238.36,6240.67,,699.96,3642.22,2116.33,41360.0,1652.44,47391.85,177984.16,,5628.04,1628.4,1833.83,84401.47,13440.83,83.34,162178.17,5414.18,1685.25,4272.8,,6450.25,3723.86,31338.4,308.36,,1454.12,63970.3,30625.24,8147.52,27536.67,3075.78,5584.25,1.0
S003,participant,3,B1,33.0,M,22.0,452923.08,2206.13,,,,397403.41,29041.08,75958.55,12731.76,197.97,20084.91,,,158901.39,6332.83,,575.39,36240.64,,,92413.46,,145.21,692773.06,316236.17,21491.36,6683.5,1206.75,,73075.71,,47981.51,164596.87,860.72,81298.43,163832.03,,17231.83,47005.37,41175.3,,217.95,2501.87,114299.83,,1549.83,2105.18,252790.26,331.23,347.38,489664.25,276578.94,261038.83,806750.56,,,49638.42,,37698.22,,100687.74,3282.46,76.38,73791.39,160.33,1864.31,109.82,179.79,5417.78,,16119.03,372317.66,2625.01,,20828.25,4922.82,201594.02,17929.42,6534.22,,351.13,913172.2,190181.28,19885.49,19564.95,3009.53,67034.88,10008.71,40225.38,229305.99,1947.99,1539.69,157123.99,13807.88,4632.88,23563.57,327.76,45574.62,179926.4,5988.75,,105672.1,67329.08,27051.3,184.15,71591.36,42894.63,132263.17,,,5521.71,29536.04,1437.91,43714.96,261985.16,196.58,872.69,2301.5,,642.32,117.86,13780.32,22017.14,,1244805.59,1055.46,35928.56,72255.06,36310.84,15997.37,1329.6,5612.62,56636.26,636.71,969.93,,33604.46,,2786.28,242652.44,3522.27,190008.27,9645.25,,2980.93,5287.1,14292.06,142568.15,678926.11,131526.03,146754.45,79.74,4450.02,9010.45,133.83,152892.98,,89158.94,361860.9,292.96,1250.88,1522696.27,67199.59,1035.06,2839.66,1142.76,,178.94,238989.52,5801.63,1436.29,4329.27,,14050.71,3027.59,,4788.1,752.85,1552.04,85.27,8640.85,,,1916042.1,13995.35,,2727.47,60345.98,400212.39,22049.34,,10102.2,,208250.31,,398.64,240882.37,3487.38,79961.7,80066.5,,34661.05,,100621.05,,1575560.69,2789.3,14496.85,9290.71,198.12,5424.91,98461.42,16670.18,,90780.33,,,,72121.29,228576.86,83681.42,,1156.31,,2503.42,96501.45,240602.64,1209.58,826.23,28877.36,7201.82,1968.05,5135.18,4400.99,26940.82,274.74,8587.33,580.33,4415.92,65454.41,30388.54,17800.57,21153.72,,298883.73,179.81,1268412.1,36154.97,85256.03,9557.08,433.64,14615.31,200903.44,14682.78,356.48,36481.67,878.08,45108.37,312011.97,67208.57,90925.09,44571.36,10797.28,1712.62,983.6,1325.84,151.58,,,15935.94,,380115.85,209703.93,542.24,,10323.06,369.5,22259.05,89242.22,9253.01,435004.53,143817.19,13028.91,,1577.13,,13156.13,28747.0,77008.84,40033.49,348531.57,,28453.87,18660.27,545150.73,269.67,16260.57,12119.83,63902.75,50990.63,,98.15,76832.48,26267.38,48728.81,198.95,133296.95,435858.34,,1104.23,4909.27,464.92,,,,7225.01,22726.81,460.9,21338.16,10308.07,736.46,57.77,277314.06,93.86,,,3614.43,3719.23,21122.79,57196.05,,183298.18,245.96,450234.22,397107.08,4792.73,162.77,131.85,7096.19,,1162.85,,21324.11,761.52,11081.87,406.72,292850.92,23093.26,157971.39,6957.44,,110421.31,448184.12,151.9,1506.31,3532.04,622167.85,517.53,31055.15,7039.32,,,,,37408.75,2036.84,44098.29,189887.15,,2936.39,1695.85,981.2,174229.25,7523.26,70.87,96161.34,1894.47,2076.1,29797.96,,6779.08,2219.08,129794.27,377.07,4561.55,2131.63,70633.05,19887.24,10352.17,41581.56,2549.7,,0.0
S004,participant,4,B1,44.0,F,37.1,407449.94,3516.49,128.36,1706.13,733.24,112953.75,32846.29,65347.86,4297.79,236.01,43667.99,362.01,4678.24,527761.0,2014.07,,610.29,40855.99,269.16,282.13,69698.2,,71.93,1360600.19,470376.35,60120.38,6817.21,,,29279.57,518.26,96962.0,284967.11,739.31,102616.21,287614.81,109.66,21849.15,31560.02,40128.94,575.02,386.83,,74275.64,3944.21,3769.55,5354.84,93467.82,449.58,290.98,456586.8,186298.2,253316.5,1069464.22,125.39,1356.19,72933.32,198.24,313724.43,222.12,317639.73,6532.67,,73565.43,140.47,1460.22,,83.61,10661.03,,,436872.7,2203.99,,114835.86,,226353.06,18606.14,6994.84,202.05,605.65,994679.32,188296.56,28655.04,75312.06,2220.25,7473.69,23997.58,7533.18,273153.96,5362.57,,109605.72,1328.54,8631.28,11333.47,118.27,34883.53,109593.38,39589.48,,271566.08,39166.73,,513.25,40171.75,97259.97,38999.0,,,3986.66,,2313.75,56876.53,180005.23,,1384.23,,1944.02,310.56,79.6,,8325.51,,632645.08,1169.38,77697.28,33875.9,63781.71,8038.87,,7384.51,107583.26,2324.89,2248.58,30740.5,102056.42,,11984.57,97663.37,1162.28,252381.67,7869.98,,6084.0,7608.0,17737.21,310754.68,528396.13,190547.78,82997.85,,1890.47,10185.0,131.44,40305.34,,15346.35,90151.39,187.79,925.77,262463.45,70462.1,1298.88,4700.05,374.97,,210.05,304954.14,3705.38,1002.22,,827.7,22816.58,3990.0,,4304.44,576.51,1137.62,99.8,,,1513.35,1333580.32,20491.38,8496.69,2898.2,81519.5,389489.79,29345.37,339.33,54015.67,6247.08,282616.49,,,87002.96,8068.32,136286.41,35691.0,116.63,,,110948.67,2235.19,360877.05,4832.63,7975.44,14993.53,,7103.76,109606.11,16332.95,,58391.37,14932.4,104.95,,134894.79,313359.13,92659.61,10991.66,,2197.65,6167.9,49270.01,140235.49,,,51532.21,38631.3,587.84,1378.65,,19252.66,221.11,16094.3,469.02,2222.59,75579.22,55715.83,18796.22,44043.96,720.26,370322.27,,1078026.78,15551.59,113142.51,11091.35,,8118.42,534550.57,,518.43,20003.0,1713.9,29467.04,71654.74,59638.9,19488.69,17079.12,5053.01,1507.58,,4957.2,163.97,,7754.84,30961.54,,714122.73,787636.57,971.74,227.87,12733.67,,14314.49,44213.88,102046.25,630895.25,84791.15,43409.22,,1674.31,234.08,23941.12,15815.93,42884.76,105444.23,356493.23,483.6,63767.83,3919.07,383032.85,207.08,15878.88,7807.61,39322.74,65952.95,,63.55,48994.51,34576.67,62284.77,,349598.61,227350.73,1270.5,1169.05,3021.98,,,,,8551.8,45218.47,,21772.59,32503.46,326.56,168.33,169378.48,135.87,,59.56,1951.72,6193.88,3210.64,60467.01,246.18,163469.19,186.95,1191901.24,535911.51,,,,8759.19,,1038.81,,11996.48,1838.61,9553.73,,190816.11,8027.47,219466.02,9562.93,,166531.75,585094.7,165.19,1956.39,3480.69,601547.49,656.85,33256.34,7168.05,,720.87,6962.79,1218.45,89921.67,2003.67,46921.09,216216.16,,2199.88,3382.27,,50318.68,6769.5,112.71,139004.79,4940.76,863.99,5092.43,694.23,10542.64,6984.83,68675.11,406.33,3251.24,3288.63,171777.59,96710.34,10420.54,61393.46,4255.59,5899.53,0.0
S005,participant,5,B1,67.0,M,22.8,598633.18,,,,419.92,246072.25,7997.05,81309.47,2907.94,124.94,21062.58,561.91,3236.47,204008.33,3392.22,1671.37,651.54,93329.59,659.85,,119356.88,,,264481.31,229559.84,33014.64,15693.08,2064.45,,69456.99,,250509.07,149437.99,,120974.13,281817.06,,8826.06,36267.67,91022.75,687.27,998.33,3448.92,87396.1,13361.47,842.15,,52306.59,,152.27,360217.83,129615.53,147223.98,1309619.86,98.31,908.56,87556.81,,58882.07,431.79,276166.63,,,212757.68,142.68,814.82,302.0,179.76,6880.92,990.74,9092.47,406187.57,1031.74,,131827.64,3011.02,211454.61,10336.52,8515.53,162.97,149.22,237308.77,92031.4,22442.26,41740.94,4619.63,248819.37,10660.29,7927.23,288043.73,9790.97,1831.86,31145.02,9821.32,7197.25,88532.61,279.25,21672.11,611404.39,13650.14,72.4,135307.51,39510.17,11714.17,,41234.21,212586.34,127406.76,,,2984.45,21409.44,1841.07,54715.21,159696.88,,331.17,1875.65,2242.16,364.96,138.68,17087.54,,101.46,211692.97,797.84,23500.43,18565.34,54591.64,,,12365.73,85185.9,1481.81,,13700.89,57362.93,,7343.01,42457.72,4364.74,195749.92,15449.41,,8622.21,6298.88,5166.77,68672.48,941272.03,134582.12,313558.8,,1796.4,7340.22,132.86,284290.37,,9224.57,270113.26,258.37,1640.01,459106.61,96341.86,2318.08,2320.41,577.02,,295.58,131562.91,3412.24,2610.01,5994.53,,36698.89,,,9454.3,515.16,916.37,89.47,8821.34,159.73,,791856.21,34876.66,,5654.7,37329.26,405989.07,54257.8,,13272.35,5883.12,274693.38,,,47478.31,5411.02,54678.08,136256.77,,25238.83,1806.97,202434.1,,276948.01,8237.11,25436.92,17111.6,,2901.56,98864.72,51531.73,,45002.66,17968.74,,,101419.56,212047.5,16630.95,11026.22,,,1788.34,58781.86,291746.55,,,46904.04,9956.33,722.0,5171.88,1418.97,31460.23,431.95,16668.01,532.93,2013.26,140284.9,29664.18,35895.24,56013.8,2202.33,282064.3,190.43,143534.32,28210.36,39982.66,3911.36,1534.29,7336.21,277039.62,22354.99,,52475.18,731.72,102305.06,241257.1,51525.3,41682.41,138479.77,7984.33,817.42,314.34,,151.34,,4575.16,15930.78,,482944.88,368118.68,,,27139.56,,25425.82,64495.28,36407.07,554949.28,108768.71,28121.2,,1136.49,,10760.05,5053.39,131709.65,82941.78,533465.74,741.56,34162.84,9922.27,593925.59,,16343.96,6718.26,139163.51,44160.3,,115.34,288022.38,64572.3,38909.92,333.02,50047.31,151804.18,,1403.96,,536.69,,,365.32,7108.4,27565.71,,50832.07,34927.8,2065.0,,225887.94,110.45,,,1244.76,5425.11,21244.4,42988.76,,55749.26,,661544.65,379430.77,10422.92,261.93,203.69,4112.61,,,,22372.29,1172.15,4356.16,170.35,147556.09,5669.55,218394.69,6261.4,,87551.99,456126.28,116.87,1702.02,4091.67,533473.66,819.61,18645.43,6306.22,,,5903.36,,30856.39,1148.89,91945.22,120677.69,,3514.86,1163.61,2565.44,161539.34,13570.99,148.12,104268.05,5641.85,1166.62,4049.5,1165.67,6695.9,7304.26,316662.02,292.54,,2529.58,293692.46,18831.59,9117.72,22816.97,2038.05,,1.0
S006,participant,6,B1,74.0,F,29.6,451077.09,2167.63,,,,245565.79,13875.56,47041.94,10591.91,,23257.57,321.07,6447.06,120758.75,1781.99,1677.99,805.94,114807.67,,256.97,61239.5,,,525799.54,360375.04,40680.15,9650.29,,,60023.39,,178429.92,250250.24,605.09,152254.39,375155.84,90.44,91072.31,42052.62,102850.5,605.18,442.73,3504.25,64416.52,12135.17,2289.31,2451.36,32683.62,,144.82,991887.11,181597.68,221360.74,976232.39,,,41646.84,,171458.68,223.2,85280.16,5068.91,,104210.82,182.77,2678.3,93.52,103.57,8066.13,,,419050.65,,,90296.42,2594.02,185815.71,36537.27,6746.01,231.13,139.98,1287910.05,46606.56,23146.41,71901.03,,96414.92,28480.96,48130.91,55157.01,3646.72,1402.17,596072.15,1870.74,,72967.39,142.41,,101841.44,12817.35,,151852.97,67828.33,15781.14,,63890.76,56822.36,169645.14,2137.38,240.23,,21680.87,2151.42,58450.16,113089.04,,676.33,2454.1,,940.07,108.21,13124.69,17817.11,117.99,1015449.18,1146.57,13310.34,28596.85,80766.26,18614.7,2658.85,17490.69,39643.07,1290.71,1097.65,27260.13,235599.27,182.32,18787.17,690038.04,,536793.03,11451.07,311.16,5598.85,,17444.14,125331.31,430373.25,161414.16,170897.13,,1752.83,25545.87,228.38,163364.15,2339.3,47812.08,46744.81,143.11,997.73,397502.36,47993.94,1607.73,2140.7,562.86,,133.59,477404.52,4619.94,976.62,,459.69,161289.87,3438.7,,4701.63,816.15,810.26,,9810.79,,1746.11,990697.27,,6376.59,4386.12,49364.2,248055.93,28747.0,,26666.71,6421.15,241372.28,,,164267.94,22368.16,44100.52,35374.28,,34926.99,,52773.58,2509.88,243571.93,4794.53,10103.53,13052.11,,,55624.13,24826.03,,46178.2,20434.81,,677.69,331612.83,245554.43,18411.71,12848.78,1284.82,,1657.39,152743.41,140747.3,1115.33,,71503.74,7398.53,992.48,1901.34,1018.17,45234.81,141.64,11976.63,,3803.02,103937.87,22987.89,38611.91,20587.3,537.49,263677.56,193.05,682430.73,17557.96,66291.94,16077.29,,13996.22,753905.32,10281.66,,15216.0,,101153.53,176411.18,26677.46,84937.12,41285.71,6798.2,1865.31,203.47,,58.83,,4041.4,24991.33,,448593.16,175377.77,632.65,204.93,19421.23,,15110.31,33492.97,109285.71,1072474.19,143840.93,49416.41,551.46,2180.92,,10497.48,7526.33,37693.37,54193.31,382957.64,1205.84,59015.91,,338797.84,647.79,10897.94,14728.65,19830.69,53842.16,,63.12,36653.27,50958.32,39929.78,246.43,97949.13,239970.98,1265.6,992.02,2871.52,427.4,,,229.95,4835.9,26844.84,,26769.45,27188.07,1014.13,117.93,228475.81,117.42,,,1492.41,2565.25,,18150.57,272.4,166355.69,215.11,698485.03,376608.07,,148.43,131.45,6988.97,,995.85,,14018.97,,,,290369.68,7930.68,283601.22,7907.82,212.48,130407.38,506014.64,210.01,1702.15,10973.15,384181.39,240.26,38336.13,9276.93,,,,847.73,31727.54,,49853.37,128463.98,,1045.46,2047.77,2527.46,21561.53,6492.06,66.94,116741.16,2709.92,,6867.46,690.73,9877.03,9411.18,142832.87,737.68,4613.95,2318.35,52786.33,41024.58,7691.11,23996.45,2095.63,8532.87,0.0
S007,participant,7,B1,74.0,M,17.9,725014.66,2053.49,,,1599.73,178144.74,6031.26,82299.36,6523.13,,32576.09,,5822.67,162752.24,,,,32629.78,,,63515.92,59.62,97.07,555075.15,434865.81,14948.87,6462.37,,,187283.27,,50128.2,338334.82,,115636.91,722705.04,209.22,57039.07,40910.74,88123.2,440.28,275.59,2718.15,103353.61,3286.12,776.81,2606.12,139915.02,,222.1,196108.88,106947.14,843808.64,1110292.87,71.22,,117259.08,,52204.22,269.6,176745.34,3582.81,128.91,86693.63,128.17,1403.11,,176.26,5202.37,578.59,9617.37,995443.27,,274.44,105543.73,2935.08,262062.59,21363.94,10364.09,197.73,240.17,816391.87,251027.3,60736.87,73945.15,5609.44,141628.95,29267.16,14375.43,169298.08,,1663.31,29522.87,4157.93,5382.7,25708.18,288.62,41293.89,88876.96,15942.34,,173452.11,65009.63,4121.65,121.53,60671.26,82522.36,51531.12,730.07,,,23122.0,1874.07,96749.28,99231.62,,2352.69,1780.01,1487.78,380.17,80.85,18875.61,9816.66,91.46,721250.26,887.41,16485.34,34013.85,222666.15,,1147.85,9431.58,157737.0,3466.62,1888.65,88168.34,60969.0,294.46,6298.89,286596.36,1132.52,530212.36,13188.79,556.16,16372.29,,13441.65,178727.06,313442.98,138126.61,182807.3,,3608.99,13731.87,135.15,142275.21,2020.36,9377.37,97150.52,452.07,2325.92,835842.35,18300.69,648.04,2856.49,353.87,,188.28,226088.74,6426.84,1771.98,10632.68,,98917.33,,,3878.42,,1158.96,,,,,275830.85,13971.15,5575.24,5472.56,91654.11,477726.48,61317.48,,24869.11,15721.12,246083.52,,542.55,190966.22,3625.66,48380.52,44714.98,,39909.78,,67733.24,3007.4,356302.2,8194.09,29977.69,13287.41,,2919.9,179595.28,54912.5,,54354.75,13007.64,157.99,,60446.22,219113.42,36609.53,,1734.17,,2175.71,19362.72,1208265.93,1116.89,1036.01,51211.05,22957.86,875.4,,6246.89,41241.93,166.35,6727.35,432.47,3834.57,302025.26,104946.1,107167.88,6992.32,1311.91,224834.73,247.89,36637.93,20768.9,159806.6,14187.47,,6075.32,204112.51,8871.18,356.19,12105.86,,97384.88,113209.91,58953.33,60518.43,46979.39,6374.79,,516.66,,,172.66,7098.28,38537.84,,343444.92,278016.37,553.03,,73186.34,,35757.76,18779.07,46054.86,551371.41,120066.5,41694.86,764.15,951.91,,13836.26,15908.08,804015.94,80874.56,311195.28,686.95,36665.9,8148.69,793921.01,,17701.61,6268.32,28059.86,89817.51,161.15,,30719.46,63374.1,72918.9,450.98,76421.14,99226.24,1649.58,1390.92,3995.14,,145.45,129.27,,4085.73,28740.26,,14973.08,101413.44,1444.59,,166758.15,,,,2352.44,3018.47,2483.77,21174.01,329.52,98637.17,173.83,408332.76,659267.66,13549.08,,106.9,3945.3,,,369.85,10432.02,1104.0,8335.01,,429447.93,4412.26,232118.8,8570.68,,112052.47,562636.49,119.17,980.13,15751.78,747612.98,518.97,42296.78,6845.2,,646.47,9264.17,2386.31,17046.95,2904.61,33950.93,164634.9,,866.88,2097.52,2302.72,20999.43,,205.1,124865.51,9139.37,2829.57,4742.28,,7444.71,3362.24,21787.04,427.25,18972.82,4733.14,222657.42,25283.85,6495.27,25819.39,2212.5,5805.46,1.0
S008,participant,8,B1,34.0,F,27.4,240286.39,2276.78,,1253.01,442.71,124501.17,21853.54,79203.39,6744.16,346.22,50888.64,803.67,5419.41,194823.65,1455.24,1646.98,465.64,34504.72,,,73820.96,,,1004330.84,399912.47,49747.38,15443.03,1036.43,,88791.86,957.14,186816.37,390890.22,,113186.98,526497.2,,13740.64,62446.74,43248.2,482.03,483.23,7296.05,93503.23,12376.23,2143.67,8983.04,79746.17,,,713895.51,115495.44,437040.03,472842.76,184.21,,57482.69,,47600.89,,354542.7,,,160623.98,280.51,1307.41,,75.25,7246.65,1691.95,32786.11,671526.0,1643.63,,264936.29,3718.73,185272.22,8353.12,7288.87,239.22,,272530.27,200371.45,14192.56,25142.72,3183.84,24850.27,21931.47,,120443.62,6664.97,1456.8,77893.62,1577.99,,105203.6,146.15,37672.16,251925.84,19240.81,82.84,55548.04,42236.1,14630.07,284.14,91101.02,94039.67,244802.65,,,5532.48,23689.74,1502.64,116833.67,153325.6,,2505.26,1246.29,7674.24,383.7,,31195.22,29259.72,143.93,1324724.27,821.16,14022.88,32893.01,112434.98,12989.78,2323.59,5259.54,117843.93,587.07,,18750.12,51482.03,194.01,7686.57,392280.07,1299.75,188937.48,7641.34,318.29,6982.23,13675.63,19493.0,85310.2,1773043.41,179445.03,144994.53,100.68,,7173.61,237.32,98205.82,2641.8,21443.37,323906.57,303.66,1783.34,336607.08,45905.97,1619.29,2446.35,876.39,,443.19,341211.72,4541.6,3319.5,4312.9,562.34,49956.99,4226.6,,6173.8,798.07,1181.63,442.35,8418.31,,2677.2,801015.26,13366.08,11714.3,5941.54,37521.0,837240.14,114808.76,344.14,65945.44,7407.11,406270.25,,484.76,102959.23,5257.59,141637.62,93737.85,,30270.34,1245.87,173845.87,9494.49,307752.04,3347.3,13456.56,9922.2,,2642.59,66407.72,14830.09,,56872.38,17850.24,,798.99,81113.34,174305.73,28508.73,10507.54,,2002.4,3563.42,184672.36,94980.12,,,90121.57,131152.03,635.19,6895.96,5276.97,33524.18,193.93,12494.02,465.56,1776.12,164004.77,63250.86,137217.09,11401.45,,205369.5,171.93,406544.44,22077.26,77830.04,10660.06,404.76,18428.81,218200.24,12680.08,601.07,25770.43,,131376.58,101526.86,16443.42,71565.5,14978.28,9633.61,761.09,656.92,709.52,,242.54,,18708.84,,316625.32,150999.22,,255.88,14845.58,377.71,,33564.41,21851.26,432797.45,130118.49,42125.5,354.38,905.53,247.57,13400.39,4313.22,54157.47,61757.05,142302.59,693.35,72570.74,20076.31,190914.79,166.45,8073.69,5643.08,55936.01,120655.61,128.96,66.36,149742.5,14366.62,62781.41,131.23,169767.4,148502.76,2179.4,537.54,4895.73,,105.52,,,9349.47,57354.28,,36904.26,9063.84,638.08,,381747.96,106.17,,,1795.94,4031.38,9985.05,41884.91,428.49,77993.09,268.29,1208455.49,288402.43,6530.25,114.93,,9513.19,,,,13179.95,1283.91,6711.35,,180954.51,,185257.41,9913.81,,65079.72,565528.79,173.12,1030.22,11761.32,152010.44,,38707.51,8126.79,,686.96,,1538.23,57876.65,,46163.6,47567.24,,,2900.34,4103.83,258687.49,,79.34,152635.29,2747.17,5280.96,8968.88,,8371.36,5060.88,50461.57,504.13,6879.22,,48908.18,31172.54,8102.09,36246.46,3199.49,9307.95,0.0
S009,participant,9,B1,33.0,F,32.0,215567.71,2376.08,69.66,1907.95,469.36,145523.74,13641.1,63828.0,10626.84,101.85,12375.05,374.0,4675.35,109998.65,1944.35,1405.29,839.85,204417.45,393.19,272.94,96895.57,56.28,,2209958.98,276093.94,52985.12,8133.19,1334.37,220.3,471311.43,621.81,57134.54,368608.05,963.06,91680.68,223868.75,,25170.22,33550.83,108908.95,1671.2,,2410.23,120666.57,7611.82,3955.31,3818.52,36181.02,,396.98,395157.14,103389.67,667362.19,644396.87,87.3,1827.5,63550.99,,57619.31,381.57,272799.35,5271.45,,86036.52,266.64,834.19,,115.03,5587.83,808.21,10300.43,230217.51,6172.56,247.68,119826.67,3098.61,164576.04,13414.88,7206.31,138.71,79.13,689562.97,97889.58,14512.31,58618.97,2704.14,22232.04,52036.46,6427.3,437926.11,1571.04,2359.38,64246.55,4403.44,7354.68,,101.22,34589.57,92164.65,18789.04,,464654.09,108167.16,9932.27,370.09,21605.76,63655.38,83441.07,,219.57,3994.43,32880.78,1662.81,80082.77,164262.99,,465.53,1381.56,1278.07,,124.97,36233.99,19364.67,88.65,852405.47,1028.15,25064.74,41202.12,142310.11,22733.9,,2721.37,40398.02,2465.45,494.26,55164.34,103058.54,,7558.36,263786.57,3660.34,1314060.14,11572.49,,8585.37,4048.09,8398.54,105675.16,497665.63,130763.79,155606.8,123.96,3030.33,11867.48,149.72,151923.58,1486.95,72211.18,139625.86,387.74,791.28,335312.72,80182.23,4562.34,,1440.26,,383.14,378090.63,2531.85,1262.95,,423.81,48459.65,3998.78,,5559.29,637.58,861.76,,8946.96,,2102.14,1301191.82,10089.82,9911.47,5284.07,28691.97,274308.38,35322.94,162.53,19601.89,15614.94,541032.94,,,22192.18,7303.67,164642.79,87096.18,112.44,34731.46,1217.38,32450.9,,795184.91,5164.05,28020.13,11993.28,,,120071.41,,369.56,37997.46,22852.58,,723.39,71345.59,144681.17,19527.63,18908.48,,2154.73,2147.59,21827.41,129356.58,1457.55,830.13,39018.63,13967.03,637.07,2033.33,5227.63,26295.24,223.29,10265.2,457.39,5605.64,264717.3,40166.0,60328.55,10112.45,579.03,241606.79,,373436.37,20899.31,39509.64,8831.11,,21881.88,479999.21,6950.63,455.5,41619.2,1054.82,152639.2,118957.64,77768.77,36819.26,22039.24,12589.46,1523.37,,,65.35,,21973.54,18850.09,,528002.95,387639.52,,,26258.28,,13742.02,31240.72,58304.55,769826.61,148835.25,22627.9,,1502.14,,,3744.99,174968.63,194177.85,714867.45,808.1,28035.22,2270.75,211215.55,216.47,11486.56,4374.07,95320.72,39897.41,,65.39,117853.23,25236.9,41859.47,312.81,80230.74,334187.15,,,2928.28,536.12,113.19,,175.52,38180.17,28955.69,,29085.91,28677.47,1333.19,,289524.52,72.17,,,1330.25,2847.4,6003.06,71950.24,170.96,95398.16,355.23,287937.77,428597.81,10506.91,165.98,106.65,5582.64,,,,16415.97,1746.16,7099.77,,1966931.83,7001.27,140100.69,7037.94,207.96,40298.65,405855.21,143.03,1101.82,3997.9,241465.93,1127.54,23180.19,4259.09,,,4528.47,1176.37,10188.15,,62394.14,328357.15,461.59,2007.06,1587.67,2724.29,154365.73,4779.07,68.18,90000.46,7002.12,,,683.47,7775.84,5098.25,128117.14,506.95,30301.41,,77115.04,93293.66,4817.08,59565.69,2770.92,5308.28,0.0
S010,participant,10,B1,68.0,M,25.1,316638.75,15923.44,114.16,1326.25,466.14,266426.27,14811.82,92636.17,,,28657.27,845.93,3129.83,196043.53,2633.38,,589.44,184101.17,270.68,,174339.55,74.02,68.45,578762.38,240160.39,23939.37,6636.59,,,58741.51,585.46,218988.59,277320.56,,208167.69,252230.86,,40925.7,27635.69,44156.63,3119.44,359.3,,82558.83,26560.41,2182.4,6489.27,42939.22,,169.32,588789.73,94164.83,139110.39,1249467.77,,,81870.49,,86863.42,177.67,199896.39,7322.28,76.67,110517.41,141.34,1951.26,120.33,294.44,9682.34,734.15,13243.22,566950.49,2485.8,,102478.27,,286346.87,14088.8,6004.43,103.73,267.52,672766.6,82811.97,20122.8,151012.52,5621.24,42187.19,27307.26,17747.64,107360.31,2578.97,2227.98,239410.88,2017.93,5665.35,10871.28,137.19,31133.2,182037.58,4475.21,,139013.72,59518.67,11242.44,94.34,52649.71,50605.77,119890.81,608.5,,12220.23,18683.59,2913.63,59234.61,220564.27,212.83,1024.6,954.81,,629.0,150.17,14816.71,12726.35,,569753.92,1202.54,40585.49,37128.33,105642.13,6263.92,1200.11,8593.34,43349.89,1313.09,1416.26,18762.5,33736.07,260.49,5984.91,318709.85,1670.88,706326.89,8912.72,,6114.5,6250.71,18957.08,59103.89,637150.77,217316.05,256846.04,,1835.27,78818.4,198.12,183625.23,1431.44,25458.81,135462.39,232.24,1116.88,428492.46,16778.84,2044.86,2315.54,983.16,674.38,134.7,404498.67,3859.79,986.9,4850.15,,60209.18,,,10119.6,1089.0,,,4488.19,,2278.11,317036.7,12896.55,8144.29,5553.57,20740.31,1823537.95,11723.88,,110173.81,5533.93,152205.64,,594.5,195525.51,2892.85,72306.13,57509.95,,26372.59,1908.28,296165.47,15884.63,236820.2,4141.85,,12945.92,,14725.11,64191.0,20888.86,,143393.92,17718.68,,,132239.24,219252.08,27195.87,12328.41,708.71,,4141.12,30265.78,226596.62,1722.95,,36935.51,42861.46,598.34,,1618.21,53802.65,155.76,6034.37,643.65,1790.41,144941.03,27568.64,34552.27,26889.61,614.4,269255.74,382.7,672983.15,19430.85,53497.73,5803.89,487.39,7620.81,259692.01,15267.61,649.8,27840.12,2577.7,82317.06,215319.34,17880.41,28695.07,39537.97,6545.52,1291.08,243.15,,64.67,,14625.04,13098.72,,411183.59,143736.22,635.64,,45175.8,,28366.4,43269.08,42708.05,647940.2,161647.63,52443.07,,1344.96,,26534.49,9672.81,43555.38,26073.76,339323.45,521.83,105458.23,6807.1,291721.14,,17666.11,27289.84,71847.85,75068.95,161.76,221.13,137297.39,20281.34,52326.63,,56224.74,134820.49,,,5574.74,,,,,,29565.2,731.14,27164.91,29500.4,558.2,75.47,203868.64,97.6,,87.72,1118.73,3021.09,4664.68,26215.82,292.67,138763.58,,602306.17,534588.9,26397.14,322.82,136.15,3688.0,,1847.5,,24303.25,1141.96,9267.93,,155073.95,,151938.12,5686.71,185.11,69225.94,1014444.52,179.41,3324.38,24012.97,453792.49,931.75,43995.56,5156.84,,1538.14,4867.04,599.72,30991.02,4075.82,83608.4,65729.34,655.28,2078.29,1828.87,2081.88,20447.86,13259.93,71.93,102899.61,1832.65,1566.12,8011.68,,,3377.21,232910.34,427.78,4392.99,,74875.31,20465.56,7934.33,33201.06,2642.48,4372.99,0.0
QC02,pooled_qc,11,B1,,,,297245.54,2604.56,,,489.84,196180.04,15749.02,80335.26,6540.86,,33419.49,348.79,3992.58,173948.44,3063.11,1259.91,574.29,63191.1,,222.06,86109.28,,73.67,721103.47,307431.01,51550.31,6461.53,1211.22,,98302.43,,111375.77,342315.54,648.77,129864.0,319986.08,133.68,24503.65,39012.04,77677.64,815.32,381.61,2675.78,89216.79,9671.88,1490.37,3123.55,77831.85,,199.18,338881.36,153992.97,454742.67,908074.74,59.98,1105.48,59836.29,,61030.15,187.12,210700.35,2806.25,,136808.95,162.54,1396.23,,84.28,6843.98,789.19,11610.25,401961.96,1577.39,,103273.0,2996.02,181525.72,25847.36,7209.0,181.6,126.94,485780.92,82243.43,19768.68,40291.23,3944.5,87325.29,21938.71,13422.01,361849.58,1425.25,1445.94,83968.4,5330.87,5337.29,37526.3,145.54,36692.79,186089.43,8122.67,,231522.28,57211.63,11807.09,144.03,40352.15,76794.13,101231.99,579.28,215.79,3360.56,25448.67,1621.72,79602.79,119723.23,,796.66,923.98,2015.16,387.72,90.77,22433.83,14271.3,72.12,454760.04,889.15,15286.46,36007.16,80070.4,15210.13,1497.21,6840.5,79140.75,1361.11,971.18,15736.93,50724.22,,6504.77,199683.53,1653.35,585506.87,11721.78,344.13,6158.63,5210.62,9612.11,129803.34,468825.56,145139.01,231149.56,,1910.45,14321.0,163.4,111966.2,1463.57,22684.84,116698.31,209.54,993.42,492612.01,41112.08,1098.25,3036.7,386.49,625.04,199.83,267260.5,3345.06,1287.55,6115.18,382.71,76690.25,3385.39,,5234.25,847.14,994.85,,6334.11,,,441410.27,14734.14,7066.95,4851.12,45695.59,443738.15,42071.89,,36708.47,7243.18,276402.28,,,84597.23,6239.06,80050.3,74006.37,104.27,36439.01,1482.67,141263.21,2705.97,646345.46,5313.0,18769.81,12814.75,,4176.17,109483.68,23173.58,,70218.78,19051.58,,571.22,114410.0,207860.12,40724.31,13276.08,608.67,,2419.01,66935.79,126319.83,,944.68,53105.78,58332.62,1002.39,1691.47,1545.63,28130.64,155.02,8256.52,362.87,3064.03,159164.83,34136.02,40435.27,23920.45,681.66,217445.49,,277184.97,24362.23,80102.55,8043.19,411.35,10592.92,318210.1,13987.55,428.47,26610.38,882.46,90382.58,132269.84,29990.68,58158.39,38125.75,7308.27,1165.03,370.61,829.12,73.66,,7619.07,25812.6,,443096.83,240979.55,,,35489.41,,26140.45,49444.81,44806.87,418256.22,140261.27,26014.54,265.68,1073.51,,16430.83,7940.57,80485.77,48211.86,298992.74,675.21,47283.64,6788.49,335077.77,,12814.33,9923.33,43799.24,80453.88,,77.61,94169.0,41235.03,58058.15,189.16,116351.4,210871.06,1335.16,630.16,3058.77,427.31,,,170.67,7120.95,29920.2,,22086.32,31742.63,717.69,,220814.4,93.14,,,1514.83,3778.88,6115.15,43739.76,385.15,73243.52,,581486.4,461931.91,8287.66,165.39,,6925.2,,1383.5,,16186.0,893.43,6533.88,180.32,232561.53,7345.44,173450.78,8021.99,,77485.41,524655.03,168.71,1239.82,4961.42,442017.97,415.78,42055.31,5566.5,,860.46,6109.22,1064.03,26005.5,1523.08,65051.04,212882.9,,1908.79,1888.06,2257.61,83009.91,7908.36,93.88,115305.87,2483.74,2126.38,9972.73,,7421.41,3833.71,65062.31,432.21,8057.98,3402.79,90207.8,39707.93,8098.57,22353.62,2396.74,7072.94,
S012,participant,12,B1,47.0,F,34.8,172945.44,5063.88,,,975.37,167300.4,6089.28,57962.33,11833.3,,68582.28,530.39,6643.14,152030.24,3550.4,1261.27,906.69,119669.22,,,83481.43,,106.19,404291.71,255078.63,19372.29,5840.08,1230.21,,203521.24,697.87,70526.04,735037.24,,171023.89,626251.82,114.01,23635.22,46488.38,130219.0,486.23,1656.05,,82260.44,16527.21,1487.98,8270.71,70613.13,,132.24,217292.45,107686.38,400823.44,759435.5,,952.64,62661.87,,64115.41,354.32,309025.77,4497.06,,54012.72,211.3,,,,10587.73,618.58,12730.23,431535.01,2450.26,,42083.79,2916.33,226151.78,9049.56,5508.46,879.91,,296972.75,301435.93,31703.42,67606.61,6083.54,134060.47,15091.2,13810.6,347322.88,10467.78,1565.25,201052.01,5078.11,4475.41,63583.52,147.34,45295.76,152334.7,12067.43,117.56,108374.74,41895.73,8411.94,213.85,34953.84,203790.79,170605.97,631.97,,4198.6,33301.46,3434.99,62732.73,105980.67,,658.39,1184.24,1858.32,362.57,94.69,20679.49,,83.91,580007.64,715.47,33568.2,67333.95,58351.08,12336.15,,4190.91,94790.44,1431.43,1616.09,31690.32,21926.17,266.63,10670.38,554505.42,1662.95,240797.67,7494.75,,3208.54,,14103.83,131925.15,522227.19,193303.24,297476.44,158.67,2771.1,7397.98,161.3,157886.13,1501.55,15383.25,306482.41,317.74,710.6,1051181.71,42150.55,987.08,3023.5,368.43,674.05,122.26,311937.28,6831.1,855.94,,,31650.66,,,10734.8,575.11,,248.17,7097.05,,,1821492.08,24795.19,6022.34,3705.88,45733.11,890677.32,75704.05,196.65,11260.1,10848.75,202156.97,,,175842.03,9425.66,106707.19,69029.73,104.58,44258.18,,206752.07,,851738.37,2956.82,36994.87,9908.73,,4706.87,107504.6,15319.0,,227532.22,25860.32,,592.02,157387.07,194412.6,34074.18,22221.89,,3139.48,1612.71,17829.28,33547.91,,,81539.3,40958.97,1409.01,,1958.83,28183.74,235.16,13291.95,,1450.0,265079.65,76470.61,98497.04,7899.92,768.79,346709.2,,416309.93,21623.94,142984.8,5612.0,,7542.6,443318.02,,834.15,13136.12,,111735.39,109572.21,17385.26,67426.33,66525.6,6681.92,,996.49,2321.87,66.47,,12620.5,21117.33,,357111.73,230102.39,494.38,,40083.09,628.77,41414.85,24538.91,58334.31,328593.82,185155.61,34757.7,289.19,1399.28,,27279.1,24363.31,56023.07,28721.79,223996.12,939.68,45100.41,6287.06,201456.14,,8442.19,5814.03,28270.84,198833.31,,99.65,73487.05,57813.49,32838.13,1085.18,155402.18,488857.94,2711.9,1173.53,4573.87,,,,178.37,3569.45,35323.85,,17334.2,43894.72,431.09,61.86,183559.24,,,105.65,1086.82,2714.95,3707.91,28743.94,292.61,46086.98,209.7,533918.89,446180.33,8439.06,162.56,105.1,,,1850.57,111.17,9740.35,896.12,7532.59,905.86,262544.7,5928.83,142286.34,11470.92,268.92,107699.24,373957.46,179.33,1218.23,12038.78,314843.48,423.83,50973.79,4749.03,,,7840.72,1618.89,21507.25,,116837.35,126791.98,,1792.57,1839.52,3182.27,67264.18,,,111541.13,4641.13,1929.23,8055.89,904.3,5957.15,1922.21,50222.01,480.88,5263.25,7370.43,49968.06,40972.6,7670.96,19128.47,2689.51,13285.54,0.0
S013,participant,13,B1,37.0,M,33.4,227927.43,,,2010.67,620.24,123799.66,16158.32,119148.82,9743.82,,48594.74,286.44,,155536.01,1516.76,,1245.51,64591.44,,289.8,25999.17,,369.28,1270870.71,499695.65,42023.46,10434.25,,,166078.51,,138703.16,240631.99,1029.52,94187.15,349514.63,,14573.09,61992.22,39315.05,648.3,593.75,3437.33,63396.97,5737.23,1440.78,,147004.07,191.86,250.78,420484.76,162542.42,458748.45,774296.13,,1081.91,27153.02,,57950.64,363.56,108349.02,4842.7,,61514.94,201.55,,,160.14,12332.33,1504.45,15351.06,1030002.33,2387.78,,98646.37,2711.99,200152.68,24752.69,11090.12,335.28,89.3,618507.77,30599.65,26915.84,19107.17,3476.36,110375.0,21271.97,34215.77,593888.11,,,28649.36,9793.48,6558.67,49627.09,134.39,40209.9,73101.19,5748.75,,236155.4,61873.49,19819.32,105.24,33388.8,80913.25,123817.46,,306.2,17552.66,20000.35,1066.08,183647.22,181046.49,172.02,750.75,,3515.82,379.09,106.34,20074.91,23239.69,,128619.82,825.9,15268.39,41335.01,87641.93,32397.41,,7227.41,87908.72,2225.52,3107.05,20161.05,46963.1,257.97,6473.59,130034.73,829.11,1234783.95,14171.55,,8088.31,4083.69,12085.73,90332.53,684104.47,179374.37,126888.33,95.06,3913.99,6483.54,190.56,172880.4,1996.26,19226.14,81471.59,202.52,1407.69,395402.29,34992.25,1014.59,1668.79,540.22,645.53,252.59,226771.29,3780.39,923.12,7603.34,,115727.3,3859.43,,2886.87,2262.7,,105.83,3592.44,,1963.42,693786.43,,11585.08,3313.8,48671.81,164303.51,25198.25,,28014.49,5011.34,218476.47,,528.18,122527.6,14812.31,86496.95,76046.37,,47428.38,,63205.32,3495.9,1890966.47,6688.78,11743.3,10284.6,,6277.51,71844.45,19088.52,348.82,139591.73,24358.46,126.79,829.88,111161.37,258190.82,38824.95,13052.85,992.96,3242.37,3618.83,120783.69,381467.19,,1180.0,56678.01,41521.32,898.57,2342.87,5396.45,24816.61,257.15,6249.71,738.16,3804.98,128268.53,30318.92,62483.26,21699.15,754.41,225709.59,367.83,448892.15,35038.91,36230.57,7656.39,,11153.67,751065.26,24735.85,728.9,30166.01,1161.17,62374.89,99453.91,51933.69,84716.81,125887.7,6557.93,,1387.61,674.54,99.44,208.98,,21999.92,103.14,355187.11,177124.1,666.28,,97616.97,,51023.39,77263.23,34135.06,328528.14,152545.45,44884.16,899.65,1155.42,,19557.25,22732.3,56260.19,65665.09,210367.54,759.65,33332.12,9823.01,278310.59,,9948.7,5007.22,26620.72,234358.76,,,38853.59,56225.9,30891.04,161.4,91306.88,446435.05,7766.72,1154.92,4417.38,425.07,,100.71,458.15,5843.28,27677.42,,36002.44,18317.3,312.69,137.43,174049.69,86.91,,122.91,1397.51,,2997.14,15410.7,345.5,25818.93,,552434.54,552816.28,10356.47,169.98,,7796.54,199.81,1760.58,271.01,11626.54,,5296.6,,1212207.58,4486.94,299446.55,10527.1,,39996.67,1033370.47,,1061.65,8987.45,394857.86,863.82,31225.51,4084.31,,,10978.13,,25858.93,,93499.23,241270.42,,2663.51,2324.91,4227.98,86093.85,12857.11,147.04,123641.44,2641.06,6210.82,12344.9,779.57,5941.88,1679.32,90782.65,728.75,6156.17,9810.76,159441.68,140973.95,5381.15,28540.9,2205.33,9550.25,0.0
S014,participant,14,B1,30.0,F,32.1,469876.97,2477.55,56.34,1292.73,,136848.85,27188.02,74334.36,11530.24,,11857.65,771.28,11067.74,277547.35,4381.28,,867.05,85201.41,405.37,363.76,82285.17,,,663784.5,165369.11,52068.54,4750.31,2354.0,,106962.83,,86053.22,291990.28,1147.66,135865.68,296244.96,341.21,90558.17,35854.22,29120.67,1465.7,245.08,,132738.66,12410.01,1373.63,5215.77,33462.32,535.86,128.37,323019.5,86048.89,759420.4,429509.35,,902.09,62289.05,,93970.36,,396031.88,3796.34,,84543.12,150.03,1104.73,,,9529.13,1941.09,8264.08,405771.55,,,112419.11,,155356.56,13182.23,6472.33,187.46,141.05,262116.51,83674.26,36529.29,34556.13,3370.62,87580.31,10811.22,31308.53,810910.65,1631.73,,63015.78,3356.49,6254.77,23725.07,167.89,45260.04,157922.43,,,198054.84,74585.12,18146.81,,52410.53,56078.54,154762.23,1305.19,,,24116.9,1566.82,105721.9,148641.61,195.39,348.6,790.32,1384.03,215.03,68.82,42046.7,12738.25,126.89,543905.14,,13728.63,30248.71,77588.13,30979.51,1758.79,4554.66,56885.2,1075.65,,23508.37,21709.77,,9094.69,229645.67,1923.84,326066.07,9865.58,359.19,7085.68,7633.77,39853.63,173557.49,407421.62,170727.0,336136.12,,5548.28,,242.04,218583.23,3205.67,13924.62,149558.35,523.1,929.24,411546.65,54576.31,984.29,3375.77,,916.44,163.75,344540.97,4011.19,1607.45,7592.1,,34564.66,5594.51,,9110.03,,1050.48,538.64,,,1814.8,365075.39,17146.47,11229.82,5304.32,59618.55,648576.37,33315.52,160.74,11049.35,6514.14,216550.48,,,22851.22,21403.45,100940.68,67412.64,107.3,39961.6,,128004.37,4391.38,4540896.98,5789.02,29478.71,16718.82,,5763.52,117214.19,17650.38,,153759.27,20064.72,,,174183.19,227052.32,58480.78,13132.34,,3447.56,3341.36,212052.08,293711.27,,878.72,36769.03,190894.72,1207.05,,1314.98,22261.45,143.79,15536.05,518.99,2686.18,94537.54,20349.74,86679.72,,734.63,363809.69,,88858.96,22729.49,85281.99,7381.56,,40183.32,452518.41,23750.01,558.7,50918.7,6560.15,87287.99,303449.6,55161.41,,66970.52,8770.76,1495.87,293.63,1147.31,109.06,203.52,25463.35,44899.81,,307828.44,93643.34,,165.54,29154.6,,50379.17,38643.96,16269.82,599932.39,98925.88,37310.89,358.02,477.71,266.07,17844.69,6264.02,44694.89,48788.94,107440.75,1222.52,33498.37,32838.56,218396.66,498.27,8819.17,11033.94,36406.39,239444.7,,98.03,61834.55,61604.5,26788.59,531.2,124164.01,129699.9,1926.13,394.36,5899.22,1144.9,,,784.63,11208.15,31070.51,,12826.1,15342.47,717.75,,234117.98,82.89,,,,8623.14,5761.4,47378.11,474.36,56331.89,,443793.76,353602.4,5504.66,127.94,,7966.65,379.07,,114.04,20828.7,726.76,5723.52,262.45,750605.42,5876.33,212517.71,,184.79,93920.46,427308.6,334.32,1930.8,5867.33,464808.72,265.45,50224.58,7172.76,119.86,696.46,7913.59,877.63,35382.97,1651.42,165820.45,471362.2,499.11,1723.9,1320.67,1867.5,48906.25,33005.54,,127901.09,3973.56,1733.84,8274.25,,6232.88,2459.44,115071.86,,,1227.98,115883.81,35436.15,5889.22,20329.94,2993.08,,0.0
S015,participant,15,B1,59.0,F,34.0,585697.95,2520.46,69.84,,818.72,187934.47,12988.82,66843.41,23215.51,106.61,56100.01,269.77,,326471.37,1137.6,1911.89,,22247.55,,,134747.0,,140.22,1399208.0,633444.34,26563.19,,1519.06,,77344.44,,85770.86,290780.28,,117643.73,714024.84,,62361.84,42411.18,40766.6,1004.64,325.63,2806.81,70682.77,9404.22,1803.62,4006.55,46961.93,333.71,152.9,200425.16,111053.32,1454341.61,1155613.88,404.93,2193.2,109850.32,,37465.59,342.18,191333.06,2903.99,,234177.11,143.18,1067.67,,92.67,7739.74,934.78,,482270.68,,387.98,216929.71,3349.52,178945.15,9359.54,8501.03,156.11,81.42,668875.19,159051.11,48839.44,70739.88,3536.99,27266.65,18720.91,21823.86,86001.95,,,118038.2,2244.2,2729.91,23125.18,100.04,62373.46,332026.28,,,323530.14,33151.14,29031.95,201.68,25374.71,23328.74,149129.41,1199.44,,3552.84,27844.88,3986.09,68768.37,131128.39,,,,1146.02,881.27,116.65,24425.06,34360.36,91.67,172665.52,1161.28,13754.7,41853.21,40592.6,19445.09,1864.28,11353.37,146750.45,1633.61,,41054.51,17405.81,212.29,10569.87,155920.31,913.75,918807.64,9525.96,407.91,32150.77,,17463.65,107653.09,535761.16,158496.84,343557.47,,1590.09,16266.18,,109623.86,1945.13,12609.59,305103.73,154.14,,450204.28,33740.35,701.18,4047.04,665.72,564.73,173.05,44032.22,2369.53,1473.2,10303.87,,155904.45,3359.2,,,1273.68,1156.64,156.3,,280.7,,206398.31,14062.79,6865.35,9623.7,21044.67,483576.33,16318.3,,18589.55,9628.69,241682.6,,387.01,180388.93,38501.27,62557.53,68543.42,232.96,52658.0,1772.02,165747.84,3984.68,379014.43,3941.95,24629.04,12258.82,,2608.1,82801.63,28417.03,,62703.1,21120.55,,,250500.17,167949.91,36602.07,,893.44,,12767.39,26017.9,391684.26,,,29166.32,28392.05,1634.4,8155.24,3572.08,29922.2,118.34,7632.89,,4442.01,87732.14,37948.35,27263.0,17219.57,611.79,212028.57,,160574.81,35635.0,112336.89,8139.98,518.03,4844.12,115527.54,,,34514.14,1885.75,83693.42,54742.19,28723.59,115494.31,34276.23,10184.55,1636.97,611.54,,57.16,,24099.17,20484.98,,379818.16,247266.46,,,30410.18,,18400.91,45829.65,56247.91,354559.33,161403.25,19605.21,,877.28,,26499.28,3589.45,37391.47,79253.05,364706.77,434.74,21800.21,3023.43,520679.71,191.29,15665.15,33989.71,138097.55,148232.19,,,93359.17,59394.72,47124.44,145.69,260569.25,67053.38,2406.31,,1483.22,,,,,13947.45,24800.85,316.85,23781.41,22238.76,608.78,,174949.88,92.05,,,852.09,,5626.19,74618.89,581.21,48583.12,,336788.94,264075.02,15579.07,123.62,295.5,4089.15,,1047.13,,26509.2,4052.88,4557.2,,331982.34,21262.26,178894.12,7025.04,,92315.84,787805.47,111.03,768.95,3931.1,637672.58,651.95,42450.44,6637.12,,942.07,11502.22,1801.76,35190.94,2019.8,58540.77,293867.42,489.82,,1181.28,1259.04,13610.76,31974.96,70.93,80386.23,2097.72,13617.98,11572.2,,5398.69,1647.66,61378.81,591.99,15456.65,1089.72,179849.76,80675.59,10290.12,8189.35,2005.36,5282.32,0.0
S016,participant,16,B1,37.0,F,25.4,544012.83,5076.58,97.52,,453.82,138704.97,10238.36,91925.29,6482.95,101.11,18740.95,279.17,4761.02,336765.01,13128.69,1804.52,1438.18,175232.42,262.75,231.04,176476.9,58.91,,605178.63,374055.88,21350.93,10483.03,,,261211.01,,73533.56,499972.38,,131781.96,390541.46,,25077.48,35310.27,41538.21,496.94,867.66,3403.31,57414.52,9349.08,2548.07,3380.51,91989.91,204.63,,599751.05,131365.36,582739.85,1067837.95,75.13,,64381.15,,67887.82,420.58,147793.77,2635.12,96.41,61907.07,150.5,1291.41,,89.49,4159.47,1773.62,7747.07,270054.24,960.88,,86066.56,2697.27,157790.9,21446.63,5943.17,,,175833.2,37022.23,34281.96,79894.43,3355.21,295498.58,14385.4,8062.95,362220.15,2364.04,2482.39,158335.89,7066.44,6471.38,35298.17,129.95,20728.21,283699.79,8884.35,,276585.12,30712.6,13842.79,106.76,34012.77,18324.76,53121.17,,485.73,4268.8,24282.21,1129.41,102094.81,268577.83,185.61,543.23,988.02,,633.25,170.06,25981.4,15135.07,72.32,852086.09,832.45,12554.18,20837.49,63635.75,7750.0,,25693.71,60439.14,1953.26,2650.33,18778.94,68372.62,,5333.9,437013.74,1353.31,614972.57,14181.47,,17517.32,6826.16,16066.79,59135.99,209504.39,129675.07,270378.19,94.06,3405.41,30160.26,159.13,80246.27,,12239.33,132154.07,286.59,1072.66,585578.47,19101.84,898.98,2110.22,581.39,,334.6,326176.65,4793.15,1221.9,4958.77,,38495.44,,,9813.89,1808.91,1267.58,,,101.82,,217677.13,25548.1,9286.8,3841.18,33244.71,171767.86,32769.48,,71803.48,,414357.89,,,32937.38,10535.38,105946.53,52938.47,,43737.96,1220.19,65123.71,1888.81,949925.63,1847.05,32693.81,10757.48,,7271.77,115936.03,33034.12,329.81,174138.68,11435.45,295.75,,207377.44,156005.63,18709.64,18397.93,,,,62988.46,27591.12,1069.02,,38692.84,39540.7,1018.61,1273.63,3868.77,25943.5,117.71,5784.65,,1703.29,130873.17,51709.97,46438.77,21476.61,582.39,108918.48,,77158.35,21013.57,45779.05,7784.34,734.83,8642.79,122141.49,15374.06,1276.13,31063.49,,112037.79,114822.74,47745.32,67105.02,35045.75,6481.89,1597.81,,653.74,62.27,263.52,10245.93,,,549399.42,313506.88,515.55,169.51,44095.44,396.57,57693.94,52611.45,71033.0,311428.1,152558.97,70046.48,718.72,1527.42,,27697.18,14166.24,132260.17,18561.73,146054.67,595.97,110597.83,3718.11,248036.67,288.62,17253.29,6545.5,50620.29,91104.96,,131.23,67004.93,87311.81,72300.94,,74177.64,598553.45,1020.66,621.94,,1702.96,120.13,,,6090.01,30437.4,,23134.97,221406.55,1062.92,82.13,154900.7,121.24,,,2495.82,6795.24,2477.2,82626.3,,20108.94,197.57,354022.08,397608.42,16104.56,120.79,126.55,6494.02,192.43,,,38096.33,1323.21,2401.02,379.1,358741.91,3767.17,196115.85,14202.54,288.65,50581.94,389164.74,165.8,1773.77,14543.65,254047.32,318.31,78567.54,8953.91,,1204.81,5069.75,1798.56,24079.42,,51039.43,346133.98,462.9,3651.26,2048.19,1399.7,46945.33,,72.89,118329.86,3323.35,1367.02,,,6465.49,3944.84,25016.07,421.5,12639.74,2166.37,79273.61,50574.86,7122.28,18573.46,2414.88,4000.16,0.0
S017,participant,17,B1,45.0,M,31.5,376667.37,3311.36,76.22,1349.0,955.28,193522.06,16305.7,135147.8,30237.37,,45691.41,398.35,,289189.21,2291.01,1602.95,,41942.04,,330.29,66241.11,,,408430.76,231290.83,24117.63,8815.49,1237.82,,85803.13,843.81,247721.61,396196.72,931.8,82332.2,292668.92,407.74,30508.61,39174.36,364563.69,613.12,655.43,2979.13,92902.72,,1384.8,23988.03,41047.29,,237.38,374698.93,369994.79,314851.93,888284.3,,1178.12,39922.46,,17510.52,,134929.79,2002.71,,31026.56,170.55,949.9,,98.8,,,18093.79,651618.95,2749.84,390.15,86429.98,5851.88,100146.19,56954.46,5842.03,101.93,134.65,459906.91,53490.76,15979.84,210554.57,,140998.78,55328.25,17913.11,993667.82,1520.19,,80268.76,5645.99,4010.85,33234.56,134.84,40149.81,305802.09,17743.27,,230253.85,41986.24,10497.64,272.24,56901.86,59745.87,83396.79,1375.87,687.28,19587.35,23379.25,818.37,88516.26,53184.41,,273.84,1764.22,3412.0,230.47,69.04,20115.77,8755.34,118.26,514215.63,897.45,22103.13,17711.53,49596.12,30825.5,,5058.45,21784.33,825.14,1068.44,22055.03,29454.87,,6714.31,45783.58,983.08,208017.89,,,15646.96,6090.76,29524.71,80138.38,827375.29,126546.25,232990.55,123.7,4244.51,9358.25,142.51,119717.67,1968.11,17184.69,201454.06,425.41,769.76,260894.34,44638.53,1331.29,2550.4,2062.21,814.99,112.04,207776.79,1957.72,772.25,9693.11,,172218.82,4681.69,,3991.84,,,153.94,5603.74,,2776.75,384949.57,44749.11,7384.68,2737.64,23935.96,161192.76,12408.62,,32908.77,11834.02,200162.86,,,49713.82,3209.83,90744.61,100030.84,,43723.49,2160.13,37492.9,5876.05,654066.29,2617.42,37607.62,,,4546.25,87602.99,14945.22,,73043.54,22667.91,,,91583.85,259675.75,24712.77,14706.79,679.11,3080.89,4615.6,89937.94,228005.0,1296.05,1346.25,52141.25,85667.38,672.85,,,48795.92,109.63,5570.16,,3275.05,43658.89,13092.55,24316.7,24726.55,807.81,273782.48,,629461.02,31252.01,51434.42,5747.83,,4812.9,748640.94,38466.92,510.9,60367.76,1461.27,85755.0,112613.89,24263.79,80274.21,37655.04,6283.73,2692.19,578.61,1675.76,68.19,,8266.7,23180.51,87.31,352549.03,578493.28,,191.48,103663.22,,30181.43,28344.72,32779.56,743427.67,147368.54,,,1240.12,,24352.03,4116.53,65626.64,35336.4,188660.7,,82384.58,3282.52,162900.21,370.59,10758.52,5922.13,43244.83,90436.13,185.54,,42276.13,26795.1,101850.14,,69808.54,131097.86,2976.0,578.25,2368.95,,,,354.99,3964.54,13490.24,307.46,27981.21,27734.53,688.93,,165209.08,95.07,,,1310.45,4549.83,3250.44,101093.22,443.1,36406.74,,596641.08,198536.58,5897.75,137.44,124.54,6829.16,,1579.98,,22879.38,1301.01,6198.02,,145162.26,7410.09,198918.71,6985.03,200.07,60900.26,523025.73,151.74,2497.88,5581.61,482246.38,199.51,69896.2,7806.88,115.65,,7608.54,2281.23,38037.92,3283.32,102935.9,317033.64,,4445.49,1941.1,1841.44,141760.99,4811.01,137.53,188767.69,2207.78,1346.31,44471.71,688.5,9924.47,2398.54,278475.25,372.87,3890.81,2762.01,115672.43,48063.96,3412.85,16433.97,4750.32,9142.67,0.0
S018,participant,18,B1,65.0,F,32.6,824435.08,8265.5,,1355.02,1517.23,131945.34,7662.65,116584.26,6035.47,98.15,,1031.28,3834.87,102573.62,,,840.85,65352.92,469.86,,174752.26,53.29,,353597.22,166515.09,149895.78,8366.63,1003.3,323.52,254047.49,832.11,150459.83,618122.7,2075.03,141638.63,584180.77,142.55,72890.09,31901.75,105420.28,1101.86,550.55,3100.16,161933.94,4075.95,852.26,12626.98,164405.09,220.21,168.16,121553.74,228291.29,3069576.19,717086.52,,,40058.83,,127784.82,309.08,255221.11,,,46596.43,149.36,1002.41,251.81,,3686.07,655.89,10950.82,771986.17,955.86,427.44,126398.02,3517.02,208237.32,,12646.8,,127.85,240211.67,45481.15,18631.9,57922.97,4808.28,204202.4,26004.04,49345.15,512289.31,,1266.82,54908.16,8572.86,7345.23,79577.9,92.46,25893.51,95505.32,4458.91,,297596.9,62579.14,25454.74,96.42,34402.52,40529.15,106160.72,,,,29960.08,1268.51,157479.7,241905.11,,1320.66,791.12,2003.12,367.35,81.41,25703.65,9199.48,175.1,402335.76,860.99,13710.82,20051.37,113197.48,8568.88,3131.04,5698.76,44108.97,6283.26,,10991.62,98736.2,171.49,5669.52,183614.54,905.96,396401.7,10474.75,941.37,5285.76,11136.21,41628.81,147467.86,865537.49,132386.16,227097.4,,3691.72,87533.41,,45712.59,1178.2,10008.13,339032.05,293.56,,685122.63,20560.55,1225.07,2063.52,812.33,,378.42,200339.8,3733.52,1172.84,,,83948.46,5392.48,,5890.24,1865.06,1398.0,116.4,20064.89,,2965.8,443507.29,9849.86,10260.25,7280.02,24446.62,579612.32,17116.47,180.18,16853.2,11945.5,351349.71,63.82,470.97,17191.97,5891.17,100243.16,54300.42,102.57,50854.26,2506.8,111205.56,,1290099.84,3206.87,21168.82,11210.74,159.39,2548.51,103239.85,25838.88,304.61,222109.61,24216.2,,,108218.79,191097.65,59140.33,15714.89,,3628.5,1239.64,124207.69,213126.77,1145.48,947.72,63891.45,55634.51,1415.23,2018.25,,31924.81,199.27,11328.93,474.06,2503.59,151248.32,10729.36,60850.66,35745.67,597.42,156159.11,195.11,170359.54,21033.03,51650.94,7052.81,,33859.02,134008.91,20552.28,,10261.31,1120.84,94322.91,154902.25,34831.95,26182.75,33474.57,5265.43,1122.47,335.37,3661.72,,752.84,6002.25,24969.66,73.68,413231.13,108208.92,,173.02,25004.45,,15881.78,32260.14,19023.29,534302.91,477855.03,48048.43,,761.06,,46421.72,19069.39,107736.48,105460.96,524736.01,585.66,47610.6,10370.15,525199.48,,18577.53,6000.47,450101.08,61779.42,152.88,94.46,110565.64,44725.55,39769.31,180.84,90250.94,536537.96,,1947.95,4611.78,615.41,,108.34,216.92,6304.84,31450.34,,26481.55,16636.61,467.72,56.51,280648.87,77.19,,,1564.95,4010.24,23652.39,55521.42,431.08,179828.95,,318913.5,592211.44,20755.38,112.5,156.03,20635.76,352.82,3439.0,,11587.04,2355.72,4024.07,700.03,304767.18,6164.78,107594.29,5748.94,189.74,94066.83,381830.73,178.76,2051.85,16068.04,327907.6,831.34,53470.0,6500.02,,922.91,10095.8,954.93,19501.44,1041.1,109412.85,722550.44,,788.65,2066.04,,,10407.57,,82279.96,2181.51,3886.5,13535.63,954.29,10364.32,3037.17,40246.72,494.12,20903.26,28143.38,30015.09,24608.85,10745.4,24009.99,1567.7,4736.99,1.0
S019,participant,19,B1,75.0,M,26.3,241860.58,5220.13,,2050.64,480.98,196401.06,10390.07,102165.09,2268.18,,57747.53,,2454.14,166818.72,9755.0,1255.75,,39351.19,352.86,230.21,61799.12,,81.5,688039.22,186675.51,25529.95,34246.02,,234.49,123879.37,677.65,101567.35,358863.0,707.89,222393.14,201711.56,96.57,60308.67,41869.48,166179.97,1059.71,307.37,4288.53,72663.22,8069.53,1322.55,,70866.09,349.36,235.46,245093.19,229292.11,300533.78,678720.32,93.72,1283.24,91660.43,,258927.72,,169010.42,2020.86,,153930.08,141.81,1635.98,,92.71,6607.59,,7358.94,639498.32,2726.12,,107717.66,5502.77,341543.12,21859.26,8233.22,260.41,,439988.42,31128.53,16629.21,31252.78,4394.24,106942.29,26302.81,7798.66,839033.58,2688.25,1585.94,80934.7,1723.03,5570.83,17251.64,131.1,50370.26,221991.47,9059.76,,176280.98,83611.34,,152.61,29618.42,28766.78,110233.05,551.35,236.22,3946.79,22295.84,1087.51,81749.6,114577.74,,872.03,1040.42,,398.77,61.11,16643.24,8197.91,275.68,130648.2,817.41,,47798.6,249140.36,25178.32,1342.31,4973.25,59775.86,2791.0,651.0,53306.72,53491.51,,6213.47,257383.17,,859471.03,11817.77,,2418.29,6067.26,12355.34,248037.03,1450824.71,131958.52,419071.31,,,17493.07,137.52,63210.8,,11978.45,57982.02,147.35,931.68,274085.24,18566.85,826.11,4617.98,734.84,1380.36,253.83,702984.36,1097.87,949.28,6041.41,488.64,127519.88,,,,783.23,1683.91,175.25,3376.86,,2044.77,134965.84,15605.81,10857.85,4267.15,41400.1,418419.82,46661.02,,28924.16,,142504.69,,,148157.28,12905.01,49565.74,61496.13,,79066.93,1531.66,69732.28,2251.86,528479.74,2153.37,13431.07,12429.16,116.83,11516.61,69431.89,77584.66,603.27,55761.71,12241.87,,,174366.77,457147.07,52760.49,13537.91,1420.12,3705.13,1134.55,60613.55,418033.19,1625.54,,41446.57,39606.32,2376.73,16843.35,4535.41,58821.46,317.97,9084.95,477.67,2143.73,315742.85,54723.91,74531.88,32117.75,573.47,123016.34,,170911.32,29802.64,48975.08,6307.19,1224.37,9717.29,702343.17,7457.23,457.71,30457.27,1280.79,110020.6,68507.71,58239.89,31165.87,12527.91,5008.53,,,,64.97,,9612.73,32617.16,,317132.91,73151.22,524.67,,253336.1,,49677.42,47995.58,36746.04,525304.79,196132.28,37855.62,450.96,1214.45,,44307.12,2675.88,29041.88,34417.36,166632.97,941.66,126339.93,5216.57,433663.72,773.28,7179.16,5607.24,42803.24,95407.27,553.64,331.38,119962.79,37350.11,52741.59,158.38,91173.12,118739.34,,1010.6,5303.69,,,,,,24311.51,361.06,,14604.91,640.79,,164078.55,141.11,,,1123.53,3043.98,4238.92,31866.45,1559.09,78171.0,129.25,809556.57,820306.25,9622.38,158.37,,6213.05,,1810.16,,27398.87,1052.73,3100.84,223.75,705832.17,7561.82,163936.57,,,90994.21,431273.4,114.16,1401.61,7465.1,334849.18,224.53,40525.34,3843.61,,,11968.73,,30960.39,1077.08,79792.73,157761.77,,,1266.47,3542.8,48891.88,22510.04,59.9,140995.34,6079.51,,21636.94,,,3834.72,45668.7,365.75,44174.3,3442.85,37263.94,23045.98,4419.23,15277.78,2036.89,11451.43,1.0
S020,participant,20,B1,41.0,F,23.6,238518.07,2920.82,,1319.64,,90325.33,19161.41,73559.03,9201.37,,37601.19,,6675.04,201561.66,1841.74,2583.44,,59764.11,,276.61,62172.77,,149.18,740850.31,234240.33,54768.81,14330.09,2216.27,,365639.32,751.77,338968.66,437506.74,1213.94,132167.83,331783.79,208.54,15135.72,35707.91,84151.37,466.01,461.82,6515.19,43016.86,6302.24,1096.61,10010.86,65784.48,202.75,125.92,404101.38,59882.42,504219.81,811542.79,,2524.58,56582.92,,70198.12,,119465.91,3037.08,85.07,97809.33,233.8,822.95,,,22683.06,1145.56,13589.48,537467.51,2241.88,286.08,125508.61,4820.95,165590.7,46679.73,6209.32,455.06,,705093.3,127382.11,17173.61,97733.89,,533002.21,13512.58,27415.05,109197.95,3592.07,2629.81,49564.56,17826.02,5574.69,38066.44,109.52,49825.77,286570.48,8713.05,,210359.15,35787.67,4919.8,,48186.88,46509.23,167717.56,580.01,506.42,4829.46,26418.56,1214.81,61203.26,181740.7,180.53,590.29,1611.74,2090.41,658.73,81.88,35050.93,14600.03,,804802.27,1157.95,10173.77,44175.77,92860.12,33466.41,1553.89,2389.94,97544.91,1346.27,,18601.65,181003.87,229.67,9199.61,64808.58,1090.12,140197.79,9778.28,318.47,62678.34,5903.29,16499.66,97199.94,340386.79,103104.94,360344.14,,,25436.72,126.77,104383.53,1675.3,8035.77,75531.61,130.0,1379.3,482968.65,41962.5,1354.53,7817.23,457.0,,336.03,187828.5,1542.59,1183.27,4908.62,,101736.6,2962.29,,4145.81,713.14,,449.21,8744.87,,1822.65,637826.34,24137.88,9241.82,3414.08,20508.05,289023.62,68789.67,,8520.64,10020.79,310286.79,,590.72,101423.0,5241.65,77348.05,43493.99,,45163.1,1560.7,86242.27,5558.2,867234.75,2359.16,25661.03,11207.49,,6010.21,106910.6,13454.3,671.23,46970.5,11214.57,98.6,754.53,23726.7,236292.73,59145.61,15555.11,,3105.13,2825.11,58128.6,102119.35,1951.23,1264.74,28031.43,35324.12,1293.15,1227.76,3819.59,21279.49,148.99,9685.43,332.98,2436.55,127102.37,17720.71,17617.34,10264.31,,93828.91,307.17,179219.62,36679.58,71317.62,7184.28,727.52,11248.2,82960.52,9327.19,,43332.12,1819.67,241296.52,142076.8,65468.74,102801.58,68202.96,9590.1,1184.26,,,,166.71,6072.78,30674.36,,332210.36,129772.45,,,174552.5,493.09,15592.11,42866.05,70023.29,228427.67,216169.28,57083.89,1299.2,696.21,254.16,13123.98,11435.3,59329.7,39887.09,286723.64,842.32,54794.42,4790.41,598164.96,,11653.31,6693.03,59240.23,190483.63,,,50513.88,60584.8,58568.48,,95968.72,483930.33,1260.57,718.65,4780.3,1702.69,,,213.84,20057.08,42151.24,379.89,22652.67,32126.45,394.48,89.62,133105.25,97.17,,92.7,1528.4,4079.8,9500.97,53215.81,196.94,26064.82,,387465.95,257895.95,12840.3,,103.45,19167.51,,1317.44,,12961.66,,6365.82,,1243959.53,5546.2,193129.13,,214.86,65735.2,453026.52,,1199.54,,660355.38,224.71,65899.76,8861.85,,1573.86,6716.03,,8588.26,2447.83,85367.35,197811.59,,3870.52,1235.45,3928.36,32010.42,8728.14,66.26,80251.65,2430.3,1560.48,24940.67,937.52,9262.44,6794.73,139849.84,270.23,,9314.18,72290.77,47599.52,19325.23,18726.57,1152.97,7339.02,1.0
QC03,pooled_qc,21,B1,,,,363195.67,3134.23,,1436.15,440.87,159185.42,12424.58,96214.09,7392.59,,29406.51,361.8,4960.28,135884.21,2489.14,1430.13,653.5,62142.96,253.54,233.0,73035.32,,,658658.36,296833.7,44984.26,7652.57,1597.42,,136760.99,506.72,100725.15,366778.17,787.77,137512.83,339832.6,116.31,32050.36,41995.33,89152.53,671.27,340.24,3034.26,96144.36,8599.55,1401.84,4388.02,78842.41,200.03,158.82,299644.18,190602.09,492370.65,709193.61,65.31,1316.77,62908.87,,49768.94,223.58,176907.58,2745.18,,138766.55,139.05,1502.92,89.25,69.89,7990.31,865.1,13174.01,354775.14,1812.9,,97126.12,3665.83,169913.4,22872.22,5874.39,155.22,105.39,519035.5,65593.35,17560.61,43613.94,3860.84,94888.39,17981.69,20698.18,306739.28,2077.82,1475.91,90992.91,4375.0,5597.24,32626.59,120.67,45540.73,189798.14,8522.54,,289231.5,46455.3,12531.79,127.04,33475.57,56442.94,87871.07,701.63,275.5,3910.04,26581.32,1379.8,94612.4,143539.78,,667.01,1043.17,2176.58,379.96,73.54,29067.82,16326.84,70.55,493296.84,796.71,15024.78,36062.97,85921.3,17620.92,1675.34,6221.92,77253.64,1074.17,750.08,21727.93,43871.77,166.36,5600.33,201505.97,1501.33,536281.93,11793.1,338.12,6469.73,7204.3,14831.07,97924.6,478963.78,176693.37,250566.09,,1926.0,15331.12,157.64,94883.82,1671.83,21089.27,113619.19,188.16,916.92,513518.17,31164.43,1050.36,2748.92,337.17,630.46,157.43,291526.29,2925.43,1046.92,6220.17,403.68,108364.84,3662.31,,4534.65,757.38,1133.54,,7673.27,,1845.97,436269.03,16932.62,7750.24,4360.64,42400.78,446775.7,34501.19,148.99,33500.91,7622.87,249989.18,,387.55,82301.34,6027.68,74108.11,78831.0,,44292.6,1914.09,130042.33,2606.14,520942.74,3528.75,22243.01,12597.84,,4298.65,104305.21,28952.78,,90315.32,19466.73,102.94,660.38,124802.03,255570.12,64255.13,16279.18,660.81,2374.22,2006.58,76904.49,140281.8,1310.79,983.83,57891.8,52566.5,961.7,2110.93,1755.24,26181.69,138.13,7793.59,391.16,2615.25,124103.39,35147.43,39075.56,21298.31,591.07,186135.81,,261114.44,21456.92,77486.7,7092.93,454.09,11700.0,423728.55,12056.32,397.19,24006.56,1329.34,116070.68,112474.62,34276.9,62595.68,52665.46,6432.97,1280.36,361.33,841.69,,,10713.15,28151.45,,360691.32,190537.71,505.21,145.99,45007.66,,28812.15,40044.8,57121.38,374159.69,169537.04,27863.42,363.62,920.96,,20728.28,7700.12,73470.9,41106.08,351975.87,606.41,42608.8,7783.37,332194.71,172.57,12122.18,8623.9,60012.08,107361.32,,69.12,70764.59,43725.45,56381.46,168.33,91009.08,222368.78,1804.94,536.13,3524.7,608.15,,,184.57,6413.09,25509.16,,18485.83,24123.75,601.06,,198677.96,79.92,,,1317.68,3773.14,6379.26,48466.79,301.63,95694.88,129.48,512048.61,382701.55,11228.56,151.15,106.98,7807.71,,1558.34,,19734.05,941.14,4875.45,186.4,262620.43,8369.15,179401.39,9321.56,,75838.54,503837.84,144.19,1177.81,5460.18,440019.57,407.47,53164.39,5503.78,,965.81,7279.71,1068.6,26895.6,1393.4,70161.04,214104.52,504.12,1240.78,1662.93,1757.78,85517.72,9690.23,68.25,134347.09,2299.32,1700.87,12286.52,727.69,7391.2,2970.15,71843.73,420.53,9070.29,3053.04,81721.08,39084.58,5637.01,18394.04,2042.07,7877.28,
S022,participant,22,B1,75.0,M,31.3,412009.56,,,2234.89,1209.55,191191.14,8891.81,90951.8,5353.23,527.73,33308.95,317.6,2760.65,88521.04,1895.78,1659.77,1102.07,29086.02,264.28,,57836.16,,146.59,188139.0,166487.73,24922.92,14191.61,1914.91,337.49,32318.98,555.53,108928.96,266269.94,,159296.15,884424.58,186.88,28270.32,56541.76,125096.48,1902.26,289.63,4745.61,56954.05,9510.21,1444.43,4840.36,125889.51,481.83,131.04,636139.05,307486.07,346388.54,642165.9,218.03,,39707.65,,211023.03,,229636.44,,,295996.38,,3067.31,,63.23,10750.85,955.74,12368.38,390616.57,1598.71,507.74,200997.89,2352.69,163106.41,13816.36,7882.86,,,508383.55,85214.56,16782.02,21188.36,12745.55,53023.82,26850.02,28916.55,668333.62,2104.53,1971.65,157946.98,21594.4,5540.09,48319.67,,24965.72,60242.84,3314.02,,129893.3,69711.37,12949.43,173.8,34625.11,97062.7,194285.71,758.48,,13710.41,22288.88,1156.59,62313.49,144794.25,,517.19,1536.27,1914.71,350.32,92.98,32882.29,9485.79,96.36,377669.96,1016.91,25310.88,25328.16,84964.65,8327.87,1390.91,5070.59,115238.86,1184.49,677.95,15781.79,148012.04,175.91,5378.96,1075749.27,740.83,832209.65,12840.39,,8966.94,10191.63,22390.65,80621.65,315776.93,219001.2,293575.64,,2424.75,19016.97,167.93,80934.25,1964.07,,51866.7,329.62,1069.85,746667.98,38678.03,1012.01,3484.12,,607.85,,372992.65,2339.99,1719.47,5321.7,379.72,149800.84,,,14125.49,2049.38,1492.03,142.45,8791.18,154.35,2633.6,1590437.36,12831.36,8887.62,2722.89,53321.26,584050.88,41136.37,,34936.17,8320.34,406348.53,,413.4,286167.84,14387.35,34719.43,32852.92,157.37,36310.17,1816.2,122214.89,3610.03,937306.88,3320.31,29517.76,9128.67,105.99,4489.84,95210.81,23836.48,,136395.36,33540.08,,,106052.24,183019.73,25574.66,20606.23,1215.72,2257.65,,98869.98,116427.82,3013.02,2988.85,80889.65,132803.45,762.73,,2301.33,41829.55,,7297.52,659.49,2378.47,120415.56,14569.3,28556.82,13524.57,581.64,202128.1,240.51,189467.98,21420.04,215991.91,6814.83,389.06,5675.39,369637.21,10152.98,508.99,23257.74,2362.43,144826.05,123755.93,19002.04,34496.56,61525.55,4263.92,840.47,232.36,1360.57,,276.16,7892.67,23559.83,125.83,478094.92,134034.76,727.43,201.65,69461.06,436.91,36900.56,46582.37,31394.31,287818.48,97022.71,14308.11,909.22,894.34,317.97,33743.0,5312.71,46645.98,26857.51,533499.26,1612.9,88786.42,,524450.01,730.94,11661.38,5721.1,217178.74,44157.57,,,82169.86,53030.32,36200.83,351.27,46935.29,187527.92,3929.06,466.59,,,,,280.3,3899.76,7992.99,,23329.68,32408.57,,,218267.08,72.27,116.3,,1656.41,5103.14,4111.7,44857.86,,102158.19,135.17,733514.03,367716.12,20792.24,105.64,,4029.26,,,125.0,10133.86,1469.85,4322.79,465.08,191949.29,9848.1,195173.25,35891.46,307.6,133197.07,948561.21,161.25,1502.8,,868669.74,416.39,88234.53,5312.55,123.62,849.84,8765.97,4036.47,12853.26,,44460.69,217410.22,,1744.07,1240.75,,106184.12,15215.38,173.83,124993.81,2432.86,7552.96,18959.23,872.85,8377.57,3180.4,62332.48,278.47,5082.3,2735.78,71518.86,71574.87,8659.09,14099.05,3298.3,9203.72,1.0
S023,participant,23,B1,62.0,F,35.3,640854.92,4225.29,60.91,2140.49,357.74,122714.78,18212.01,87037.55,11672.54,,59916.47,170.83,9766.69,149607.51,1281.53,1485.7,589.3,9035.21,,220.64,160126.93,56.71,,817770.84,627309.07,15735.87,6729.39,1386.39,,151039.6,1230.32,37675.45,474247.72,693.39,176399.96,430281.65,,19139.79,32769.14,129088.15,714.67,,3697.33,139374.36,8007.45,1446.26,3408.92,33920.27,523.91,443.86,309425.75,143855.67,897253.05,700525.92,73.1,2792.26,60380.15,,52650.02,,69370.47,6839.26,,105541.08,171.0,1002.25,130.86,72.53,20429.92,795.24,19586.56,160276.6,,243.49,270783.07,3895.86,103968.66,18739.04,5236.18,,,359406.21,93344.89,17981.37,6313.8,4280.3,83433.88,,23529.99,397383.76,2573.85,1948.56,118562.7,5416.81,4497.54,53960.52,150.74,33334.81,372260.42,10531.04,,115433.94,49329.07,8442.8,175.3,38460.87,231548.94,42755.17,,326.79,5530.97,21028.13,1337.84,148671.83,92337.55,216.62,549.41,2019.51,3052.87,,107.58,39463.94,14391.56,92.54,1052744.23,1154.21,40189.16,71371.38,93334.24,102278.88,1735.9,4815.34,101471.99,1009.08,1145.83,83688.54,35480.13,,5273.04,469399.39,1153.36,668569.82,10770.6,391.99,24452.73,6131.9,10286.25,96380.97,327507.45,226699.9,240272.61,,2631.01,17797.98,141.94,135498.34,2381.13,13297.09,112486.19,160.58,865.76,227656.23,24532.51,1518.48,1795.75,240.96,642.88,159.23,438411.09,1966.73,1135.12,6128.37,,140971.02,4104.94,,18112.64,1830.29,1179.54,137.42,6289.55,135.86,,807365.98,24311.05,8817.6,3420.65,40555.88,365797.13,98917.63,,232509.1,9248.95,287466.18,,492.53,36481.57,,96960.08,49828.39,,37223.41,1338.55,146660.04,1330.78,545608.84,7724.3,13204.57,13106.13,227.37,3711.2,129171.4,28452.06,,63687.43,18048.91,,,46860.23,299092.55,84053.91,17645.5,,4211.43,3369.82,69334.76,242147.12,,852.62,30297.76,68154.65,607.51,1219.43,3379.04,28285.27,,5192.92,438.48,1300.99,259044.07,20114.09,127277.41,220409.41,661.48,151603.91,214.82,374130.95,24923.41,74181.8,12223.99,459.57,16035.5,724059.64,18656.92,315.72,25981.58,778.64,84909.87,293784.81,15891.38,95447.02,37762.89,4506.48,1738.3,462.42,702.93,,,6471.79,24091.02,,298397.26,464744.11,,184.26,103568.23,364.62,28194.6,14913.51,41952.18,228905.46,376195.46,199222.8,395.41,922.37,,13064.16,8317.56,32274.13,65240.0,305772.79,530.46,42169.44,2408.54,310016.8,,9190.79,27310.61,65312.11,324558.78,293.18,111.63,75483.7,113903.84,80781.54,261.71,127216.94,874617.02,,949.13,1792.01,,,124.08,,5971.17,15767.42,311.08,26927.98,30569.57,,,279174.33,,,,1304.77,4483.35,30786.66,46215.29,181.43,70243.54,,428138.16,486248.6,11407.3,168.2,,12098.51,,1301.5,,51825.43,,2710.59,229.59,262281.53,10120.84,170707.21,9302.4,,35534.58,242060.95,163.0,1663.49,13189.14,361733.67,280.95,41441.3,4743.08,,959.34,9839.58,792.53,7701.21,1314.24,101988.06,650345.42,655.15,2301.1,1205.38,2750.96,107804.66,19315.14,93.88,113175.58,2744.0,2083.84,17940.32,,8135.82,7650.82,115434.17,657.28,19796.67,1115.55,27064.68,40369.12,8056.54,19639.48,2878.98,8950.09,0.0
S024,participant,24,B1,35.0,F,28.6,829954.61,5463.19,,2623.3,,138179.64,15661.0,96269.55,4788.8,,158906.16,371.26,4258.28,61227.42,1179.86,,2193.05,15490.2,258.93,429.7,85409.19,,110.98,859473.77,616257.74,96448.84,14419.95,1652.78,296.45,409999.16,,70250.64,568285.4,,142395.09,379986.07,108.38,9689.84,28671.72,104067.02,,,5043.72,93081.24,9883.95,1659.76,4625.06,29088.69,290.96,140.64,395539.08,101301.11,43607.37,971345.9,,3734.29,74299.35,249.47,,203.41,69314.42,2370.97,146.09,57000.17,172.31,844.34,197.38,98.06,17012.29,1221.76,16214.68,312552.32,1503.51,342.14,55646.17,3267.15,175165.32,11501.74,5478.7,157.99,268.36,315044.22,48369.44,25547.86,61871.48,3593.26,65350.49,16601.38,13315.65,748689.83,18499.8,1594.67,388054.05,5947.23,10016.5,53888.98,152.34,47886.1,350178.65,14445.34,,245439.34,46854.84,,184.23,35620.24,193550.99,112565.27,606.92,949.57,24020.92,23326.55,2301.78,79896.09,232079.2,189.58,1211.17,,2293.17,763.62,61.75,28465.11,26847.12,97.86,270242.94,845.48,55295.04,35167.86,160052.43,13927.35,,3312.05,181165.63,1107.93,2412.79,,54501.06,174.66,5595.25,143765.08,934.89,395297.91,10541.36,301.59,,11119.49,7326.89,68531.76,130426.63,132019.42,555388.26,,2022.34,12199.72,137.49,25076.94,1332.76,10573.84,85298.03,158.25,931.66,475573.61,20365.78,1461.24,4185.9,428.05,,107.13,602766.51,1693.05,1643.26,9086.63,1019.07,30632.0,2823.73,,8697.78,832.73,846.16,,7755.2,151.31,2041.54,1893348.1,9970.07,,5298.18,21403.3,912119.15,58811.12,,234795.88,5711.59,233970.95,,687.93,277511.92,16023.05,145039.82,89739.92,130.14,56308.3,2437.23,198565.04,3588.96,564401.94,2923.27,17529.0,11212.07,,,108677.84,15519.58,818.14,36760.31,20255.01,206.88,755.03,138132.22,212895.14,168903.88,20233.81,1272.89,2483.41,1067.58,172285.86,160544.1,2299.55,2038.2,48018.14,26623.37,552.22,,1556.88,32743.27,188.98,24631.92,410.23,1800.9,364571.4,84650.03,62673.79,39286.21,1079.41,203149.16,389.94,273182.28,13926.7,41228.46,5870.73,436.56,12371.18,576829.35,24128.74,1148.98,23333.43,962.2,112922.95,96993.12,27560.57,40093.14,25028.21,8444.87,1063.07,346.59,697.49,62.94,,10058.09,24118.41,,435873.06,87622.56,486.62,177.37,18672.5,,28452.78,29111.72,200707.83,309717.16,258754.93,25256.35,510.0,1071.96,,23234.76,2736.52,58496.25,101717.29,574543.7,752.86,40225.31,6206.0,605977.57,258.21,14238.28,7901.9,56335.26,58698.41,,116.83,38887.98,46123.72,35204.61,186.19,244288.03,703280.42,2268.04,472.4,1815.26,687.16,77.55,,200.09,4670.18,27792.2,,22440.85,12319.21,1012.64,,287609.96,,,,1421.63,3497.82,15506.48,87067.98,426.19,97611.85,137.12,536210.57,375442.15,10877.9,178.63,139.18,,,2882.83,,26636.0,810.14,6738.74,,313617.13,3858.95,242439.32,8590.93,208.69,74801.74,612689.31,122.89,3349.53,27893.37,308715.89,459.25,39487.52,6445.26,,,11436.0,1013.63,17466.74,1753.44,99974.24,108972.03,482.1,1677.74,1708.22,7531.94,12906.57,4764.05,95.92,136500.91,2911.04,2450.2,35415.8,,6685.01,1672.36,47558.46,537.67,16937.42,1848.32,52053.42,76804.93,15514.76,23329.56,1663.52,,1.0
S025,participant,25,B1,68.0,M,21.4,748718.13,,58.18,2032.77,,67359.42,10135.81,111771.43,15679.32,,56242.21,260.11,2878.73,325135.08,1848.4,1796.62,,25567.38,863.86,261.47,52547.68,102.52,,97814.66,270425.17,78585.77,24767.49,,,194545.58,645.98,66227.28,424343.07,998.52,167965.84,279679.54,324.83,11202.87,49398.02,152808.27,1455.27,270.57,3434.87,116729.94,5561.83,1844.24,,35667.3,,197.27,730675.56,250064.36,491679.48,1119834.24,,,76000.65,,29871.23,244.61,96240.5,3067.66,66.67,262753.92,123.21,4742.17,169.72,204.83,4534.68,,10469.85,192996.48,,201.56,71246.56,3336.22,118328.7,21598.11,8937.87,,79.3,109267.56,123759.53,21565.51,76350.68,2350.38,234028.87,39942.86,23051.31,339042.61,1729.74,,64435.29,1418.0,5315.61,33257.29,119.07,30449.98,173383.63,6889.69,,264764.45,36445.85,9528.04,189.72,29281.13,148405.95,104665.64,918.34,282.43,4441.08,38451.08,878.16,103842.09,119690.35,,551.67,,2919.14,625.96,,46999.24,24752.86,75.63,1112074.4,1125.47,12204.62,20130.53,62103.05,36447.06,1154.9,4315.98,115555.63,1409.83,526.01,22070.59,17628.63,183.72,6434.9,335563.32,777.41,803175.77,9707.62,1180.71,4198.08,8306.48,42750.43,78347.92,276788.78,200296.36,182564.52,,4046.49,4695.96,,54292.67,1148.81,7034.51,57419.63,438.28,,402111.15,9889.92,962.99,1691.08,227.83,755.43,212.07,466641.9,3317.75,960.35,4324.55,746.17,119078.6,4328.59,,3127.15,1144.89,884.13,170.12,7877.91,146.88,3919.35,124648.35,28266.24,12716.34,3451.63,49346.48,507697.71,32469.46,146.44,37690.56,7595.57,300134.23,,,73012.81,9365.94,128597.76,59406.59,127.68,38729.31,2418.49,77721.06,2871.62,1526037.92,3452.88,23794.05,10576.23,,16317.86,91254.23,23151.1,,53094.58,14362.49,,985.76,71063.01,241092.49,54811.93,13714.36,834.91,3180.08,1570.09,140153.6,247791.94,1188.4,1263.4,59530.38,30655.04,623.21,1547.34,1383.56,55032.07,,12139.36,505.07,2031.31,128015.68,57561.9,30755.6,,1495.27,349398.11,,190846.0,23511.64,72931.78,4464.99,1724.69,8163.8,349320.39,27495.64,,18357.52,1466.38,177370.94,116987.61,14089.29,187488.36,71435.36,9839.79,,538.1,,,,8166.52,16233.92,,451726.68,178698.59,568.13,202.49,32845.67,,18366.04,29905.32,159844.98,424509.93,136103.5,33006.77,,788.75,309.49,31658.04,11615.23,92736.01,47564.83,326807.36,626.54,54005.33,3326.56,366652.85,,21134.52,15576.4,27748.21,54770.67,,,26711.01,168644.56,66573.18,118.69,32162.81,284052.98,3388.07,794.42,4110.77,990.48,,115.43,,,16551.76,371.58,17297.87,45684.65,514.71,,136214.82,,135.06,,1362.11,3481.23,,46165.4,837.68,184025.15,227.57,217988.85,270754.19,11369.1,222.33,135.25,13317.79,279.71,1197.91,,31375.62,1229.05,5027.62,318.93,200892.85,5920.82,252701.52,5499.17,779.85,,419350.98,167.23,1819.99,5306.43,783783.18,,39720.99,5076.62,118.93,1257.2,7168.58,,41340.96,,48160.35,577648.01,,8230.87,1262.28,2174.8,22638.54,4901.53,64.46,228047.9,,6429.45,26206.96,1533.25,5549.78,2704.25,222135.72,538.13,3815.64,4756.42,17618.69,54684.04,5626.47,16459.39,3794.19,5792.6,0.0
S026,participant,26,B1,64.0,F,24.9,294798.75,7048.51,,2044.78,,223916.04,,131089.89,12934.09,,200757.68,244.25,5877.94,38958.36,4896.97,,,25871.44,412.61,289.21,136453.39,,,677086.15,387853.96,60855.97,24551.05,1946.5,,458437.32,661.96,240067.66,387330.12,919.35,127411.76,307935.86,242.46,48133.45,38727.96,236282.78,,245.88,,93626.21,14886.2,1792.16,3820.23,52802.89,,,275392.16,203639.56,607092.4,629906.0,,1418.99,114777.76,151.75,81928.05,,135926.91,1869.13,,75904.71,,4024.64,240.41,62.38,8958.2,1184.92,19706.93,432683.73,,,275469.63,5026.15,212872.3,24603.77,6509.29,161.31,,1911491.43,61334.06,12703.01,18110.41,5247.5,158211.28,14808.05,41155.79,69843.61,,2155.02,7518.1,,10609.95,16894.72,134.89,45605.87,224084.74,3536.92,105.13,463208.93,31609.69,15878.61,185.02,39097.55,122732.15,99374.88,,,12863.89,39227.43,868.27,67144.43,295209.83,,773.53,1751.16,3014.36,384.73,73.64,45983.38,8499.26,98.94,665530.51,675.69,51765.99,41860.74,134207.9,19013.21,5823.96,18241.72,84628.86,,561.29,48238.79,133812.79,176.36,2617.53,178230.15,,792375.82,14396.33,2162.26,2791.86,7615.78,11891.91,162146.37,127194.48,253625.3,362979.07,,1698.24,4630.77,155.49,298779.66,,43218.28,204359.47,,729.3,300954.46,33941.19,627.55,3653.72,1301.13,764.5,342.55,394777.3,3780.66,1487.68,14685.92,517.07,183835.92,4552.25,,2298.35,2275.06,2383.81,150.55,7465.88,,2523.89,287162.03,15842.16,6813.59,5137.27,31505.3,665388.2,38209.11,363.92,8062.35,8598.98,441156.15,,433.96,91904.46,4763.06,93648.11,41568.33,115.5,68112.06,2096.98,207827.13,1549.75,604342.95,3194.35,18405.06,10893.65,,9071.86,151468.87,32352.81,396.58,189189.89,11159.66,,,81935.86,162113.4,86531.41,17785.74,1193.68,2292.15,4023.72,128075.72,157601.68,1654.14,815.03,42244.48,120619.13,1937.93,,1781.82,20232.89,119.2,5313.62,382.88,3341.06,157471.92,82205.85,25920.94,21411.54,474.84,197470.03,,1345057.32,23082.7,56810.31,8476.55,3567.25,14589.61,704162.49,9353.9,,29108.01,3617.1,162095.34,116795.4,122339.44,73730.43,58294.48,3213.73,1551.89,491.82,1221.23,68.89,,8388.6,26714.7,,487002.27,113166.03,629.96,,39749.36,,36582.13,45672.31,85779.27,464554.75,210601.81,23886.39,590.51,563.24,438.86,27042.61,13318.58,130126.72,15539.74,390292.95,,77624.65,9386.05,796290.17,593.6,8963.98,5777.01,63676.01,61416.38,,172.81,164955.51,34537.21,,425.8,83608.1,259760.19,1647.8,,6890.2,,,,,17249.27,23393.71,467.0,21444.49,20458.69,,,131926.89,,,61.69,,3382.59,5558.11,37460.77,,101703.49,,477588.56,347007.36,10887.94,182.37,166.39,9370.12,,,99.35,20489.1,,5970.56,773.98,598247.49,6829.59,169311.14,11705.85,,86157.94,487854.46,,,4610.37,234844.84,1252.95,66529.42,7331.08,184.43,647.24,5446.47,809.4,32861.54,1485.86,90442.94,451368.28,734.07,2715.36,1054.33,3097.99,216712.94,45140.23,69.17,237452.75,1912.69,1639.67,23962.97,943.66,8311.37,2578.09,67225.41,265.6,9462.82,,139580.25,18720.03,3049.7,18276.96,2474.95,10636.82,1.0
S027,participant,27,B1,45.0,F,27.9,339485.69,2307.94,64.13,1198.81,1234.61,103855.62,11875.42,107889.9,9076.07,162.72,46871.4,,14679.82,52641.61,2062.68,2172.3,470.77,22942.06,,223.45,101611.97,,221.71,123536.62,593193.34,61052.01,9500.49,2323.31,,158273.45,,143704.08,557546.0,,171923.68,260797.01,170.82,27945.59,46966.97,51024.27,1164.73,,2495.68,112677.66,8777.33,1263.08,9420.81,71182.67,335.9,416.6,298366.25,194889.91,376704.96,548952.88,,,52565.35,175.55,58999.29,,139663.24,7124.46,103.48,223586.48,,1844.87,815.04,215.38,4216.57,830.88,18853.81,231648.9,6222.95,235.25,93607.45,4755.31,164704.9,27906.33,4494.53,,160.08,220995.5,155446.12,18838.86,27495.69,21947.08,108835.69,20750.79,,316733.61,1642.11,1167.92,119817.07,3234.85,6316.71,56198.07,,103829.31,124077.41,4861.32,,170491.91,38341.72,5345.39,149.38,41118.82,237434.62,71589.73,1074.97,1478.58,1776.97,31666.78,1312.25,139795.13,70312.99,,,,6894.39,311.46,73.33,43888.72,26481.3,71.12,2299539.68,823.08,24345.66,96533.02,84943.53,14406.04,3530.1,10124.67,73157.12,1207.47,1093.68,39920.41,17470.79,159.42,10195.54,116711.5,1632.55,831496.22,12527.91,,5435.76,6232.71,14726.68,129828.86,480998.98,119301.67,309428.06,196.45,4167.39,44469.08,,81325.81,,37008.44,127025.89,233.15,674.41,368582.29,49177.61,631.54,,397.9,919.36,,1104373.64,2291.57,1023.03,9077.91,358.47,30394.34,8006.48,103.97,4959.23,716.46,1196.36,,6038.08,106.57,2460.25,1653558.71,39966.84,12487.86,4640.31,17579.73,659097.28,36368.67,,59204.64,9143.68,312174.81,,441.06,78719.14,3057.87,95390.81,164160.31,,50977.45,1978.72,396089.15,1431.39,1726146.36,1855.83,21891.42,10063.5,170.48,4400.07,117752.85,80126.69,293.24,287006.42,,111.77,,142992.77,357937.84,52880.01,11237.38,1509.61,2218.22,2863.19,171191.75,447015.81,1240.1,2260.45,42779.09,102040.9,1199.75,,3615.51,46473.12,,8029.55,1012.43,5536.1,127100.02,33392.87,39379.07,38597.6,600.6,177738.82,160.44,346000.27,26114.56,87758.19,8915.16,622.04,5130.91,776818.2,11657.02,424.99,20663.59,,116480.67,107122.1,56892.26,24907.43,123803.12,4972.67,1635.01,,783.82,158.74,,22230.02,49271.02,73.99,320759.99,92132.33,718.88,167.71,16919.55,525.57,23424.39,36681.5,16984.8,327492.98,144997.87,15604.99,918.16,1491.61,,37383.26,9431.94,60295.94,33936.56,340794.8,707.75,58595.95,7816.74,452941.88,455.32,18931.75,9014.7,195875.09,53785.7,189.43,140.64,120306.83,,37842.14,,41827.99,88049.48,2794.51,602.6,,452.93,70.48,,224.33,7333.54,21445.51,,28644.78,59943.93,1096.85,79.2,134065.02,134.8,,,1250.27,4214.44,4741.86,66441.3,288.32,84002.57,,311769.89,367180.82,25456.32,140.55,,,689.87,1870.8,,11848.59,1132.04,11252.55,,513488.95,6229.49,198383.03,28195.1,,50355.13,461452.41,100.03,708.09,,171582.43,401.65,53068.21,3589.57,153.66,738.4,10165.35,2038.37,9654.18,,70892.37,91712.77,692.46,2588.09,1087.23,1465.52,160640.52,22506.63,70.09,162046.79,2503.19,1550.63,37441.7,1649.39,,6194.68,48007.66,402.54,14894.83,4381.81,147635.12,89540.26,5988.69,18598.77,1290.43,15029.49,0.0
S028,participant,28,B1,71.0,M,26.5,161736.83,2651.9,,1668.43,824.69,156029.7,15649.35,109062.64,2477.72,562.2,17961.55,260.96,2773.89,331528.27,2684.21,2206.1,,11839.16,500.51,,80910.22,,,716879.86,333912.22,46585.78,12160.22,6247.17,220.17,35748.06,526.76,75058.6,395033.51,888.23,155382.19,329171.71,,29005.21,50822.53,39589.16,535.52,414.11,3496.1,105510.73,3065.27,1999.77,10545.66,78740.67,199.98,223.89,242251.42,277674.78,1462076.33,896411.28,79.04,3357.72,106896.27,,29735.9,,97200.68,1483.85,95.04,559490.48,187.12,,,71.19,10041.77,884.8,13464.68,261660.17,,,87431.64,,203978.24,122421.85,6199.33,107.15,172.46,941494.83,211891.2,11139.68,,2489.12,123472.91,43639.3,27974.92,241515.27,,,31430.36,5090.7,4088.23,13183.96,146.24,56560.46,523561.68,10388.25,92.45,234780.63,35044.74,13343.03,107.0,38172.11,31174.74,96520.72,,,19030.1,44794.32,1115.1,57167.9,136079.68,203.13,448.16,,4787.84,291.74,57.42,34037.07,36602.37,85.42,882040.21,792.49,54250.12,12124.74,44293.32,7856.42,,2919.41,56867.12,479.79,,36708.6,53186.5,162.45,6442.42,219612.05,2358.22,2759126.6,21163.27,579.86,6499.39,15792.43,28819.44,98158.24,486059.92,280073.91,212612.11,,,6158.17,164.91,122059.71,2806.44,16168.16,272452.67,314.65,1614.79,236816.55,24935.9,1093.72,4635.9,,1213.98,244.83,186646.34,5139.67,1148.26,8039.47,409.47,280739.17,3931.59,218.14,,749.91,1040.1,133.38,15481.83,,1391.4,400613.48,21654.79,8304.54,3851.6,28577.51,217652.13,14848.4,,62859.27,6975.56,228769.39,,,90008.57,,221297.76,108463.8,,69516.23,1553.2,39015.76,3585.74,686053.08,6401.54,14633.21,10854.99,,2900.97,116891.64,46632.71,399.83,45637.5,21924.5,193.35,568.94,151474.55,205686.53,98833.91,27635.3,869.89,2230.49,,172909.74,33852.06,,,47091.87,33296.34,922.01,5194.55,,44245.22,368.15,8962.97,916.51,2848.43,48513.77,45673.8,25456.42,12055.44,479.8,227030.42,216.42,249170.47,16241.86,247735.23,6952.28,,20356.99,1138400.07,12690.41,331.6,22636.09,794.12,111287.2,83963.66,11490.62,128034.15,46238.51,6117.14,1934.24,581.67,,,,9597.8,85036.11,,267983.16,303732.23,509.98,159.98,13409.92,,28158.77,33537.74,45732.93,546788.32,189460.82,61380.31,,,,22491.1,8575.86,56752.32,46524.79,247397.59,,46671.42,3628.35,263760.63,,12152.8,17074.54,174300.09,187652.13,316.98,118.86,27341.76,39868.72,52274.08,282.69,121812.04,41753.58,3886.36,,1996.42,,,152.61,,7219.37,36270.2,,20327.26,12407.57,,,168390.01,116.96,,,1595.35,5967.47,5011.34,214497.08,,335719.05,212.87,568288.06,596077.79,38855.5,150.46,115.59,6679.36,216.19,1305.61,,20846.37,,,325.33,2764098.38,7289.92,167648.17,15442.84,349.34,63270.9,380865.49,138.77,1489.73,6294.95,674158.35,630.62,105639.13,5018.49,146.7,1653.3,13675.51,1387.57,15425.82,3689.47,134726.89,288879.52,497.54,5505.41,1305.31,4198.75,16808.06,9841.75,95.86,223681.68,969.27,2272.6,45925.1,911.25,9169.78,7289.66,78095.34,437.4,3714.65,6169.84,189503.43,106536.29,12715.68,17751.61,1091.23,4932.8,1.0
S029,participant,29,B1,50.0,F,24.1,392389.91,5388.1,,2587.27,1618.4,133489.16,51705.94,96510.25,,138.7,85893.85,176.86,2511.33,156488.56,5368.34,2325.78,473.25,141935.88,256.42,226.77,39472.63,70.91,,186504.47,456161.55,27507.97,7428.31,1985.47,,855630.19,,49406.41,322772.68,842.42,70142.17,252633.1,223.0,12400.5,52694.51,78771.93,1333.23,470.21,4083.71,122233.85,6853.61,1273.01,2498.92,32198.35,646.71,187.02,510559.95,447156.9,518175.45,1105133.45,,3742.18,42245.0,,28017.87,,278412.09,3647.48,122.22,179261.42,127.25,1698.36,88.34,91.15,5546.15,,37441.6,225548.6,1439.84,393.88,202894.44,7044.68,113378.94,36792.64,8499.31,,,680451.5,12731.55,20523.14,28230.85,4187.51,43046.64,27270.32,44894.77,240844.77,1504.67,1657.62,74339.52,12840.68,,20176.79,82.31,70734.54,322861.73,10045.94,94.9,390870.32,38424.37,19089.88,,19022.19,27728.99,126362.55,,,2987.3,37563.23,3122.38,127673.12,210882.99,263.46,273.0,1382.57,3753.93,334.07,89.24,33634.29,9505.21,72.21,441016.46,627.33,5423.87,25518.28,89218.25,26752.11,1161.21,7161.82,104926.2,634.96,,10713.21,90020.14,,3745.52,101392.84,5897.49,324195.92,11801.49,,,4679.95,33841.45,118325.21,197983.19,247209.52,291834.11,304.4,1895.62,5637.9,156.99,304198.67,3860.16,11634.93,33315.08,478.49,,254364.17,26407.72,1505.43,3168.59,262.21,1232.07,153.12,70226.51,1486.54,1101.93,8332.2,371.03,94914.97,5459.12,167.59,17408.93,1020.78,1235.95,,8626.9,,2303.72,525215.38,12291.83,17335.92,5711.34,28679.94,897317.02,42018.03,,,8453.2,310072.8,,398.77,54265.12,6976.28,57875.9,93643.63,,52475.37,2114.42,50989.12,13573.68,538922.56,2937.9,35851.28,10548.43,,6103.18,100415.29,23679.89,282.54,133130.36,48200.14,,802.51,74365.02,501847.51,114403.66,11518.19,2860.71,2947.86,2065.57,85531.65,138752.7,1322.65,,73999.99,198195.98,564.04,6070.89,4171.45,20884.62,,6112.68,,1755.33,56480.32,10962.1,53929.6,25413.86,,178843.71,,921175.16,23016.48,81786.76,7370.25,1131.48,,291552.85,7683.87,1255.29,23300.24,1733.01,78121.39,152315.8,45006.49,130274.46,53155.61,5625.56,1694.24,521.17,791.1,59.79,219.37,7860.68,24215.0,,298042.57,82400.34,660.21,162.15,111866.41,324.34,43621.55,22589.85,19520.15,543785.08,179896.39,26376.6,,839.23,218.73,,10462.76,35859.12,24471.98,335050.01,,55096.05,15196.82,320902.46,239.43,12260.67,12505.82,107591.54,78437.96,161.03,,81464.03,55893.6,99427.46,,91922.4,926511.74,5052.61,,7737.65,862.11,,,250.02,2771.23,44346.84,,26735.19,11833.29,492.72,,218272.47,98.64,,,,5673.64,3537.67,106875.12,194.98,174510.36,208.14,839622.89,368626.59,17442.3,,106.42,4468.41,301.98,2091.17,99.41,32657.29,833.59,4616.98,,84943.24,12680.51,213868.6,12762.4,,32396.85,386106.23,111.71,1067.1,6095.21,163466.96,,73589.54,4222.2,125.52,941.54,,1106.92,30349.49,1966.42,72945.29,364009.79,625.93,4324.99,1105.2,2364.01,224037.2,14736.86,67.96,176722.98,7113.77,811.13,15706.51,760.24,6853.36,2530.13,44783.25,293.09,25463.07,5267.39,83083.13,43827.49,5137.5,19068.59,3039.57,,1.0
S030,participant,30,B1,34.0,M,22.0,309528.37,6792.88,,1352.14,,324413.69,26678.67,69861.66,13661.71,,39032.19,,3823.62,75669.98,5913.65,1476.56,874.26,53836.47,574.54,228.45,40573.97,,83.26,1287584.05,208127.25,33223.49,12780.03,2016.87,231.01,595542.55,679.13,83244.13,549107.11,,93617.68,293120.61,,10340.94,36944.27,149526.77,719.09,,6812.41,110799.54,8046.76,1696.94,23458.15,67305.01,,162.87,883068.03,217510.35,351313.71,391809.79,100.51,1758.85,46849.88,,28345.44,,112755.69,4005.6,,79395.13,105.07,,192.63,85.67,4259.53,904.27,30736.02,701446.36,1451.64,290.12,137942.82,4474.68,244090.74,18489.79,9553.77,126.33,,323143.54,23823.63,14155.27,46416.02,2361.29,43462.87,30282.69,26910.69,607245.55,1550.99,2149.5,66657.23,8445.03,6538.46,90437.87,126.19,36718.03,159335.48,15988.56,71.59,247432.88,43982.59,22687.85,,29607.56,50223.01,72984.87,1290.08,636.7,4307.91,26465.65,1036.77,196240.93,270043.16,283.05,697.67,1545.18,4066.0,470.54,59.69,34452.7,9258.01,82.09,344410.31,704.49,9760.56,31341.37,93354.64,9339.62,1259.58,12886.82,87269.22,1687.38,,15278.63,160624.09,181.86,2358.96,380759.82,1205.43,346502.05,21376.3,1411.94,,9257.59,18915.96,60140.04,755464.07,127673.93,378150.5,,3138.67,9223.64,,75847.97,1825.52,45944.15,147785.67,208.76,714.03,320067.44,16265.34,1069.78,1818.14,,1619.08,155.94,190980.29,,690.79,11540.4,394.64,185514.86,6813.16,,,1377.84,2116.69,189.41,6202.72,,2128.7,765704.92,24123.66,8635.68,2464.49,20845.28,816867.59,20566.18,149.32,85718.98,6653.62,237631.5,,,70097.6,5716.64,42086.7,90116.37,115.56,47640.75,1847.7,176371.25,12466.18,505392.93,4426.66,21439.21,11396.89,266.72,9187.91,68533.59,12567.7,,270321.71,20132.8,,783.77,57890.81,385923.25,31678.84,21338.15,1024.39,3382.74,2565.45,86230.31,87660.45,1853.27,818.78,41465.07,125965.95,,2292.08,1545.69,35690.45,219.52,7035.71,616.72,1385.44,158882.25,,14156.83,54196.64,587.47,457004.98,360.6,442461.93,16133.39,57693.03,10013.38,1418.6,19892.38,528458.61,10492.93,484.05,12777.0,2425.76,106115.72,188946.26,20849.45,57526.8,26159.26,5024.6,1491.28,284.34,1878.81,119.3,1395.94,27400.3,104723.44,,377057.06,142050.92,,171.69,162370.1,436.65,35852.13,33117.4,85789.55,288713.8,355786.67,34013.01,358.57,733.72,237.25,33222.31,12453.49,71410.62,40555.35,363813.93,830.17,37267.28,8468.69,335645.54,,5893.72,7598.37,61961.1,150268.9,,,124061.53,18093.59,46002.64,196.64,212473.45,47880.47,,,1507.69,,88.71,,372.79,9576.93,38463.57,,13144.14,22001.88,581.33,108.76,161430.83,86.45,,,1521.68,4179.82,4462.28,206628.3,,120972.79,,421881.38,453338.8,9891.98,152.57,,,365.59,1582.54,,19939.73,1365.48,3179.69,317.67,116220.4,4967.56,153267.1,10802.0,,91966.02,559601.77,186.74,848.09,8693.69,320207.05,866.57,57559.17,4828.29,,1575.83,6491.67,2403.83,27930.64,984.9,118664.67,643205.42,641.67,1882.5,1790.36,2401.97,22881.66,8467.21,,156554.47,879.31,17937.99,11440.9,,7377.07,2937.81,221472.25,391.94,20069.36,1218.57,160921.9,15937.24,6892.96,14485.05,2058.86,14868.48,0.0
QC04,pooled_qc,31,B1,,,,424526.8,4114.79,,1807.17,419.55,130345.08,12594.26,114455.23,6749.93,101.33,57900.29,257.96,6393.74,128974.07,2408.8,1660.83,671.59,41429.05,284.87,241.52,51280.74,,70.58,521965.88,278826.44,33367.69,9114.38,1773.24,234.86,161867.03,486.11,83205.3,403021.14,888.28,142309.85,339777.33,113.0,26999.75,44763.3,91950.37,568.06,294.34,3523.09,98483.35,8059.96,1220.13,4510.5,66577.49,235.56,156.95,314190.94,195532.78,415777.56,572475.51,,1706.53,67203.03,147.74,48817.59,203.18,142896.24,3098.77,,182034.47,120.59,1455.15,89.95,,7327.5,827.52,17334.7,322160.67,1930.71,210.82,114205.33,3868.77,138850.79,27602.79,5546.96,178.62,87.91,433995.91,59903.69,17368.8,42659.22,4085.42,98706.05,22353.4,27320.19,339475.28,2385.83,1421.42,77917.07,4324.24,5903.11,39929.73,104.88,57378.29,197523.33,9191.81,58.14,299459.31,38884.47,12679.37,110.89,30007.72,57179.54,73662.09,775.89,303.88,4660.89,29400.83,993.84,90803.67,194648.85,182.47,489.94,1131.18,2026.44,341.04,62.46,36774.51,17089.57,,432571.32,818.94,17129.3,36363.12,97623.12,21793.36,2367.29,5451.7,95076.65,1046.88,758.85,24175.41,54867.94,165.0,4973.34,173479.84,1231.32,514204.31,11011.51,444.48,6374.46,8246.83,16684.83,78653.29,408064.88,172864.02,341581.63,,2145.7,15909.29,142.98,112174.98,1677.41,16013.82,102151.98,139.16,861.63,457881.5,31475.14,880.45,2587.69,281.8,672.75,140.04,178666.78,2320.69,887.78,7251.96,548.13,106590.29,4342.68,,4838.38,809.68,1092.91,,7779.27,,2382.36,408792.69,20659.41,7587.19,3682.71,36877.07,422772.11,30791.04,146.91,30543.46,7612.63,234023.9,,,112951.24,5347.32,71251.51,83380.96,,60053.63,2601.01,113867.07,3316.17,500589.88,2963.42,29145.8,12505.22,109.79,4606.82,105091.51,33054.24,357.53,111464.49,18569.65,106.86,717.77,106721.53,314470.84,85987.58,17535.18,808.23,2794.67,2034.31,90518.15,168045.68,1725.18,1080.52,60359.5,67174.28,801.96,2990.34,1870.56,25907.85,126.5,7950.74,383.03,1998.08,102934.96,37042.8,37655.93,21155.47,633.77,150015.02,,381871.71,20695.28,92214.32,6464.12,594.16,14021.73,403251.41,13119.92,447.18,17938.81,1864.73,156476.94,101474.99,30573.08,72940.49,77569.13,5348.04,1121.45,261.68,916.69,,193.12,11167.33,33685.41,,311920.42,172523.74,574.19,143.88,64580.31,399.13,28243.37,30843.61,64073.58,319273.37,197558.5,24124.38,397.5,876.17,217.35,22505.28,7625.24,65364.69,32170.58,346179.53,534.18,45318.61,6992.5,398214.09,184.18,8955.73,9516.72,71957.13,101582.56,151.28,,61535.75,44979.91,56094.23,170.87,67669.71,196184.08,1952.09,484.56,3138.4,617.99,,,188.25,6270.8,21903.81,316.11,21905.13,23154.9,557.54,,183946.06,72.27,71.77,,1172.75,3997.63,6561.06,67323.8,240.83,119629.91,139.65,475798.0,355451.44,13902.44,112.84,124.63,10454.26,218.73,1940.34,,20604.01,948.19,4316.57,242.69,313600.37,7462.8,195389.53,11780.47,196.78,67337.72,459585.87,121.21,1081.57,5171.96,417760.61,301.23,68001.39,4784.14,118.12,944.89,9094.17,1175.66,25198.1,1246.38,85902.58,259608.53,566.27,1407.26,1361.38,1754.95,70157.32,11661.33,67.42,157527.86,1820.98,1872.19,19770.45,755.54,7561.97,2811.38,75732.32,326.91,14133.68,3187.94,113104.98,40285.88,5692.33,15616.28,1744.81,8197.48,
S032,participant,32,B1,70.0,M,21.1,244190.81,23641.74,94.37,1962.71,843.83,112620.57,,103088.87,42796.05,,55573.04,254.39,8525.4,48542.64,1076.35,2102.19,1568.95,178655.04,,310.81,42608.26,59.45,78.14,478654.16,420601.69,15771.35,10920.66,2256.26,344.5,62874.27,837.53,34045.76,511591.14,634.4,217959.23,321320.29,,17379.23,32045.47,39177.6,608.41,261.94,3292.17,81448.92,11543.37,797.11,6704.18,22163.13,464.7,,285294.86,322898.98,253625.65,365588.35,,11247.39,69633.12,,75048.07,273.58,201867.17,,,156524.07,,1615.41,132.45,,4778.21,1391.77,17976.46,456839.54,2841.64,457.94,229988.29,5138.09,125938.5,43879.66,5618.87,,172.36,723407.35,122960.98,8613.84,47873.86,6829.15,167563.14,13397.35,47279.8,149086.36,5344.19,1479.46,37517.02,3759.05,7848.98,16932.31,,50192.89,167779.08,,,454119.81,44810.57,13013.65,101.49,40369.95,127079.66,63029.44,,316.8,,23171.36,699.55,134435.01,92791.09,192.52,427.61,1279.12,1689.02,696.69,74.25,32505.81,28970.0,,501636.33,1309.36,33642.59,57168.15,86609.86,18575.07,1079.93,7767.12,56250.05,468.16,6443.1,17703.15,62015.37,253.76,5890.56,322473.14,2024.37,559567.09,10228.8,1278.02,5664.33,15454.2,13369.18,58537.67,413341.48,170430.64,622051.59,,4663.66,7679.29,214.86,77609.59,1291.9,17605.26,120760.2,,629.23,563897.87,21341.4,706.9,4864.51,456.48,809.94,,81552.42,3413.47,608.56,8813.6,772.73,50731.84,3078.89,122.5,6481.94,1454.93,,,16767.69,206.98,2453.54,1649535.13,18033.06,8606.78,5051.7,15579.44,199198.56,80084.12,,107364.66,9835.41,149590.06,,388.81,140181.3,,113603.17,73381.0,147.62,84674.83,2042.89,217905.11,1506.77,241651.69,3373.13,82793.13,11407.11,145.74,4410.54,153312.67,35915.67,375.35,134535.6,25184.43,,,165939.49,251420.88,151539.66,10292.49,1548.49,4182.92,,48427.85,88358.56,2345.65,1186.85,136402.19,66077.97,523.29,2393.53,1706.39,34194.59,153.53,9130.32,449.03,2666.78,215304.91,19626.53,59031.33,88262.59,,164869.89,,606277.35,22858.77,74030.69,8521.48,,36797.96,696793.4,,,14414.52,764.52,84515.99,157439.39,36116.73,66926.7,58310.67,4797.37,937.74,1138.84,1184.78,,217.53,17232.6,30850.05,,241943.08,325818.42,555.99,,49898.35,350.04,47593.07,36191.79,57629.22,287172.99,401282.41,44722.4,406.43,709.44,,26860.18,4702.82,34223.49,24491.28,288151.33,766.81,116188.64,2716.67,336637.85,785.85,8611.55,14293.61,60051.75,101852.5,548.72,65.11,16000.14,35788.24,94300.98,412.21,30442.55,429018.36,1698.87,561.46,2398.98,481.26,170.79,,,6109.67,34391.26,449.51,19253.66,17713.07,1453.39,98.46,282963.73,118.75,98.85,,2283.39,4146.77,10691.48,98254.71,,86747.71,147.83,798260.62,350234.67,10515.87,,114.92,11042.7,,,,16159.81,754.34,2626.57,779.65,193205.1,11962.58,232177.74,15827.42,,48738.73,554568.46,,1766.18,2843.31,693748.77,338.79,103476.66,3384.47,,2662.82,12325.27,1935.63,6804.38,,77161.75,445454.02,600.56,2142.67,1983.97,6141.97,236730.17,23297.18,,167774.28,1063.99,2985.99,14333.73,1665.41,10662.33,8287.47,36673.91,485.6,28097.96,12321.27,92038.28,10782.51,4885.28,9629.56,1404.14,22561.06,0.0
S033,participant,33,B1,54.0,M,31.1,958987.04,4489.44,111.47,1924.95,448.72,134417.25,16882.53,176341.64,2507.21,123.5,33683.94,,4526.25,106814.82,2165.45,1398.43,2468.95,102103.18,351.31,298.76,36371.92,,202.09,877404.98,306987.16,87136.57,10286.15,1289.07,253.34,171860.99,517.98,33333.26,687533.16,762.95,139130.4,255903.39,153.23,44076.66,40852.04,145946.93,406.05,378.55,3306.49,122758.46,5004.92,1214.47,5212.08,57911.29,,125.79,214203.16,739865.55,757017.06,431628.52,,2724.76,122047.1,170.16,80127.52,,132424.69,2931.88,,224660.39,,1659.34,186.62,,4681.97,1580.87,17646.66,207287.91,4633.31,352.77,116529.86,5549.2,152742.23,39855.43,7753.25,,111.01,962105.55,133841.52,16976.03,24789.78,4918.72,25872.8,11020.92,43946.69,203319.01,2505.8,1932.52,97643.61,1170.44,5657.11,63148.52,103.6,92555.43,289951.7,16462.58,,366020.22,37087.27,24986.0,129.22,24086.16,62470.08,86509.88,,,4869.56,28713.93,630.65,115929.79,185726.13,,775.02,1919.62,1545.57,215.22,,32900.77,16999.5,,651879.9,820.84,9036.52,41583.28,76131.48,49985.68,1447.43,2710.52,137843.96,755.65,992.86,14559.45,48662.96,,4483.04,265655.64,1358.6,1135207.71,11498.34,485.39,32458.9,9337.9,19521.47,88342.78,1446395.99,171600.41,276433.87,157.85,1525.41,23349.05,162.67,87834.23,2079.86,11909.68,77578.32,156.77,1583.05,595467.78,27750.01,1184.91,2478.81,883.74,699.8,304.24,100084.24,4341.21,1200.3,5668.71,342.8,155564.5,3654.37,,6099.06,1289.49,2079.2,112.37,6533.41,132.69,3189.78,1777775.15,27801.91,7353.31,4370.1,41249.93,284496.77,60409.24,,86559.82,17934.29,151188.62,,,83279.54,19052.26,98792.67,41680.66,,61043.0,3557.23,292656.56,6465.61,111052.03,3256.38,23481.5,15143.38,,4732.02,130671.29,94753.38,688.32,67104.5,13968.59,,778.41,110459.77,361861.22,201136.36,9908.75,2553.83,2520.72,2737.02,72869.2,610819.4,1790.14,2244.53,59662.48,85042.47,,7242.47,,32744.52,143.37,5671.94,,2233.88,121211.35,12413.3,50532.31,27517.34,626.38,81009.56,,171247.3,18474.14,104719.2,6847.2,,17689.21,183139.13,18756.85,999.42,44083.46,1978.33,171354.75,75261.18,31649.72,90050.76,194918.12,6964.8,1616.53,433.04,16723.83,71.86,232.87,9937.26,96453.88,,257880.13,591613.57,817.18,,106722.83,450.97,25964.93,46934.06,35996.5,422327.1,212071.21,7302.75,,492.76,386.86,30154.81,4602.83,125508.07,88765.38,346370.8,739.14,71656.13,6446.69,276093.78,,11554.16,,5501.41,48000.56,263.94,,137007.29,106338.15,23858.75,,292343.98,484865.74,1817.64,718.1,5179.21,,91.95,151.57,331.91,11833.44,9682.12,415.21,17884.31,8163.83,417.98,,209899.39,80.44,,,1651.83,5119.87,8177.29,18362.89,,80339.27,,339633.39,247965.75,6021.4,175.28,,8554.95,505.01,5345.97,100.96,33047.85,915.88,,379.66,172892.42,7527.28,218604.18,14093.47,179.03,34436.55,538118.24,118.27,833.71,2424.22,273303.59,869.24,101432.58,3092.63,143.11,,14566.0,2444.58,27629.55,1198.87,91453.54,366085.07,699.99,3415.2,1035.3,912.35,72178.64,17602.84,,118378.64,3064.72,1603.28,9348.03,815.42,8441.24,,95601.83,282.92,3581.77,1491.54,152691.61,28194.94,11672.12,17699.46,1509.63,10314.64,0.0
S034,participant,34,B1,46.0,F,31.1,748165.11,2627.19,,3291.4,,96729.46,6835.44,140751.89,12786.08,101.83,132904.06,520.23,9684.31,98829.97,1132.0,1660.02,494.66,8121.37,,251.75,36456.82,53.81,146.46,196520.08,145017.05,31241.87,,1459.73,276.71,106458.55,1213.85,43778.36,259269.62,1729.7,134361.54,230207.92,100.14,42671.19,,209299.54,656.92,,2918.42,130321.61,6314.12,1893.89,8931.94,,236.82,428.92,513937.97,155700.13,497239.16,498280.4,,4398.15,43851.98,,22074.03,,119352.39,11692.95,,201661.08,,2467.42,114.56,,35918.82,843.29,9725.68,264791.58,4027.11,983.24,58677.34,,129399.9,22495.38,4405.43,311.5,137.34,235606.8,25117.78,27302.5,145570.7,11861.65,214530.26,12611.17,38106.85,110931.92,1474.86,,136357.56,,3130.18,70992.98,86.62,76833.22,360433.59,4092.72,88.51,386900.95,48150.96,9877.34,197.02,22228.93,56490.21,123631.83,624.12,560.69,3095.42,38883.18,650.7,84388.15,109170.29,258.88,590.57,894.33,,,,46468.32,55266.62,89.67,261620.07,641.69,14582.42,24064.77,93682.94,29773.74,1882.86,2596.05,143487.23,460.15,1249.07,13025.19,19814.44,,8131.7,123760.32,1083.65,261226.87,,,9369.46,12400.97,29349.72,83696.95,434850.59,114375.85,449264.33,81.22,1598.46,26401.87,133.14,88093.8,1483.43,12830.76,67515.08,204.74,940.86,284684.48,27896.74,730.68,,571.12,864.56,,322652.0,3037.6,1069.82,10112.79,,58942.44,7201.24,123.02,2465.21,980.55,2173.75,277.33,11949.18,110.26,1958.33,593703.57,20527.41,6330.77,4192.01,20087.47,831314.86,18513.11,146.7,41568.5,8388.43,312594.8,,539.56,151800.34,5555.91,93207.33,87106.6,112.74,68126.75,3147.58,173294.09,2613.21,1444735.02,2576.29,144092.72,15354.15,151.12,5400.99,90729.36,107003.5,436.94,139316.37,22393.76,,1138.51,77105.59,384583.6,55106.88,12977.28,1181.1,5747.06,7407.67,105585.34,72090.01,1767.42,1017.46,29818.3,31738.29,1647.5,1327.91,3847.82,37093.57,199.55,,,2711.76,103285.83,35154.78,20525.81,36924.72,782.5,212455.38,564.26,979156.55,18394.66,120600.66,7263.24,,,197993.61,8200.94,658.49,8069.65,1219.77,89001.42,163126.61,32801.85,37414.47,95260.56,5354.72,1353.79,399.93,1213.52,,179.12,22169.66,47038.09,,252416.28,206989.5,638.55,183.63,71261.89,508.21,42011.2,26430.89,227502.28,240784.78,179307.94,37326.5,,1115.92,210.69,32670.68,22286.91,242868.97,18317.87,353479.88,,33313.88,4601.81,352624.29,368.89,9192.09,28213.36,24931.89,236369.47,147.48,98.2,251510.84,44837.56,31581.54,,115203.73,178603.63,,709.96,4092.93,589.33,75.31,113.4,,11725.5,10216.82,308.93,35862.52,19865.78,348.24,108.52,185370.61,,,116.63,1979.48,3366.44,3272.5,24196.31,1005.04,414408.96,152.98,435068.69,393655.35,8358.56,,171.28,7111.46,201.88,2988.4,395.95,22765.08,,7609.44,278.93,291582.48,,241506.35,7874.27,408.83,34713.36,569503.57,117.04,1351.29,2689.71,518226.07,292.76,78887.52,4020.09,148.12,842.51,15667.67,1115.01,22327.45,2883.78,62653.02,225491.92,538.86,2718.35,738.99,852.79,68102.91,7647.6,,129517.46,1502.13,2553.07,26073.22,1676.55,6832.89,4467.83,145468.07,345.95,13819.64,1155.33,66500.92,76685.16,4607.67,8016.41,977.41,40742.79,1.0
S035,participant,35,B1,30.0,F,29.8,236363.8,9873.9,,2360.06,544.39,46982.02,6012.34,71541.5,9124.1,,44822.78,,7248.69,76947.69,,2127.07,776.73,87072.39,,332.62,110190.56,,158.89,313600.52,130015.68,51047.99,19960.53,2687.92,,157738.57,751.41,78143.62,794561.99,907.64,145143.24,410446.3,755.94,48927.91,36519.5,64321.89,,345.59,,70703.34,10379.49,780.85,27695.31,70547.09,,,427430.04,271747.88,822390.42,349540.69,57.77,2045.06,38300.29,192.12,35921.29,,154878.76,,120.7,168166.31,151.38,1772.25,165.34,,4499.85,,12249.3,285560.14,1094.05,,140276.85,5958.02,135618.96,18555.99,6945.95,,,359028.95,16453.1,21138.16,22838.01,5493.36,458590.57,21313.14,47773.44,91313.17,5965.26,1510.0,205973.43,9298.71,5422.42,20303.56,,98101.86,176696.08,7426.05,,251194.45,27091.39,19399.85,113.7,34895.06,56538.16,64775.88,738.25,,,22603.57,1164.13,152596.75,84821.28,,430.02,815.16,,297.01,89.69,57268.09,19457.6,,121054.41,,12931.79,33442.36,97274.05,13917.53,1282.51,4866.42,39830.42,2518.6,2746.41,29382.49,85269.15,158.3,5428.93,286328.58,851.28,830500.77,12065.02,1427.04,16022.21,6396.96,54654.83,63877.96,208182.63,148144.3,293880.87,,1678.89,9990.16,123.71,111155.5,,16642.09,78838.31,643.58,1877.79,714868.72,84853.92,1185.2,1988.82,263.46,800.37,335.79,22109.85,2649.92,645.2,17432.66,,449283.1,3229.72,132.83,7700.09,1662.34,884.7,,8673.06,,2842.28,352437.21,28565.95,5622.81,4392.07,40218.39,234252.24,26182.18,,36008.2,11106.6,251478.26,,377.02,52176.99,10746.56,57847.35,74409.16,126.05,77165.47,2574.39,353897.73,1299.69,799944.07,3545.94,61431.06,12949.53,117.8,6821.97,76270.35,103007.97,,205908.82,33180.69,,1109.86,171974.23,323540.18,59031.41,24655.5,1335.38,4546.83,1783.41,39448.01,234626.22,1460.73,1210.82,55943.26,126658.21,672.97,1184.07,17609.46,32903.16,365.56,9202.26,383.51,2718.08,147361.82,48763.52,152650.61,24527.88,614.56,134973.64,882.59,377551.63,16467.76,82331.92,8497.19,719.41,5932.4,190759.66,19764.55,405.86,9051.57,1655.87,112735.39,52983.54,26680.74,39455.28,36321.79,5110.97,1343.31,241.71,747.44,,233.58,13507.63,28655.47,78.86,224959.49,283507.23,646.47,176.97,41657.7,503.09,36208.58,20169.07,55797.3,169629.42,291155.55,38132.43,615.15,613.05,190.06,33895.75,6411.35,50653.65,13025.66,683976.44,459.14,29499.93,5679.58,523729.0,287.44,8059.29,9952.28,68394.54,72297.86,,96.33,237323.78,30896.85,57200.78,575.87,96632.36,173125.35,3154.64,,5469.58,634.58,,107.88,180.68,3934.02,10970.65,395.75,13846.97,54579.1,434.29,,90541.85,,,72.37,2398.63,3678.12,3476.58,24549.42,857.25,198222.58,,688155.09,350805.38,6092.85,241.72,,8157.71,818.09,2372.44,196.86,30265.71,1114.67,4832.37,345.34,529822.1,4588.94,165113.55,17243.76,304.21,94795.38,705397.97,,2088.49,,554653.57,293.32,35402.59,,138.06,919.32,7030.96,731.26,42098.58,4055.64,72473.09,527776.29,582.86,706.34,1054.64,1349.08,42347.35,43308.29,,144624.07,2231.21,1402.16,33343.37,2582.45,7098.14,4698.24,34344.47,472.67,11816.78,1980.05,43011.89,15495.51,6365.85,5534.68,1916.56,5834.64,1.0
S036,participant,36,B1,42.0,F,32.0,811955.44,6273.78,,2293.13,2349.29,165936.44,3967.52,139138.54,5080.75,551.27,32821.12,855.4,3593.76,80405.66,1049.49,1896.75,,35626.33,,250.29,15014.73,,,744025.83,139830.4,28019.1,9836.45,1657.74,256.5,106334.21,783.99,193336.06,299038.03,1253.82,222871.78,228678.4,136.02,53307.29,37952.03,202427.0,1096.06,317.27,6572.28,74212.32,4296.24,906.35,6773.63,225004.83,419.5,,168973.94,127275.73,279945.63,553819.07,95.2,1850.67,65356.74,207.93,19568.43,486.89,223982.85,2654.11,82.68,227240.56,120.5,1048.73,,,20471.28,770.61,8943.18,414504.44,6773.79,,251907.96,4443.59,160765.69,25828.14,4648.13,,,310642.77,103791.85,11532.51,27718.64,3202.54,93027.0,43245.53,18415.59,494943.12,1570.75,2068.64,,3926.32,7118.94,72897.65,,82144.07,163469.19,23578.84,,256355.73,41218.44,41704.7,117.92,34395.12,93914.94,33012.36,1387.06,223.95,3028.05,19883.62,836.03,216680.15,216373.2,232.89,323.66,1567.39,,616.34,81.28,39426.13,16006.28,,292299.07,834.52,40851.04,47504.32,74874.57,27633.0,3696.97,7249.66,75240.48,563.39,489.47,97168.04,65695.61,,3032.74,132848.64,1504.38,297940.54,9159.78,352.56,9284.59,7115.67,16985.72,72862.47,414453.88,101302.83,787796.47,,1987.54,9914.2,153.43,287817.38,1365.65,22342.31,94151.84,,748.88,337524.67,33916.51,812.17,1603.77,353.45,608.22,235.86,133119.33,1383.4,471.32,6605.48,,125005.13,3892.36,,11926.53,,1058.41,144.61,3981.38,,5293.7,83767.75,14068.26,11242.32,2906.45,35778.83,449547.92,18815.47,,79853.71,5876.84,135747.7,,456.9,51205.4,3583.03,86670.65,42759.4,177.71,53496.85,3424.0,318395.41,1646.08,437059.84,5063.51,31587.92,11876.87,147.81,7356.76,106055.74,67050.17,390.19,67423.65,15349.36,157.31,613.37,110871.93,347628.4,121481.77,15256.2,1376.47,2817.5,1483.15,72541.48,381844.39,2109.12,1454.26,30888.96,47892.25,611.73,11454.04,3202.14,26466.36,,6135.55,,1259.21,192075.81,101730.63,31611.25,17037.67,,129327.95,,274626.62,29047.19,130456.26,14010.02,,42895.57,279340.28,15173.32,480.55,7429.95,,222883.25,51588.02,22413.5,45526.9,16213.57,4021.89,882.38,1573.79,1133.33,,269.15,34558.98,96968.45,136.74,247426.14,274229.45,,208.71,46932.77,760.16,17150.92,27272.82,352891.16,247461.17,256283.96,15889.02,,917.29,,18543.04,3298.5,27588.22,65830.48,162124.67,1387.44,68774.06,21186.0,290344.54,,6590.81,20024.3,73947.75,142727.73,355.16,,92269.6,90453.38,68298.14,284.04,48874.34,74823.73,1565.91,683.38,1247.22,2190.05,68.76,123.82,281.21,12296.3,54070.54,720.3,24255.47,21533.8,507.6,,224604.76,,102.49,88.88,1209.74,4158.69,15315.82,124717.23,,131730.46,,721167.53,194937.2,18745.55,129.56,,9828.43,258.14,2497.37,186.2,24657.53,733.12,7969.49,238.85,230138.57,7120.68,198573.79,11415.14,,51237.25,630938.89,,1236.98,3314.71,295362.4,376.05,94839.23,5871.77,,1557.7,18259.17,1398.65,19769.51,1133.79,59643.06,184372.0,603.7,887.18,1293.75,3294.12,203997.89,21263.92,,150529.5,5113.0,1075.55,15727.28,,7014.9,12371.19,,326.73,21691.58,1304.43,80732.41,153987.38,8293.36,13555.69,1678.31,8056.0,0.0
S037,participant,37,B1,64.0,F,27.4,443663.63,,71.46,3247.98,,259368.09,12855.75,106053.51,3056.61,108.94,21109.81,,8153.38,55438.49,1174.67,1613.78,886.99,62280.77,471.71,,39747.56,57.26,173.58,768913.77,348002.53,55951.56,9273.66,1560.95,233.66,229527.08,,87523.03,491293.98,633.26,243387.71,422173.73,90.54,16501.63,63375.74,341944.62,450.45,192.56,,101349.52,6516.41,1140.87,2390.74,141197.82,,264.52,370088.48,234994.39,597448.07,604159.19,65.77,1502.71,96449.01,150.87,88146.64,580.44,157639.74,1654.14,,166208.01,172.56,3968.51,,80.39,12876.36,1181.24,21527.26,511038.64,1352.49,,178983.57,,150650.33,,5277.88,263.03,98.02,138586.88,42977.69,10681.95,58823.88,14897.85,137379.97,18760.73,127587.84,214477.52,1433.18,1451.4,41274.4,,,19581.73,,42045.98,342949.36,21377.97,57.38,296804.81,43122.97,10805.5,193.82,33598.99,52114.04,117297.82,1399.42,,4689.17,36899.5,1331.28,143422.31,151269.37,225.4,599.52,1064.3,1439.78,467.88,,42784.19,10052.64,87.01,191357.98,911.69,31703.41,33795.3,109546.72,30814.5,2368.93,2668.53,124188.09,759.7,1762.81,15902.38,39049.7,,1989.74,563967.92,1080.26,483475.96,12812.9,454.8,1850.78,14632.9,36994.2,154858.48,518945.21,224777.08,309966.29,,2141.94,9225.53,134.33,100096.97,1652.26,15996.34,188309.23,153.25,1143.87,403864.68,51317.44,595.88,4161.31,1186.48,,122.73,227293.53,2920.37,932.96,9044.04,349.57,116197.08,4118.8,133.34,2565.87,,1663.05,,4861.91,241.0,2756.97,2890929.03,15269.85,7564.86,3520.09,31713.61,366968.33,14992.67,171.01,18005.68,5226.98,243097.84,69.98,961.5,94199.03,2931.11,98571.55,57815.09,,71356.18,3505.89,167408.68,2702.96,214724.78,3070.04,51081.34,,179.54,7019.37,122136.48,66160.8,1449.31,107302.29,35231.37,,674.64,114581.99,270572.29,91666.58,37090.95,1453.63,3375.51,1179.45,148939.3,49213.83,1075.16,1762.91,69280.54,159246.41,912.43,2338.02,,24367.22,174.42,5915.49,383.52,2689.42,71670.76,16339.02,23885.66,52282.77,562.13,270963.52,194.12,720247.96,10822.27,115821.02,3920.57,768.28,18605.05,261290.9,11645.34,991.8,19313.58,,138834.2,136709.72,35979.49,37743.68,115880.13,5444.37,1009.07,424.26,1445.0,,309.71,11569.22,57119.17,,123051.62,471798.1,696.67,157.01,132047.8,509.84,25772.29,22114.89,51457.72,420045.56,154960.93,21834.11,,953.13,187.11,19447.75,1938.35,79677.82,32518.74,507198.93,,28418.39,2218.19,171420.27,,5649.4,8413.57,27318.53,101635.73,289.97,,33505.07,118119.23,102570.12,156.07,41058.11,59485.65,1485.67,427.32,2339.87,840.99,102.14,126.0,174.72,8919.83,21101.59,536.93,32668.19,24424.94,435.66,,200739.99,,,82.74,1153.83,2926.52,6643.73,65662.87,,226282.16,211.68,496080.29,295909.02,18441.02,210.08,,8581.32,1089.43,1580.56,,14795.63,,2872.96,626.84,449693.62,5878.51,280926.28,23725.77,380.3,23987.28,392023.03,122.95,3616.67,4242.78,503817.21,566.42,63052.27,4374.82,254.23,,6770.03,1288.5,10300.72,1937.8,122257.4,229792.02,635.65,748.61,1136.18,1289.47,100546.42,30883.05,73.22,198750.21,1563.85,4531.05,25191.99,630.72,12564.05,3799.7,50577.96,357.64,12849.8,6037.58,43322.2,14227.56,3541.49,20760.77,1943.05,10309.23,0.0
S038,participant,38,B1,53.0,M,35.7,371838.33,,66.57,,,56260.56,12045.72,136232.3,12036.25,,31317.24,498.56,5050.77,100385.2,,1601.27,2282.31,28450.57,979.13,371.61,181056.65,58.38,352.02,241265.0,178466.31,16934.13,14687.72,2662.68,237.7,145514.8,997.75,197630.39,638972.91,,127406.94,470886.21,149.81,35331.89,48938.48,113526.86,831.87,427.24,3560.15,150074.07,6169.99,891.18,2340.77,56990.53,,,290615.77,505575.08,387498.05,486588.44,169.97,5408.64,91026.36,232.02,80260.75,,80743.81,6042.78,112.94,369340.48,104.72,1012.39,,,12088.85,,24853.02,1075793.88,3461.92,356.68,84040.84,3752.31,142566.43,35102.79,4788.51,,182.26,292211.68,55769.27,10639.62,48223.5,8503.93,115099.96,15721.15,10463.83,211007.37,4449.4,,112771.48,7192.93,3318.51,94358.54,,75771.64,254004.71,24537.03,60.81,299575.47,53710.91,22233.75,107.05,65895.68,21320.03,144915.25,841.22,,1798.32,37190.66,606.32,62041.41,180442.22,228.75,486.1,1803.71,9386.45,,,65752.12,20689.48,,1929323.83,,28744.55,23890.28,39460.15,8954.57,1466.29,,130288.51,1538.1,743.6,18661.98,83240.86,260.91,3501.89,291582.39,,238401.82,7807.43,,2939.89,7475.19,10905.35,80644.46,701786.68,352419.53,478583.49,,2240.54,15068.94,169.37,144516.84,1368.42,18998.38,116965.38,127.19,948.12,1362353.34,24482.26,938.08,2424.9,518.92,1036.53,210.7,166650.13,1437.74,797.43,4739.92,1261.21,130350.62,3485.88,188.41,2964.32,885.7,,204.86,6705.86,,2906.98,254165.92,15590.45,8808.75,5838.89,18479.27,457516.85,25225.15,,11510.28,,206571.88,66.24,532.79,304408.12,4483.7,97120.76,142410.39,,77338.3,2559.29,59834.16,3431.67,665725.27,5521.71,17778.75,11222.71,,,99765.36,74932.08,294.8,206541.55,,415.04,1300.71,79517.23,536941.66,73421.56,18022.34,,2751.65,,267109.24,234303.52,2196.54,1385.65,71633.35,21191.25,655.14,2555.32,,24903.54,,4958.64,1201.34,1902.79,137470.87,35687.71,18286.46,6822.68,617.61,173428.02,,286938.75,9051.63,87153.06,8361.23,488.59,10238.76,835296.66,20960.86,929.47,19630.11,,64816.59,58817.12,,86230.67,207095.13,5884.12,,,2204.2,106.08,396.69,6688.43,25944.65,,317241.67,72733.42,601.07,,99525.18,,15623.73,37882.24,25809.03,254466.48,260985.21,26561.07,554.24,1196.0,205.88,22527.95,2415.35,126631.86,22120.66,235857.62,,42775.51,12107.28,326414.55,280.56,7663.93,8708.43,231436.26,186433.63,179.81,,187635.8,13485.43,41466.74,158.83,81040.96,83008.22,1728.43,,3039.6,,,,235.99,6514.44,27890.16,,26706.93,33611.39,575.33,92.8,297170.28,,178.55,77.12,910.38,4349.05,,270318.77,411.61,183082.59,,471532.57,253850.64,18361.47,107.08,145.69,14270.43,,3482.45,167.18,13745.76,1036.24,1977.23,452.43,2041174.56,3605.89,223325.83,9168.1,245.08,70445.28,781006.59,,938.38,7047.33,478001.85,372.97,99301.2,6839.87,,1074.83,9519.32,834.78,9838.95,5566.7,92493.37,261148.63,830.38,1285.12,1577.44,3023.06,68358.42,29246.2,93.79,182484.3,1549.6,5205.55,8515.34,,9189.4,2574.9,272773.1,282.62,11867.34,5393.13,231559.33,63927.75,4864.53,10226.27,981.18,14689.01,1.0
S039,participant,39,B1,47.0,F,30.6,379883.62,10604.25,117.48,2822.92,478.35,453318.1,19551.71,139282.54,6784.96,294.05,68457.98,412.3,4039.42,278890.47,5487.32,3046.73,,107153.26,,226.5,28413.02,67.09,,92577.9,335712.15,19112.68,17474.02,5679.32,,89996.16,644.15,69808.78,329286.44,884.88,186899.61,392640.93,195.7,26976.04,35174.12,84982.14,659.98,,2571.83,120206.98,20981.53,1233.2,9569.43,69262.58,710.46,128.4,336123.36,128918.75,246000.38,631995.3,62.82,1907.67,42397.98,232.71,12717.57,300.49,174158.82,4701.17,136.66,221587.65,112.46,,142.77,,7416.85,1057.65,26403.8,178529.32,1513.83,284.3,176900.46,2795.73,124720.28,27524.63,7397.98,,122.99,215396.51,,21472.75,48989.65,3841.32,180212.04,9972.04,47769.63,94404.98,4743.57,1672.51,75074.94,9107.75,4956.41,31027.03,127.36,45534.18,276672.51,7409.74,63.18,207951.75,47344.12,13637.78,125.5,23408.16,29158.89,65306.7,560.9,,5130.01,28489.83,1098.11,109173.15,215920.21,235.39,1132.81,2751.77,6595.32,611.53,,25419.08,16922.41,,470510.92,1080.29,8753.28,22967.05,145535.06,30598.61,4841.4,5503.92,48825.03,1077.9,530.14,14993.1,138254.26,159.75,7361.69,129717.74,851.72,1133570.33,13547.49,1913.06,7382.81,7443.18,19217.88,124975.36,497529.32,344538.81,281468.8,200.2,1500.85,27110.46,134.71,86691.23,1529.66,13534.55,119382.81,,839.93,958237.04,34629.32,602.05,,,580.75,,274016.81,3721.8,705.1,6181.72,389.69,70752.54,4060.66,95.47,1533.38,1586.33,,119.78,7112.67,228.56,4069.59,380495.35,39302.91,9774.57,,29439.94,564101.9,19408.65,,28774.14,14226.07,430688.47,77.59,427.05,50640.98,4514.05,69377.57,289561.26,115.07,54879.32,2090.44,27172.9,4157.07,144371.71,2073.08,28090.57,10419.76,,6960.31,86245.49,53553.9,375.24,76856.66,25392.02,,553.1,105904.79,541637.97,89280.78,16216.1,2081.23,4765.25,,397723.82,531779.0,2377.39,1828.25,86101.16,76427.23,1364.64,2465.17,3206.34,29908.0,321.66,5080.55,449.7,4674.86,105911.08,16597.27,54617.81,19050.5,,210777.73,395.24,159100.98,21161.88,153207.37,7164.66,4057.68,6583.38,1401036.39,22854.25,610.77,19119.51,4732.52,231454.2,169812.95,54208.84,115042.55,52029.93,3857.93,790.08,,1713.25,77.56,,45481.07,45244.59,,351723.72,145322.39,825.67,207.63,32582.38,633.02,19187.73,33359.43,82164.12,349987.82,386359.47,10645.59,364.87,,347.97,37287.71,2799.62,91468.77,18700.64,257231.21,591.45,32868.64,5062.86,393271.33,237.12,5626.92,10498.38,129253.51,47004.07,318.25,97.85,55275.14,27284.53,50125.21,,30315.62,199747.87,4811.72,640.61,,954.97,,,383.89,5724.78,22906.93,,17846.22,55617.55,943.71,97.77,221637.99,,,,957.02,3150.01,11515.22,73346.58,232.0,98018.9,,563632.43,410212.33,35746.57,,,15462.19,369.8,1992.64,187.61,25012.21,822.82,8604.5,677.63,681915.34,8804.92,206419.95,19902.57,,92570.88,515799.61,155.77,1283.89,19258.09,500409.77,310.21,57635.9,3386.96,,1864.52,10545.63,1031.09,25447.95,1895.44,119899.69,318851.69,951.42,1587.65,1179.83,1293.38,126290.48,27829.56,,113365.01,2045.06,3125.55,23571.99,974.93,6138.7,3430.86,10109.57,,22643.95,1759.39,204525.55,33030.96,3589.23,20487.08,982.97,6637.56,1.0
S040,participant,40,B1,42.0,F,23.5,238241.58,3572.12,121.5,2067.39,,129166.01,13052.0,150694.73,12211.31,122.68,94485.71,460.22,4123.61,298984.51,1905.26,2191.64,1162.36,299360.22,681.61,275.86,181211.39,,,2994545.29,222855.56,52170.96,5576.29,4951.16,319.1,441817.76,936.31,139143.48,181883.48,898.33,231800.0,433717.62,,30759.64,46295.99,369977.28,,281.11,4902.78,91922.91,4907.87,1728.35,22111.94,54707.11,320.38,,463731.95,166571.98,526748.27,441781.43,58.42,1268.73,117363.93,211.57,24930.54,238.4,56658.99,6549.27,,739280.63,,1689.93,319.48,,5991.49,,15127.45,728926.71,3546.6,240.0,130335.79,,183301.78,13727.94,4068.01,176.77,88.93,423474.87,33030.41,9554.14,26132.42,4022.69,73066.65,10029.48,27821.09,230103.77,,1228.84,106438.77,1693.39,6917.01,66253.11,95.19,78465.95,291379.39,,138.57,148179.21,41551.67,6769.88,150.27,11522.87,36916.54,45487.04,855.13,1118.33,5410.21,23191.92,1379.02,100645.04,512919.02,,546.38,1448.23,11464.71,411.28,,28459.6,,89.55,311371.58,861.71,37952.45,31520.33,70905.77,28517.33,3398.56,7335.11,51185.09,4166.43,1087.44,24770.37,44103.2,,6685.89,123079.7,1110.21,434024.44,7533.83,574.21,10205.1,7237.57,21925.93,99651.73,214311.12,196812.35,760551.99,,2948.79,21358.68,143.82,113980.71,1590.55,25927.54,67224.97,162.78,746.89,860259.3,7595.29,792.93,3928.37,,776.18,112.8,294405.99,2747.75,517.16,8119.89,,98721.86,10069.48,108.28,2350.52,875.37,2280.34,122.3,10290.78,,1540.5,155108.47,12351.41,7548.05,4721.17,8923.33,122814.35,76790.79,160.26,8862.23,10522.53,146856.55,67.68,479.91,22295.81,6000.61,190184.17,73136.93,108.41,60608.21,2862.0,88408.86,22768.54,504512.63,1268.03,23515.26,13729.55,,7515.31,65284.59,60600.35,529.42,166432.0,13578.92,337.1,1229.4,113639.19,219776.99,128865.92,23989.74,1383.68,2747.11,5157.9,65464.72,171779.58,3081.19,2252.27,110378.39,60216.09,820.9,2297.31,1825.9,31210.68,,5078.85,,1866.84,97078.36,29898.26,56880.71,20222.0,480.03,146793.7,,1870298.89,23767.61,97725.55,5929.94,916.0,28414.65,1913239.74,34601.55,455.76,11331.35,1480.59,331810.36,116630.36,46609.45,82311.64,76194.04,4166.91,,219.28,,61.22,811.16,,25451.06,,217885.92,115646.45,943.67,260.43,36208.65,404.42,35968.33,26978.74,14907.26,328942.92,185992.24,20712.12,371.67,574.38,578.13,25706.86,39279.13,48056.31,121162.32,407349.52,,57927.91,8859.03,232416.36,,7791.08,13460.57,55852.49,67556.47,383.13,106.46,145239.55,39027.03,130681.17,,74798.46,194051.75,1030.62,871.29,1618.54,509.75,,117.4,211.1,5457.24,18132.95,325.53,40928.95,33788.93,510.03,68.18,181176.04,122.2,267.14,,1858.1,3084.01,12793.89,143140.13,,377859.65,195.26,1064398.08,244148.58,16091.88,194.88,,9250.7,1126.45,1845.58,169.94,41099.78,1213.57,5168.58,,269779.11,,173090.46,49654.83,,70577.18,419211.63,110.44,,29016.12,468560.5,247.68,82382.57,4569.33,160.71,1075.29,13660.52,1994.09,47278.22,1035.42,86985.78,249222.45,,817.19,1715.19,3314.59,146023.54,18278.22,63.18,138025.35,2373.93,1586.01,6392.32,1457.18,6212.3,920.37,13307.03,,90344.21,1454.59,131683.3,28138.69,,6265.27,1520.71,7911.57,1.0
QC05,pooled_qc,41,B2,,,,442880.19,4083.99,59.82,2348.63,388.26,121246.73,9938.42,129858.37,6950.46,121.26,58629.92,227.46,7753.23,113791.31,2971.71,2125.13,561.61,39001.09,360.74,236.05,44766.06,,71.8,417983.32,274621.49,35917.17,11006.36,2388.22,276.63,206741.9,558.74,81124.9,409950.99,1135.89,149565.06,347052.7,99.02,23987.8,47636.19,122371.22,541.11,251.01,3892.16,101737.7,5846.18,1091.1,6956.02,67953.98,283.84,127.44,321169.76,240864.53,555740.57,477358.1,,2175.18,74162.06,195.35,47104.16,195.75,108130.81,3099.58,,210798.71,111.3,1755.81,,,7295.18,993.35,21136.51,294166.11,2117.05,210.84,118834.38,4214.84,130201.52,23919.82,4582.57,147.01,,403481.55,57458.15,15525.67,48086.36,4775.0,144716.78,21206.26,32995.57,305039.98,3033.74,1498.98,84489.89,4167.66,5800.27,36499.22,83.46,70119.78,215138.09,8825.58,65.22,333961.29,29462.31,11441.27,89.83,24386.37,55980.11,61383.54,1026.51,357.83,4328.09,31409.41,770.8,107517.1,240232.24,196.01,459.84,1130.73,1927.48,301.59,,46862.49,17119.51,,406593.85,780.1,15813.3,32919.69,83103.5,31727.86,2859.78,4705.1,97368.77,730.15,781.05,31948.47,41731.65,175.06,3959.87,203169.31,1131.73,465135.47,12284.56,575.49,4965.63,11308.07,22355.9,74330.38,360293.09,184231.8,383010.9,88.28,1914.61,14807.33,135.53,94131.29,1754.37,19967.81,98251.06,134.42,859.17,419213.13,19975.24,823.42,2096.72,293.6,802.0,116.68,158000.17,1837.95,734.72,8181.46,631.42,153796.3,4288.15,137.28,4683.66,802.62,1161.1,,9211.69,100.23,3150.4,351821.3,20819.58,8261.39,3359.16,29703.43,366766.87,26210.61,177.53,44481.81,8763.7,233922.37,,470.43,88182.17,4062.43,70246.31,86781.45,112.22,72076.56,2863.43,107957.14,4539.66,352809.34,2632.81,35492.2,14288.3,146.81,4184.73,107819.58,48132.16,407.67,139635.4,19780.77,132.06,801.73,92308.67,403698.94,97039.58,20273.54,997.03,3452.48,1644.01,122700.52,214394.0,2100.73,1286.75,66182.19,87522.05,653.25,2816.91,2108.13,25462.37,122.83,6978.59,413.88,1809.62,91253.47,32033.38,30126.92,19111.59,571.2,127566.86,210.65,422874.07,16963.9,93302.17,5924.24,648.78,14455.72,446482.5,13235.03,381.69,17369.49,1828.44,203287.06,82937.33,30240.07,80810.76,82772.13,4609.75,1117.7,218.19,1174.52,,214.79,15458.75,37609.0,,239863.49,179200.13,583.65,156.52,76382.09,410.08,30329.18,28394.98,83494.55,231945.96,236522.59,27489.6,468.06,713.98,249.69,27292.27,5235.96,61364.44,35725.27,437606.26,517.58,53696.57,6924.03,454074.86,225.97,8190.13,8489.28,105968.26,110594.27,224.19,,65311.06,48315.39,52645.2,122.87,55901.05,213640.42,2054.86,530.53,3801.59,744.13,,107.07,216.65,5836.73,20717.84,430.47,20473.43,23294.02,410.88,,167641.64,,110.27,61.15,1256.69,3576.83,7710.53,85993.49,223.87,125143.82,139.79,393363.86,293773.78,18565.32,105.88,118.43,9979.96,278.28,2547.37,117.03,23455.45,958.2,3426.47,305.7,381794.99,8226.49,188142.74,13801.0,232.2,59735.74,418761.53,107.85,1020.37,6419.26,429311.94,262.22,87027.55,4908.54,137.7,864.45,12099.43,815.71,19846.7,1495.44,112939.05,316245.58,630.53,1235.51,1149.66,1739.21,65975.46,14476.27,,176165.24,1997.72,1757.91,23411.59,929.02,7617.49,2283.39,74886.85,347.94,12829.51,2817.44,140597.31,39638.59,5200.45,13260.48,1356.14,9865.6,
S042,participant,42,B2,31.0,F,27.3,255072.4,10472.32,,1577.75,483.01,111092.14,6279.84,175284.84,2703.27,157.9,68967.42,323.57,5998.57,70184.99,1232.32,3638.05,553.14,210769.5,660.53,,79027.17,124.95,,671535.16,252415.72,62551.18,18962.08,2326.74,242.21,141665.25,651.43,88422.69,768971.86,1615.15,181215.74,357150.93,,9265.9,73193.64,84461.05,,185.67,3912.5,104031.54,7785.93,941.65,1675.42,42118.17,342.23,130.91,309310.02,171916.29,350560.14,464358.77,,5377.62,132582.0,310.72,102366.05,,81323.96,6323.15,,485183.55,108.8,821.72,93.84,,6182.43,1164.74,50285.44,96676.54,6981.64,217.11,289084.25,3205.04,69420.03,14268.39,6796.79,151.5,96.04,355696.16,47819.46,8342.16,35326.09,4197.39,117866.91,8979.86,31953.81,218742.65,2675.35,1316.58,116175.3,3794.0,4621.49,47767.04,,62202.12,177537.55,6371.37,76.05,381475.39,22133.9,9656.23,,33618.3,83859.11,84111.83,1269.52,329.22,5025.38,27608.08,1388.68,106048.87,366740.67,217.21,,874.81,2549.3,,60.44,46360.81,13694.86,168.71,1353686.03,727.21,25832.87,36403.46,47469.55,39704.67,3458.87,5914.24,155503.94,821.69,1819.75,25903.44,44957.28,222.14,3479.05,382213.4,,1309681.68,18215.24,,4691.54,16658.61,21526.65,64257.63,292644.43,142759.87,509684.85,,,10482.49,155.84,58365.58,2101.88,30382.7,38173.61,,1233.77,687758.29,41501.28,1575.55,2184.77,244.98,790.75,131.89,331937.73,1817.42,974.55,9458.61,538.62,177614.76,3449.21,,,1598.91,,,4222.78,,1781.35,201031.01,22295.48,9293.96,2542.03,63780.5,578350.67,20317.52,,12020.34,5028.12,196294.09,91.66,,33484.06,5334.75,82339.47,122868.52,,94425.04,5169.59,117627.96,2575.67,972166.88,3320.69,40716.08,,,2924.59,75414.91,52321.5,287.04,201708.83,25283.68,406.84,739.71,67518.73,311724.55,117800.18,13654.19,1826.61,2331.02,2504.78,70058.78,668389.76,1965.62,1004.05,43034.1,81925.14,616.77,7900.47,4439.57,20352.59,112.9,12791.87,599.15,1455.65,65561.79,29882.55,39233.8,14679.34,479.1,95057.6,175.2,805718.88,21214.67,61082.05,9673.45,984.34,9243.43,223170.42,10804.61,420.44,20286.43,1843.98,76068.37,82553.92,37673.41,306673.22,,7911.06,1697.67,281.94,1425.01,64.73,320.84,15186.21,38371.31,103.12,300041.83,260708.72,,199.06,54688.1,,65528.66,22977.12,101398.95,159364.27,180750.98,29577.17,,,,16691.94,5123.5,34459.08,26585.48,463487.66,418.21,55059.45,2903.4,654372.07,174.58,5974.48,5231.41,131972.82,209436.5,,140.32,44972.89,86694.46,106575.42,200.18,19526.63,91021.34,2828.08,767.16,8984.4,776.85,117.35,161.88,314.21,3309.07,16127.16,703.24,28979.07,40332.72,476.62,,168758.8,83.01,111.26,,1404.78,8278.94,6453.02,124166.28,,410986.7,147.68,419860.06,181891.87,16683.96,105.67,115.43,17104.53,,6403.84,195.97,17775.0,1574.21,11474.1,,182223.83,5713.06,197184.4,45042.63,307.59,55350.26,321657.95,,1346.56,15785.04,452526.02,,63355.14,5613.26,,1166.04,14809.25,1335.84,15244.71,1564.82,76136.61,277424.09,523.61,1886.91,1368.39,,116994.44,15002.85,84.12,191251.3,1236.08,4651.53,26127.66,923.64,7016.24,2828.69,143896.2,,17500.79,,104901.6,24127.38,5688.88,14391.3,1163.17,3920.64,0.0
S043,participant,43,B2,73.0,F,28.0,480476.72,11518.69,95.25,2649.61,389.12,122940.1,9985.67,138912.29,4666.36,,102102.9,198.61,10430.97,90744.86,1352.87,2211.21,507.11,54392.02,601.46,359.36,35174.33,,295.02,63253.32,227833.56,36647.71,5490.11,1705.36,243.94,377556.34,1281.17,53489.25,349491.24,1011.09,129857.0,353051.49,171.73,40842.57,57063.25,122311.74,1598.16,210.67,6272.45,145924.86,3997.84,1081.85,,82950.52,438.81,,301020.91,147631.25,212227.01,390994.63,,1740.55,199918.07,239.42,21045.51,284.01,109534.56,3851.19,62.8,327224.58,,3959.16,354.57,94.13,8622.64,883.16,12178.34,696638.05,1054.17,,115995.04,,84828.12,14926.17,3588.62,,,185582.21,107022.4,33215.43,34293.44,3236.61,617620.72,35719.63,42617.39,186730.34,,1223.48,42626.47,4930.01,7370.5,84164.51,,38602.0,228377.45,3448.5,,795351.34,31847.05,8958.65,,20819.16,52075.21,43816.95,805.29,462.2,7002.92,39543.23,897.62,69541.78,236680.43,579.81,375.22,1012.26,2366.43,,,60504.69,9308.73,,707278.65,729.53,25905.04,41379.4,181396.77,27970.86,3239.57,3914.36,111733.07,495.07,1145.86,15105.17,48545.03,171.35,3260.31,464760.38,1011.58,359304.13,9822.51,,4172.58,20591.42,21213.35,103978.26,240706.58,294003.42,280127.87,,,15616.3,134.52,259179.17,1277.07,24808.19,74194.22,157.5,883.55,602328.45,19373.93,1206.54,2187.05,233.02,675.84,105.36,37855.7,2614.22,469.85,13085.92,670.96,17381.39,4801.64,265.73,36119.41,,1576.92,112.35,17978.89,124.46,2692.8,435599.66,37949.43,7970.32,4957.25,23751.52,527343.77,10663.15,179.27,14257.49,8091.89,288260.19,86.57,387.45,32330.06,6394.2,89872.27,47463.55,104.02,72348.39,4115.44,169769.11,,161586.52,2001.7,45258.25,16086.74,309.95,4574.29,103713.33,33617.85,834.77,261086.27,31214.57,187.66,670.38,55365.32,301107.27,211568.69,25894.96,1339.61,3035.76,1734.49,179470.2,72143.5,1401.64,1834.07,82751.62,789900.85,1399.53,9680.44,6780.9,33760.51,251.35,6478.41,568.67,1646.37,115921.49,102777.3,,14834.46,567.68,118751.14,158.57,318288.37,14059.42,150086.34,4301.54,716.74,8349.13,285461.49,12400.84,471.86,11695.22,1914.35,266610.03,53803.78,29331.17,110320.95,114129.61,6210.98,1441.47,491.29,5156.82,76.47,536.65,7456.33,18906.49,74.41,204273.37,261115.22,,206.52,31290.24,525.81,24979.25,11520.9,62175.01,200846.59,176261.57,27551.18,752.63,1006.1,319.12,51452.73,4574.35,30072.17,33731.9,536538.95,607.33,50065.43,10229.89,571835.1,323.19,7768.25,,36861.36,175366.46,130.18,126.6,74949.25,42729.3,35548.62,124.79,44743.68,148195.99,3115.53,511.77,13092.88,1116.2,156.27,,238.59,4493.05,24762.18,512.64,37293.91,17156.95,591.66,104.07,162538.67,203.31,115.45,,1925.92,,7239.05,45870.21,,105720.18,,491475.12,142065.31,21063.09,,,14504.31,228.21,2327.83,,16109.14,1163.54,7716.49,,135620.02,8587.17,178750.09,17334.7,,106858.44,340511.72,144.07,1005.98,9400.25,685629.3,401.42,132231.97,8081.98,124.36,,18699.95,972.31,,2696.86,87243.3,138877.47,,844.07,1441.14,1001.05,31260.86,10961.51,59.11,205992.43,3211.08,,12674.66,1672.42,7159.96,1835.33,61087.67,336.76,5936.02,2124.32,46809.9,10846.03,,8926.62,2374.97,12643.53,0.0
S044,participant,44,B2,54.0,M,34.4,210748.73,5640.45,169.66,3155.35,329.85,135313.74,12400.18,159550.28,5167.13,307.15,39580.38,372.01,17741.47,42644.3,3167.21,2630.43,534.99,170244.78,832.96,234.21,31149.73,,,967332.4,235212.7,31581.69,7016.43,2330.08,355.98,205225.93,719.5,64905.04,514320.19,1698.11,172520.3,324227.3,216.33,61079.84,40415.1,53101.07,661.27,250.48,3242.44,115260.7,2593.6,,5451.86,104371.57,,,228875.37,411141.75,2087208.59,689323.88,,2120.95,,,29686.27,531.83,74725.74,1907.73,,128543.29,,792.68,,,4042.28,1077.32,16499.82,381475.81,1171.27,,249108.63,3605.58,120404.37,38004.35,6208.21,419.32,,397080.04,91763.68,18413.86,22421.78,2423.66,168631.3,17592.45,97406.3,597888.42,6129.97,1255.31,271031.12,3127.62,8184.44,19036.67,189.24,45552.7,104563.61,8335.48,,1846577.59,22178.27,12309.16,,26003.81,20998.26,32838.33,1526.9,224.83,5914.58,30882.32,1063.06,40160.55,339043.9,408.71,477.69,3016.34,,,69.31,51964.28,14281.74,70.91,389689.27,837.57,17906.19,38195.0,267102.44,24192.8,8713.29,4391.79,54126.53,1449.9,1101.43,15381.62,54898.44,162.6,4924.26,362630.22,,301325.37,14483.25,481.23,2562.98,11829.06,39700.48,51876.09,220277.09,198217.88,421023.51,127.37,3528.56,11393.53,,41802.33,1768.79,73883.87,74959.11,513.24,1247.06,265900.43,9720.3,2078.79,,461.25,796.13,105.46,153333.35,2717.18,604.47,10916.78,1043.66,80487.54,2736.49,100.02,1717.39,938.48,1167.28,111.3,7546.19,,5398.51,956510.6,14850.16,11680.88,3474.36,32598.31,370669.76,37731.09,196.27,67647.12,13847.36,115598.73,71.55,518.05,158714.87,10791.89,70477.66,55069.71,105.68,85156.65,2732.7,102938.06,2442.68,378182.54,2370.33,63011.88,10259.7,240.42,15275.78,145471.69,47570.12,925.69,150757.98,43472.8,294.38,980.14,154664.51,337806.2,193460.84,18527.44,,3304.06,7216.58,306499.38,90172.0,1895.18,1087.48,52867.45,39178.88,604.44,1832.73,1040.51,,,4932.01,447.76,1644.31,54331.65,64371.07,18174.54,31480.94,473.6,67006.61,254.11,715153.77,11862.11,70567.72,5784.99,2133.75,32950.45,381229.81,12981.97,447.02,,8625.07,217812.83,92749.55,30436.03,83694.85,26965.16,3236.34,1096.21,,,92.1,212.2,17827.37,27244.85,110.81,181267.0,89542.83,700.84,,94255.71,730.56,54115.42,21372.13,40772.49,330835.01,260611.48,36320.28,,1132.27,296.66,38977.18,3194.65,70096.15,42700.44,175545.36,646.98,48151.43,5978.36,722776.05,486.28,8193.24,6621.81,38418.65,154385.42,691.85,77.0,158892.22,28455.96,82288.71,,122994.21,143645.54,1552.78,1317.14,5809.62,415.05,,138.15,,,36010.18,366.73,44879.76,43968.52,,93.6,185311.18,,511.66,,2205.01,3688.38,19670.86,79647.36,198.42,183405.7,,1578966.64,288390.51,7087.93,153.92,,5463.83,181.56,2912.71,147.4,,670.16,4295.68,,656780.08,6719.85,180234.86,12674.93,205.27,48246.78,611579.75,131.73,2166.14,2797.73,363319.81,,93782.2,4871.53,193.8,1124.07,14514.54,684.57,5551.71,1704.1,160135.0,522884.66,742.04,,1010.79,,52023.13,11723.95,,122385.11,1648.14,,25037.91,1153.02,,,95704.76,270.63,20512.56,1438.87,35383.28,17280.36,3316.89,23444.21,975.13,7411.51,1.0
S045,participant,45,B2,40.0,F,25.1,427461.59,8372.92,103.94,2762.9,711.26,90676.15,10672.26,141004.17,6479.58,208.54,15655.66,,6093.07,24494.81,,1391.77,927.29,32890.63,729.09,,44863.71,,,722137.64,344885.98,44652.35,28082.82,4903.48,261.48,455934.57,910.95,48765.8,341148.23,1283.33,170926.63,352071.48,245.18,50667.75,43231.4,88230.45,,,5864.33,227890.14,3377.53,1447.39,7979.98,46685.55,,160.75,359329.78,239445.84,662198.94,344288.52,63.66,1742.93,135498.83,161.81,110048.84,179.81,185289.01,,168.42,342987.5,102.47,1188.83,,107.42,10444.14,1001.6,29353.9,206749.91,5578.03,546.31,283057.53,4612.56,138814.73,37442.8,3342.07,,,315499.22,30348.02,31269.14,25849.66,2539.15,660765.86,50349.15,63583.27,528224.17,2272.8,2212.35,14219.6,2769.61,4960.27,35016.29,114.25,48585.81,106079.55,,83.17,330968.21,30456.34,7853.07,,21096.89,55873.48,37147.77,832.94,789.32,6517.96,36226.63,855.24,39438.46,291296.87,307.82,681.48,2470.09,,,,58709.38,24367.7,77.05,656160.09,,35744.23,61409.96,97279.45,26035.85,3930.52,6006.45,29893.48,456.37,,50836.46,42900.48,303.65,8757.64,368089.11,708.51,236228.91,9347.57,387.26,5802.69,23475.4,21748.04,84101.9,214463.47,199690.48,398041.19,109.77,3036.24,73695.87,,122120.72,1773.64,9841.28,83062.7,,649.64,546163.11,17103.3,1100.2,,239.49,1284.68,143.96,110724.14,3355.48,891.92,16996.06,1296.96,214886.12,2932.35,220.18,14790.18,573.67,1337.11,,10944.73,133.52,3774.37,346225.46,21060.67,,7153.01,14494.8,818650.59,30896.17,260.17,28829.05,9780.71,298089.04,,407.37,101315.61,1807.81,73499.78,158691.87,,108350.96,1788.14,686199.47,,41735.84,2770.91,30115.36,11259.57,227.49,6952.13,108781.8,49635.64,344.94,219790.55,30344.57,168.02,899.45,108568.39,391684.49,88605.99,32234.13,1505.89,3955.7,3329.04,53084.43,36147.13,3045.82,2439.27,45784.79,21593.05,1005.88,5207.0,1028.16,34392.06,,5445.06,344.88,,34390.87,13567.36,95305.52,37969.67,1630.98,244291.52,527.08,846285.12,27266.61,219022.93,5323.12,4372.01,48472.4,334520.04,15781.69,,19001.87,,206843.87,54631.59,75399.02,99825.82,313481.86,2645.69,1130.21,,,,,22871.64,30813.54,74.69,265863.79,206495.17,,164.13,64719.89,389.25,44360.29,33715.42,49187.71,196639.63,166616.2,68452.83,1716.77,495.33,207.11,25580.93,6800.61,28083.0,21953.08,148867.01,,94441.94,2562.56,263795.75,,11245.16,8273.0,67108.18,225371.42,,,17971.3,61244.6,40480.26,765.49,38289.65,359629.26,6977.93,1394.51,5218.75,841.37,119.6,100.72,273.47,13121.63,29373.2,502.21,12890.31,20203.44,321.37,69.46,189563.18,120.05,,153.74,1483.29,,6810.79,111845.41,675.97,46921.24,183.91,664436.01,302127.65,8862.49,136.69,103.53,20032.24,335.78,2281.87,,27170.43,722.97,2057.09,,198127.37,11877.12,138930.42,12854.28,,63028.65,716920.56,135.93,2090.38,2942.58,530269.8,438.75,98691.76,5334.41,136.4,1860.45,10903.8,5695.99,9822.23,9986.28,61518.96,233036.13,527.74,,682.74,2789.91,354666.03,11216.98,,131840.86,2207.06,1244.42,76629.03,1823.0,5654.0,1222.14,84876.44,421.67,25685.72,14240.65,82305.32,102980.28,9791.14,17037.5,1837.15,8452.44,0.0
S046,participant,46,B2,41.0,M,24.0,880956.23,8975.5,,3387.01,313.76,154316.62,15305.48,125890.98,4844.98,,180221.55,,7291.97,51438.12,3426.79,2132.03,641.93,33095.82,1814.02,,55283.83,68.47,118.16,162415.97,297992.45,33260.18,6818.95,12189.43,265.39,155131.79,590.05,120397.84,598844.95,2007.79,212913.75,536435.31,102.16,20757.56,60397.59,31590.89,,191.17,2902.52,89627.36,9546.88,1087.99,49149.69,66329.74,,185.35,210088.01,333315.07,1013420.17,723739.76,,6209.99,70284.98,256.95,28111.78,423.43,103176.55,2300.73,,307671.92,126.94,2580.13,330.45,,13294.26,806.08,15111.86,262073.55,1753.65,,158403.78,5250.93,178286.99,39897.95,4272.98,155.36,100.3,475306.87,25976.63,11696.47,82246.48,12918.13,900259.54,38765.48,48941.71,92737.86,4320.6,1170.91,130493.57,12433.4,7130.37,104359.81,,60427.75,63386.47,14054.66,97.85,430998.95,35755.14,5426.62,92.85,19272.16,84832.96,42482.95,1560.57,238.46,2423.91,28629.95,1525.34,89916.56,334377.65,217.62,661.97,4258.32,1613.52,,,60602.38,27611.25,,1410125.2,790.71,8905.45,58170.8,65624.62,27555.7,1550.81,6898.53,63045.25,,,61933.15,27562.28,172.16,4446.48,307682.11,2069.15,108790.81,18248.29,680.71,3535.84,10547.68,19774.59,40252.04,744130.67,196018.18,402963.7,122.63,2499.76,17435.12,,85523.59,2632.63,21959.03,63621.99,146.58,777.8,578917.5,35699.9,863.93,,,,,70326.72,2228.37,761.37,9764.06,1896.92,208559.5,4328.19,,5084.68,512.93,,98.03,26034.97,,2427.75,1162009.58,21851.97,,2788.67,42355.64,172591.72,30138.19,222.26,13259.14,21585.88,127398.14,63.59,1236.33,237600.99,6627.67,91610.74,166187.08,,44509.42,4156.11,199371.6,6841.07,670187.53,2537.92,105936.06,11054.65,129.31,10131.66,98607.5,30712.46,347.86,146013.73,14188.14,253.58,1078.52,83073.73,304470.14,89917.02,16093.95,2345.06,4322.49,,183060.95,694709.97,2925.79,1093.53,58416.78,98284.82,,8610.95,1796.38,21717.08,109.27,4865.58,878.39,1823.04,35471.55,52162.65,15105.12,18310.1,755.49,85827.87,356.23,812736.26,14985.57,98979.13,4079.14,,12229.25,1901182.59,20647.28,,6432.54,1619.5,349833.69,104751.35,,46481.58,62846.42,5302.55,1996.34,298.96,839.24,72.93,220.46,14640.67,263890.28,115.17,412385.6,172899.41,537.45,154.37,340597.97,454.35,30301.82,36874.26,56078.23,308050.53,229694.06,43238.38,712.77,624.59,,19587.1,4147.09,44539.67,12140.03,402411.71,586.62,54309.52,27653.42,688578.32,,7976.71,,301825.65,42062.75,,75.6,81742.8,19637.74,63627.58,,79468.76,197230.6,4534.68,665.98,2529.16,829.12,,163.75,,3743.35,,828.89,13761.65,10354.78,313.08,56.95,176767.75,,184.85,128.1,,6017.85,3916.72,74405.75,286.11,179274.95,,291830.64,184855.3,25889.59,,,11693.98,,2844.41,197.74,84061.42,977.98,4129.0,510.48,403933.93,12977.93,216092.09,11403.92,,80817.78,570110.02,,991.59,,534189.7,,85833.93,3842.68,323.45,1426.94,9984.92,983.64,41865.73,,208864.91,214762.9,851.31,835.66,1412.21,2395.28,128581.77,12235.71,,217273.49,950.67,905.1,50485.92,1882.1,7699.14,2798.66,31726.12,335.59,15458.17,,121581.12,20954.64,4991.27,13017.41,1125.51,5487.02,0.0
S047,participant,47,B2,29.0,M,22.7,215187.4,7565.69,,2265.66,387.16,141339.3,12350.41,84491.43,4458.23,115.12,236097.55,,7492.73,198593.66,1682.49,1585.25,400.18,78995.38,480.09,,66007.61,52.38,,205057.15,286460.14,39762.07,10320.84,1715.63,275.76,434230.81,890.81,44790.17,553120.86,1090.82,69890.78,242124.93,95.43,15620.36,53976.43,162103.96,363.47,179.5,13034.65,131489.12,7202.73,1021.06,6676.64,16289.62,,,143736.04,136469.43,611338.81,451369.49,,2113.86,93017.06,215.09,79979.3,195.36,179481.88,,,300763.93,,3378.27,,,4863.99,,10207.54,292790.69,2140.06,347.41,84560.4,3970.63,128267.87,10283.36,4350.95,241.73,78.62,178922.11,70041.67,14814.3,191786.06,5467.63,786571.58,14869.65,18142.34,230683.88,2824.96,1762.48,288527.92,2169.71,5335.05,47564.86,130.42,55402.23,141746.53,8502.08,83.81,327380.45,33361.75,18022.7,,21289.17,88750.3,32693.93,1117.49,755.61,1858.6,36027.06,,197408.16,207938.75,,334.8,2525.08,2573.01,242.51,56.9,49548.97,19500.88,,228912.97,1080.12,20035.15,25483.65,38935.31,22404.75,3483.62,7386.56,69378.26,697.45,471.94,69575.08,94368.65,164.48,2193.27,177884.06,2086.71,286824.54,8414.89,2235.57,5815.61,16238.2,32507.94,85793.64,281633.58,195198.94,532244.14,,2090.61,9018.71,154.34,186411.36,2456.57,44134.09,82110.84,179.21,1235.77,951301.5,16211.44,1135.55,3410.76,,,116.43,515013.4,1940.18,995.79,9646.08,944.18,391186.6,5659.9,188.46,9569.24,,2660.3,,7420.68,144.49,4064.95,882679.91,43995.74,6357.51,3638.22,34559.92,241863.29,34763.96,249.69,47591.59,15896.36,202175.32,73.31,438.01,55391.9,5624.11,52154.33,149601.84,145.57,92046.3,4052.15,199315.8,4999.21,257984.14,2530.92,51353.75,14071.83,116.27,3907.08,129114.47,31262.12,331.93,243329.41,23334.6,,955.41,197733.98,266251.66,124034.53,22111.94,,3031.16,2957.21,116578.07,379887.34,2942.58,1843.86,36590.29,118568.23,660.47,4867.48,1426.41,24680.37,108.22,4548.18,814.09,2344.12,62006.19,29371.78,54310.79,18338.64,525.08,120957.63,,189972.71,17836.54,80745.45,6702.46,1599.15,8911.96,411261.36,31326.54,694.99,15771.06,7209.38,208979.88,72774.01,67229.39,114769.87,40077.15,4224.58,1332.4,,,,356.65,16970.02,50324.7,,181215.92,223896.86,998.14,184.8,176884.93,514.89,56178.97,32343.04,108309.95,202979.16,358501.98,16728.84,1911.95,818.37,192.09,17317.57,3564.54,,9497.78,477563.37,509.05,73256.97,5529.68,705516.78,507.87,10163.85,7067.79,59616.55,151531.83,,76.75,27154.93,165457.21,78454.73,264.28,27944.31,183679.52,1253.13,430.44,16135.22,693.29,,,182.54,11787.72,29419.81,1510.09,13952.86,37413.62,,259.64,132426.32,,97.03,88.52,,3487.73,5836.75,42522.69,226.96,79766.95,256.37,84556.89,279005.59,46175.45,,176.32,7199.55,386.99,8105.36,,12124.98,3459.4,6437.31,753.12,296245.75,15300.2,142361.44,14869.14,847.31,151724.93,521971.23,,3527.16,8245.57,171296.79,201.43,152328.18,4479.68,153.71,2384.91,17021.78,,42116.13,1415.74,119847.46,265130.59,916.47,1012.19,1170.75,1349.94,32126.71,13872.02,,184434.42,3036.88,844.93,48272.67,1437.67,7540.39,4234.36,148084.89,,18880.17,5659.42,96173.44,52191.94,7590.26,22675.87,837.75,26410.1,1.0
S048,participant,48,B2,55.0,F,26.4,413359.36,6119.13,,2830.66,,177707.0,12514.21,97742.3,3193.48,,37520.6,166.5,14819.15,128963.94,3415.04,1764.38,768.63,22470.28,,,68003.94,,128.34,131788.46,373406.52,45782.45,11991.85,1382.65,319.06,519054.59,898.53,31573.31,673286.97,1788.41,112260.75,327764.17,,15650.95,42068.65,73401.48,605.12,381.54,3239.84,104911.08,3032.4,,4817.61,80865.86,380.54,135.15,416217.41,147387.54,433872.2,331525.67,73.43,1159.01,36278.18,186.08,33667.87,218.14,146990.53,3244.2,,200244.51,132.5,2338.63,,,6500.03,1814.73,16954.14,210518.83,,967.89,163141.45,5023.24,125202.11,34922.09,3447.26,129.0,293.13,149034.52,37061.83,13931.58,34024.35,2777.33,52388.83,,14502.86,1087886.0,3416.04,2275.64,52543.69,9626.48,12519.39,35703.99,,92869.79,337104.19,3794.42,103.0,909215.38,38448.37,14918.14,,33207.08,22689.61,32527.55,1640.71,,4298.86,47467.06,,108483.25,304178.58,187.78,,2081.07,2600.67,296.51,,69634.09,14476.18,,207526.24,691.55,6297.37,18773.85,81969.62,22809.36,2739.2,6485.88,156705.23,,,27694.35,20980.87,218.93,2883.94,133473.85,1634.72,386722.23,7653.29,1053.7,3760.31,23468.99,19489.43,66282.49,2385544.6,226706.19,364546.99,,1752.6,19727.8,161.23,71075.31,2844.87,20459.78,86712.16,,,408013.31,23549.08,,2225.29,925.47,1233.75,,603268.75,1054.68,,9212.49,516.81,89772.9,4480.74,120.43,7487.8,476.07,1113.44,,12586.76,132.78,5242.76,214540.28,10561.32,8598.65,2474.95,22647.07,249292.16,20384.63,256.4,43502.71,14637.23,196465.17,67.1,,79639.72,2798.23,60328.1,156582.81,,44922.55,3240.01,75477.6,7443.1,1923862.83,2822.32,21533.92,14007.56,161.89,5758.91,51241.08,164970.93,,157832.36,23451.13,346.97,816.58,46599.71,381428.23,45808.69,36231.83,1370.88,4232.52,1582.96,53786.85,97460.26,1381.95,2235.72,88811.9,774279.56,736.05,11298.59,3374.44,39170.26,,7958.24,,1667.76,35775.74,36458.71,15902.96,19603.34,487.63,155456.05,671.46,1387492.44,23808.64,86618.65,5281.26,407.64,23910.58,931888.11,19210.53,758.04,17297.77,775.79,220727.13,167787.93,30923.44,61157.02,37592.61,7474.81,,268.76,7345.97,62.26,176.68,10406.4,33170.31,,242899.7,518666.38,668.93,,65026.83,478.19,38560.12,49449.38,20735.88,175803.29,372021.52,27578.73,,508.45,,41495.42,,60242.03,25191.14,288155.78,452.49,40993.37,,318134.2,,6019.6,13201.09,244283.39,113524.98,341.94,130.26,66960.12,28964.09,48338.41,,76985.88,202094.87,1790.11,373.63,7326.6,,187.66,107.44,216.9,4574.66,15045.88,738.44,17334.9,13568.15,853.8,,178220.15,,,59.14,1261.04,4683.53,11789.94,37222.45,286.18,207425.91,227.96,1174841.3,338594.93,9833.77,,,5989.56,218.76,4782.14,111.94,17119.78,944.61,4237.5,738.5,214445.83,10705.75,287139.23,25722.3,,63916.53,423988.19,110.26,,20360.73,279214.78,322.53,141645.11,5209.71,224.31,,13500.88,956.27,5881.09,2234.0,68311.86,344501.66,581.8,1750.56,1023.67,,110143.9,16609.79,65.2,211891.09,1806.92,1227.83,15756.38,1656.11,5717.11,,31993.0,268.68,19016.59,13125.11,311588.17,97328.23,4272.97,9110.59,1118.47,8132.11,0.0
S049,participant,49,B2,41.0,F,23.5,668991.81,2451.62,65.33,2566.39,381.62,69165.5,6497.65,226271.76,18890.76,,145358.51,176.58,5172.72,65161.26,6520.1,3438.4,1351.93,11058.28,582.29,,57907.5,81.0,,274966.92,316442.31,15809.24,18497.67,5461.99,377.93,554375.89,555.95,57942.3,412894.53,992.09,179776.45,604491.72,,,52472.53,65202.53,855.06,244.95,6492.73,93070.05,6097.05,1104.9,2749.92,68359.11,368.37,140.56,96093.71,231018.43,221610.37,480791.39,,952.06,46814.13,226.11,26445.43,,80016.7,4832.08,72.03,183707.63,,1470.72,,,,954.73,15875.21,376965.17,2042.82,609.83,51083.49,6295.76,75266.94,36478.57,6183.51,923.81,79.93,564462.88,42303.87,13862.12,65481.18,8764.22,62109.28,24649.16,39523.28,37493.68,2363.13,1546.14,20320.2,9189.92,4442.53,44782.46,126.47,81930.38,348055.09,16470.26,130.9,1116724.13,44820.76,28599.65,137.74,23920.06,85539.82,42484.94,818.54,900.23,,42492.63,832.34,107508.31,191902.52,255.72,471.51,,1257.01,566.46,55.48,51965.82,19311.26,120.4,586772.73,744.83,30378.74,26904.86,117371.23,64904.64,5269.75,2760.26,43438.2,546.48,923.47,39551.69,39606.55,,2954.73,86832.77,786.45,479405.96,11872.53,444.57,2287.64,20226.25,53330.32,67219.75,490583.41,255944.07,392617.06,220.58,3043.22,18587.55,132.86,64875.85,2117.65,11785.96,81011.51,,1267.11,1008876.34,,,3836.48,,,314.16,61145.79,,802.28,5185.48,1018.39,508341.69,3308.21,223.41,20686.18,,1075.42,,5834.92,141.69,4009.21,946492.05,35808.29,7333.81,2835.53,28604.82,464482.27,35755.41,,33559.36,14384.9,207088.32,,652.83,22997.99,7531.32,55699.21,56615.59,111.8,107093.51,2889.21,121028.52,5583.89,262378.63,2350.3,51190.72,12404.72,143.55,3270.27,98788.13,90545.37,498.58,235527.48,35217.02,,768.87,112855.99,747814.07,54336.93,16281.73,2386.17,4128.43,1311.06,32248.93,65843.45,1987.73,1529.09,180490.97,170096.68,,1543.16,1776.64,38359.82,120.53,4877.62,569.01,1430.47,86006.92,12709.05,61705.64,25142.37,1293.83,111429.54,364.08,597641.23,11578.09,46999.08,5221.65,477.11,14090.25,741296.19,7407.91,594.38,9254.89,6112.04,241955.74,57227.79,23089.53,74583.05,115600.81,4944.56,,,1490.81,58.44,437.81,7033.56,21316.25,101.9,230246.99,328414.46,483.65,156.26,278561.13,439.52,30331.89,28900.38,90931.31,153843.85,148806.58,51386.88,383.03,509.14,340.17,44556.51,3430.09,68970.41,41838.76,538969.85,,68741.76,,523520.77,,6184.23,,49664.03,236867.24,218.68,,21102.03,119493.95,73568.17,,82216.94,894471.29,4218.6,416.22,5504.57,763.07,125.57,,,2672.33,28854.82,492.32,31562.82,16441.12,472.32,73.02,144919.4,,,,1369.85,2795.21,3729.09,316103.61,398.26,87635.11,234.26,392508.13,250106.33,31029.81,,103.56,10710.85,463.71,3788.73,160.38,28746.59,,2370.62,217.28,281599.09,13651.51,114750.93,,592.98,32797.19,435214.23,155.41,784.26,,159691.6,200.41,90579.12,6962.72,,936.49,16968.7,678.55,11735.86,1904.1,89379.18,330540.26,466.96,,797.74,3809.91,24633.01,28690.13,,291237.34,1938.51,1220.8,27463.24,1369.69,6425.04,6988.65,10745.61,438.4,45950.88,3662.46,109917.88,29793.82,4198.12,7939.0,1533.34,6901.79,1.0
S050,participant,50,B2,50.0,F,35.5,883036.33,2166.22,,2072.22,506.6,67838.02,5835.84,197385.58,4729.55,200.11,43275.02,,16637.39,112265.02,1519.48,1230.88,,87285.2,810.08,260.79,126991.85,67.15,,1681089.85,183396.59,60360.82,8110.52,5167.13,291.32,122287.77,878.77,76922.13,620792.46,1127.32,154968.74,661171.93,546.11,24270.36,51251.95,74328.8,378.01,,3445.59,86996.7,5577.1,1028.44,87687.27,39686.12,334.06,,412609.3,208700.4,312635.26,411406.03,,2553.39,94995.75,265.02,28250.67,303.96,109383.22,4412.22,63.0,145007.38,278.99,1736.62,,,,,24918.93,273168.01,1816.92,220.51,61500.16,3485.59,122681.51,59503.04,4443.66,,108.23,519163.95,359587.06,7131.98,26478.27,5096.46,74147.02,25591.09,42045.13,208906.78,3986.86,2015.27,51353.01,10519.46,2835.32,34367.83,,91289.39,257252.59,13839.66,,429505.09,23060.7,6752.98,141.35,34212.74,31499.13,39379.01,708.01,315.95,4065.59,36053.24,629.04,123222.54,294219.43,,312.51,2795.97,1638.85,,,53725.42,10150.56,,512785.18,649.18,16157.49,35812.54,106222.86,33770.06,1168.18,2300.46,102779.41,,554.01,31521.96,21091.43,164.3,3631.94,610025.68,1732.31,786886.88,8375.28,563.61,8093.45,10354.89,25720.78,64832.44,398495.97,189008.63,831484.5,123.91,1984.3,25641.84,,222274.68,1390.92,26637.79,90512.01,262.48,1073.53,270123.38,16801.98,1188.81,3627.4,,868.18,121.05,149130.6,,529.99,8827.31,965.26,321865.95,4585.17,185.55,18885.23,,,92.69,41761.77,188.71,2552.84,477312.18,27119.59,7747.95,,29670.2,398791.5,33785.79,251.17,24870.15,11443.32,274362.94,94.93,515.42,69362.72,3870.24,74925.44,83383.64,,66991.65,3795.49,92196.74,3438.15,328410.99,1566.0,62087.14,9995.13,,3011.99,177852.01,56628.39,378.4,219446.97,14025.93,254.81,1617.91,237723.46,341514.57,236246.45,19214.33,1904.16,4053.64,1488.66,191409.16,612183.34,3895.25,3049.36,59482.75,74342.93,563.75,6390.35,2248.43,,,7041.14,649.1,1596.13,49294.59,58014.67,24424.21,40232.99,,79604.26,192.58,330787.42,10765.69,157154.62,6504.96,1180.82,12385.63,248947.69,9874.01,513.0,11754.26,,304132.32,64069.32,40223.53,155670.29,165084.58,4580.12,1028.21,,1046.1,,334.18,21771.54,35919.04,124.17,144629.92,133013.22,665.23,,165309.26,742.32,59477.68,31657.45,60364.37,166287.97,275963.21,52824.25,1360.61,984.16,616.93,35569.47,7677.54,23037.71,24017.64,318511.8,890.82,173167.34,3989.04,466081.19,543.23,5172.8,4612.87,25570.71,158346.01,127.03,83.71,55088.24,190291.54,61914.1,,36766.81,182699.82,2236.13,562.46,7177.76,1108.22,,126.24,332.95,,49048.35,2142.39,34268.05,15481.94,389.64,,147367.83,77.67,109.6,72.08,1337.27,6481.48,5583.25,76408.46,251.0,253468.65,289.45,953034.43,252547.91,,,,8339.28,791.44,,126.62,71378.54,1250.41,2436.11,314.93,704668.7,6948.54,166584.85,44761.17,,148164.34,524161.83,106.45,,18460.82,336432.22,210.79,70142.97,3800.71,194.12,3351.01,7752.83,753.41,15312.76,6073.57,134032.55,425890.93,752.67,1138.93,1089.31,1103.18,47080.09,14974.93,,247296.74,,4313.36,15046.39,1318.26,9168.25,4773.72,312581.94,,17550.0,5935.62,79700.26,69142.39,,8263.47,1161.8,11254.51,1.0
QC06,pooled_qc,51,B2,,,,495409.41,5597.41,64.68,2673.51,426.92,105963.18,11848.02,153765.49,5947.6,101.76,73221.43,230.21,8833.68,94166.56,1846.99,2377.69,595.62,39794.45,397.59,235.56,42930.28,50.95,71.11,381147.58,261512.41,29191.08,12566.76,3383.84,312.95,249468.08,659.12,74658.76,443837.82,1356.03,146678.73,380732.25,100.89,32209.35,51701.14,117301.79,515.8,181.42,5288.42,111145.54,5539.59,890.85,8151.11,64087.37,341.13,,344104.49,292866.01,558408.36,386399.1,,2583.61,86390.7,245.07,35559.03,232.47,96937.44,3128.81,66.11,209943.04,,1505.63,94.98,,7957.49,936.54,23362.49,268854.58,2974.28,215.08,133448.24,5310.67,111641.65,29088.15,4088.59,135.29,,353604.81,43109.28,12931.79,48449.62,4831.47,145350.26,21677.64,38368.96,252782.89,3180.1,1565.57,76510.11,3732.14,6481.38,31392.57,,90780.56,206428.38,8619.62,67.88,397068.54,26954.39,11363.23,,20260.98,47190.2,53727.82,1177.3,433.92,4447.83,36502.31,637.36,121713.39,288469.08,228.84,450.68,1281.7,2163.39,232.91,,58821.06,19700.11,,400160.02,708.48,15440.85,32996.81,83283.6,36031.63,2933.27,3705.12,109401.44,791.81,634.85,36589.41,41257.49,,3095.91,181591.13,1028.28,413151.04,11721.35,499.05,5188.78,15322.83,28045.2,56446.04,389917.81,201265.71,411361.93,103.8,2013.92,15945.17,129.74,91565.69,1834.36,20327.72,96339.9,,786.08,391797.3,15901.31,752.56,1932.92,272.97,811.41,,141341.22,1697.15,631.71,9478.86,761.68,150381.73,4940.8,183.02,5035.12,816.37,1295.38,,13076.86,126.59,3711.08,320734.38,24431.33,8941.12,3051.66,25902.48,364554.35,22345.72,206.84,34908.05,9293.1,210025.59,72.14,454.62,102102.67,3759.37,75992.92,84878.68,115.63,100451.62,3690.6,114779.61,4115.89,366383.09,2127.86,48318.25,14256.06,183.21,4598.78,115578.31,49549.6,444.97,186119.7,19779.12,186.92,913.91,96491.17,477912.65,137799.77,22688.72,1206.86,4067.09,1599.38,154083.19,264527.24,2490.98,1648.75,69244.34,99298.74,589.25,4322.41,2006.99,24068.86,,6289.58,425.19,1613.45,68119.48,30837.59,28715.28,21111.9,518.46,111197.39,253.55,466938.01,15888.96,100257.02,5274.44,682.55,17244.5,602132.48,13478.21,327.35,12739.96,2414.76,231569.88,71178.84,30691.22,92009.82,98321.21,3997.01,1037.47,205.13,1234.39,,224.27,16636.7,46556.99,84.83,210392.77,151562.08,712.34,,94933.68,447.93,28889.47,21834.59,96194.58,214156.65,286133.98,24518.73,575.79,672.32,348.83,33377.45,5066.58,51768.81,25525.78,445706.22,522.62,55448.17,6220.91,514460.31,213.38,6938.04,8385.91,91077.42,109135.48,246.28,,52021.03,40255.1,49366.51,,54757.42,194361.18,2336.19,471.15,3905.44,849.16,80.15,156.12,181.99,5307.48,17753.55,455.78,19334.25,21003.18,362.13,,159058.33,,110.18,60.31,1209.14,3617.14,9247.18,124321.54,198.69,172318.78,152.77,357320.06,253782.07,23887.02,,105.84,12311.02,321.47,2946.73,145.76,26346.58,1032.35,2593.68,317.62,365246.57,8030.43,198585.12,17437.35,380.87,51457.87,407092.88,,1044.14,6761.01,349821.34,203.22,111259.13,4040.92,163.7,946.06,13039.21,858.59,18224.54,1583.95,137314.71,363291.53,733.43,1059.82,858.24,1485.06,62388.27,18408.06,,212494.13,1668.37,1673.45,33663.14,1121.53,7145.43,1947.53,76212.31,305.27,18250.55,3080.18,129671.31,50554.89,4588.01,10237.5,1186.96,10547.67,
S052,participant,52,B2,59.0,M,20.2,161208.21,7105.84,63.78,2068.62,,114205.81,15771.92,109983.11,5856.6,139.86,86457.74,,13096.03,85316.44,1444.51,3489.96,768.8,32620.08,1262.95,218.69,83771.27,,,1262551.07,233958.21,85232.57,,4307.98,446.83,504904.08,801.32,68368.87,193331.98,,144296.35,199809.87,148.69,23376.79,122428.4,161638.43,,,3859.55,91079.22,8677.27,1133.76,7070.33,20490.76,376.71,,538661.17,837435.3,237173.58,283343.71,174.47,7926.53,75967.97,147.62,30139.07,1472.91,103355.99,2766.99,,238812.78,115.44,1819.61,198.03,,15516.57,1823.45,43644.07,189320.54,1649.37,440.82,153500.02,6721.68,79052.19,16082.04,3173.87,,,1483303.85,91218.34,16744.69,192602.25,4364.2,24940.69,23727.31,124440.59,73772.24,2437.38,1454.59,108340.43,6671.16,5577.53,11809.18,91.06,112951.31,294658.79,4672.48,,864219.55,27434.16,10327.52,,,41231.46,54758.02,837.41,,2393.96,33132.99,1205.84,235875.67,319504.95,,1513.28,,,327.2,,86457.55,46407.36,,185061.71,,,41166.29,121643.64,38726.13,,7161.86,73621.86,,812.49,17262.98,9725.16,239.81,3580.49,720006.24,,578488.71,10164.6,629.74,3131.9,7130.69,16252.39,96801.55,122131.3,193760.05,1075954.53,,3041.32,31175.85,136.51,43426.83,1789.11,35943.68,103190.65,267.04,770.89,371618.58,6476.79,,3537.31,811.62,560.63,,246814.7,1142.57,868.9,10076.12,,63223.21,5223.48,132.19,1686.54,,1399.66,,8387.32,,3277.18,438414.89,31657.44,9440.76,3257.05,21152.65,92929.58,17267.91,,157151.01,6528.07,181157.8,74.48,491.33,81950.38,4947.6,73892.93,46485.44,,111542.91,4601.65,137212.99,12663.55,895685.77,1188.91,16460.29,11656.74,254.97,6130.41,124749.79,465795.24,1004.11,290250.96,18897.91,118.99,721.33,159226.55,386653.4,84132.55,39944.46,3213.73,4371.37,1269.24,161646.21,232364.53,1061.31,1421.23,118716.79,32375.43,,3415.49,2565.51,28267.57,,7886.03,,3285.66,43539.44,19354.18,18613.77,48662.73,704.88,195567.81,326.73,296253.34,15110.63,155143.93,5932.46,632.97,,1991988.84,5855.09,,11233.01,961.0,165820.61,53532.82,41589.21,61906.31,139334.03,4975.51,1242.0,284.5,3899.9,,489.32,26910.4,26881.26,79.92,114780.51,953057.28,932.06,156.95,68222.28,493.57,32118.83,23789.46,147364.49,84795.97,334215.98,37564.59,699.09,566.35,317.51,63058.61,3812.14,16259.64,23445.18,226076.28,632.45,27909.28,5605.26,248471.78,317.32,9409.31,6115.88,357878.63,7756.28,1333.23,,,36962.14,48751.2,153.25,50950.65,343202.56,1631.6,,8208.39,538.68,,113.08,283.14,14436.05,11892.74,1149.6,20829.68,18488.77,,,110610.76,75.77,,316.97,1424.08,4797.7,6942.29,121773.6,,206455.98,,366481.82,321885.65,28702.11,,139.39,20388.8,181.97,4017.18,191.35,53637.36,,2102.94,,489389.21,12961.49,185322.02,18085.35,194.49,110821.27,348475.19,119.46,,11984.98,125681.08,238.5,164301.24,3659.29,,1320.05,8889.57,609.97,,1612.44,188792.05,188388.05,507.73,,,,79193.94,76966.44,,197938.21,2345.28,963.18,17080.64,1898.42,10384.66,3087.26,173405.46,267.21,2855.72,2264.41,289722.03,104141.21,7246.61,11690.93,1325.06,12538.29,1.0
S053,participant,53,B2,29.0,M,31.0,188932.34,7361.41,,3529.02,,65200.47,18475.92,273830.99,2815.68,117.08,76626.08,543.85,8319.85,166837.5,2475.54,2312.46,892.82,26807.03,455.69,250.25,79734.86,,285.97,179259.24,162641.56,36960.68,34137.34,1418.55,347.23,1562970.93,793.07,73651.24,1032529.53,2533.07,102262.14,402831.47,385.9,37822.07,79050.32,69426.51,635.03,312.99,4919.76,142998.2,5241.95,,24864.67,22096.52,620.15,237.53,397292.57,289132.36,738313.2,340549.54,117.85,1330.75,72558.45,258.77,22130.22,,140539.95,1941.84,191.74,129401.3,120.94,795.55,221.54,81.15,6629.85,698.26,20427.49,229560.67,1791.43,505.66,163895.03,5098.79,135052.74,34157.73,3181.53,,124.06,589929.39,41148.52,13086.65,24422.49,4629.43,703329.5,12510.83,34553.02,327694.0,2883.6,1479.31,56408.85,9724.23,3667.45,44805.89,82.93,81328.64,58177.97,17436.33,60.25,604078.45,12203.07,14389.12,,13074.53,11368.37,47382.86,620.02,366.55,,55043.9,633.03,90628.91,338661.68,434.83,282.62,1508.81,2128.68,485.48,,115393.81,13210.75,,148958.73,690.6,51262.24,56467.52,86458.14,44302.14,2111.65,4697.81,72958.1,756.16,989.05,24077.32,24216.27,200.53,2669.61,265180.75,1480.73,537498.09,8396.29,,5856.09,13668.38,14320.17,52684.24,860148.64,222795.26,220457.68,134.86,3354.2,51870.05,,68437.96,3815.62,17679.24,49631.93,,,537623.64,14008.26,948.85,2545.25,,584.06,,79652.17,,489.23,8796.31,1839.99,224455.74,5523.42,117.44,4216.05,606.79,1323.06,155.17,25666.38,182.17,3426.46,286206.84,31983.3,10373.56,4723.83,,362134.45,32903.04,182.56,62842.46,12981.48,350620.31,,464.54,196953.04,5862.34,46419.93,83201.57,,82687.48,5677.37,170237.54,2590.7,924465.55,1993.85,60202.24,,134.47,5310.17,87908.12,94181.81,513.77,262189.26,13619.79,185.88,945.02,198311.63,806501.61,101112.75,22149.85,1084.87,7037.42,1087.92,61172.7,159616.7,2839.16,860.23,103460.72,38045.37,,7971.05,1718.76,22773.66,,6554.91,516.25,,67067.32,28241.84,,9195.25,584.05,132243.87,,656027.99,11940.67,102565.44,8020.84,864.45,67148.85,961148.98,18707.35,629.66,22659.81,6003.72,295903.73,60501.72,23116.26,71259.83,63505.26,5364.87,1070.08,,554.68,77.27,632.41,15772.46,34788.33,100.0,253592.28,21380.17,650.18,150.81,103693.81,641.4,41378.46,17090.07,62323.09,138827.67,161807.73,7813.48,343.76,754.6,702.5,30169.7,13178.83,36257.03,13319.4,418180.4,541.03,,7996.09,335960.58,,5665.81,12182.26,259187.63,45997.31,245.64,,25253.28,114089.62,29650.7,500.71,19593.34,96787.0,3863.98,769.14,,,,171.02,251.37,3066.57,,402.04,14942.32,50683.73,345.23,71.54,185843.3,85.0,69.44,,,4270.63,8711.5,89185.86,190.5,142477.42,174.07,301823.57,256139.93,24209.95,108.92,,10969.39,445.64,5003.41,128.57,34870.54,1036.4,2579.76,361.65,443435.29,5857.16,158085.17,8581.23,668.43,47567.11,682302.9,,,7224.94,521993.01,,116322.34,3947.08,,1426.71,23982.67,1812.94,12371.97,1445.94,114442.99,351626.97,711.12,1534.63,1062.13,,444589.34,29914.67,62.05,223811.1,2165.25,1200.81,4282.62,786.73,9756.01,5721.95,65134.03,406.25,123749.34,2126.4,184271.25,13823.82,,6892.48,997.56,23411.98,1.0
S054,participant,54,B2,30.0,M,31.8,518692.77,5362.78,61.84,5162.72,633.13,143665.1,7075.7,208638.68,4496.71,,71031.92,207.58,3446.11,76464.57,3625.6,3923.85,1891.79,49200.87,389.59,222.63,52340.04,82.08,86.38,162472.75,299220.65,72399.4,13231.99,6158.83,586.66,237427.93,732.73,71133.81,368233.73,1354.76,177740.93,400728.35,,27492.49,35858.2,101749.05,1780.86,,5272.98,110689.37,4451.04,953.45,29393.57,101074.73,,,371331.03,117083.58,366988.62,339652.76,153.47,4625.74,70270.06,268.82,25385.83,249.1,83827.31,,59.39,329235.56,159.11,1747.93,,,3820.64,2061.46,28051.39,310362.44,3458.72,232.6,68168.91,5805.72,100143.88,12775.32,4274.83,434.61,,283523.69,56394.36,9661.19,93605.69,,414384.38,58944.05,66106.73,137268.28,4714.1,2864.96,101267.82,,12976.14,40498.42,81.78,83250.47,142372.33,7552.33,155.18,481650.3,,9290.57,,22777.02,125687.01,86170.29,1262.5,578.6,3505.72,40099.01,711.53,107901.42,313334.92,,651.83,1489.49,3335.81,473.51,,60021.03,50332.15,85.93,321961.12,674.03,16180.36,,145890.89,41770.83,7422.7,2785.35,109044.64,624.7,756.51,67954.49,13833.14,,,204240.74,1065.36,433042.29,15009.6,594.79,4079.15,12967.73,39660.41,36817.51,499523.59,296886.29,358132.82,,2046.35,21854.11,158.06,289966.46,1958.12,24061.74,47491.4,178.56,,683165.36,22700.17,,3191.08,364.62,682.84,,138725.91,1966.41,722.35,8665.97,725.5,164090.65,4377.41,446.27,5725.86,883.98,1125.2,127.27,9745.76,,2818.46,128844.15,57081.57,7800.72,2958.28,19633.4,190471.52,9556.11,212.47,50028.37,4528.42,201069.4,,517.85,311341.45,,58550.89,42753.82,,120028.96,5415.08,115735.21,5270.91,200460.46,1628.25,48930.44,13839.9,252.85,,98631.66,33156.9,288.97,316539.66,20609.98,139.24,1260.95,115449.93,521125.26,77399.62,20298.71,1152.51,2955.48,1526.86,148168.06,285881.71,3862.35,1111.92,80472.13,102088.75,650.16,6108.02,2409.8,22685.63,,3942.21,,2198.28,51467.52,43464.76,21412.23,12165.75,1129.31,65359.1,,78670.18,20913.68,55972.98,5655.7,1403.17,16045.61,399443.87,5655.74,380.86,11711.46,1865.89,307071.76,68870.81,33718.95,45826.39,137658.43,,859.42,546.48,710.92,,,14109.61,31821.38,,155786.85,66819.03,483.09,,75387.42,481.43,25534.43,17015.85,316542.26,135034.74,294320.02,8134.24,311.24,,240.41,41829.02,6398.63,80575.51,18520.54,330188.03,428.0,50752.98,13549.7,482102.46,176.33,6641.3,17389.4,22202.25,214495.41,778.53,71.46,69944.98,23751.06,19311.78,,42071.25,136218.72,1846.49,,7036.27,1391.9,100.81,196.27,,9115.66,21512.33,934.87,,32282.64,1558.38,,142048.42,92.43,76.74,,1362.65,5045.41,3530.86,225241.85,,226074.86,179.92,310453.7,172632.63,7448.6,131.18,147.46,13210.8,384.93,1732.91,,51831.12,1722.71,3581.7,338.61,243183.74,6591.2,183510.81,11078.54,328.32,107553.37,264308.69,,,4454.83,1063153.88,,98312.87,7778.77,193.45,718.19,25232.2,710.71,14547.0,2008.13,142502.89,1096491.78,637.26,3955.9,787.92,3713.4,79529.81,21760.21,,212885.54,2192.92,1095.28,27191.58,2246.98,4772.1,2815.13,86281.22,,15672.79,2643.38,140361.22,24064.09,3175.92,21055.76,1175.32,7271.1,1.0
S055,participant,55,B2,58.0,F,25.4,832544.08,7903.17,,2738.56,,150263.35,20715.02,143692.75,2099.11,,262299.58,,20919.1,288455.17,9107.05,2374.94,416.22,32684.75,344.75,,26785.81,,,77575.19,221350.47,41655.11,14597.01,1065.58,644.0,493554.95,756.85,39702.78,192181.72,862.14,143877.5,344291.68,,13270.99,70501.23,75995.68,,271.06,7593.18,92112.41,4797.3,,,71007.01,201.13,334.27,352088.03,185485.16,175234.78,268324.08,67.59,2244.91,70134.46,248.71,43900.65,,92413.72,2562.55,,607006.47,160.06,1687.23,,,,1676.96,16274.74,190344.04,3499.45,,83187.77,5496.17,104632.53,9335.45,4329.76,198.65,,337898.33,348065.95,27175.31,32745.82,6568.92,57520.67,23000.37,29043.9,221357.87,5814.24,1934.49,52926.55,6998.59,10065.47,32659.8,,104858.43,219630.01,12880.35,78.9,881915.74,41685.1,6542.17,,23855.51,436809.82,77235.7,1184.64,619.74,3849.3,30650.08,1111.79,145147.5,626731.5,396.6,947.04,,8485.4,263.85,,70393.46,30634.56,101.64,1458652.63,691.05,6355.88,42181.74,112222.36,43409.61,1997.13,6650.54,114444.56,526.11,1046.94,40943.56,34527.34,209.31,3689.04,391256.11,918.45,195016.53,12659.81,316.05,2690.14,19846.57,,68551.03,615249.81,201220.78,581936.22,,2541.76,27662.77,,129363.78,2822.9,23827.16,64078.31,,,509647.33,31891.47,,3311.95,720.58,989.94,,264286.28,,885.23,21558.62,1233.8,354179.8,4791.24,224.98,17658.08,1374.46,1394.05,,9653.04,236.63,2082.24,517596.02,40843.29,8995.51,2442.49,45460.95,161663.75,24683.68,187.74,35296.68,6501.8,192801.96,82.46,585.08,24902.07,8645.68,68857.72,135798.53,,143331.71,4268.69,47073.56,3292.48,121737.31,,39227.9,14209.27,,5272.31,84840.43,93589.99,447.93,192864.56,40253.73,185.18,790.28,47560.01,587783.55,41093.15,43243.9,2338.48,5835.09,2621.6,145381.08,672996.16,2179.8,1814.75,36326.91,39145.21,520.08,19913.24,2678.71,28306.27,,,473.17,2252.01,82242.93,23769.71,13068.82,33283.15,631.87,78129.07,,439206.12,12557.76,92001.25,4581.66,862.87,8955.32,344299.36,8594.93,328.52,13761.64,1369.89,154064.87,117675.33,77996.99,45052.14,56098.26,2577.27,1327.86,717.96,1476.7,76.11,,24191.2,29340.02,99.91,216388.67,34509.48,498.14,,74742.14,433.07,35497.39,26232.86,91083.57,114865.57,316549.29,12956.57,761.12,606.64,508.54,36114.72,4222.72,15581.35,35675.92,548288.85,418.56,174746.3,6908.43,220850.39,555.85,14433.7,4778.38,90868.88,282666.02,836.59,,19840.64,100077.68,68960.31,582.69,124700.24,124445.42,2574.0,430.01,1946.93,4621.4,99.98,148.97,233.92,3299.32,20109.06,795.63,16910.56,24073.08,605.07,88.03,173948.26,,129.97,120.2,1878.35,6714.38,5436.79,75698.56,963.02,203860.1,272.17,1040879.29,141152.13,14614.55,,118.46,14061.27,440.2,3209.86,189.87,29399.24,856.77,1889.92,194.85,965690.35,5151.84,184907.38,24114.08,203.92,116712.81,358415.78,,895.85,2526.83,773036.65,,112886.08,,133.87,654.26,13610.73,2951.34,7820.23,1177.24,116997.89,189910.13,654.74,,917.55,6841.5,31284.36,48903.76,,234523.7,3209.96,2632.03,96823.46,740.33,6682.18,6589.67,15761.35,270.37,50428.93,2671.94,168040.62,84420.67,4545.07,7497.73,1051.73,5227.38,1.0
S056,participant,56,B2,48.0,F,20.5,197449.77,9240.46,,2230.93,,60253.86,27747.06,163438.59,10576.47,141.17,25935.83,,3731.84,34894.59,3810.08,5150.75,2098.12,39401.99,1995.89,,48017.91,,308.66,312501.61,189820.54,53981.35,17882.85,1334.45,413.13,454218.63,,70025.33,846046.51,868.56,166873.55,434493.14,,14150.06,39490.63,20731.06,436.33,175.92,6943.36,204416.86,18257.76,,39749.0,68474.36,,,199973.09,353536.15,416084.45,561669.81,87.4,7366.03,80226.72,212.68,17352.61,280.69,99527.62,1905.24,140.8,357468.94,,1866.6,119.45,77.03,5497.06,1916.15,37525.03,751044.18,2733.16,,104858.48,4692.65,67756.75,36017.0,3197.69,128.01,,849438.82,58880.16,8557.83,58205.09,2662.84,311829.76,21712.46,41238.73,1277277.54,2157.68,1982.45,30209.32,6493.27,5844.56,37212.63,,72929.56,83621.72,5139.62,,256800.82,18643.59,13459.28,91.3,33979.43,48288.25,61994.85,1163.28,674.06,6124.31,55196.72,969.12,89964.13,328384.69,,,3586.14,4398.7,215.94,,92275.24,22210.59,205.77,90712.94,,21001.96,21315.6,69043.34,48617.68,2467.98,3148.01,103037.35,846.94,,38882.84,22576.13,247.47,2869.82,93602.93,1115.88,530877.65,21382.46,836.77,5472.55,19839.65,25585.63,54992.71,454737.14,157559.67,543329.4,,2951.13,25542.59,,83102.0,1646.36,29593.93,196373.04,,1828.75,552157.41,17478.8,,3109.2,,732.62,,47455.05,2959.09,,11334.03,851.47,121532.58,6929.56,208.79,1325.25,,1479.57,121.53,3439.59,103.9,6336.12,99626.22,11486.79,13566.02,2262.93,33794.57,296575.02,7156.02,224.3,24636.63,10401.8,178373.08,86.69,583.57,236645.88,15019.56,72752.2,96502.48,163.99,96156.49,4068.63,231219.75,4918.03,300366.06,,43514.46,13475.44,242.09,3929.61,112530.21,18900.43,474.23,173106.7,12741.61,145.87,1477.79,68786.94,566569.72,224774.74,14232.56,1178.72,4477.0,,200199.91,378174.87,1885.14,2530.65,90957.52,78966.76,,3812.22,,16564.48,,7952.47,,,36342.09,73863.72,45157.9,16237.27,567.41,120932.81,,86652.73,16378.64,166840.51,6150.37,873.54,16644.71,1054793.38,6673.37,450.98,6085.98,1949.67,397076.54,75167.24,22173.26,89719.88,188871.69,4398.21,1347.04,,911.36,,191.58,20625.44,33332.4,,222923.56,63320.69,692.43,183.32,83495.45,578.41,16806.65,16006.34,126857.36,353501.28,231597.34,12086.92,1883.08,,376.39,29426.74,16325.2,95920.24,27702.89,213728.61,409.01,43063.43,16092.84,280373.72,,5613.64,4521.46,126222.94,108107.38,324.78,,55655.37,28860.37,69764.45,118.92,40927.82,92174.07,,,11649.98,1929.08,424.21,189.6,493.19,11352.89,10645.26,1630.67,22370.71,24800.63,413.09,101.76,138998.3,80.68,96.83,,1165.97,3286.78,,173933.18,259.22,251238.51,206.51,234012.19,143478.57,26829.89,,184.96,11521.77,891.96,3640.72,110.28,29170.0,1149.26,7750.02,1248.52,913116.93,17066.03,266438.74,6114.04,767.62,91094.96,295844.47,126.25,1419.72,4282.31,259309.16,601.85,180806.21,6026.32,201.02,1302.01,8089.45,1745.11,15476.75,4982.51,95983.95,270943.04,620.03,1178.6,746.07,4201.1,35336.75,75252.28,,277435.92,2217.58,,62726.62,2065.03,9551.76,1009.71,67341.25,347.57,47366.17,10583.97,421302.51,43721.0,11419.35,7658.63,1024.07,19615.65,0.0
S057,participant,57,B2,48.0,M,26.7,1096911.23,14890.8,,2361.57,676.53,86186.39,17435.47,150554.19,4187.86,,37640.6,305.44,5291.73,49596.26,4713.3,3160.08,,46148.27,925.22,389.53,24459.55,,137.87,1398264.18,192980.45,20318.65,10703.46,3861.51,306.72,308233.87,583.45,76181.52,732245.95,2306.5,186807.78,473077.3,,31250.36,57986.42,106382.46,,,9222.35,167600.41,2636.22,,1702.95,17005.2,377.67,173.51,431498.19,407446.58,239512.29,478903.1,,1921.08,96432.13,440.57,16807.4,292.47,20225.09,7147.47,129.78,582654.94,,,196.24,,5525.03,,39692.02,179035.69,5616.49,246.53,216729.45,6851.52,96022.38,19085.26,2743.76,203.14,,558781.97,65609.6,10111.56,51063.25,2538.64,992741.56,39739.22,35775.59,673617.78,1887.99,,215447.14,7731.38,4032.52,18540.77,,137496.55,147858.23,14335.32,,433905.98,35543.52,9066.95,,16245.29,149259.23,43331.29,1139.43,1561.85,3327.61,21007.85,1293.51,111833.92,463722.36,263.67,,,8258.04,236.47,,78139.41,14246.48,,445483.29,667.26,6896.04,14772.44,114980.06,26631.03,4577.01,2291.46,151147.48,441.66,1107.32,57877.26,50272.41,245.07,2607.99,261958.27,2031.65,901296.75,11060.2,429.28,1894.52,9388.5,9834.17,84484.3,183690.04,96027.9,723261.29,94.48,,5282.6,192.33,126002.77,1862.42,29143.05,83670.5,,1361.47,381977.68,15307.28,664.23,2330.26,254.61,815.66,,18931.48,2018.77,,6961.1,955.03,85047.97,4933.58,125.44,3737.23,630.95,1784.95,,18351.41,119.94,1433.31,441132.92,20394.15,13667.63,2614.25,11876.47,874929.2,22170.61,210.99,20008.1,17527.94,236592.78,89.32,1183.91,179814.3,2741.71,52730.9,102924.15,194.68,86208.82,6609.1,64830.81,1382.13,134109.13,2341.35,38760.42,11877.44,154.11,5109.57,81868.12,22610.62,752.35,179023.77,32265.69,149.84,907.84,155857.38,466465.96,121522.92,23980.1,1034.84,8877.75,,210749.11,212241.46,4101.87,2639.19,54661.54,97837.19,,1001.62,1605.06,28383.96,116.01,8354.47,,1630.1,73237.94,37904.56,29291.67,16683.67,1037.87,124848.56,,191493.81,9248.86,91210.73,3875.05,1669.12,9280.55,1764156.32,9588.9,469.73,14370.63,1135.74,303476.89,85714.77,28646.83,99684.63,115519.45,4093.3,992.96,,809.83,,337.76,14408.8,30907.04,75.78,243425.2,127457.07,1183.55,,138026.0,474.93,33921.65,21856.58,192624.76,125378.04,242445.42,49708.12,1137.46,461.02,547.43,25792.77,2973.66,48536.22,35192.91,225204.07,655.48,59560.76,2677.01,761796.59,,8933.12,14314.24,78010.05,155063.33,273.37,74.53,35865.26,16485.37,113933.96,,42567.45,329221.28,3045.22,378.76,3664.92,1300.39,,348.97,430.63,28125.35,27278.81,1226.81,29085.48,36547.32,,,102425.71,,136.71,,,7998.09,4242.15,210452.7,230.74,472006.53,,242575.88,284234.35,11882.16,119.01,,22001.61,525.68,4344.26,,,1249.82,3006.56,,165309.59,4716.79,229621.04,17778.88,2300.4,57629.61,363879.93,,862.84,55047.57,173125.59,,117725.52,4376.96,142.18,,14403.77,,15415.44,,109096.91,363949.63,702.6,,1593.46,1138.92,22398.66,16843.23,65.35,217111.63,2995.06,,73368.1,985.58,8427.94,1029.82,79677.56,527.6,14475.37,7734.28,169450.03,23884.8,5269.52,8958.86,,15134.9,1.0
S058,participant,58,B2,50.0,F,24.5,396479.88,9968.93,59.72,2810.22,,136862.15,16446.41,132217.07,2301.0,,18657.13,,19886.64,36499.28,1091.14,4302.78,683.1,28416.23,800.24,,31166.78,53.42,82.84,123241.07,255196.07,26304.06,16375.83,1957.01,417.62,243029.24,912.58,36549.76,291589.92,1659.97,160637.85,472103.0,,31335.8,72726.16,340985.38,427.04,,4320.28,105432.52,,,11736.21,34929.41,379.87,,199500.03,408265.98,2016622.71,500455.8,,6164.82,87528.37,338.53,95333.49,371.92,147880.5,3915.78,115.13,275686.96,113.07,918.24,132.09,77.91,11195.2,625.08,16398.34,556398.21,2003.54,251.17,121146.06,7452.31,146389.22,63703.34,4934.91,,83.21,337981.59,14405.97,7356.43,18641.7,4164.01,51743.41,31657.41,31684.24,236425.74,6279.67,1489.95,94899.74,7924.37,9716.35,121004.18,,86750.54,352963.13,6424.18,,828630.84,20801.58,27613.07,,40321.6,69944.91,77831.14,552.75,392.52,19152.53,34962.95,,108067.59,173859.02,242.57,650.97,1022.11,1909.93,,,59612.28,20210.89,,606024.38,620.93,23825.53,25444.07,128805.82,51626.26,5844.87,2423.51,210473.01,,685.17,17213.24,23801.46,,4389.65,118989.96,2104.79,454621.2,22851.24,1861.25,3870.5,12925.81,47364.49,101831.14,365923.26,270772.02,482244.75,133.84,,30753.87,,37009.44,1156.93,,142989.77,191.49,908.49,484143.29,10953.82,,2514.74,,1019.4,,129433.84,1749.54,,7947.89,661.43,55252.14,6729.23,108.89,3520.82,,2137.41,114.67,7873.36,220.31,6019.77,292718.88,11433.12,6982.9,3110.94,,175227.17,12002.08,236.99,45929.58,13726.56,167106.09,77.8,736.31,201839.23,6201.59,48094.73,96676.67,117.36,140921.01,3365.72,140496.72,5925.95,435524.86,1343.75,41900.25,9791.77,176.8,,112902.56,46799.65,,51321.04,38777.14,258.35,947.07,137682.3,552665.62,253377.24,21289.23,3059.24,5412.88,1819.12,250132.25,693392.68,2347.23,2360.07,74008.87,43280.6,,1592.16,9072.31,20077.88,301.7,4003.26,555.49,1809.17,33779.55,136760.55,35988.95,38761.04,,131428.29,336.39,402172.12,,174037.7,3930.16,690.18,10549.36,297828.68,7064.93,,15399.17,6554.01,349174.72,49244.6,24035.88,62461.56,153192.62,,1934.57,,2082.0,88.72,276.06,63995.67,34920.03,148.28,164788.28,55328.94,601.94,158.22,373016.52,378.48,42796.0,32651.61,252373.14,141160.6,363480.04,9526.88,262.8,,468.38,68675.28,,66369.74,47529.15,934257.06,588.18,44405.74,7814.46,1028519.29,345.95,4120.54,9635.39,420437.26,192184.19,294.11,,27683.28,44890.29,58586.32,131.74,67131.26,104583.03,,,8194.78,451.0,,,512.51,,10240.26,380.97,32451.36,,321.72,80.82,88105.58,,119.57,96.14,1204.26,2902.17,4109.45,94689.9,231.87,426552.98,169.16,318346.24,244174.04,27502.82,101.51,157.63,15125.58,203.31,6142.18,235.74,81953.76,859.6,2890.78,375.11,454955.72,9142.47,103781.38,9478.73,1145.72,58452.6,392612.43,,,2634.43,184971.24,332.17,215820.59,4192.85,183.4,1176.56,35065.69,876.41,13037.14,3728.44,201348.97,198296.97,903.7,1040.21,832.3,1507.74,309983.4,109662.18,,244738.36,,2256.59,12618.12,2246.62,7057.64,,57615.48,,37450.1,4665.68,360653.73,27118.76,2923.41,5466.36,,10155.16,0.0
S059,participant,59,B2,70.0,F,28.7,532718.84,6956.67,,4842.03,470.48,205825.02,10003.3,163150.65,3296.4,,123550.66,450.29,23867.28,53905.86,,1882.28,685.17,45114.3,942.18,,36008.13,73.25,168.66,318056.18,316295.54,39206.87,46056.84,2917.8,325.37,563376.26,969.51,43042.33,257179.86,1886.61,189431.19,365354.51,,16784.36,32167.67,61766.82,,,7397.9,100367.24,,967.76,6439.38,37714.58,1337.49,,476124.02,679992.8,445526.54,232740.58,181.8,9320.84,82184.54,473.63,36844.25,513.81,116065.93,1727.02,165.08,67266.43,,,,,11053.07,2286.13,14523.15,301634.06,966.33,389.06,158852.63,4903.84,132176.66,20273.89,,124.13,,477790.97,67299.29,15858.87,49887.04,10882.59,190680.28,22651.31,56086.06,119896.57,6354.78,1238.94,321529.22,1821.32,7773.31,20843.22,,140475.03,486157.73,5819.21,88.73,619688.62,35168.15,11771.74,89.72,28342.69,24353.45,62511.47,1705.58,1607.14,8534.7,40021.34,,88823.51,870792.93,271.35,,2059.46,2143.51,302.13,,51505.36,43882.52,,393982.51,,6252.0,49058.77,124882.08,43237.32,2888.08,2428.72,186570.46,514.59,1318.85,19772.71,88861.21,223.27,3409.35,138658.88,1833.58,755106.91,12552.05,846.12,5275.68,17326.31,36544.87,48046.09,430504.94,288565.96,628848.5,407.35,3960.29,16954.64,,57200.33,1245.09,21106.41,40989.97,127.45,759.27,173231.99,14249.03,,1897.88,,1332.08,,92842.03,1586.02,,13219.28,1116.16,113742.64,8652.8,128.57,4504.56,,1476.35,101.2,21014.06,157.77,4168.33,228084.42,27145.94,8351.68,3384.23,17023.06,435875.7,8713.19,405.16,31752.56,10270.19,251425.39,123.0,418.82,106222.02,3286.49,118895.63,58169.54,126.63,128527.72,2722.8,37910.53,3752.04,255978.56,3078.45,71166.93,15575.39,297.45,4608.89,81294.42,81545.65,592.38,320200.12,14166.89,178.43,594.65,99325.77,521825.85,234811.27,25371.08,1170.71,8925.49,1744.68,85939.43,516116.2,2679.4,2639.01,84843.29,103658.88,1176.21,6966.28,,19273.3,,4945.4,447.52,1224.48,44634.35,37242.09,28197.03,22077.23,,197475.91,1980.82,746148.51,22737.03,74933.27,,869.44,24424.7,2120660.52,27173.33,384.27,8190.74,1982.18,549587.23,31863.61,53427.37,129964.21,137760.05,2484.09,1525.29,,903.94,,289.53,26150.61,66283.23,111.32,186044.7,49180.13,1227.62,204.33,79540.54,616.96,,29891.5,640415.45,122402.85,257204.27,33215.9,341.24,676.15,401.49,19824.95,3198.2,43625.17,29618.21,349130.1,,33311.85,3061.36,1113381.76,308.43,9424.21,8018.98,56645.85,79106.29,,,50812.2,55268.04,44209.0,,17770.1,252141.08,5923.3,512.05,1952.26,705.15,272.18,132.64,,4902.72,23187.21,325.41,20059.5,79497.24,531.34,,219497.99,,179.77,,969.27,,3976.29,58642.59,,136758.99,236.94,370200.35,212151.55,67057.9,,169.86,21360.85,958.91,1898.02,511.08,48816.27,1127.48,2546.08,2470.8,284306.89,10839.76,257453.55,13380.16,236.93,34797.76,433262.73,101.67,,8954.92,504805.79,,114441.69,,,,17727.02,2184.58,38312.69,2329.98,77493.15,499223.88,501.7,766.5,1401.52,1112.53,37453.41,26758.02,,227121.7,1771.63,1165.21,59915.28,907.75,7578.77,3662.86,34360.28,,17793.57,,93169.57,10441.72,5859.52,5576.88,1366.3,9673.07,1.0
S060,participant,60,B2,60.0,M,22.4,698354.59,13767.09,122.55,2855.62,567.04,83499.42,17026.83,349875.14,10748.06,103.55,237202.71,427.82,16833.02,86834.7,3262.13,2093.41,,38036.23,,451.61,27555.49,85.58,,77192.37,153935.57,44028.08,24845.14,6743.16,480.66,62649.81,650.4,64488.14,284337.59,3119.51,158917.96,306627.87,142.51,23569.33,52597.36,376593.36,,270.5,5857.44,137864.31,8325.91,1207.28,5272.58,35053.14,996.63,,223964.02,179013.99,1278374.8,360156.36,,,51972.83,251.51,73942.45,,61554.06,2460.39,65.22,261278.37,,2076.15,106.86,,7067.93,981.17,14367.39,250704.34,2425.32,608.92,205882.1,7276.15,122994.31,9727.04,4610.76,126.3,108.37,128871.8,60377.13,,32832.55,3033.53,270310.54,13292.91,12754.25,106991.84,5790.83,1595.14,33066.05,,,19933.77,,84152.72,1182111.92,7090.82,82.84,793280.85,18177.86,7062.28,114.97,30189.03,19767.43,50322.25,1134.21,430.26,2293.62,41627.61,,96598.5,421290.71,267.63,355.11,1076.89,1263.11,318.44,,88856.46,11966.54,,710282.85,796.38,14453.78,25316.2,226506.06,185278.19,10244.99,4068.86,163599.31,,,63226.67,94088.01,238.75,2250.01,152267.37,2643.85,247087.13,8992.06,924.35,4229.22,25918.62,47424.07,79286.59,654188.07,143928.47,422486.9,,,,,85754.69,,18838.22,34378.46,,1165.33,166249.35,13976.39,710.89,1970.49,,1107.87,,83412.09,1041.98,522.46,6904.57,380.06,235484.65,3867.39,,5125.24,1066.8,1372.44,108.94,13435.33,,4498.55,144199.46,24173.47,6654.59,3401.93,28028.32,363389.64,16408.79,413.92,28817.64,8566.25,161655.13,107.66,450.68,319325.76,1929.99,81443.13,77134.99,113.63,100582.78,7268.11,131093.67,1445.47,517844.42,2589.94,61473.8,10023.05,360.26,7191.87,73500.91,90923.1,340.98,215565.78,15155.27,227.38,1504.5,151565.41,580723.44,209583.32,22658.3,851.18,5612.81,2889.81,23902.9,639612.06,2198.54,897.59,88108.15,55569.09,713.48,29323.54,6410.43,25320.04,481.35,6420.12,802.41,1931.01,42913.86,55765.69,8689.27,11617.55,1638.03,100515.2,211.71,2130756.06,14766.94,111839.63,4667.61,2650.87,17325.45,611335.2,18413.53,482.16,12691.0,3327.06,276406.83,74181.31,39655.76,36889.16,64695.52,3045.86,,175.73,1049.32,,294.77,25257.52,25783.39,171.02,158799.99,109419.36,677.95,,347935.07,493.18,19533.41,16605.44,77742.85,226167.91,481089.57,22051.33,892.22,601.48,209.34,51229.13,,62963.48,8573.19,642121.29,,96176.43,2296.41,507709.84,412.89,,4411.72,24973.52,72616.27,823.68,85.04,19899.44,42427.16,45435.99,,42983.94,387300.95,1560.63,367.96,,813.79,105.99,202.95,208.41,3528.28,12675.89,880.36,18386.57,21230.08,342.05,,153589.48,,297.68,78.37,1105.84,4516.77,14669.46,41240.76,,70366.85,,161211.23,253251.68,40514.85,,,5841.25,215.8,9560.86,326.6,37751.04,1502.78,5460.75,347.02,443446.4,11995.07,135964.91,9231.68,239.83,29318.6,260148.07,,1961.54,8455.95,172383.2,,165297.66,,175.13,1390.59,13019.4,1497.0,64345.08,2604.46,115673.97,477690.07,1067.47,,,2304.98,94679.11,27394.9,66.15,244539.29,1006.03,3376.98,51802.79,1210.4,10303.85,1426.31,57422.83,351.92,35688.26,,151421.35,72836.34,4673.0,11270.63,1135.18,8440.04,0.0
QC07,pooled_qc,61,B2,,,,587353.0,6347.86,58.53,3412.53,383.29,92131.14,9742.22,172408.99,5859.95,102.55,95096.68,244.38,13308.72,76609.9,2385.46,2812.23,614.23,30688.51,666.97,232.09,30152.95,57.49,82.36,384349.8,257566.49,25701.78,15085.14,3594.95,394.76,273201.38,681.51,68403.07,420436.92,1715.18,163744.42,415604.06,,30659.08,59822.85,106354.75,533.75,,6385.02,113825.46,5341.19,767.99,11227.38,58460.22,446.8,,313901.03,329564.77,491957.4,305162.91,58.27,3292.58,87842.54,300.26,30984.95,238.22,75109.78,2519.44,64.69,259147.06,,1289.6,,,7468.23,821.0,29609.97,251017.7,3357.17,296.98,156502.1,6108.74,91375.5,33451.07,3443.46,102.93,,316501.04,42914.51,12887.92,50188.15,4734.53,157738.02,21243.49,51355.41,251235.42,2801.38,1540.49,71197.75,4103.97,5789.18,31071.55,,109773.43,216188.6,7966.32,83.38,462746.62,21780.05,10170.96,,17860.44,37541.71,41011.88,1227.8,470.46,5715.11,37586.46,,130151.19,329130.66,263.21,285.03,1315.64,2651.96,,,71939.61,21463.82,,372708.24,658.66,19078.59,33080.87,93259.33,48450.86,4031.52,3449.48,110992.56,596.97,613.47,37502.3,31928.82,167.15,2521.13,171130.16,919.08,413157.69,10732.16,715.24,4204.88,19603.04,35512.08,48928.64,335310.75,203204.69,564284.95,105.61,2362.43,18306.88,,73704.54,1812.92,19975.12,83703.92,,744.85,335752.53,14882.3,607.86,2085.94,,805.62,,126818.87,1347.7,464.24,10138.59,733.5,204760.52,5120.92,218.88,5754.84,651.64,1322.83,,15283.75,134.88,4736.05,263938.94,25541.91,9746.22,2708.9,22887.97,351067.92,18819.23,209.89,35440.5,9445.62,214350.69,87.55,475.23,81809.31,3199.34,71590.35,92724.16,105.61,127011.41,4880.81,110168.78,5173.77,304804.77,1944.1,58091.22,14553.28,259.67,4911.45,112940.76,66204.18,676.82,221767.34,21435.82,234.98,1021.66,100403.56,627303.39,186574.23,25874.99,1401.45,4790.84,1238.6,169446.35,314459.25,2899.04,1871.99,69945.32,97245.1,512.95,4299.55,2181.06,21753.4,,5903.49,401.74,1334.17,56660.16,35287.77,27712.27,20647.46,483.98,89349.12,297.2,501843.83,14425.26,104166.59,4950.91,882.82,19043.07,653492.41,13284.59,323.61,11815.64,2973.29,323332.06,68557.1,28874.0,86036.96,121600.19,3322.01,1044.01,176.34,1403.67,,314.26,20301.59,47566.99,109.52,154263.62,137440.31,742.78,150.42,127757.03,517.8,30863.71,16580.69,121662.12,168621.25,355371.39,19773.21,743.86,578.99,375.46,37246.85,4495.99,54434.97,22532.86,453150.3,414.7,60413.45,5707.56,529958.95,223.89,5796.57,7866.85,127321.19,144895.34,313.48,,40319.34,44986.73,46234.78,121.01,43014.35,212673.33,3606.64,369.55,3798.55,980.5,93.42,179.79,228.68,5025.37,16710.9,648.64,20747.68,17646.11,,57.62,154654.87,,158.21,94.89,1056.81,3806.37,8625.41,141025.01,169.26,204294.52,147.62,333360.84,197483.75,29910.44,,124.1,13666.82,378.25,4112.99,193.51,28694.57,840.25,2420.72,339.25,514306.14,8178.42,196301.33,20368.09,409.84,56306.62,363906.71,,1088.77,8916.95,361477.99,,136344.33,3948.01,193.52,1061.0,17201.51,796.23,17255.25,2070.15,164403.61,502158.6,779.3,1069.19,768.5,1501.76,55877.45,24160.3,,258292.42,1608.87,1506.31,40750.36,1368.48,7700.17,1840.59,61875.55,273.47,28609.96,3308.81,126443.96,49823.44,3788.38,8426.13,989.01,12349.31,
S062,participant,62,B2,64.0,M,19.7,523195.68,4683.11,119.52,2212.48,363.42,82928.89,6556.84,132302.04,2100.93,,135831.1,,17313.46,94314.42,11486.62,3414.83,629.72,33591.06,528.83,219.82,55530.42,59.17,309.84,1228775.03,286078.67,15111.22,49314.51,2844.24,643.73,1195174.75,935.14,70151.87,441738.68,1771.11,142720.88,395031.85,199.83,19112.72,64156.08,27662.73,,,6832.51,83664.55,6141.13,813.58,15934.93,32780.66,562.73,,138015.82,234014.9,297436.15,280582.14,61.49,3889.04,52771.13,566.61,67643.98,,50118.39,1788.49,,581178.52,,4890.43,,,5576.95,630.83,28348.37,349591.25,4632.17,371.85,72157.44,2944.87,57583.33,24136.89,3747.69,,98.44,160789.84,39769.34,57262.1,55185.93,5746.34,379466.47,35961.11,61706.2,47496.99,5908.9,,69563.56,3147.38,6789.01,15626.59,,106703.64,200526.95,28082.17,,259024.57,17928.55,19123.37,,37589.92,85356.2,34299.53,755.06,320.6,4123.08,61637.97,,137330.8,326121.46,353.85,,895.09,2093.21,,,77889.4,12385.66,80.7,245221.06,773.0,23012.57,27788.69,92752.62,145898.76,1720.19,,114068.97,,637.5,67827.55,87719.39,,2245.76,278282.33,1664.17,214458.57,9865.41,964.41,,17256.02,26289.45,74505.45,919014.86,392548.18,561387.15,,3169.42,41148.5,,74892.8,2157.81,16591.21,65508.85,145.78,,210941.91,9435.36,833.38,1802.47,287.88,979.55,,70216.97,,422.16,7695.0,721.46,534271.44,4466.58,123.07,8125.41,1081.16,1173.94,,18656.62,176.91,3812.03,897566.91,23365.55,13018.09,3231.79,14444.82,1139010.39,40874.43,242.1,15300.66,10193.29,210959.64,85.38,567.32,60326.78,5022.24,40650.44,76853.72,126.48,152181.04,4246.89,102248.99,1864.91,284547.6,2206.83,114410.63,15619.66,279.75,4885.07,120777.69,127410.65,505.89,288284.57,20373.68,191.04,816.94,128068.59,416643.32,683355.71,28261.7,4134.21,4169.91,,31303.64,758733.39,2329.27,1001.91,125964.48,2147182.19,,8434.7,1255.83,20193.39,218.95,5868.87,,,32881.88,97369.21,55754.62,43700.88,538.39,70531.36,475.49,1086442.97,21085.73,195864.05,9092.87,1057.83,54985.15,575695.9,23542.04,,11828.85,,299197.2,25457.37,29934.61,112382.27,99425.53,3261.4,782.47,206.96,614.33,,664.05,14820.07,44332.62,126.15,117493.44,80288.79,654.75,148.16,73441.99,604.35,47855.92,16646.57,102199.3,122099.15,381622.29,13412.78,,1756.49,728.42,34907.8,3067.24,37332.05,36842.13,567096.15,907.64,78779.24,10556.34,644247.03,,4173.49,13450.74,27893.52,233809.35,1106.09,99.34,101732.01,32644.55,27343.33,192.19,26915.2,213707.33,2122.4,,3790.48,574.12,156.4,,231.3,4876.01,27971.77,892.91,17819.88,28939.64,,,161694.98,,78.13,129.34,1200.24,,5740.68,41968.49,,300639.42,213.43,437032.88,166094.42,19960.62,261.87,180.76,18708.52,425.73,2880.01,402.57,16574.54,680.56,2130.45,167.66,627004.91,,153195.13,42665.1,440.86,103425.73,240598.64,,743.68,11019.15,285424.8,,110558.62,8559.43,195.48,944.25,6067.98,1671.51,25717.87,1606.75,133772.76,390657.34,936.5,,742.48,2044.55,64188.2,39893.98,,281337.18,1675.38,,33369.49,980.94,7165.62,3001.26,79697.49,,43588.39,1903.62,70994.17,58431.36,,10512.18,1046.46,8870.57,0.0
S063,participant,63,B2,60.0,M,31.7,292554.07,11621.35,,5627.29,,66003.2,13752.89,206320.71,7665.58,256.14,210851.42,420.34,7778.93,60780.08,1889.57,2713.95,947.54,71304.73,1315.86,262.96,28194.54,55.73,111.97,123505.31,284767.68,22977.65,12934.91,14109.6,410.53,165758.29,539.67,236532.55,267194.75,1439.87,137150.75,266392.68,,9142.66,93397.84,92175.1,,,9907.52,119465.9,8791.76,1094.85,10475.38,42991.12,,,451801.15,447108.08,1045471.87,324309.66,,5371.97,90657.01,256.15,14552.73,287.84,168489.03,2195.49,,281637.16,,,91.11,,11372.62,1507.9,35230.96,267097.65,4461.47,277.68,106049.75,5112.54,160599.05,77682.89,,126.93,,78711.19,36610.04,17778.73,97062.4,3882.53,276437.6,9893.77,59230.28,202460.29,3101.73,2051.7,92325.39,5104.34,6628.24,29268.84,80.04,114240.92,152675.74,11203.27,161.18,327494.38,,15061.65,,14029.06,64524.17,47464.39,1175.89,517.47,4764.68,22652.31,1122.19,73718.99,705074.38,510.57,,1522.18,1818.67,,,92201.06,28831.55,,155444.29,,8551.78,34570.31,119721.11,20021.52,6234.21,3717.3,184387.17,,604.65,80107.52,19356.51,,4212.84,959447.63,,505397.01,14461.79,966.24,4326.07,15286.12,43169.29,34763.9,287821.79,234908.59,609840.73,292.56,,25392.69,140.62,109147.6,2526.41,9293.34,74780.71,131.22,761.76,271074.41,14853.51,594.01,1917.8,,784.27,201.03,90540.24,1879.6,455.27,10688.8,418.85,265073.43,3526.94,366.99,,1176.42,,,8807.0,163.18,5894.82,337027.28,56040.04,14453.77,2761.0,39656.0,465158.5,31023.56,187.22,125592.92,10404.46,237525.85,,486.77,25691.74,,59308.82,213490.94,117.89,87502.05,6764.79,127967.97,4199.59,567791.85,1254.24,32512.82,19259.31,119.61,4755.83,160332.08,166283.5,1188.43,261856.21,16440.82,366.86,1272.2,46300.67,669405.17,271372.79,51154.3,2018.66,3386.21,1306.01,558572.65,179636.61,1488.49,927.74,48856.93,93272.61,537.5,1332.11,4581.88,19625.61,112.82,7371.57,322.76,1250.75,42749.4,59061.25,18953.32,49778.41,,65404.37,157.06,242423.42,20377.54,173656.16,3621.66,2039.46,19483.77,558355.01,11273.59,375.57,18240.88,7715.62,443708.66,65010.39,14719.32,105467.19,91108.69,4242.36,1533.51,511.14,584.65,,517.52,29268.4,51009.17,178.23,180886.24,217920.76,877.38,225.43,105044.57,617.79,32489.98,29991.37,78147.04,208202.91,213124.02,14156.91,818.66,573.84,222.68,31766.79,9640.07,129817.77,23857.62,488755.95,,42597.72,4586.3,398113.4,,6178.36,9659.78,208013.98,146833.72,812.05,,106271.27,85512.72,33115.11,,65891.05,210954.17,4585.02,,9568.65,955.59,122.33,258.39,297.04,10458.73,10291.54,939.5,23064.03,22032.18,,57.3,85412.98,,116.21,76.54,,3057.61,4705.74,127385.47,892.16,454731.79,,295156.56,279783.56,24973.58,,253.29,20669.29,1509.86,4528.99,291.71,21334.65,655.91,,1173.22,526764.68,11825.3,137318.35,15998.49,1908.65,72874.54,372070.39,,1585.23,6178.23,486897.42,,158527.89,4924.35,246.16,737.42,8103.48,1425.51,20042.29,4072.18,156417.88,476965.88,1017.27,1050.65,677.4,3203.51,12878.19,43210.71,,124106.05,,,15369.48,978.07,6350.81,,333182.11,337.15,54331.18,3506.68,182945.1,38234.82,3868.5,17873.89,,14294.94,1.0
S064,participant,64,B2,39.0,F,39.1,396650.49,16879.9,,2638.44,596.98,63709.12,12741.08,220883.41,6102.96,120.54,94446.27,317.63,22236.88,11238.33,2340.88,3121.56,,17922.96,825.93,296.97,18433.84,104.42,111.31,193007.08,202194.27,26337.47,10994.82,6941.05,393.82,133345.24,687.72,16071.39,204673.9,3462.14,314601.69,438307.66,,77531.88,57737.46,41630.5,734.88,214.51,5994.56,78587.93,12710.57,967.84,7937.01,94258.89,261.95,195.14,268077.02,462194.91,1183253.08,267546.33,,5358.97,94536.82,431.05,14216.8,338.69,99606.39,3391.44,,354212.4,,1013.05,97.26,,,767.03,42278.42,93129.53,5647.49,1239.39,116401.78,7947.49,78153.75,60720.11,2925.05,,96.62,285859.08,15784.63,20973.36,12729.68,,232174.94,,55085.76,320657.47,7932.17,1450.69,59564.79,,8510.22,35918.14,,111796.13,196167.71,9278.98,326.93,566756.58,27196.12,21157.01,,11734.92,39866.24,92457.68,1066.66,983.88,11874.96,35092.43,972.11,174668.11,448600.25,257.27,460.85,1287.66,3989.51,,,79244.15,36461.61,,592412.78,791.6,,63571.53,47776.44,209301.06,1187.17,4633.47,236280.22,,2893.37,52878.64,27618.17,,4380.9,341317.54,990.0,306079.39,8443.57,1180.27,4526.11,19043.09,34517.64,31500.64,185328.25,304958.7,192456.22,131.18,2817.14,19402.07,,134657.32,1600.53,12041.72,42127.55,,,366160.52,14026.58,,2033.32,,763.34,,323599.7,,567.13,16902.23,1184.45,324017.9,5884.61,228.91,6827.25,584.44,1673.04,198.6,23442.16,403.71,2575.48,698716.17,29055.12,6814.83,2078.21,17094.32,521771.14,,177.1,23391.98,17522.27,283251.61,96.52,,117355.05,,52446.89,57609.82,,185694.41,4541.93,83476.47,2243.12,1350418.42,3589.24,41211.4,14711.69,219.36,,93751.01,46759.3,312.09,116574.93,36654.55,276.39,1176.05,64169.0,676390.92,107740.82,30351.14,2333.12,6358.59,1081.64,163969.29,492187.87,1904.43,1815.21,75730.07,194473.32,,2357.79,1501.38,11683.43,,4482.84,1062.91,2025.76,49524.82,26970.81,11713.4,30550.73,,126812.03,260.13,1315512.32,10895.13,105377.48,,882.58,8870.66,1049621.61,9855.0,327.79,9052.27,4067.15,220250.19,71163.12,24334.97,59511.97,142869.3,4016.8,2661.47,173.67,1022.48,,263.39,51905.44,47441.83,257.54,153335.42,171303.69,622.84,177.45,69330.96,664.42,31751.71,23773.41,203793.55,67210.83,288287.75,83388.46,834.01,671.59,468.54,40892.24,3950.36,66238.28,15499.42,632655.76,552.71,91693.84,26673.81,913393.03,,9466.06,7392.93,209339.4,141507.54,149.22,,38169.52,26496.59,68015.65,,26285.62,276400.7,1886.09,470.94,5442.85,525.08,164.85,218.0,581.19,5389.38,15590.17,446.12,19168.03,62283.82,701.88,,111877.84,,87.3,120.49,986.11,3466.04,9661.11,125203.08,241.99,214392.71,,630052.04,213693.79,24673.34,148.95,,9931.84,679.2,4187.63,368.15,29042.58,1355.26,3571.92,,646242.76,15902.06,197190.96,9238.78,250.3,27010.36,254744.56,,1012.54,22852.42,262974.96,,185046.41,4392.08,248.48,944.32,11407.16,,,4203.77,119305.24,259504.81,818.51,3085.02,,2463.2,213268.23,21045.0,,255038.05,,1030.78,22098.91,1697.9,11189.99,2303.39,206110.84,,54245.08,1787.51,37019.73,13318.57,5190.94,15484.12,,10998.08,0.0
S065,participant,65,B2,43.0,M,21.5,1496341.43,5666.73,,3175.02,880.66,115565.46,4669.31,193605.64,34263.75,,68651.46,270.71,18023.93,127896.96,4734.79,4775.31,,203629.59,,227.18,27553.3,53.75,,65809.96,302978.84,16313.72,29583.87,6755.49,331.49,530827.59,550.19,111065.93,798566.83,1309.57,123622.02,484698.31,,,82566.81,274874.23,,242.35,9945.59,86689.5,7156.01,979.37,32409.1,63582.29,555.2,119.94,264950.45,193929.19,1017754.38,197394.41,,2186.48,84774.14,361.7,10745.0,228.71,56760.39,2744.31,122.36,236973.42,,1332.31,126.37,,4491.53,784.4,39091.05,150231.37,1592.05,339.95,157474.65,5544.62,71888.07,82702.81,4910.46,,176.42,236702.66,37537.1,7710.81,41763.74,8027.55,296532.1,24494.74,28776.58,335249.64,1942.19,1901.27,36853.72,3990.31,7072.16,12634.23,,137384.02,464047.32,8117.42,180.58,368899.08,19081.18,5411.12,91.93,21653.52,79295.93,57457.98,1270.14,775.94,2781.16,47804.31,,250525.63,616525.38,392.45,,2333.52,1757.73,265.42,,71321.44,20249.81,,105000.11,952.43,82734.91,31136.73,57224.14,54847.09,5171.35,7170.94,207577.26,476.03,3412.04,66960.6,30290.71,165.56,3843.02,187237.37,,681594.24,15578.36,1347.2,2010.59,24169.12,35069.58,46789.35,277840.35,182270.73,728218.51,137.11,3516.94,10332.98,,63044.13,1249.2,10476.33,93796.22,,,93840.48,24051.72,961.7,,475.11,920.07,,86713.61,1526.51,,12617.39,1099.92,76328.58,7825.89,198.16,3604.23,,1354.21,,10630.7,194.38,3026.56,371980.81,26624.28,8471.41,,31778.71,184264.54,12008.9,338.33,73092.08,11701.98,143791.87,215.14,888.6,91805.33,5060.92,40155.43,154006.49,,102350.01,6648.03,108035.46,,123557.69,1835.89,35629.49,13967.89,192.53,5976.63,133724.88,149250.76,440.8,88553.41,36741.27,,604.23,131267.17,796668.53,572179.72,23099.66,1337.05,5333.58,,181000.05,254439.6,3243.77,5202.22,52815.06,43570.28,599.07,7200.89,25492.0,18540.77,,,,1187.69,57699.15,21528.66,35891.38,24097.14,942.87,60109.04,410.08,366480.24,16646.47,98949.4,6428.32,428.51,31890.53,251656.89,12062.66,316.06,8958.08,4045.69,522040.54,93041.75,24385.47,217468.62,223353.37,3029.53,,,1925.69,,248.32,41658.18,65972.61,104.7,112158.78,397011.47,,199.47,89584.65,841.83,33104.78,11097.63,332209.84,273811.08,393507.32,20147.63,1200.68,,627.31,33754.3,3023.84,47438.08,,323819.55,1058.35,60711.79,6922.01,857516.11,260.37,7485.54,3620.49,79605.81,194410.27,,,23866.19,35714.35,84467.45,222.94,76355.09,107321.46,4134.2,644.16,5286.6,1078.29,119.36,169.34,,5470.78,34453.59,939.4,,9276.54,442.46,62.64,113687.18,125.79,225.47,84.9,967.17,3058.68,5512.6,99355.38,310.13,45640.17,190.61,711274.77,179885.93,53972.34,,,16078.11,1679.74,13950.62,108.75,61021.67,,1787.23,1958.81,890752.94,14513.21,308473.52,25041.08,1067.57,67458.6,502514.0,,,7110.13,855070.61,260.8,103642.53,,296.94,976.76,15601.36,,69566.74,1139.5,168481.05,392808.66,1227.54,3796.96,1416.41,3400.58,77863.89,39801.76,,218896.05,,886.27,81470.46,778.2,8690.99,,414278.51,333.93,68593.41,1557.11,47309.14,41304.02,3148.73,9180.58,1530.74,13004.79,0.0
S066,participant,66,B2,65.0,M,33.7,800148.57,60972.29,65.94,5217.34,379.22,50063.42,21418.03,232657.91,7065.5,,154097.45,231.87,5378.44,150982.98,4154.19,1712.82,402.18,,964.52,373.6,26264.58,56.33,,723200.14,316778.64,21529.63,19558.36,3989.2,408.67,1153080.0,,97629.01,285201.41,1624.65,185859.57,504363.67,,18776.58,44109.36,116579.63,,,2690.81,113933.24,27131.05,,7181.04,41805.29,306.51,,406232.88,199776.82,862491.11,321925.94,63.15,3073.43,105551.81,368.7,22873.25,,54828.68,4805.0,83.81,387188.4,112.66,857.96,,,4517.47,1072.72,15049.08,436631.84,6257.45,2392.78,170518.37,5203.2,110709.79,20651.98,3765.34,,,119085.9,32682.8,7134.35,163379.36,10419.66,661187.43,18596.17,42094.41,202713.18,2893.84,,53514.79,1644.49,4359.44,37836.1,,132613.51,346924.48,5925.14,,804624.62,12929.75,12763.98,,20737.81,40927.72,65406.68,1437.92,519.57,2915.25,34473.39,,141324.42,779008.1,250.34,,1787.09,2100.55,,,125735.6,17391.26,124.69,463226.25,,10144.76,25297.02,89897.88,97585.73,2861.26,2203.96,208710.26,,,168838.12,28804.76,,,81977.75,,264614.97,9171.82,1505.55,2052.93,20778.01,47215.05,31315.45,376937.76,342640.05,1037701.27,182.27,2192.2,24281.37,,69795.77,3118.11,6266.37,126881.37,,,486332.1,22297.84,,2355.18,435.21,,110.07,550897.35,4513.02,554.61,5116.54,439.86,125973.19,8119.99,364.31,5920.42,897.55,1292.76,,5081.89,115.92,9867.42,233299.11,54498.12,6436.07,3605.45,36632.57,406831.8,23683.7,325.85,20075.22,10338.42,283457.23,161.92,945.31,95199.66,4542.94,87295.99,146601.31,109.43,147444.9,4047.51,147357.67,1848.1,356801.11,3993.68,138162.21,18660.52,475.31,8878.57,78343.51,179254.24,436.75,362733.39,12240.34,579.37,1249.47,103650.85,960771.77,206284.94,39595.37,4551.92,7046.53,2938.88,136460.91,185151.13,4549.41,2245.37,65955.9,95015.92,753.79,1867.4,2011.8,27715.99,,5595.0,,2234.9,72436.36,23278.77,40032.11,44860.03,,144879.3,,1396303.65,15181.03,89655.42,,,18142.42,326801.57,6535.75,,8502.32,6016.12,401420.44,84984.19,21003.81,77480.84,169601.35,,,,795.86,,174.98,66007.58,26993.14,76.66,130974.82,577273.72,,253.8,408036.85,455.82,26620.27,9497.4,64791.97,253695.39,408195.03,10583.83,959.03,998.49,399.9,37468.44,2191.95,90631.18,14605.0,559314.72,576.53,45956.08,7871.49,651988.18,202.85,5501.79,16314.73,134284.43,220924.86,309.12,,32323.94,31248.27,63062.07,193.06,66018.66,247857.53,6734.73,442.41,1668.63,1986.28,210.66,258.37,,3369.7,22724.08,603.21,11616.84,10562.08,324.59,,392811.93,,183.61,,,4028.97,17014.68,59229.8,271.93,185766.67,131.23,330195.18,188858.7,49797.44,,,17898.91,553.5,1480.05,214.38,15535.11,702.89,2703.4,424.91,1195011.43,6883.86,126087.28,14076.19,352.76,71671.32,402730.46,,977.45,12835.74,188865.85,,181993.87,3535.72,186.73,714.01,25877.71,2502.39,25120.51,6857.97,199363.43,287276.28,530.69,804.57,940.58,,135404.16,26980.97,,162461.93,1736.09,1630.75,103763.4,771.33,8745.19,1141.63,30406.49,306.96,32336.71,5551.72,203064.72,,8648.25,8976.93,1023.72,30430.46,0.0
S067,participant,67,B2,64.0,F,11.1,653658.22,2940.28,125.29,3824.65,709.79,74899.89,8014.99,197534.39,5628.58,228.4,13962.56,,6864.47,60651.55,,3109.14,1117.6,5803.38,1673.5,333.17,20340.97,94.07,,258690.92,192954.49,21017.69,13264.9,3190.76,416.47,173537.15,889.41,107123.84,769873.92,1649.47,246415.33,439654.1,177.85,8506.49,44027.01,149684.58,1490.69,,4554.82,179313.87,2586.7,,91025.21,52098.09,836.77,,733525.22,447283.69,407136.59,406097.33,102.15,4764.73,106720.95,447.92,27384.21,,74326.37,3391.18,,449129.54,,1047.28,,,14078.23,,43896.48,368427.49,3142.92,860.34,246284.66,3362.54,65303.97,29712.07,4564.26,,,494054.28,19038.1,17039.34,50037.92,3135.14,79614.96,21783.46,76206.97,55757.41,1563.47,1740.5,33621.46,2861.65,2837.59,41020.23,,75417.22,112719.8,4369.94,246.6,671320.16,27270.04,19152.03,,15826.15,19309.07,48538.14,1621.77,396.67,1999.37,32260.66,,131743.35,402138.93,365.34,614.91,1543.01,4216.93,,,80506.93,21017.14,,284484.47,,8871.75,50050.84,98639.81,80948.07,1344.86,2848.35,109325.16,455.39,644.46,32963.62,,259.43,2076.15,175407.6,1349.9,973084.28,20296.21,2117.62,3199.63,32010.92,18161.85,24032.89,146470.44,299797.4,733693.23,219.47,5864.48,28523.8,,213310.25,2107.66,55342.1,58612.59,,708.57,333834.27,21660.89,,3076.94,,980.37,,23736.5,,,10456.23,611.12,494676.56,3477.85,350.12,10092.11,1863.81,1934.5,,11886.85,224.84,6776.0,120436.58,38193.08,9386.74,3043.09,21137.08,390223.74,14904.28,257.23,19472.18,18007.59,136399.0,75.07,553.37,144718.23,5314.54,38792.16,70664.94,150.17,142287.46,4793.64,115931.39,15058.15,751770.85,,33202.9,22652.08,539.78,7256.05,149409.29,44594.08,1188.43,188148.47,13399.68,325.66,806.7,233619.81,454363.72,508424.96,36194.41,804.04,5856.31,1858.14,196212.91,602157.71,2218.48,2043.23,80776.37,90984.74,1181.81,964.0,9417.77,20303.92,174.04,7649.49,589.81,1268.18,64811.04,37761.19,42403.26,21824.89,,237132.27,568.85,938404.05,19693.04,123809.99,,,50763.73,2525743.87,36825.35,402.03,9076.5,3306.26,326749.25,70025.78,53472.21,39587.2,198330.23,3008.25,1244.67,191.14,2050.46,,,27758.66,15597.87,104.42,138847.69,78209.31,605.87,,70639.59,658.34,34764.91,22347.33,441752.08,75461.88,379413.62,6472.07,452.78,785.45,359.43,26585.92,3586.42,77520.1,11273.59,621512.02,472.63,133344.57,2370.2,579988.19,262.57,7228.03,5545.79,33521.06,104643.3,626.26,,32464.92,63806.54,51871.15,,67015.37,190685.84,3200.75,375.14,2087.42,571.37,,193.58,448.83,8363.63,9583.15,1459.68,26097.79,14847.38,,107.47,117223.48,,84.09,102.88,,3119.21,4574.49,199182.8,296.94,58504.02,269.24,385592.65,105001.5,47030.51,,,51458.31,198.47,8914.44,160.16,15964.7,1431.95,,283.78,617327.44,12628.38,160906.15,12469.92,991.72,46242.48,338172.3,,1629.81,4438.18,348923.66,,237434.72,3757.08,204.08,,20502.3,,17877.78,1180.79,133709.11,330868.74,493.19,,,4188.76,43001.58,29084.62,67.88,233503.55,,1771.54,27557.27,1225.5,10038.68,1832.65,51014.77,,13497.78,10834.82,328013.77,65606.52,5039.22,8857.65,871.4,15923.33,0.0
S068,participant,68,B2,73.0,F,30.4,497467.33,21282.54,93.55,4272.36,,76717.23,22718.26,243588.97,2550.6,246.17,82511.95,,13142.98,61508.75,,6938.85,684.28,34580.99,955.43,,20794.14,51.33,,311438.47,512411.33,31668.89,23810.69,8152.07,365.59,1502716.28,709.15,48703.0,772661.7,1342.91,147141.88,448685.14,,20962.09,50903.29,222738.62,569.53,,22147.38,105849.04,6232.67,884.33,5247.14,54976.31,656.11,195.68,817215.91,127438.48,623031.58,324016.59,133.64,9281.55,79060.5,392.77,33552.85,472.2,50100.31,4740.01,,435376.3,129.63,,134.97,,9970.25,1210.87,61965.04,210099.09,2365.39,301.71,267038.55,3187.55,114975.78,50741.2,2732.79,282.92,,252288.39,19900.51,12772.36,168602.63,9294.98,390686.42,16257.45,24617.06,81070.74,4238.44,2245.51,221544.4,3632.41,8999.67,27671.95,,147301.81,319151.02,15083.24,,1057616.08,15062.85,20849.03,,21115.29,36455.47,33709.71,887.99,354.03,2580.74,41461.74,571.75,88506.52,822151.64,222.63,542.05,992.68,5305.11,392.74,,67378.39,37593.88,,146793.59,,16738.02,,255034.19,37969.33,2440.21,5358.54,111839.07,,,115216.43,33610.0,161.78,,241830.22,,313151.18,14785.43,491.87,2055.95,45530.88,22321.05,47180.26,886447.37,190499.08,761003.62,121.49,4274.91,29302.47,,76145.92,1905.49,53781.01,55081.32,,785.58,468738.42,15936.65,711.11,4187.23,760.13,927.74,,196398.64,1859.24,517.9,6864.4,,83083.36,5063.66,164.37,11338.46,2361.51,909.32,,23724.87,139.93,7513.96,219152.8,44982.69,12225.05,,16353.31,60124.52,14983.2,160.55,32835.03,17849.91,210171.99,137.06,769.92,131665.35,9270.08,35980.43,95964.93,129.72,97131.57,4820.88,29763.79,2032.72,4224646.37,,104570.3,14272.03,202.87,2497.2,70888.1,58581.25,1085.58,476295.65,21601.49,194.53,1427.28,119334.03,987789.93,177761.83,36522.79,1814.0,3768.36,1710.34,190412.86,244346.69,3442.41,2261.52,52314.3,24907.7,1040.0,1951.16,8565.0,14434.76,,4802.18,506.14,1513.08,29121.09,114547.89,5978.83,85637.89,534.43,167100.69,178.88,1331585.57,21625.71,175271.65,4398.09,3468.9,7877.36,585842.6,17934.84,,18386.71,3233.19,332719.88,26255.16,27290.96,175732.81,1352455.33,2444.6,830.65,175.4,,,,22642.62,70101.44,120.4,204333.6,227150.08,926.37,,130978.17,753.92,41191.32,,344290.65,233453.6,418814.26,31391.33,547.13,564.81,422.49,51151.8,3909.52,25935.69,27426.7,696736.76,,22194.04,,732806.91,,,11381.97,26860.03,61739.1,,,24156.09,24561.89,36118.9,119.41,13578.89,193296.59,1894.82,548.3,4511.59,772.47,113.78,174.04,,6666.55,19340.12,493.5,14399.19,26113.93,,98.26,162646.5,,307.86,,,,,265854.35,,235683.12,,229556.58,161637.21,20408.32,,,30922.77,1483.99,6425.05,262.14,33178.17,,2237.8,,759939.93,13513.05,225200.97,31215.85,240.17,30130.38,347711.15,,915.4,8932.75,183061.83,492.37,118992.67,3133.59,234.97,732.51,14459.79,,6165.92,3760.2,160115.43,811277.91,827.24,937.02,,959.48,44035.22,16254.91,83.29,276223.34,,847.07,18727.2,5174.56,13210.39,2848.19,35789.91,,18982.98,1066.17,116793.69,182683.67,2501.76,7250.45,,13777.53,1.0
S069,participant,69,B2,54.0,M,27.2,844657.27,7119.04,,3830.52,1977.77,88760.56,,197124.06,2452.67,140.14,185771.35,363.33,14066.28,44356.11,1596.15,2379.06,992.33,34417.68,1563.38,230.51,33206.97,,91.08,116011.09,174743.42,13384.52,18032.94,6109.85,616.32,1594243.25,,127305.11,344570.29,4601.45,137916.27,417337.22,100.27,22294.34,59335.08,332076.79,728.73,188.92,7661.81,66746.9,4589.41,1068.29,2485.74,37153.18,360.05,122.82,294180.25,214034.97,741509.21,479372.91,76.5,2908.76,75835.42,251.31,47402.69,270.22,102530.46,2966.2,,203506.37,,1181.68,163.65,79.11,13119.17,897.16,67930.23,151148.71,5729.08,197.93,348113.08,6818.31,112796.2,29357.94,,130.69,,125139.53,47895.86,15104.81,34845.02,6994.55,456212.59,31890.36,81234.11,323132.35,15563.44,,34819.03,2469.44,,86873.5,,121164.72,255582.0,10203.45,64.09,900219.87,24808.03,17070.32,,10693.13,71976.95,44066.97,1118.62,963.33,9582.85,59863.95,686.74,121598.69,139935.56,281.02,359.37,1467.12,1378.17,,,120634.88,54730.32,69.14,672008.61,,9005.9,37451.83,144168.14,57274.54,4545.1,,225988.05,1718.7,558.77,15808.36,56940.4,,,92622.99,759.45,238278.63,13773.09,421.82,14153.04,26158.36,21786.83,43080.98,392976.68,180820.59,324438.44,152.6,1912.01,12397.15,153.0,99980.4,2406.06,18117.6,178488.21,,575.57,302137.95,17517.75,,3639.59,229.59,764.15,,54620.19,,633.31,17205.65,672.19,329426.82,9738.21,349.45,7194.36,567.05,2251.49,186.94,62485.98,318.25,4857.78,525364.98,99548.13,6882.08,2530.28,11445.84,151770.4,19194.56,231.1,7466.92,30553.55,175172.11,73.94,,64820.94,3979.58,87011.07,71292.04,126.73,216778.9,3920.76,28356.61,30937.34,144133.93,,44621.34,12508.55,431.56,3651.82,151524.74,42219.53,480.72,217703.32,29276.5,333.73,1115.11,66643.72,990542.26,82083.79,20725.37,1674.19,9267.23,1393.79,274453.03,307307.98,4351.33,4681.0,73929.73,246286.37,668.68,15973.49,,14777.34,,5188.65,718.89,,15499.01,18861.79,15438.07,14551.7,482.46,42678.84,183.55,379569.9,8606.48,123015.89,3805.78,2900.79,26059.96,1531239.73,22440.58,,,4598.55,1270789.29,86448.23,71852.21,153414.33,123787.47,,,404.3,1813.24,57.11,247.73,20998.97,49917.03,93.1,123298.7,126955.88,771.02,159.4,194505.92,431.03,19412.71,24718.64,82403.02,117999.74,376446.53,45412.86,847.51,,414.18,91078.43,7622.51,49047.1,10838.71,531549.53,,73706.91,7661.7,547934.6,288.62,8894.75,8817.73,55121.77,226431.25,316.8,,55907.57,26678.94,62506.56,,14501.32,171815.33,6094.51,,6026.4,492.94,142.13,298.16,329.41,2778.3,15844.4,827.01,15935.38,10832.96,,74.39,243305.07,,157.51,103.46,,5002.96,11906.12,314445.56,351.81,172232.99,564.45,122533.11,124186.62,9708.25,,143.57,18449.25,342.23,4371.57,149.42,22509.44,1492.25,2236.84,163.22,371951.87,7586.75,219302.5,6981.29,323.62,55799.19,481075.32,111.59,,4904.4,512015.07,,178188.67,4265.05,237.54,1652.59,19740.46,,22539.85,1080.38,219680.35,602790.99,762.7,1489.75,717.63,,49980.18,56898.74,60.07,291806.97,,867.86,132097.65,1905.84,8352.26,,103276.82,,59685.1,1585.47,167928.43,69383.75,,6414.93,1363.04,7802.52,0.0
S070,participant,70,B2,47.0,F,29.0,1525224.34,11686.07,63.92,4075.19,294.55,47768.78,22031.76,223246.5,,,40893.35,279.74,22799.94,31055.57,2014.38,2825.34,1354.55,8796.91,903.99,491.0,51371.77,,139.2,208314.26,438972.95,13831.22,19699.4,4479.32,415.77,666857.15,,27329.52,491698.11,2906.14,164217.52,278387.21,,48337.2,84251.39,125572.35,453.12,,6894.77,110964.27,2816.94,,16660.85,121832.48,370.2,,841880.97,213781.4,298063.75,234304.36,,2688.42,61774.11,476.12,93546.52,360.21,59246.53,1517.89,137.78,179234.5,,1113.57,,,9185.9,1045.81,144564.31,191127.79,5291.97,225.89,355140.07,6963.23,103651.09,35191.27,3623.2,138.21,,672273.77,41804.68,11258.27,12768.4,,55129.02,8329.54,115123.27,121156.82,8116.64,2348.47,226036.04,,12093.21,68151.03,,109698.74,519282.76,9576.3,56.61,346527.5,19006.77,24702.52,,24960.28,113132.61,42506.73,1388.03,732.5,4647.23,45307.85,,111343.82,600544.69,,,1583.06,7138.32,,,86942.86,14780.49,,130242.96,,36116.84,39982.48,95150.42,40738.53,4848.44,2705.07,190456.09,1451.0,839.71,76547.38,42896.56,,2223.38,180722.35,,630490.46,14173.33,652.49,,45001.29,14355.99,,201788.42,276524.61,501945.61,185.48,3486.19,23262.57,,54883.91,1703.24,8081.66,102502.14,,1648.1,791224.06,15860.88,,1538.46,230.71,745.83,118.21,246593.24,1997.21,,8158.14,510.63,358554.09,9602.72,126.58,12012.82,471.7,1019.78,,7671.0,98.93,6591.98,205010.99,14128.91,13012.38,2843.35,21263.84,152146.68,19131.6,,78526.38,6837.4,196859.52,144.25,475.06,176468.73,1757.99,49461.04,144203.6,145.17,142112.03,5615.92,102598.8,1711.91,407965.86,1966.06,61624.56,11093.78,224.85,7346.24,133987.39,82555.04,935.86,387764.82,33695.58,,1234.49,58806.83,742094.04,313762.27,22197.62,4890.63,5554.45,1755.95,308618.33,514477.5,4332.04,1062.05,103789.58,231258.17,,6080.19,1653.76,40246.78,,,554.33,1317.94,115244.66,50729.23,25958.3,6330.61,695.41,152490.35,283.09,58675.31,,65551.84,3986.01,2462.1,12103.02,227087.04,34364.16,379.11,4501.34,5877.57,409152.83,31559.19,21741.08,89981.69,159199.93,4313.33,998.13,,1562.94,,591.02,29876.32,46413.9,,207685.78,49897.46,772.61,,118748.71,571.02,49107.91,24215.86,400962.21,149989.52,325462.5,16266.68,2993.47,,283.26,39016.2,,38648.61,22694.0,351267.51,562.5,63475.29,,267846.14,503.1,,,90082.94,155071.79,270.7,,30701.44,51312.48,48900.27,114.88,67397.24,541945.6,2550.5,452.14,,1321.45,190.2,211.15,,3581.99,17512.36,886.46,12711.19,20941.93,539.24,,123535.4,82.83,241.95,124.78,1603.24,2843.19,9648.02,56303.22,223.8,544327.24,226.79,328147.34,123415.93,42561.22,,700.92,9808.52,3710.88,6900.98,,41446.76,,,240.48,947561.22,4875.95,217753.52,9952.81,757.2,28737.29,458870.9,,,3634.9,162128.76,264.26,133290.32,6507.34,163.68,1869.21,39884.77,1429.39,20408.58,3287.05,192979.69,167936.78,907.79,1945.11,,1236.62,124073.83,33727.42,,241990.01,1635.0,1698.5,26577.02,1724.33,5513.06,,39757.98,302.9,14825.15,1558.51,182286.28,25832.94,3015.3,5807.56,,33276.15,0.0
QC08,pooled_qc,71,B2,,,,555119.57,7194.01,,4132.81,363.67,79129.87,9066.62,212023.4,5450.41,112.91,115472.26,162.96,15627.01,64721.55,1626.19,3228.17,636.22,23042.54,612.51,234.14,28654.79,59.53,,288340.79,245919.15,22630.92,18377.77,4990.17,450.28,361406.38,657.45,64688.53,377724.83,2080.4,162885.79,433993.78,,27394.51,56392.5,109375.36,495.9,,6491.54,114470.41,5085.48,,14581.22,52419.1,599.45,,273857.71,392764.23,523204.64,235540.21,,4053.73,85355.55,399.85,29517.48,247.56,57554.59,2892.94,79.69,249400.22,,1282.24,108.23,,8459.27,1014.85,36755.81,212772.55,3861.77,290.54,162826.68,6343.97,80946.74,39176.28,2984.88,,,327442.2,33725.23,12106.81,50710.86,5743.08,181981.35,19492.83,58401.03,226886.49,4213.85,1574.15,80321.75,3218.61,7092.12,30195.0,,144746.96,251315.46,7371.23,93.37,575961.08,17973.15,10140.58,,15977.24,30114.21,37830.82,1586.82,599.04,5306.56,43394.88,,147359.06,420079.24,270.29,,1258.44,1592.05,,,93225.88,25093.2,,361701.66,631.13,17197.81,27764.68,85145.79,69167.99,5176.18,2959.57,128750.16,517.5,722.98,48913.95,40550.83,161.03,2020.93,170456.59,719.1,379873.7,11774.96,835.25,3804.92,25810.59,47205.25,41969.7,379162.38,217638.8,589120.75,122.26,2347.5,16541.3,,78829.01,2062.12,21577.2,76756.75,,739.14,359736.58,11636.24,593.07,1939.1,,852.49,,115582.11,1319.04,,12215.64,998.01,231532.3,5277.45,278.23,4837.07,761.66,1529.68,,17045.1,145.64,6809.08,302755.26,31978.94,9967.59,2477.21,16795.81,305251.9,15131.22,221.55,29797.78,10759.6,210383.64,124.4,530.48,112760.46,2871.42,67617.44,90167.38,114.79,166788.69,5907.48,99317.59,5703.8,233999.73,1533.69,73438.7,15364.22,322.87,5394.3,118490.09,78293.98,626.78,264232.9,20835.64,282.97,1099.48,93207.64,750084.15,235082.52,29594.52,1840.55,5555.67,1367.5,216612.99,374479.08,3619.22,1940.18,83495.92,125414.64,,5282.64,1997.1,21451.8,,4561.87,422.07,1177.58,50321.71,33733.76,25043.87,19965.24,466.46,70771.95,285.94,584390.59,12499.62,119055.1,4308.87,1233.33,25800.12,684323.3,14145.33,339.23,9088.46,3503.0,389416.44,55110.46,35103.89,88569.79,134880.38,2740.08,951.78,,1586.73,,342.52,33797.44,56138.9,125.41,137640.84,138307.9,777.53,144.24,135778.32,597.36,28613.16,16294.59,141352.0,136231.45,382339.36,23972.54,899.68,,489.51,43004.37,3792.76,53705.11,19533.3,607642.52,401.76,74085.58,5752.88,608547.5,219.83,4981.84,8832.22,156827.12,155522.57,414.24,,35195.46,45781.44,45702.21,,29544.42,199409.01,3540.99,387.76,3985.53,1099.53,116.67,198.83,185.89,4629.78,15126.57,831.35,20021.6,17136.81,,74.61,137819.8,,186.48,111.09,958.32,3986.81,8887.86,153436.27,,262640.54,132.68,285085.7,187043.61,38975.67,,116.51,16392.29,590.24,4788.84,229.85,33815.29,837.51,1803.1,345.52,549276.2,8592.44,195887.46,22080.6,468.05,46115.13,361438.73,,948.36,8255.66,304921.45,,178031.31,3664.18,209.79,1117.59,21813.49,774.06,13717.34,2021.53,189610.07,524900.27,874.99,851.16,,1202.27,61762.41,27840.31,,275890.12,1318.84,1172.59,46492.97,1498.82,7439.95,1539.47,75658.1,,33281.92,3163.46,137041.74,54472.68,3519.64,7269.43,836.65,13831.87,
S072,participant,72,B2,54.0,M,18.3,804219.1,4718.41,115.03,5050.76,747.52,57271.21,19057.26,141492.73,2183.21,401.34,99161.9,603.2,10692.37,112307.62,,1969.43,,10346.82,1649.35,279.13,28230.37,,,225691.26,183350.23,,24144.1,5214.75,941.08,250708.28,922.21,70612.73,423797.59,2428.39,147061.08,511545.54,,58371.79,55387.24,181773.7,,183.31,3760.58,116840.59,8530.42,795.75,3812.67,128450.56,687.58,,337366.37,622605.04,416192.15,314537.3,99.62,3073.8,106848.75,551.87,24850.03,231.22,82308.83,3424.07,106.08,183290.49,,1247.12,91.47,90.02,10035.92,613.33,17631.1,90346.28,4769.66,219.6,145343.22,7209.82,65624.93,45382.62,3793.49,,,236217.62,44881.89,16507.9,33985.35,2755.12,261710.33,13378.84,39756.58,62939.97,2505.77,1819.2,102270.59,3973.47,4279.17,37865.83,,143854.19,219068.97,5200.64,68.07,217556.63,20664.94,6705.88,,29405.35,,32796.69,1557.25,,10882.92,41060.79,1233.04,421243.87,959688.03,183.26,,1315.18,4090.28,413.47,,107466.93,14470.43,,919909.95,959.92,28308.32,47468.1,82845.99,71688.93,2795.19,,62563.5,1612.84,595.41,45859.77,136895.97,198.1,2114.18,144084.44,1434.57,137820.42,11837.72,2058.72,4589.59,45489.15,26931.23,39602.35,176868.42,212328.89,528276.95,104.41,3654.18,,,184507.71,1131.35,18782.07,175721.97,,1414.51,173197.61,,,6433.18,,1224.05,,185571.7,1451.07,,17576.18,,84115.2,7532.52,718.22,2570.26,,2045.7,,12241.83,,2807.69,172521.89,55207.98,8980.71,,13763.59,420209.81,,262.66,21359.48,6627.32,307923.75,148.03,385.16,129296.37,1915.6,73791.32,36333.67,107.4,125592.96,5898.66,46477.18,3057.6,218071.92,1938.09,42842.75,14899.65,470.38,3984.62,139123.06,66930.84,2468.12,330974.5,32017.6,411.6,1367.56,241691.58,785974.95,89336.94,29768.45,1353.73,5466.0,1254.95,517460.55,207659.85,4904.39,1578.8,109012.71,92905.05,855.64,5916.01,,30373.86,189.92,,454.96,,33655.0,37705.88,43034.3,,612.89,41420.94,165.77,212617.31,8477.56,63672.28,3778.0,1843.22,20468.46,287775.92,17908.73,,9702.94,2728.1,288420.71,39261.4,57393.39,278769.29,174864.45,,1140.2,179.07,815.39,59.1,1974.77,12726.85,36159.18,141.08,203352.68,96095.32,742.32,,169812.32,767.03,26478.37,,84623.7,135279.21,377919.26,,994.55,,373.63,45642.02,4137.18,31783.22,7364.88,813931.93,403.62,173710.31,6091.18,847607.5,296.84,6488.46,4936.13,16297.69,243825.06,590.92,120.78,110160.01,94769.48,56260.93,,60565.21,276871.62,7340.03,639.26,11477.86,2414.51,84.07,397.52,,4178.39,13750.27,573.81,25084.29,28917.29,,,108386.17,73.43,141.76,94.2,1274.99,11975.73,20446.32,391467.08,,173835.49,,555033.29,198582.52,45316.31,,265.92,12389.94,1200.94,4657.74,104.9,56194.83,1538.71,,737.24,170940.59,8002.35,144770.82,24909.8,300.19,21780.83,344608.76,,984.09,5069.51,167346.43,224.27,126822.99,3688.27,132.05,2040.67,33410.36,1091.32,15918.8,7808.59,169590.16,977219.2,587.75,2239.78,,2153.99,54783.74,33971.76,,434105.88,,,68322.73,3019.4,,4291.71,354103.81,,54104.02,4314.47,207928.55,30890.54,6966.64,14629.4,875.14,14362.55,0.0
S073,participant,73,B2,30.0,M,23.1,606053.89,9392.34,86.85,3255.0,539.25,74990.76,,272570.68,,,33399.6,,16154.65,57486.08,2323.98,3371.28,1475.1,62087.26,369.05,389.28,35884.97,89.34,,108437.88,167227.19,12949.57,19483.81,2796.79,754.03,234092.9,650.12,34701.93,359157.53,2857.22,254681.23,356473.19,,16961.73,104302.32,211071.35,,,5492.19,124271.11,4485.82,,7604.96,99723.68,813.97,162.88,164729.5,559034.93,561986.24,207107.12,,3995.9,65853.5,147.34,24467.3,1442.25,49588.06,1886.15,94.33,610901.54,,,,,15930.56,2212.25,23976.0,367494.77,10179.4,336.93,288446.54,6266.53,100630.37,52942.11,,,,399569.56,31059.84,19496.88,51795.03,2529.43,74818.17,20094.34,60682.12,116528.78,3153.17,1574.05,41705.09,5147.32,11296.91,41784.7,,201972.28,88369.09,3224.31,180.02,919665.23,14984.61,,93.82,11307.06,76240.69,,2721.66,487.66,4449.94,35508.8,,75728.15,280757.09,321.18,,,,271.61,,106360.56,17631.58,81.37,187193.65,,18149.23,31392.66,142292.07,143502.5,2756.73,,41918.22,,1823.21,45001.41,24518.17,,,53938.09,4152.17,1261855.6,9382.69,463.05,3223.94,20154.71,91328.99,23167.21,79990.06,182103.0,806740.28,255.96,3008.81,32935.64,,114099.59,3993.86,37368.34,58076.88,,,348069.66,8971.29,684.92,1844.06,430.43,,,293773.32,1151.5,,10529.13,1733.0,429028.15,6874.37,421.43,6695.33,,1133.17,,38681.58,121.43,5975.8,266255.46,117074.56,11270.14,2337.9,27078.78,1414154.56,9833.17,517.81,7327.74,7879.2,171596.6,95.84,448.23,990116.42,2381.51,,60416.79,200.14,146669.87,5373.47,136109.62,4555.57,548822.05,,55735.51,10516.98,322.84,5106.13,89670.81,44558.53,756.8,321128.9,30323.73,183.63,1099.37,57471.91,611730.58,216103.02,35157.46,3337.27,5956.3,,459967.38,195351.25,5865.31,1687.13,112722.0,138565.95,678.09,3449.34,3321.61,18911.44,,7851.58,,,40353.15,43221.38,22941.88,10888.38,775.06,119149.21,309.34,357335.12,26615.06,106104.22,4574.98,861.72,38573.82,297025.4,20418.09,,14377.65,2708.07,794165.39,163747.69,93197.62,89758.25,88993.07,4163.57,,178.45,1062.44,,,31464.18,27777.96,110.97,138208.94,184465.84,754.22,204.93,236777.56,648.39,31439.19,20891.87,258865.04,184691.84,278356.36,31397.08,1963.76,,844.22,67258.36,,32088.38,17367.72,318120.92,1124.85,97351.32,2298.01,522801.87,200.86,6916.86,11109.39,566956.17,156351.93,588.85,,64746.69,19612.4,76923.25,,54425.57,353011.01,1797.1,,5466.72,1129.31,265.75,161.1,,4105.79,15921.06,470.93,22728.06,14073.79,,109.58,230934.73,,177.56,175.32,,3917.84,7519.89,303988.77,,466638.94,146.03,615921.3,106978.06,28416.51,,131.66,17500.64,445.96,8193.23,,30308.35,1324.7,2190.39,,610489.79,3693.31,283731.78,64795.84,294.64,114452.98,233085.67,100.12,,11519.71,360992.92,692.7,152951.6,4569.52,171.06,1473.77,17731.08,877.94,12945.97,,146556.09,1268147.48,1377.69,1864.88,,862.26,90501.4,6728.58,,184969.48,2077.43,2457.64,161088.2,2282.48,8835.16,1283.68,81295.12,,4714.94,,142965.03,29939.35,3824.82,6139.95,,17903.41,1.0
S074,participant,74,B2,62.0,F,20.3,449575.41,7590.95,60.72,4450.11,293.12,179118.05,5858.62,144251.75,5503.01,931.19,123277.8,,23433.74,48071.14,1268.94,2909.55,,11107.98,844.21,,43543.51,,,88481.16,123309.04,117307.43,17662.19,2842.19,421.04,657621.11,,16844.06,352312.14,2291.46,178292.68,511117.14,110.65,62486.21,53747.64,238317.74,440.96,213.41,5073.81,98547.34,6358.54,,7517.13,83575.09,312.88,140.02,278830.04,470031.88,970229.66,233586.8,,5912.75,65047.38,312.68,12913.18,217.31,48655.62,3041.53,164.4,631731.16,,1723.26,202.13,114.81,12833.68,891.48,22463.47,123561.42,6620.8,446.1,212195.14,3119.81,85862.08,51467.35,3541.07,104.78,,297940.11,19652.53,15242.09,104089.25,4212.29,216316.13,44271.72,136745.74,85648.26,3175.84,1712.21,92074.49,4806.8,4268.45,19278.1,,131303.78,168922.31,9935.0,154.15,213607.2,16029.39,10437.58,,25079.82,23114.1,51973.75,2518.83,559.3,4460.25,61034.44,660.59,141745.71,759594.25,511.92,,878.13,2223.94,334.15,,155805.75,28854.95,,216220.95,,25544.19,17697.34,96809.86,70660.65,3740.18,3247.95,56822.82,1725.72,1684.64,24787.97,24690.25,,,70718.53,1307.99,231736.83,10460.69,616.58,4082.58,28409.0,102830.44,21295.78,304423.38,223648.87,732308.1,205.26,2642.21,19750.98,,82216.36,2616.15,23243.75,106960.07,,,317867.84,10884.04,,1518.06,389.58,629.64,,22536.97,2150.27,,10739.14,345.64,170769.33,9582.5,530.5,2789.41,1918.99,1598.08,216.65,14424.06,220.58,6377.55,143847.98,18585.62,6541.02,3244.13,25678.46,459063.91,16188.28,194.52,28511.96,17241.2,258567.71,163.81,786.99,50644.66,5120.63,173085.73,103869.79,204.63,223904.97,4045.38,93144.45,14355.38,845279.75,1567.07,85000.66,11782.67,711.43,3055.95,119455.41,36728.05,392.99,312870.42,40983.84,493.08,920.85,60364.66,704872.94,349381.06,15572.13,1378.12,5976.5,,153178.52,1683372.67,3985.11,2751.48,89011.54,239537.84,,11890.53,2583.0,14584.49,141.6,4117.89,366.21,2839.91,39542.74,22011.17,24415.69,36580.37,,51094.26,534.59,1560276.31,,426237.99,,820.83,29007.26,265244.49,8523.03,,11784.1,3846.2,304050.13,34970.65,27261.49,55532.91,506155.49,,949.1,197.26,559.29,,,33635.52,51393.93,82.69,208955.15,196292.76,536.54,147.96,72219.62,733.65,33288.06,9112.87,177128.21,52252.39,220702.89,15007.0,1625.07,,450.13,53342.64,,64261.35,31674.79,740217.61,440.25,170526.55,6785.78,1064215.77,247.8,5622.07,8786.05,101756.34,154716.36,1156.29,,46930.03,120680.29,45564.05,187.61,15535.89,560110.21,2771.58,,21196.34,584.84,105.5,198.58,,10113.71,18638.66,2161.08,25438.6,,346.85,,83783.49,73.88,227.13,58.92,1271.33,3425.56,19938.1,278705.87,,174105.58,225.85,614260.4,148254.52,35648.33,144.36,173.07,11330.98,585.81,4612.01,344.56,25572.49,,,953.54,1228845.71,6294.22,208131.3,39922.89,670.2,44788.06,714289.76,,782.66,6486.89,529993.01,259.4,175257.26,5597.57,262.88,641.54,14233.02,1336.14,8007.37,2236.68,186004.58,519630.73,820.12,,,1863.94,185727.06,54480.72,,354995.85,1019.88,3245.37,57177.88,1494.17,7380.25,,300162.92,,15617.03,6960.21,217811.39,54627.84,2435.55,5897.86,,11010.06,1.0
S075,participant,75,B2,35.0,F,26.9,783913.04,7056.01,,2448.83,896.45,70909.22,12291.98,288443.75,5793.39,105.71,338353.48,,7876.66,52690.07,11863.1,1768.81,1246.06,12845.84,325.56,,48189.14,68.23,,194663.77,108604.91,48215.33,18319.53,8450.55,387.12,127802.01,,22920.52,757864.91,1418.64,209580.62,734028.83,,13340.29,41530.08,77727.1,1172.79,,9885.57,92161.08,9316.55,1248.08,6219.41,70172.66,427.58,158.08,367950.41,277150.02,571758.98,195364.54,,4000.62,40784.63,430.03,20008.1,,89977.64,4409.32,101.79,367599.46,,,121.64,62.92,10216.87,1392.82,16651.52,236911.73,2553.06,,105780.71,5554.29,58548.83,36524.4,2936.86,117.98,,1260553.96,18891.42,9216.13,37816.19,5058.32,57368.58,19881.67,42009.32,282527.76,24053.07,1661.52,40722.69,,15971.74,34540.29,87.27,168991.99,245902.82,16113.03,,625124.01,19025.46,7883.21,,12046.53,77089.04,40845.35,2308.38,521.64,5303.89,45638.2,,209230.48,1007565.57,299.52,,2985.99,2140.18,,,146386.42,14273.45,,319836.02,,29021.73,32350.62,164857.74,14736.83,4704.45,2666.86,107542.66,450.89,,20595.54,22214.61,191.62,2332.76,94047.78,895.82,209607.74,9535.05,,3434.35,26891.62,37799.95,33157.58,792031.11,234263.31,361993.53,235.46,3026.64,19360.36,,147097.42,1463.62,13506.3,56503.0,,719.91,196263.94,23097.46,,2581.79,508.36,1574.51,,33317.7,1445.3,,21940.05,1076.67,250849.14,7729.04,1096.32,7692.98,476.78,1712.26,99.36,70166.89,,8216.8,305453.67,22748.55,7365.74,2474.02,23427.49,880382.82,17780.74,292.82,29442.39,9211.53,159959.31,199.14,,26593.3,2630.58,105620.2,62673.16,129.26,193458.62,4634.39,176040.0,5010.69,180071.06,1586.3,95967.24,12156.62,173.31,6253.66,146185.56,39331.24,1374.18,129550.73,18684.88,470.71,1181.87,180294.56,861475.88,288722.18,34605.2,2260.89,4943.43,1691.62,42430.99,1153089.33,3125.2,2459.75,49441.23,73585.51,,16717.04,1417.97,13465.45,,,392.67,,156619.89,27270.64,31282.69,19621.16,,66238.02,306.46,785055.63,14768.66,85114.06,4087.99,1482.7,37341.22,446125.38,16424.83,308.01,10332.46,1811.14,565787.23,43175.06,18864.62,108016.74,143780.52,4038.6,1113.49,231.98,1416.32,,323.56,35334.55,119763.17,143.19,108197.7,53258.75,608.43,168.8,216795.62,677.23,55096.96,24356.38,497435.33,173553.38,361816.75,16498.08,1563.43,,413.12,23672.07,7488.42,73059.69,9347.9,649092.46,,90941.89,7641.76,698031.51,298.1,,6722.11,206964.96,71643.46,640.28,,49534.65,28028.49,31815.36,,10184.02,165889.59,2603.59,,4646.15,887.42,121.8,450.95,260.18,4559.69,16025.68,896.6,16694.88,15623.53,,,115375.51,,379.79,,875.84,4750.96,26244.52,157318.46,250.44,195013.94,204.65,455653.02,199388.68,45018.37,,,6642.84,327.64,8013.61,247.44,22477.55,1380.57,1697.9,870.24,1624498.35,8149.33,358367.52,33212.04,176.24,126002.72,371619.81,,,6527.38,298712.95,,225775.83,3554.49,142.27,928.77,11524.66,999.3,6362.02,9578.46,117689.26,538995.07,1356.34,1469.3,,2011.7,76150.51,9614.49,,446112.27,,885.03,42231.55,1968.52,9410.5,3134.67,122684.05,,16891.26,3581.45,307861.02,77430.31,5248.65,6716.11,,13428.54,1.0
S076,participant,76,B2,28.0,M,27.1,740010.52,,,5117.86,,85147.19,10943.19,180922.74,,100.58,145147.91,,24804.06,69402.66,1132.69,4326.1,567.02,30792.18,,,13922.71,62.2,,425612.48,289203.14,22605.84,15306.74,4337.57,608.4,2253005.66,1342.46,51214.52,294999.5,1994.5,189374.16,573699.52,,58365.52,71119.6,140359.62,366.63,179.32,6246.45,131082.54,15401.56,968.84,23633.73,57914.42,895.28,,593924.94,1269493.51,2591176.85,149036.61,,1277.44,112345.68,645.57,34625.06,,80409.98,11863.39,215.71,178742.87,,2344.42,140.83,,8217.0,1245.1,35650.8,256771.48,1649.77,,164379.4,2944.52,69791.84,13969.32,,129.03,,460008.32,46200.91,,92530.4,5892.95,123648.85,18676.27,267640.81,204444.78,12895.77,1581.84,154917.54,3565.46,4425.48,23899.3,,167133.71,130898.87,6518.17,78.38,667340.96,19507.12,12318.24,89.55,12417.98,13506.39,28838.25,3766.77,750.29,20724.8,41150.68,631.08,220421.53,1382053.22,441.22,,,1279.34,,,108839.38,40511.23,,361050.38,707.94,28338.62,13099.45,39784.35,44313.47,7671.44,3154.46,113825.93,998.63,744.83,53474.71,120586.47,,,88158.25,,372726.84,10951.71,648.08,,29275.66,23305.24,21465.17,291547.53,194604.07,360521.47,137.1,1457.4,27196.18,124.71,48940.34,,6912.61,44802.61,,,1369841.07,9870.78,605.23,7387.97,,1627.55,,13409.8,,,9743.45,1002.75,103076.31,4232.11,352.96,4483.89,1455.6,1860.46,,10645.65,114.45,9825.63,67787.86,113728.69,6709.29,,13040.84,107039.5,21791.0,233.09,28049.48,14369.59,212804.01,117.77,690.81,80021.96,,38335.96,72764.3,,179201.21,4660.96,122895.33,7193.95,225128.98,,63681.07,19785.31,359.32,4678.48,144475.87,190781.97,698.83,437787.52,15532.47,309.61,832.25,73257.7,1365059.89,166079.98,33211.19,4410.88,5641.29,1736.04,187162.7,902007.29,3051.97,3087.07,54474.72,99039.85,,3305.11,3053.12,16597.14,,5183.25,,,39106.9,13102.54,14951.65,6339.38,652.76,116317.2,,938607.52,9643.56,75411.55,3386.86,1256.53,44961.88,243063.5,12126.05,,7783.19,10669.47,382169.45,41164.84,13086.73,95368.65,65943.38,2671.23,890.64,,790.71,,498.82,46705.57,64655.0,185.47,140072.12,114720.73,845.43,169.64,41113.23,774.45,45076.77,8943.19,436645.24,172076.98,404615.78,44486.96,1679.47,588.77,358.98,37222.46,3543.96,39109.87,9644.32,866059.72,,69614.7,5265.09,802429.63,542.76,3714.59,9612.38,152157.02,155574.88,380.02,86.3,20607.77,51624.46,42328.59,,16343.13,1125111.14,1171.31,355.67,5256.54,1457.22,120.0,126.8,,6579.65,15708.0,1282.17,17509.93,9652.84,463.89,,130542.19,,304.09,324.22,2860.94,8839.34,65237.4,191585.33,,352869.83,252.07,488652.43,100601.47,133289.99,,,15515.32,,2996.18,262.79,17341.47,1028.97,1604.86,668.17,1261661.26,9638.64,251499.53,18045.45,249.91,53525.43,313254.99,,1801.72,6899.6,322922.05,,188870.18,3518.75,349.2,989.72,32570.12,4505.76,9569.95,3410.94,351106.99,424253.95,1157.06,,,3035.3,92135.39,30516.1,,352462.5,1554.99,1112.68,79021.89,1973.92,10231.99,1302.89,78258.91,,79881.99,1490.64,64325.87,17447.61,4215.72,,,9470.41,0.0
S077,participant,77,B2,49.0,F,20.4,765023.75,6909.12,,5105.6,397.64,78390.45,5677.58,318991.33,3042.58,746.32,200355.58,,11101.15,58922.84,1584.59,4036.84,,7066.98,299.22,223.08,11536.4,,,110228.34,258381.84,28422.39,36408.49,2648.1,562.98,408472.42,1538.08,25350.68,707603.65,5439.83,146224.89,494160.84,179.41,42495.42,39634.32,33387.35,,,4179.05,150079.86,,,23305.79,23819.24,278.48,,328140.71,216104.65,145553.03,115761.84,,1784.69,84372.0,525.42,59308.81,223.89,47429.34,8563.71,,1187445.38,,1269.97,131.72,85.07,19265.75,877.52,36079.41,493721.88,1875.55,254.87,106723.78,8557.93,109506.91,44174.69,,160.23,174.0,310508.47,35851.64,7666.21,137830.82,7281.22,136464.42,67401.72,100563.55,297885.22,,2232.09,19466.87,1891.46,8152.7,28958.73,,172470.87,191469.1,11967.33,,670079.73,14859.53,9973.28,,10716.78,58172.46,20593.01,2293.31,1320.7,4249.29,49956.99,,288759.09,726560.03,320.35,305.39,3136.77,4070.22,382.73,,96466.2,20487.55,,847498.1,659.57,5623.53,40659.16,94111.33,116842.82,3505.99,,143179.3,,,75908.21,21350.91,219.46,2662.99,292095.4,864.76,260580.8,,479.1,2006.28,18041.15,75820.33,38626.13,745016.58,189508.16,995537.36,170.62,3961.04,13553.92,,42240.76,2870.14,14160.26,59000.4,,,195529.24,11436.63,987.21,,375.84,635.58,140.62,35857.09,,,25614.01,518.81,89789.5,4533.23,402.04,12226.64,892.9,2222.28,123.26,58724.0,146.71,5347.49,364068.1,92379.78,10989.95,,16395.03,259726.93,12426.59,571.79,57239.08,5797.58,250898.98,104.26,405.38,661617.08,7978.39,109951.6,81817.1,104.58,114574.57,7647.62,95060.63,9014.05,207814.86,1534.43,195383.48,15797.73,375.76,3234.42,78882.08,138141.56,769.29,413682.39,13276.19,354.66,978.14,94838.13,764951.59,211559.75,43838.28,3120.89,4033.05,2289.7,298818.59,427316.03,4221.41,2023.39,84862.54,177193.33,,8754.51,5165.5,36886.47,,8122.01,505.54,1241.24,8102.95,84856.25,40176.6,58571.46,,167567.35,225.46,387760.27,15345.55,164712.08,4238.33,627.61,25333.12,1424976.74,27055.45,,14844.22,7330.1,704475.72,48145.46,100453.02,40422.24,202217.59,,1278.58,,2933.04,57.62,369.6,50800.87,39729.26,142.98,119067.28,172535.73,852.51,,427557.32,533.5,31018.03,18447.95,125122.57,60070.35,298570.11,17895.18,1350.51,,621.76,59812.41,6878.53,76823.72,21163.93,779527.41,416.99,64320.93,3874.66,414227.13,230.17,4731.44,9284.58,1975279.41,273484.11,1050.04,73.04,64312.42,99115.91,45862.44,,20811.52,153337.75,5640.54,,12313.48,1014.96,320.38,227.66,,4066.92,8134.26,1165.04,18682.47,20560.71,,57.03,105777.69,98.92,109.15,112.58,1345.86,4188.09,10759.91,128963.41,286.18,248583.96,229.56,257725.41,98132.99,34181.69,,,14920.3,387.76,5738.93,170.87,24492.96,2291.56,2713.84,436.06,241806.64,6581.9,184606.31,22640.72,716.77,37919.74,276032.48,,882.87,7996.38,450283.46,,183445.26,,196.97,1901.25,19382.1,600.32,5891.5,4729.23,465771.08,1000369.52,1315.23,674.78,,,37741.74,34572.12,,414642.03,3436.67,3547.8,57717.59,1956.61,6902.84,1828.91,109785.55,,30468.18,4246.39,33029.03,116048.97,3143.88,,844.72,9804.65,0.0
S078,participant,78,B2,74.0,F,26.2,180180.25,6426.17,92.97,4929.93,493.87,46333.86,7562.3,175172.76,2793.84,265.27,81939.42,220.6,7334.45,111303.74,,3967.48,872.49,10692.82,575.58,238.85,16782.81,,153.05,91750.04,214357.12,74180.54,71815.51,4589.67,618.63,2523585.6,1273.4,43552.37,661439.41,1616.0,149008.49,505972.28,,50612.43,83991.71,70223.9,375.75,194.48,9042.82,160518.53,10261.81,1074.64,5763.07,58283.31,666.07,,521468.4,296709.35,707404.82,260412.12,57.23,12588.84,130229.75,423.91,21850.04,498.88,59423.63,1517.24,184.28,465795.14,,1033.45,123.61,,7482.14,658.71,28244.61,229512.84,3402.09,379.91,65308.44,4076.41,77570.4,68375.01,4138.43,146.82,,547817.55,52585.02,,33446.21,6663.15,680481.12,22146.03,103762.5,142997.3,,2055.29,47715.04,4872.17,4538.53,49447.6,,196700.0,222066.62,11703.97,404.76,590181.96,22252.44,63910.34,,10448.86,24026.3,32333.92,3891.33,555.94,3654.37,34315.96,675.73,125136.95,620382.01,208.52,,3867.57,1476.18,264.87,,127242.63,25143.95,,485070.23,,12528.03,27844.79,72803.96,81209.36,12032.42,2790.43,82862.92,726.61,500.78,199295.15,90043.38,175.22,2533.79,316185.29,1435.79,256950.73,12148.54,321.08,4388.39,39878.46,106907.93,28224.74,322706.0,175032.21,915938.12,114.05,2055.92,14464.67,161.53,66610.26,1612.17,20416.04,124644.09,,,253818.47,,609.81,3199.74,,1193.88,,183191.08,1199.52,,8693.54,1496.84,161937.98,3574.49,1430.42,2249.38,1161.38,,170.6,31414.35,287.12,6814.26,437554.77,50033.45,11793.75,2033.85,18074.73,319462.96,23006.62,186.42,68035.62,,162745.98,71.47,808.0,138817.56,4221.36,108012.57,55391.19,132.31,217786.94,8289.03,93335.36,3608.61,310335.44,,79757.8,10878.45,594.9,9139.59,83387.57,116928.05,,307466.36,20078.32,382.69,1402.29,73501.56,969436.22,725915.48,31594.32,2106.54,9332.47,3376.76,118507.46,204199.17,6308.79,2713.99,77649.62,97175.9,,6001.52,1965.69,22981.83,114.79,6271.18,349.97,,45106.79,44635.95,14189.39,47586.14,,26093.5,247.56,695794.22,12697.76,93170.6,3845.64,1852.0,14532.1,363623.0,14914.6,,24309.67,2682.42,568116.88,81061.07,15512.35,86861.47,289458.07,2681.37,,,5875.13,,377.66,68329.94,68900.4,102.77,113626.39,259881.55,861.5,156.41,299559.22,452.17,51142.21,24705.9,47429.29,116695.72,668919.56,15306.93,1175.54,,502.25,36450.95,4116.65,47359.6,,700955.16,520.6,53251.33,4274.87,752419.83,270.66,,10837.9,85090.55,200757.45,710.58,,52267.35,83393.83,86164.28,,42838.83,286247.96,1368.86,1003.84,5252.36,1538.25,216.38,561.67,346.34,8443.89,14360.7,585.32,19153.44,9905.33,,,96168.21,,331.28,69.85,1364.53,3163.08,11272.31,73974.33,245.95,379344.8,,27871.12,157173.09,47792.28,,,14695.71,319.46,5801.88,131.09,16179.75,,3774.19,191.58,339455.03,7820.97,200981.16,8471.53,366.28,44559.3,502481.82,,,3012.15,269403.14,245.32,132071.86,3434.25,230.95,1650.63,23649.1,1262.62,21585.63,1024.03,246056.01,1518741.25,1087.49,3395.78,691.99,,55601.95,29875.9,,282474.84,1560.39,1407.65,7866.92,2522.88,6826.2,,74405.74,,20374.61,1625.4,292281.87,151541.28,3900.76,,,12413.08,1.0
S079,participant,79,B2,37.0,M,22.1,1319282.26,2117.36,75.62,6746.2,,79351.41,4760.59,346063.6,,208.42,42625.85,500.48,6978.34,93356.64,1316.35,4655.7,1064.79,53410.43,467.33,220.91,,,183.7,188863.36,260572.36,28454.21,20195.84,6143.88,577.97,301294.04,488.58,72951.71,447202.07,2972.22,152619.37,452319.63,,22273.58,43307.03,129140.62,932.11,,4403.47,72313.75,13883.53,,34492.43,81520.93,1161.6,,238654.83,844320.26,739845.66,153337.55,101.9,4982.86,96863.28,403.83,28360.11,195.27,56464.46,3749.63,70.27,343480.93,,,,,15906.99,938.05,86275.12,274185.41,1893.87,365.68,176252.48,4305.56,60902.5,22046.45,3076.35,,100.31,180792.07,21669.7,13855.32,160995.01,21310.63,29713.82,63697.77,85147.33,223237.67,1342.66,2720.7,10533.31,4803.29,4708.28,21271.39,,211186.44,112220.31,3335.11,257.88,422925.19,15349.92,25764.78,,20618.16,28571.19,102983.28,3229.04,395.33,4911.54,74290.48,,126986.82,593136.21,286.16,,1969.09,2659.13,,,105486.46,33272.54,,507899.75,,7992.97,115709.16,37232.9,91748.78,10504.95,2858.73,168637.98,,1113.78,33859.66,27872.29,258.43,2765.37,70397.73,1075.26,100997.02,11769.66,1325.89,4451.99,18730.52,67597.94,25885.97,385603.93,219787.72,503848.23,86.93,2965.15,16026.53,,45799.47,1731.2,,135129.11,,1015.2,240739.55,33477.62,,2319.68,688.79,1349.48,,72838.4,2401.17,,36318.52,666.7,568069.09,4897.25,204.65,8265.78,615.3,1413.75,,22195.26,242.17,4427.97,640652.68,34944.15,11698.94,,18474.63,272929.42,14318.01,169.83,19374.28,16789.68,390328.73,222.61,792.2,139934.59,11813.61,43878.55,71925.81,101.2,273936.86,6032.67,286872.58,9594.79,968355.61,2733.72,72176.77,13294.37,602.82,4534.35,114760.01,93859.07,1049.78,482523.83,11553.66,112.17,1067.13,45549.52,1104928.04,350162.0,16441.32,1089.09,8256.95,1227.09,163127.74,577103.19,3226.31,3130.59,109292.85,168768.88,,3879.58,2603.1,14218.44,,6507.15,443.71,,27223.16,16114.9,15079.17,29462.29,,111727.73,647.36,540018.64,9371.5,70744.82,,603.76,62021.43,638727.53,21771.08,378.69,,3463.27,354749.81,26093.12,88439.96,319340.92,61513.5,2455.15,1244.59,,2651.85,,238.18,26861.23,52971.85,213.74,159617.21,23315.1,520.72,,526075.09,804.03,56619.14,19459.42,648363.43,118278.57,380488.2,13248.55,,,275.7,107384.41,3453.23,25995.37,15095.77,715363.66,,160989.96,6464.48,447237.4,486.9,4523.86,20265.91,141922.16,100679.15,,,42953.54,38504.55,48919.04,131.07,,142258.8,5453.7,,3040.05,2979.11,,341.56,244.76,6515.59,,1075.52,22899.0,31058.51,,183.55,175123.76,,635.56,101.39,,,11657.49,101314.71,,66759.57,143.28,255507.86,160074.54,38308.68,,556.65,40230.68,1199.41,2903.03,406.25,31217.12,1032.07,2489.47,,462768.42,4572.96,301406.8,13159.94,571.4,59943.53,367372.22,,919.19,12910.18,600487.29,,159461.75,4064.52,239.63,2179.17,15190.74,,17245.39,1043.14,129273.75,194865.2,1230.51,1592.01,846.37,3538.01,60663.32,26005.26,,379616.92,1133.57,,109150.01,3270.37,6228.95,3179.59,239627.86,,56173.64,4506.54,168947.9,35475.27,,,,5173.91,0.0
S080,participant,80,B2,70.0,M,28.4,1380255.76,16296.84,92.65,4772.71,1879.73,83592.27,5721.82,213753.09,4066.23,223.68,230366.05,296.94,13987.79,15726.9,3195.38,4183.17,692.69,23411.65,948.1,,64443.55,143.11,108.11,97195.96,190239.62,21344.34,20418.52,6939.03,549.84,835551.66,572.5,41614.22,259445.58,4324.59,133833.82,252095.72,174.13,121217.88,64469.52,149866.41,992.24,,7414.73,130288.11,,761.57,8711.38,51807.45,418.62,,331231.37,382117.03,994787.16,211049.8,,1859.5,135259.55,475.39,48356.35,366.69,34344.36,5038.09,116.5,325351.43,,,125.47,,8604.79,,75489.65,87575.12,2442.5,262.42,177383.08,7466.38,65583.29,54531.74,,,,140600.83,9546.52,18517.47,79272.1,6130.12,526315.59,29716.23,79324.04,106767.71,2121.7,1846.68,45540.48,4737.37,5697.64,47993.14,,127262.51,349698.51,5342.56,,553775.07,18150.63,19296.7,,,19321.36,31914.95,1759.94,477.26,5143.9,50995.32,,111805.97,679870.87,453.73,,,2344.46,,,86633.89,19211.55,,241986.22,676.32,7898.78,32084.35,96631.95,72832.74,5135.75,,57586.16,,546.12,57736.96,45626.84,173.66,,103802.6,,144329.31,,549.89,,28332.91,22164.18,35045.71,149413.8,240925.64,439030.1,157.14,,23962.74,,62974.47,,32029.37,80584.33,,925.73,458423.84,9819.03,625.14,,,1216.5,,23983.72,1210.17,,12160.11,1348.73,561711.32,5790.85,273.63,9302.32,,2975.67,91.95,14499.37,,11736.05,204696.77,19911.0,13952.0,2087.52,9661.53,461174.47,14549.11,355.53,35794.56,17870.82,162619.3,,600.73,53636.0,4095.91,74426.91,53480.91,,193616.26,4920.1,43361.05,9016.66,115599.24,,150234.37,12720.44,207.42,5269.5,93206.14,72676.12,844.32,167909.74,24169.94,508.19,1014.49,43884.11,877025.27,158096.25,36216.93,1116.2,7413.09,1437.32,382757.67,988315.78,4178.16,1776.68,117874.68,55546.71,660.06,8760.09,1030.98,22948.71,,4698.04,,,39895.24,22165.21,19425.22,44632.21,,60954.28,631.06,515340.24,9285.16,92100.78,4402.77,4876.14,8772.55,984279.26,9967.26,,4991.62,6901.11,547679.81,45900.26,28669.46,26504.46,382356.55,3419.97,929.38,189.94,1704.06,,586.23,150501.17,28336.3,137.27,150966.53,82264.07,905.15,,114721.93,1582.9,60831.66,24266.35,266259.4,77049.57,504883.46,41620.99,709.37,,500.9,115362.85,3242.04,31499.97,10582.6,1563234.32,,156734.09,3158.21,389889.78,223.23,7080.84,8502.9,317570.5,100992.33,1110.67,,18095.5,35509.29,77669.59,188.29,22630.31,361453.01,5854.88,367.1,1348.77,2347.8,227.33,162.77,382.26,3592.3,7895.26,1320.09,21486.36,35694.61,,71.23,115480.47,,237.54,59.52,901.88,7182.71,17025.44,147551.32,197.29,592358.8,,560568.57,168327.38,33329.43,104.15,151.12,37013.13,945.92,4400.1,878.22,19421.18,1438.23,,669.47,418359.6,4792.15,220550.96,22696.4,1016.99,128847.65,355906.96,,1352.65,18246.09,395153.46,,139883.14,,289.98,1476.46,16183.06,,18576.68,1824.67,299212.93,361145.74,964.84,719.62,,2767.01,60810.45,21729.22,,204120.79,,,236106.93,2024.83,9605.95,2163.88,20338.96,,65577.19,2280.88,53161.0,125597.02,3229.74,7956.51,,16594.93,1.0
