sample_id,sample_type,run_order,batch,age,sex,bmi,mz_0001,mz_0002,mz_0003,mz_0004,mz_0005,mz_0006,mz_0007,mz_0008,mz_0009,mz_0010,mz_0011,mz_0012,mz_0013,mz_0014,mz_0015,mz_0016,mz_0017,mz_0018,mz_0019,mz_0020,mz_0021,mz_0022,mz_0023,mz_0024,mz_0025,mz_0026,mz_0027,mz_0028,mz_0029,mz_0030,mz_0031,mz_0032,mz_0033,mz_0034,mz_0035,mz_0036,mz_0037,mz_0038,mz_0039,mz_0040,mz_0041,mz_0042,mz_0043,mz_0044,mz_0045,mz_0046,mz_0047,mz_0048,mz_0049,mz_0050,mz_0051,mz_0052,mz_0053,mz_0054,mz_0055,mz_0056,mz_0057,mz_0058,mz_0059,mz_0060,mz_0061,mz_0062,mz_0063,mz_0064,mz_0065,mz_0066,mz_0067,mz_0068,mz_0069,mz_0070,mz_0071,mz_0072,mz_0073,mz_0074,mz_0075,mz_0076,mz_0077,mz_0078,mz_0079,mz_0080,mz_0081,mz_0082,mz_0083,mz_0084,mz_0085,mz_0086,mz_0087,mz_0088,mz_0089,mz_0090,mz_0091,mz_0092,mz_0093,mz_0094,mz_0095,mz_0096,mz_0097,mz_0098,mz_0099,mz_0100,mz_0101,mz_0102,mz_0103,mz_0104,mz_0105,mz_0106,mz_0107,mz_0108,mz_0109,mz_0110,mz_0111,mz_0112,mz_0113,mz_0114,mz_0115,mz_0116,mz_0117,mz_0118,mz_0119,mz_0120,mz_0121,mz_0122,mz_0123,mz_0124,mz_0125,mz_0126,mz_0127,mz_0128,mz_0129,mz_0130,mz_0131,mz_0132,mz_0133,mz_0134,mz_0135,mz_0136,mz_0137,mz_0138,mz_0139,mz_0140,mz_0141,mz_0142,mz_0143,mz_0144,mz_0145,mz_0146,mz_0147,mz_0148,mz_0149,mz_0150,mz_0151,mz_0152,mz_0153,mz_0154,mz_0155,mz_0156,mz_0157,mz_0158,mz_0159,mz_0160,mz_0161,mz_0162,mz_0163,mz_0164,mz_0165,mz_0166,mz_0167,mz_0168,mz_0169,mz_0170,mz_0171,mz_0172,mz_0173,mz_0174,mz_0175,mz_0176,mz_0177,mz_0178,mz_0179,mz_0180,mz_0181,mz_0182,mz_0183,mz_0184,mz_0185,mz_0186,mz_0187,mz_0188,mz_0189,mz_0190,mz_0191,mz_0192,mz_0193,mz_0194,mz_0195,mz_0196,mz_0197,mz_0198,mz_0199,mz_0200,mz_0201,mz_0202,mz_0203,mz_0204,mz_0205,mz_0206,mz_0207,mz_0208,mz_0209,mz_0210,mz_0211,mz_0212,mz_0213,mz_0214,mz_0215,mz_0216,mz_0217,mz_0218,mz_0219,mz_0220,mz_0221,mz_0222,mz_0223,mz_0224,mz_0225,mz_0226,mz_0227,mz_0228,mz_0229,mz_0230,mz_0231,mz_0232,mz_0233,mz_0234,mz_0235,mz_0236,mz_0237,mz_0238,mz_0239,mz_0240,mz_0241,mz_0242,mz_0243,mz_0244,mz_0245,mz_0246,mz_0247,mz_0248,mz_0249,mz_0250,mz_0251,mz_0252,mz_0253,mz_0254,mz_0255,mz_0256,mz_0257,mz_0258,mz_0259,mz_0260,mz_0261,mz_0262,mz_0263,mz_0264,mz_0265,mz_0266,mz_0267,mz_0268,mz_0269,mz_0270,mz_0271,mz_0272,mz_0273,mz_0274,mz_0275,mz_0276,mz_0277,mz_0278,mz_0279,mz_0280,mz_0281,mz_0282,mz_0283,mz_0284,mz_0285,mz_0286,mz_0287,mz_0288,mz_0289,mz_0290,mz_0291,mz_0292,mz_0293,mz_0294,mz_0295,mz_0296,mz_0297,mz_0298,mz_0299,mz_0300,mz_0301,mz_0302,mz_0303,mz_0304,mz_0305,mz_0306,mz_0307,mz_0308,mz_0309,mz_0310,mz_0311,mz_0312,mz_0313,mz_0314,mz_0315,mz_0316,mz_0317,mz_0318,mz_0319,mz_0320,mz_0321,mz_0322,mz_0323,mz_0324,mz_0325,mz_0326,mz_0327,mz_0328,mz_0329,mz_0330,mz_0331,mz_0332,mz_0333,mz_0334,mz_0335,mz_0336,mz_0337,mz_0338,mz_0339,mz_0340,mz_0341,mz_0342,mz_0343,mz_0344,mz_0345,mz_0346,mz_0347,mz_0348,mz_0349,mz_0350,mz_0351,mz_0352,mz_0353,mz_0354,mz_0355,mz_0356,mz_0357,mz_0358,mz_0359,mz_0360,mz_0361,mz_0362,mz_0363,mz_0364,mz_0365,mz_0366,mz_0367,mz_0368,mz_0369,mz_0370,mz_0371,mz_0372,mz_0373,mz_0374,mz_0375,mz_0376,mz_0377,mz_0378,mz_0379,mz_0380,mz_0381,mz_0382,mz_0383,mz_0384,mz_0385,mz_0386,mz_0387,mz_0388,mz_0389,mz_0390,mz_0391,mz_0392,mz_0393,mz_0394,mz_0395,mz_0396,mz_0397,mz_0398,mz_0399,mz_0400,mz_0401,mz_0402,mz_0403,mz_0404,responder
QC01,pooled_qc,1,B1,,,,219691.18,30033.87,12104.67,126920.7,695.21,923.9,144965.31,78705.75,1489.1,3691.88,9492.84,9153.32,28693.62,8708.16,59.44,11040.6,1939.14,254.8,5196.06,8863.68,19685.58,8192.33,56006.33,57440.06,5904.43,2484.49,355995.92,1110.0,1030.02,31014.22,8742.85,107.64,13475.51,298488.25,84941.1,33285.57,296287.73,243.72,51981.04,116192.02,5699.76,504697.9,7786.18,14971.97,72666.56,1164.5,4048.51,204.88,32638.78,4239.54,,50296.79,,449.56,912.52,797.27,,229.37,312.21,6863.62,148.03,877.91,1716.95,23331.36,67866.6,21239.86,22102.2,,23429.95,3592.05,140648.87,1123.9,10753.23,5886.28,8635.82,2558.42,95533.45,3971.48,761.55,3412.99,21023.48,831.95,2214.37,6561.07,6441.26,422.33,551.47,190918.12,,483.89,1744.99,79523.01,20113.1,47482.91,2943.07,28476.09,14528.11,7031.57,1596.1,2481.01,71600.35,43733.75,21796.35,5025.07,,16194.98,289.34,7429.88,1704.54,29734.72,2322.28,3882.64,66542.96,197111.06,133757.35,120338.54,856.9,54.97,10396.0,91158.8,4629.03,2250.53,556593.47,24963.08,5191.0,11969.4,52735.46,64407.54,58877.14,248.98,2625.13,9900.27,7429.31,15779.98,3948.35,,375.3,3052.42,4166.79,429.09,790.56,26305.96,200050.16,624258.5,3247.5,1342.42,8220.48,16336.15,25155.32,6658.71,290.68,1119.17,14507.49,16296.41,281.85,277.56,15533.61,16894.51,5712.72,529.93,91.33,309.3,89740.53,2545.78,64558.59,5641.25,,17062.39,5574.15,,1966.73,3642.4,9555.67,1327.09,555.63,3335.93,492.43,535.6,2985.74,117.1,40595.33,2642.43,76575.21,4592.23,12446.35,4151.99,3863.46,562.33,478.87,227905.21,17464.71,3054.63,184.0,11218.45,73757.56,10930.88,156325.56,4542.59,17322.43,954.79,10754.78,2724.63,4749.01,720.76,429255.05,21336.36,823.2,18496.18,73310.67,24666.45,27809.58,2083.78,4257.44,161.9,,29615.51,302.83,12596.13,158610.41,58069.01,2046.88,88539.47,4053.79,,46572.97,988.83,11042.95,401.52,30202.75,50427.38,37365.09,287.55,1516.63,836.48,122197.92,663.77,11130.65,77048.11,8174.74,9653.88,26818.04,652.33,70132.84,20603.08,7295.68,471.88,48312.38,5616.13,,625.56,26821.42,5503.54,1162.88,3390.31,11137.53,1990.44,34556.89,107.8,38453.11,5008.26,316994.73,67180.69,8007.0,4440.4,186.07,10361.07,242062.75,15934.65,4044.34,31645.31,2744.14,114050.16,87135.49,15500.69,27936.6,795.04,1531.75,1077.16,61392.75,24106.08,8552.02,12959.22,52987.47,16367.57,9589.15,350049.67,182314.56,161809.54,5484.89,114056.94,7105.57,1286.02,1394.12,60306.36,3977.89,40357.21,6282.78,3769.16,4245.37,11754.33,,11843.09,1780.72,17074.38,69106.06,319346.91,29068.8,1358.45,,1197.25,2782.87,60509.93,2332.14,15153.14,1871.83,13946.09,6988.61,64.33,2594.66,6173.19,156446.79,17999.33,7016.14,684.75,11941.45,22364.65,529553.68,74793.95,,53164.3,28734.34,76.02,137696.13,18309.15,27684.64,541.62,137.0,2798.01,888.96,,858.19,23045.71,385.65,,,1840.11,1526.58,30655.84,24638.08,4573.81,276.12,996.08,29431.25,2637.26,361.98,88596.95,201697.85,192165.38,34800.13,708.87,156.88,18860.8,11815.91,67397.79,194292.21,11845.21,1693.03,481.32,2901.67,3545.58,4179.15,,177.57,4269.68,,52061.48,3520.99,277704.55,6130.97,2399.83,714.51,6528.97,6557.61,4224.19,6411.92,4619.07,859.48,7568.77,979.02,19806.51,8127.37,6484.69,2207.01,26068.18,152.72,13442.66,300834.2,3316.46,1246.06,149272.22,187.83,7796.66,7523.2,584196.66,
S002,participant,2,B1,69.0,M,30.0,223027.5,27634.85,10016.53,191343.07,554.41,981.12,136300.46,50572.19,4131.62,1720.35,8893.4,6454.96,19202.62,24355.32,,10207.58,3075.69,363.42,10084.3,8461.26,19268.83,6245.56,49810.55,18315.46,4484.97,1244.31,345552.06,2619.88,742.08,55372.78,20787.74,247.04,19706.16,454339.31,65501.87,27101.52,386937.68,163.02,119333.94,151307.02,3961.45,327043.35,18119.96,34828.02,54296.38,919.97,5512.82,138.71,26295.86,5932.99,,78072.04,549.2,1280.83,,,2423.24,363.43,336.39,6250.3,,548.54,3953.87,14611.59,140576.59,21372.41,29371.52,,17485.71,3202.55,93669.36,1785.01,28275.23,20098.18,25908.11,1628.4,46626.88,,1286.84,5855.16,8827.47,1564.19,3625.12,,4110.93,415.95,459.45,169268.41,,691.85,1494.34,111420.12,25683.44,143783.92,6392.9,40461.83,18677.24,19046.17,1443.55,2707.73,113189.4,161046.57,14561.48,4260.02,54.07,25702.17,430.12,8884.75,2859.99,10446.44,3669.53,8257.46,98001.49,231442.99,128833.05,109304.27,516.31,,10289.16,84401.47,4729.28,5293.18,816057.94,23948.17,3109.75,5954.91,56209.44,41699.99,64890.51,296.51,4375.61,,6450.25,17121.09,2871.23,,287.07,7142.77,3509.0,913.66,764.62,18103.28,279726.17,549855.73,,1135.09,16481.38,43000.67,24941.4,10708.0,392.35,403.22,8896.4,14187.59,434.16,544.53,,12142.04,13646.19,490.8,127.04,190.93,78692.9,2093.73,14458.36,5721.29,356.12,11212.53,3946.84,,1426.66,4178.35,15066.7,1365.57,957.32,2100.78,,508.77,5414.18,210.47,37032.54,4510.87,130670.8,9978.08,22922.2,6943.76,6530.81,338.31,611.81,134403.36,17480.71,2977.23,,,62367.84,8591.92,188216.28,3384.27,29022.14,682.73,6813.43,2601.97,2255.09,1040.47,342924.94,19921.85,718.42,22541.17,86200.53,32224.21,37949.39,5083.71,2966.3,240.97,448.04,41360.0,223.35,16200.71,99376.22,63260.95,1146.81,188282.68,5676.35,1408.96,32962.98,,13465.63,,32050.38,,22092.2,682.73,,1486.7,171500.9,314.97,25151.56,69875.99,3403.28,20430.58,52673.43,349.61,97778.98,18085.81,12507.91,1087.2,104142.64,7769.9,890.91,1014.61,19150.42,3594.84,1462.65,,10793.31,5040.95,30810.72,230.9,100236.81,5727.33,133724.68,46730.73,5216.78,21899.79,292.45,7825.4,362379.32,12707.47,10578.49,41372.11,2859.96,65420.05,122241.77,13720.73,30302.32,2591.48,2116.33,3399.71,94671.55,13433.78,12825.99,16254.0,50202.9,53991.92,3150.56,139893.77,178208.01,255018.67,5667.09,93577.71,6171.5,758.03,1532.24,77076.77,3408.53,58233.38,7982.59,2984.92,2789.52,11615.45,,17616.67,3677.43,15335.47,64711.43,526236.04,23483.31,2017.29,95.09,3344.56,959.81,105516.09,3708.85,8442.44,1392.52,12262.86,9437.02,100.97,2281.81,3868.86,154153.17,7074.63,19002.81,1143.16,11094.92,39114.61,513588.78,41598.02,,147883.09,27536.67,,56128.18,22198.02,34660.59,235.21,97.43,1834.29,,,,17244.85,522.38,117.98,144.55,5673.1,1057.74,25801.28,80421.88,12432.11,378.95,613.46,20387.61,7780.24,,83966.0,133507.54,337208.49,30698.5,1313.74,191.74,18314.6,5101.71,14616.44,79805.95,5854.44,1510.99,780.06,2819.88,11794.86,1837.13,189.86,277.73,2463.44,679.39,47391.85,2931.88,545278.82,8413.94,1881.64,1819.18,5574.83,15356.41,,6413.4,6114.23,,12108.09,676.34,10942.69,6245.77,7819.33,3264.83,24169.56,218.46,11069.4,67351.19,2163.65,3248.06,535126.25,,5949.74,10005.35,259460.47,1.0
S003,participant,3,B1,33.0,M,22.0,242652.44,26940.82,13728.89,132642.38,,1358.97,97828.83,252790.26,1803.5,11214.62,4144.77,26866.45,45574.62,17535.15,,19689.78,1627.01,,4632.88,5816.24,20790.2,10797.28,60012.2,57816.11,,7253.2,164596.87,1405.49,1386.64,10308.07,11548.03,79.83,8486.86,208250.31,114299.83,28778.77,163832.03,,17800.57,84324.5,1830.0,1522696.27,15094.94,29041.08,45825.13,1692.26,10425.1,166.7,27113.74,5203.66,826.23,67199.59,477.91,,,533.69,,591.07,383.31,6865.75,117.58,1163.77,1947.99,21844.69,142771.45,10966.42,21338.16,,15006.2,2811.32,361860.9,1162.85,24258.03,10502.08,5105.78,1695.85,261985.16,3009.53,426.94,6276.44,63750.27,724.92,3668.1,4561.55,20038.38,1583.9,487.13,137630.86,93.24,458.16,,110421.31,21040.62,96501.45,3713.55,20084.91,35928.56,6957.44,,1813.42,63791.14,114410.08,59038.59,1210.48,57.43,23849.97,,3871.44,1150.95,17231.83,1875.04,5605.02,40033.49,144602.97,73791.39,53426.29,1066.6,,5340.46,174229.25,5253.66,4275.41,448184.12,6022.64,,29458.92,64047.2,55524.29,49638.42,307.64,3575.68,5950.33,6779.08,37990.46,4505.68,,,2959.0,2757.4,302.23,747.13,76686.1,397403.41,190008.27,3027.59,1882.67,11576.26,10136.78,23683.71,9707.44,,620.72,36694.57,11113.16,297.32,259.84,7615.14,63564.13,10728.62,580.15,114.08,441.11,20828.25,3427.03,58468.92,18660.27,304.67,,4940.66,,,5424.91,16119.03,,360.22,4415.92,405.47,555.38,1894.47,294.71,11607.26,2997.06,78297.9,1521.89,4088.84,1400.54,2434.49,431.09,778.26,201594.02,32847.64,4675.57,147.57,6554.61,45108.37,6666.51,100621.05,3479.53,10543.51,1329.5,37842.46,3282.46,11684.44,974.54,261038.83,17358.94,,26501.88,56636.26,17311.35,17984.21,,6301.34,228.79,,37408.75,,7480.51,466554.35,45999.41,2259.98,198907.06,10665.13,1209.58,15811.32,761.52,6086.32,,36481.67,28877.36,117538.17,372.89,907.51,2301.5,72408.96,2428.21,3861.38,37698.22,28747.0,12119.83,48937.94,636.37,42037.9,15337.9,5417.78,493.99,63902.75,3535.14,860.72,747.1,38118.38,6598.84,1329.6,,10923.06,1159.12,57196.05,116.57,83681.42,5803.79,999650.94,20730.57,6629.51,10582.88,,9059.5,197317.43,13290.88,8222.71,26219.77,3343.26,356745.78,60881.83,25232.76,19652.93,550.02,,1129.82,139728.46,74003.16,10952.71,10100.13,47289.85,37629.38,5109.36,348531.57,157971.39,117818.27,3101.22,143817.19,6623.0,854.52,1571.03,36240.64,3834.67,76631.16,6106.01,4223.0,14609.16,10972.38,,15502.76,2131.94,8871.65,50990.63,316236.17,13238.9,1712.62,,,1555.79,111909.02,,16260.57,1549.83,28482.92,7314.64,91.65,2281.34,7226.47,54721.85,51268.19,,559.05,8527.57,22684.69,380115.85,240882.37,,33604.46,41581.56,77.83,150663.11,10025.45,19108.04,2127.71,95.66,3094.54,850.41,,601.11,19885.49,,125.68,126.44,4515.7,,7495.7,15935.94,3073.01,,1063.42,34661.05,,331.91,79961.7,65454.41,174370.22,45761.42,453.37,181.88,9947.7,27051.3,53125.82,669028.53,12313.03,4848.82,,4516.48,7140.72,10208.3,194.2,178.42,6997.52,,44098.29,2912.86,545150.73,3909.08,,651.64,9696.59,8252.56,2425.19,,2529.19,894.56,10125.34,1680.11,66893.58,12692.6,4077.83,2299.39,7370.92,203.52,17268.51,238989.52,,2713.25,312011.97,128.85,4876.77,5120.61,1916042.1,0.0
S004,participant,4,B1,44.0,F,37.1,97663.37,19252.66,8752.06,187476.78,720.26,1723.87,88881.54,93467.82,2006.68,8353.33,7917.31,4931.62,34883.53,7878.5,83.19,5904.68,2400.2,220.12,8631.28,3719.02,8393.15,5053.01,24656.37,50886.15,6247.08,,284967.11,832.37,620.5,32503.46,7204.08,209.69,14393.42,282616.49,74275.64,47963.27,287614.81,235.27,18796.22,127545.83,2118.73,262463.45,16257.0,32846.29,41527.4,754.6,20897.54,433.11,50099.51,11809.3,,70462.1,,523.06,1063.58,395.76,2197.65,,790.35,4425.74,86.47,580.37,5362.57,24148.27,100366.72,94125.76,21772.59,,9313.92,1983.29,90151.39,1038.81,24878.64,6329.45,10150.32,3382.27,180005.23,2220.25,1225.26,,46704.35,1565.53,,3251.24,6890.73,278.29,818.28,215099.6,,527.97,2366.27,166531.75,32366.71,49270.01,2363.09,43667.99,77697.28,9562.93,2237.2,3866.28,103748.14,23416.38,13181.91,6505.3,,35589.21,258.56,4785.11,2280.94,21849.15,4096.85,3016.18,105444.23,288640.32,73565.43,96830.62,558.23,,41725.81,50318.68,3057.33,4552.49,585094.7,35492.47,8906.57,22050.62,25004.6,76695.03,72933.32,,3702.75,9954.92,10542.64,10078.68,,,395.12,4132.03,3583.9,726.99,1040.96,18613.4,112953.75,252381.67,3990.0,858.75,6496.61,29935.39,30474.67,14632.44,200.41,974.29,9129.39,7421.9,277.03,474.32,13884.82,25473.65,11797.64,1060.2,,178.54,114835.86,5114.23,78594.79,3919.07,,30740.5,7106.38,,1944.02,7103.76,,2017.51,856.55,2222.59,319.17,730.49,4940.76,,16174.84,1875.86,116447.3,1799.79,13075.49,4629.72,5053.55,764.73,1043.24,226353.06,10658.39,4774.13,343.87,11193.93,29467.04,4039.9,110948.67,5668.12,29284.88,629.92,12030.96,6532.67,,,253316.5,24371.8,1003.37,37905.3,107583.26,18452.89,17928.29,2347.47,3889.77,,385.25,89921.67,289.1,8382.65,86169.99,87996.8,2167.08,130364.88,24416.19,,17664.34,1838.61,11148.5,562.52,20003.0,51532.21,42017.41,1027.31,743.15,,115545.03,1352.4,4096.85,313724.43,15815.93,7807.61,33970.36,720.28,83357.68,20173.33,10661.03,1354.0,39322.74,9340.68,739.31,663.31,24243.46,,,4678.24,18915.78,3485.99,60467.01,335.67,92659.61,13265.65,718686.5,26770.22,10016.78,2328.49,154.87,9639.68,250774.97,13606.05,10648.13,31752.91,1831.79,59255.48,80577.42,34708.53,34329.31,1075.04,1218.45,1552.07,38481.79,27771.35,23562.77,20232.33,63368.79,17553.61,7320.77,356493.23,219466.02,156199.49,24216.89,84791.15,6441.18,1593.43,982.75,40855.99,6377.08,23185.29,8659.05,,5372.35,10692.4,,37837.79,1344.64,8774.33,65952.95,470376.35,13702.47,1507.58,83.25,1305.54,2205.34,71339.54,2235.19,15878.88,3769.55,7192.33,6948.98,72.17,3659.71,,73777.2,33255.31,7754.84,1004.72,10909.4,32540.36,714122.73,87002.96,,102056.42,61393.46,95.03,147219.68,28599.32,22200.24,1145.61,262.15,3383.97,1090.64,,421.51,28655.04,353.08,110.7,,4980.63,1549.56,41898.4,30961.54,10846.47,198.3,1079.28,,3225.58,442.63,136286.41,75579.22,232414.76,26205.93,1232.5,,10194.25,,68572.03,467339.44,14204.22,1006.21,560.54,6820.71,3709.3,,169.9,186.04,5283.52,576.24,46921.09,2083.51,383032.85,8644.47,2466.72,929.85,14286.07,5069.94,4021.28,8496.69,6863.18,1081.53,10416.59,1441.18,41609.68,13251.74,4407.75,2104.98,34038.04,169.43,10703.66,304954.14,5605.9,3213.64,71654.74,322.84,6289.43,12529.64,1333580.32,0.0
S005,participant,5,B1,67.0,M,22.8,42457.72,31460.23,10522.73,86037.2,903.32,750.36,53415.19,52306.59,1266.14,6070.48,3691.61,8849.64,21672.11,9837.67,,17789.74,1824.27,,7197.25,11723.82,3709.74,7984.33,10593.35,84535.9,5883.12,3131.56,149437.99,799.68,905.25,34927.8,23579.66,239.9,13374.07,274693.38,87396.1,18645.87,281817.06,259.57,35895.24,92416.1,4124.87,459106.61,2995.94,7997.05,26253.75,1193.92,5928.87,86.77,19428.34,4083.61,,96341.86,,322.28,745.12,916.92,,492.73,,7107.73,171.56,586.0,9790.97,23891.37,142826.49,16328.97,50832.07,,29070.47,3267.53,270113.26,,4561.06,7266.18,5205.32,1163.61,159696.88,4619.63,1427.28,3606.25,27117.19,1113.35,2142.12,,4176.04,751.74,469.04,154577.31,,1225.18,,87551.99,35122.92,58781.86,2349.6,21062.58,23500.43,6261.4,,2752.63,41762.09,91536.57,41374.59,7253.4,,20196.31,,11019.82,1523.49,8826.06,1680.24,10800.83,82941.78,195842.7,212757.68,54590.34,524.34,61.35,9280.4,161539.34,8196.67,1264.59,456126.28,38842.53,4267.54,21232.97,10753.17,66369.18,87556.81,,5347.85,9488.25,6695.9,26957.81,3120.32,,450.07,2903.8,2343.26,890.49,649.26,58632.39,246072.25,195749.92,,1448.21,25888.36,18515.1,31005.49,7772.71,,339.05,26270.75,22746.85,,427.18,12520.05,12815.08,2808.22,,,176.67,131827.64,1855.88,30367.75,9922.27,,13700.89,5304.12,,2242.16,2901.56,9092.47,,501.95,2013.26,588.86,503.05,5641.85,263.79,12890.86,1616.92,50734.92,2820.16,14895.85,4398.62,3251.04,262.4,415.22,211454.61,31727.67,3915.72,215.35,10707.36,102305.06,15962.09,202434.1,4340.49,21820.04,975.53,6923.36,,4498.1,655.38,147223.98,21481.2,888.98,19673.47,85185.9,37068.14,39139.35,1385.19,4460.76,,,30856.39,322.08,20495.05,144230.22,64972.85,2235.59,206750.55,6748.81,,32948.59,1172.15,10567.0,431.38,52475.18,46904.04,22254.94,1968.65,,1875.65,111348.82,483.93,7222.85,58882.07,5053.39,6718.26,57732.86,685.19,64392.35,20524.26,6880.92,2791.95,139163.51,7305.04,,368.27,26460.97,4577.57,,3236.47,6921.61,2137.27,42988.76,584.4,16630.95,4646.31,422676.05,44801.66,6925.26,9166.12,,17750.84,211291.15,30607.07,1914.2,23118.87,4936.25,106714.09,82920.52,12967.68,32217.28,490.98,,1116.72,88312.1,15566.86,8526.74,16456.36,60621.43,19732.16,2754.8,533465.74,218394.69,137047.31,4902.36,108768.71,13229.11,511.11,2598.86,93329.59,2344.16,46791.47,10214.71,3846.94,3049.36,22087.09,,13263.02,1165.13,24950.95,44160.3,229559.84,41894.78,817.42,,855.21,815.3,117121.73,,16343.96,842.15,23586.66,16435.8,,2528.89,4686.56,52513.07,28718.19,4575.16,841.61,7588.54,16479.76,482944.88,47478.31,,57362.93,22816.97,,194002.27,20153.01,37640.15,349.14,54.37,3331.76,,,,22442.26,,,,861.49,1535.42,47947.95,15930.78,5626.52,,1055.57,25238.83,1861.37,,54678.08,140284.9,163000.28,33531.99,1536.44,,30680.05,11714.17,29470.13,304628.74,19480.43,2894.53,,2450.0,4228.89,4380.83,,,2793.01,,91945.22,3529.52,593925.59,4171.56,2303.23,629.3,5828.24,19810.91,3585.76,,5042.54,,14251.63,789.48,36497.42,9385.47,8340.59,5547.98,43029.62,90.08,11824.15,131562.91,2589.38,711.28,241257.1,232.33,4617.56,5504.67,791856.21,1.0
S006,participant,6,B1,74.0,F,29.6,690038.04,45234.81,13363.22,130429.16,,,84937.13,32683.62,1838.72,4486.73,6782.48,7420.7,,24382.5,,2439.77,2024.05,212.86,,12131.81,58671.51,6798.2,165221.65,57462.7,6421.15,4412.4,250250.24,1814.29,751.98,27188.07,3636.46,113.9,18208.58,241372.28,64416.52,17340.03,375155.84,,38611.91,100523.55,3041.47,397502.36,3299.5,13875.56,38937.33,996.4,3713.91,228.26,15123.21,4073.0,,47993.94,375.05,287.46,1691.7,,,602.47,684.43,11049.7,,960.83,3646.72,21168.83,89588.79,51682.38,26769.45,,31187.95,4758.56,46744.81,995.85,5188.39,20986.06,7763.51,2047.77,113089.04,,595.81,,30942.0,,,4613.95,2736.32,,680.3,134518.24,,619.68,1579.87,130407.38,16637.28,152743.41,4742.5,23257.57,13310.34,7907.82,1553.58,1319.32,77974.38,56648.28,7119.23,5321.14,,26524.29,167.05,12508.29,2010.71,91072.31,2067.56,1576.45,54193.31,175601.24,104210.82,84794.53,873.02,,27554.58,21561.53,2220.09,1903.87,506014.64,25873.48,7321.29,12805.87,178352.86,65388.73,41646.84,543.12,2663.23,14437.23,9877.03,3799.28,4563.52,2137.38,,3525.5,2815.19,450.25,1192.08,9732.43,245565.79,536793.03,3438.7,1188.52,3306.26,72525.5,38799.81,11851.94,153.44,3792.93,4695.89,22903.8,255.81,,20379.5,7326.17,4882.0,1038.12,198.24,347.84,90296.42,2205.93,104252.96,,285.49,27260.13,5559.59,390.19,,,,1247.01,608.88,3803.02,,687.92,2709.92,352.38,32263.52,3494.69,78488.26,3523.48,10899.52,4101.18,3423.53,487.88,,185815.71,4872.27,1585.1,,15498.63,101153.53,15699.12,52773.58,5034.61,14985.68,830.55,25755.91,5068.91,6871.83,,221360.74,32689.85,995.0,25837.59,39643.07,7761.43,46601.98,1152.45,3187.46,445.83,,31727.54,,23944.83,111851.59,55920.01,1356.79,107937.07,3668.49,1115.33,26716.33,,13593.58,744.37,15216.0,71503.74,14710.19,617.58,1040.1,2454.1,154245.94,678.24,8273.78,171458.68,7526.33,14728.65,32477.48,479.86,103578.02,27647.43,8066.13,1035.64,19830.69,4787.99,605.09,834.98,21348.55,6651.85,2658.85,6447.06,5569.51,8238.28,18150.57,241.26,18411.71,5128.34,492801.95,32755.95,7343.06,5591.91,97.58,10475.0,221040.23,13342.17,1984.29,28032.1,1473.89,90092.61,74684.3,14735.47,14950.38,848.45,847.73,1152.48,84416.92,60495.65,8590.5,6848.6,86621.98,56422.3,26867.12,382957.64,283601.22,129646.36,12774.93,143840.93,7660.09,904.2,666.69,114807.67,2042.96,49392.23,5513.09,4920.75,9266.04,11117.78,219.62,12144.88,2869.59,12999.19,53842.16,360375.04,20635.79,1865.31,,809.51,8778.1,69255.71,2509.88,10897.94,2289.31,3078.16,8184.58,91.32,3378.81,7375.31,163433.52,20087.71,4041.4,,8552.77,28722.7,448593.16,164267.94,787.69,235599.27,23996.45,86.12,156083.13,14019.85,9443.67,556.12,161.06,2294.7,855.96,,593.23,23146.41,398.25,81.9,110.2,1090.64,1592.61,34477.66,24991.33,23209.99,153.19,719.56,34926.99,1506.72,384.19,44100.52,103937.87,185239.21,43883.46,628.96,341.82,14033.81,15781.14,114109.72,328712.49,12987.48,,574.19,2871.97,11950.74,5792.56,133.3,170.24,,,49853.37,4684.97,338797.84,4341.43,2267.22,784.24,5130.12,3046.44,5963.44,6376.59,3624.86,937.52,7148.11,,26407.24,3803.52,2006.36,2675.84,31762.86,206.29,17502.72,477404.52,5327.15,1220.95,176411.18,,5369.53,6127.78,990697.27,0.0
S007,participant,7,B1,74.0,M,17.9,286596.36,41241.93,11119.37,165772.84,556.96,713.19,292131.42,139915.02,1930.55,3827.13,8152.94,15955.47,41293.89,3185.93,,2479.06,1317.73,299.55,5382.7,12037.0,23538.6,6374.79,66429.1,45302.81,15721.12,978.86,338334.82,713.63,799.13,101413.44,4886.6,393.63,35159.21,246083.52,103353.61,16662.12,722705.04,177.51,107167.88,112684.95,8442.47,835842.35,7035.35,6031.26,140183.53,875.35,5051.74,71.58,20271.92,2229.98,1036.01,18300.69,420.28,511.21,1353.57,993.29,,413.7,446.65,10013.26,204.0,1030.22,,29463.05,196537.19,13903.74,14973.08,55.87,29964.55,4845.76,97150.52,,10122.51,2175.34,12518.11,2097.52,99231.62,5609.44,2427.61,3337.29,9600.27,861.43,2697.29,18972.82,10092.89,618.39,518.48,112550.55,109.81,347.73,1480.17,112052.47,46976.12,19362.72,1865.09,32576.09,16485.34,8570.68,1148.52,4934.29,82544.63,38620.61,15321.77,6169.11,,24334.99,433.58,3544.85,1127.95,57039.07,3022.73,2005.01,80874.56,138862.6,86693.63,112319.0,905.81,67.61,7006.08,20999.43,1769.32,879.16,562636.49,33112.4,26928.73,12519.69,64169.67,73534.5,117259.08,239.29,954.97,10771.37,7444.71,4476.55,5670.4,730.07,320.41,3257.3,5012.69,1432.02,787.38,21808.85,178144.74,530212.36,,1169.07,5760.93,17113.06,35255.52,10087.77,446.76,2209.24,10294.89,20434.17,,310.05,14614.18,31546.18,2109.07,610.93,101.32,357.63,105543.73,2052.88,48407.49,8148.69,270.01,88168.34,13622.33,108.14,1487.78,2919.9,9617.37,1181.96,305.23,3834.57,717.86,549.34,9139.37,259.76,33093.96,1521.82,90864.38,9523.49,34996.8,14256.95,2528.04,490.9,434.48,262062.59,4433.1,1683.16,194.65,10597.16,97384.88,13289.51,67733.24,11225.86,25290.12,779.99,26757.66,3582.81,1836.09,710.83,843808.64,27436.83,2492.35,29080.58,157737.0,11424.31,16308.5,2131.05,5139.62,170.11,,17046.95,234.21,7183.87,254411.48,40875.02,2289.98,243722.46,4984.36,1116.89,75112.99,1104.0,27100.21,677.11,12105.86,51211.05,60106.62,,3873.84,1780.01,277162.59,1369.28,21837.29,52204.22,15908.08,6268.32,77173.79,742.41,193390.23,19935.8,5202.37,,28059.86,6634.95,,,30809.93,7337.05,1147.85,5822.67,6287.67,1893.8,21174.01,,36609.53,2466.68,134042.67,91580.91,21394.86,3813.06,287.36,5847.34,239233.31,9376.24,4311.46,31261.94,1102.61,193559.85,68330.44,14758.31,61445.68,1214.59,2386.31,1496.27,64474.8,53654.87,4612.16,28349.11,67950.14,6143.13,19197.32,311195.28,232118.8,127660.62,4234.12,120066.5,5084.3,881.98,573.26,32629.78,2124.24,33251.11,14188.64,5357.74,12554.05,7090.14,74.77,6667.88,1197.52,11355.75,89817.51,434865.81,17611.26,,,1432.75,5503.56,167790.71,3007.4,17701.61,776.81,3119.91,4699.79,,2529.22,7330.05,142301.62,18195.12,7098.28,649.75,13594.77,29364.22,343444.92,190966.22,256.45,60969.0,25819.39,,135720.96,23990.17,12723.08,1070.18,54.39,3532.24,,,2326.11,60736.87,492.34,,111.7,1901.16,3948.49,38045.5,38537.84,5317.2,391.23,1243.75,39909.78,2741.93,,48380.52,302025.26,202511.53,38323.15,2163.37,136.73,11618.03,4121.65,41419.59,93004.28,11731.73,2409.36,741.33,2833.49,1386.48,1447.47,,,6004.46,,33950.93,4408.23,793921.01,6599.93,7045.98,843.69,6438.84,3872.54,4669.46,5575.24,5008.72,,2864.65,1519.48,23515.91,4521.3,2517.61,1535.97,33075.09,,13294.81,226088.74,16847.9,478.31,113209.91,205.55,8562.06,8838.97,275830.85,1.0
S008,participant,8,B1,34.0,F,27.4,392280.07,33524.18,13256.46,142667.85,3168.58,625.87,169012.81,79746.17,2209.44,5590.71,9929.6,6201.87,37672.16,29870.06,74.99,32204.8,1818.46,948.62,,15942.89,33638.87,9633.61,85226.95,22885.52,7407.11,3572.24,390890.22,642.21,1177.89,9063.84,11534.52,113.16,25319.36,406270.25,93503.23,54262.7,526497.2,855.11,137217.09,110058.52,4727.03,336607.08,5044.17,21853.54,81710.86,1378.92,3548.68,217.83,50605.98,7357.81,,45905.97,,,1308.02,670.53,2002.4,290.07,,8657.44,135.15,445.01,6664.97,22228.75,48312.71,13664.39,36904.26,,40327.1,3827.72,323906.57,,7081.71,23386.14,6022.58,2900.34,153325.6,3183.84,689.43,12229.73,27365.19,,8149.08,6879.22,6034.8,1451.23,550.65,100710.95,,819.29,2861.14,65079.72,22697.48,184672.36,1775.26,50888.64,14022.88,9913.81,2675.36,4228.19,88908.63,37359.31,50482.71,14201.39,,14974.46,291.98,3978.85,1901.91,13740.64,4372.37,3983.57,61757.05,124721.17,160623.98,132915.62,441.98,,7415.89,258687.49,3717.81,3160.2,565528.79,74750.25,5438.52,18389.52,87651.97,56879.4,57482.69,459.25,2250.21,16222.37,8371.36,51200.88,3710.11,,1478.3,4251.85,7089.63,430.62,870.44,54486.01,124501.17,188937.48,4226.6,1982.94,10889.65,16348.91,25277.65,5326.29,309.36,573.86,30527.31,33215.29,,,22258.65,20815.94,8279.12,,187.93,157.74,264936.29,3064.25,79126.97,20076.31,,18750.12,3670.08,,7674.24,2642.59,32786.11,2421.66,567.84,1776.12,379.48,643.94,2747.17,173.05,11196.39,1314.81,96126.55,12091.83,3127.19,1282.14,3778.08,627.36,338.83,185272.22,53955.38,3671.66,234.16,20820.82,131376.58,19735.61,173845.87,2697.88,18404.12,1179.12,15332.09,,6216.95,2200.59,437040.03,19380.79,1312.09,12242.68,117843.93,31097.69,15769.56,,4453.36,367.64,418.98,57876.65,1095.51,7527.21,100186.98,39751.56,1110.57,56174.41,4428.07,,38050.8,1283.91,17681.74,641.25,25770.43,90121.57,34449.95,1156.14,1287.96,1246.29,217446.05,369.83,29033.6,47600.89,4313.22,5643.08,18811.3,332.06,142586.86,18664.47,7246.65,2001.14,55936.01,5425.13,,352.63,28631.34,5322.15,2323.59,5419.41,19371.96,1546.73,41884.91,436.19,28508.73,8762.37,395405.9,44020.91,4428.57,3471.28,187.42,9724.31,248403.41,14532.03,3118.16,27906.54,2723.27,69319.7,124514.4,18327.3,47381.83,636.88,1538.23,1574.04,46102.12,31832.16,17730.68,20717.96,51155.14,70889.09,4476.56,142302.59,185257.41,225842.91,3949.97,130118.49,6505.75,1265.94,1105.25,34504.72,6621.89,27089.13,7337.78,4387.9,5708.66,9498.09,,21059.31,1077.58,21310.12,120655.61,399912.47,29351.67,761.09,75.78,,1271.0,43854.42,9494.49,8073.69,2143.67,41139.5,11262.98,,3348.62,5360.23,59376.71,30044.39,,,20522.91,30745.15,316625.32,102959.23,,51482.03,36246.46,97.78,57242.0,14571.89,32833.87,297.01,163.78,1750.92,1103.7,,912.12,14192.56,1658.14,,,1467.48,1809.86,94341.09,18708.84,4765.62,287.37,577.12,30270.34,,447.63,141637.62,164004.77,207033.13,38109.67,647.09,299.48,21617.89,14630.07,72436.15,276754.93,4747.2,5553.86,1953.96,3803.16,14227.59,4667.37,,,5325.72,546.92,46163.6,3622.87,190914.79,9921.88,3164.17,1023.42,8235.29,7296.55,7757.58,11714.3,3870.1,1144.81,6936.5,1364.69,37195.59,9155.47,7263.79,4231.98,82466.51,86.12,15131.8,341211.72,3840.44,1603.58,101526.86,201.31,11648.51,14221.45,801015.26,0.0
S009,participant,9,B1,33.0,F,32.0,263786.57,26295.24,15456.55,106937.23,426.63,,233842.04,36181.02,1581.36,6669.3,10536.6,6019.69,34589.57,3559.42,,19768.57,1561.14,,7354.68,18245.87,22760.17,12589.46,62313.56,103782.5,15614.94,2179.6,368608.05,490.49,1663.3,28677.47,18193.75,293.39,10388.3,541032.94,120666.57,56962.51,223868.75,144.16,60328.55,75622.12,7393.57,335312.72,3279.17,13641.1,114417.55,1868.21,6671.74,392.59,62533.93,1413.34,830.13,80182.23,529.68,1454.21,1056.65,536.22,2154.73,330.99,594.9,6373.3,109.6,1602.76,1571.04,18981.07,54103.01,16621.31,29085.91,,51369.0,2892.24,139625.86,,4983.53,2952.0,6570.29,1587.67,164262.99,2704.14,1603.22,3976.25,42882.36,1233.02,2591.5,30301.41,2825.87,156.04,521.32,152361.66,88.93,708.34,2555.89,40298.65,24581.93,21827.41,1397.73,12375.05,25064.74,7037.94,2446.29,1369.62,53544.27,42359.14,23330.64,7012.56,61.71,8459.16,239.19,23424.31,1191.86,25170.22,1265.88,7470.08,194177.85,191822.5,86036.52,138651.91,1418.74,,8423.69,154365.73,6535.81,1956.72,405855.21,32361.88,15455.32,19670.03,61957.45,54153.85,63550.99,,4063.84,7364.3,7775.84,30396.75,4701.42,,273.67,3134.42,2287.02,1026.87,920.87,27865.85,145523.74,1314060.14,3998.78,2344.31,17083.3,31086.16,20447.79,2884.45,229.87,955.48,13428.16,36005.76,,449.37,11611.81,8085.69,5047.43,1136.69,,499.77,119826.67,4891.72,86347.83,2270.75,370.28,55164.34,2898.86,,1278.07,,10300.43,1973.96,461.35,5605.64,328.0,543.02,7002.12,207.39,77366.06,1069.9,62459.89,4697.09,11836.06,4161.1,2837.79,352.11,,164576.04,34429.86,6572.03,345.01,7611.48,152639.2,23455.05,32450.9,3113.62,59493.09,1454.82,3313.74,5271.45,4099.09,676.27,667362.19,15171.39,2723.24,9100.41,40398.02,5749.6,96485.63,6984.89,5619.55,,408.49,10188.15,201.95,39188.39,98100.19,63011.47,1485.76,69197.83,7956.97,1457.55,56791.58,1746.16,7911.1,569.24,41619.2,39018.63,15410.27,261.86,7094.53,1381.56,92757.16,331.41,12128.03,57619.31,3744.99,4374.07,20181.83,531.79,61805.05,13479.38,5587.83,408.66,95320.72,16387.31,963.06,773.48,35677.08,6397.71,,4675.35,22948.09,3567.71,71950.24,89.55,19527.63,1405.53,684982.39,82351.81,5010.67,4113.84,169.06,13210.56,179772.35,18823.56,2244.61,23508.55,3983.8,72292.14,156657.4,34549.3,13971.48,627.32,1176.37,1082.95,50780.31,7079.47,3164.64,8333.61,44062.13,8163.81,9702.97,714867.45,140100.69,296115.97,5208.56,148835.25,8938.84,794.89,1808.24,204417.45,7096.41,27413.24,7227.43,4486.25,1508.5,13247.73,,3890.69,833.6,9458.13,39897.41,276093.94,17932.19,1523.37,83.54,4302.31,2095.37,39950.23,,11486.56,3955.31,23258.46,9932.65,78.51,2681.9,6675.99,377751.24,30012.11,21973.54,891.61,6983.72,20872.98,528002.95,22192.18,,103058.54,59565.69,97.73,315411.79,48429.04,5623.65,252.12,294.14,2404.01,1148.17,,4123.9,14512.31,,134.28,165.21,1201.05,3907.88,38948.02,18850.09,8930.86,206.49,750.48,34731.46,8442.95,430.45,164642.79,264717.3,148247.5,46781.66,1857.23,,12150.38,9932.27,81908.4,439097.93,25353.32,617.33,,6319.84,1576.43,3421.16,224.9,,4467.83,602.62,62394.14,2617.14,211215.55,2144.57,6737.36,622.17,13109.12,13301.53,2810.26,9911.47,11565.28,1066.38,11908.91,1244.84,38267.95,18288.45,1292.8,3015.44,39295.89,167.57,16109.27,378090.63,9852.99,1141.63,118957.64,294.9,4051.03,3287.14,1301191.82,0.0
S010,participant,10,B1,68.0,M,25.1,318709.85,53802.65,17180.69,107316.83,,3301.15,54714.75,42939.22,1172.25,8650.53,7369.09,7536.28,31133.2,5530.91,,2559.48,2611.02,1505.27,5665.35,10461.95,26771.05,6545.52,78126.7,53847.51,5533.93,2438.35,277320.56,3414.76,770.53,29500.4,15147.33,78.54,12004.72,152205.64,82558.83,24813.41,252230.86,,34552.27,223837.28,4214.58,428492.46,5504.15,14811.82,20019.02,866.0,10679.12,208.45,25917.16,3772.02,,16778.84,662.65,970.45,792.63,1001.18,,225.15,889.82,13372.15,220.89,483.3,2578.97,29450.41,70593.23,25763.48,27164.91,,24216.8,5784.14,135462.39,1847.5,7276.04,3930.63,4517.4,1828.87,220564.27,5621.24,440.69,4888.62,11660.6,988.81,3236.75,4392.99,3244.05,533.25,,135099.75,,626.45,2134.73,69225.94,36669.94,30265.78,9095.56,28657.27,40585.49,5686.71,2024.82,1464.49,49369.71,74197.55,21502.7,5652.33,,15893.61,124.62,20481.26,2298.13,40925.7,2637.82,5431.77,26073.76,167384.87,110517.41,89069.05,422.87,79.07,11014.68,20447.86,3822.9,2122.07,1014444.52,29236.17,6236.84,26414.37,74299.3,87050.57,81870.49,275.38,943.81,7536.5,,3919.15,3612.46,608.5,,2311.86,3951.51,252.97,,28094.95,266426.27,706326.89,,1236.24,13648.36,11930.01,22907.63,6418.84,106.6,1525.63,12916.2,20557.24,451.07,351.64,9252.5,9537.48,5099.5,1551.77,98.04,173.67,102478.27,2899.42,101585.48,6807.1,463.9,18762.5,3948.84,91.96,,14725.11,13243.22,1691.57,718.18,1790.41,717.92,,1832.65,126.14,43970.73,6793.88,55293.95,2814.07,11752.88,4159.18,4921.35,398.98,2129.49,286346.87,4256.46,2290.64,205.19,7934.9,82317.06,12549.62,296165.47,4411.09,7108.15,760.33,29835.29,7322.28,4438.53,872.79,139110.39,18846.69,820.82,14316.23,43349.89,46880.94,84687.04,4115.97,4296.28,196.28,,30991.02,,41391.17,138806.52,47385.88,2042.62,95362.84,12024.9,1722.95,35577.85,1141.96,9441.22,350.74,27840.12,36935.51,19733.97,492.69,1092.86,954.81,114072.54,831.57,7839.26,86863.42,9672.81,27289.84,26330.49,727.49,62879.47,14059.56,9682.34,658.72,71847.85,2070.33,,616.24,27970.72,5226.25,1200.11,3129.83,8896.54,1135.75,26215.82,148.15,27195.87,4687.15,162945.81,45028.56,5648.93,7486.92,78.64,17513.24,434345.48,26070.08,2580.38,58468.91,2479.84,85154.76,44226.9,17496.7,15923.57,433.64,599.72,890.74,96014.21,70325.74,8512.04,7340.68,44565.68,11187.82,13444.98,339323.45,151938.12,78908.79,7690.25,161647.63,12077.1,836.85,1350.36,184101.17,3102.77,49110.21,9760.91,3468.97,11071.98,22079.8,60.4,14038.61,5012.93,14284.7,75068.95,240160.39,23159.89,1291.08,,2420.28,3808.6,59363.77,15884.63,17666.11,2182.4,2814.99,8350.45,63.49,,4945.07,189429.3,35587.57,14625.04,667.63,12858.59,17220.88,411183.59,195525.51,223.38,33736.07,33201.06,,148859.83,7097.69,48921.1,645.18,152.13,3727.12,,,597.17,20122.8,2444.27,,173.95,1449.68,1398.68,34653.46,13098.72,3046.67,100.47,1186.21,26372.59,5909.21,,72306.13,144941.03,354226.93,54503.96,449.21,137.43,15608.62,11242.44,86134.38,112858.97,13187.24,2031.41,3202.2,3694.42,2246.16,3789.94,,302.43,3928.79,,83608.4,5143.39,291721.14,5728.9,2024.95,600.02,7250.55,9320.77,2724.14,8144.29,1505.77,,2652.36,1086.78,51237.46,5540.68,12250.27,2611.69,34745.94,151.31,16845.98,404498.67,3331.75,1209.38,215319.34,195.69,6058.65,7903.34,317036.7,0.0
QC02,pooled_qc,11,B1,,,,199683.53,28130.64,13828.27,106514.12,773.5,956.5,195958.13,77831.85,1490.79,4764.77,8758.73,8976.66,36692.79,11804.1,51.25,9948.06,1773.44,251.92,5337.29,10489.74,19392.5,7308.27,45985.73,42976.36,7243.18,2905.97,342315.54,1246.34,913.4,31742.63,7427.0,109.02,16056.88,276402.28,89216.79,26381.76,319986.08,226.34,40435.27,102552.11,4559.74,492612.01,6892.87,15749.02,75311.52,1197.98,3963.56,139.78,28912.18,3592.43,944.68,41112.08,,561.49,1013.4,718.16,,239.56,379.1,6833.92,149.35,801.43,1425.25,18677.87,80331.09,18414.89,22086.32,52.82,27258.8,2774.14,116698.31,1383.5,11349.93,7864.27,7898.71,1888.06,119723.23,3944.5,661.2,4325.58,15544.38,823.27,2472.03,8057.98,5914.65,494.48,582.91,174595.24,101.63,537.31,1666.1,77485.41,23484.41,66935.79,3648.38,33419.49,15286.46,8021.99,1777.01,2502.25,62300.51,46757.27,18033.07,6174.25,,16283.3,215.17,7080.08,1679.58,24503.65,3078.82,3145.59,48211.86,193249.23,136808.95,110193.51,772.32,55.97,9414.32,83009.91,3642.16,2444.31,524655.03,29339.83,5018.95,14737.41,50441.15,53663.51,59836.29,312.4,2214.04,10338.93,7421.41,15786.69,4656.21,579.28,452.6,3627.6,4521.37,359.06,819.2,24178.76,196180.04,585506.87,3385.39,1400.05,8607.44,15477.84,24175.6,6892.13,207.92,959.63,10898.15,21829.63,366.46,290.12,15245.32,18099.23,5613.75,565.23,126.81,296.98,103273.0,1872.42,58502.66,6788.49,,15736.93,4925.68,100.84,2015.16,4176.17,11610.25,1584.27,519.85,3064.03,462.8,553.64,2483.74,139.95,37656.24,2768.19,69759.68,3315.96,12620.5,4390.44,3629.06,466.3,620.94,181525.72,17269.62,3765.57,168.65,11023.88,90382.58,12817.88,141263.21,3604.66,14160.59,944.59,13007.21,2806.25,4627.96,785.17,454742.67,20434.7,1148.46,14833.22,79140.75,21057.81,30059.72,2314.85,4634.34,234.18,,26005.5,321.88,12040.39,148969.27,51428.04,1724.97,109209.66,4481.69,,37470.11,893.43,11230.45,423.16,26610.38,53105.78,34724.36,281.35,1712.84,923.98,127684.49,704.89,7789.91,61030.15,7940.57,9923.33,32693.23,606.91,85121.59,18218.97,6843.98,385.3,43799.24,4160.66,648.77,593.57,28453.06,6705.17,1497.21,3992.58,11836.03,1704.15,43739.76,91.82,40724.31,3990.54,204441.51,50031.53,6762.24,4613.93,134.52,13197.51,243553.51,19189.11,3950.06,31345.41,2174.72,102928.87,79007.08,12876.11,31082.62,811.67,1064.03,1153.67,69787.5,25113.54,7883.15,14934.87,50468.68,26242.37,8208.78,298992.74,173450.78,144316.87,4981.35,140261.27,9709.03,902.31,1150.75,63191.1,3674.7,37236.41,7344.9,5247.78,4955.15,16597.4,64.4,10331.27,1783.69,16739.84,80453.88,307431.01,30196.97,1165.03,,1237.83,2098.48,66238.36,2705.97,12814.33,1490.37,12261.51,6763.83,62.03,2810.65,8466.25,184967.37,21653.81,7619.07,662.69,12769.78,23095.45,443096.83,84597.23,224.29,50724.22,22353.62,81.78,116278.0,10859.73,29515.94,549.16,93.31,2301.05,906.69,,1055.56,19768.68,427.76,86.77,,2045.52,1692.08,38606.15,25812.6,5073.37,182.95,821.53,36439.01,3202.76,350.56,80050.3,159164.83,180844.13,51595.79,614.36,175.45,18367.08,11807.09,60775.43,149049.01,10017.5,2031.9,577.87,2334.73,5467.57,4140.29,152.7,231.64,5119.87,,65051.04,3158.82,335077.77,5952.26,3217.67,772.18,6150.45,5481.15,4510.12,7066.95,3187.42,909.13,7223.22,1202.78,28256.95,8428.26,5146.89,2238.93,30376.28,134.94,15571.01,267260.5,3015.36,1247.17,132269.84,166.17,8367.7,8748.34,441410.27,
S012,participant,12,B1,47.0,F,34.8,554505.42,28183.74,18735.23,90318.27,711.31,1126.66,153647.99,70613.13,2202.29,3877.87,17996.3,20038.73,45295.76,3093.42,,8132.59,2829.83,,4475.41,12357.18,49954.92,6681.92,127420.26,35054.49,10848.75,2260.19,735037.24,596.5,780.8,43894.72,5580.03,188.1,33157.04,202156.97,82260.44,37269.31,626251.82,204.69,98497.04,71999.3,7032.68,1051181.71,5873.5,6089.28,63734.95,892.7,8180.54,153.54,41107.36,2844.3,,42150.55,,843.71,1613.93,1236.75,3139.48,280.07,521.54,7090.62,216.62,390.14,10467.78,27072.71,52296.83,20822.56,17334.2,,33413.64,3207.1,306482.41,1850.57,9280.88,2362.1,7198.49,1839.52,105980.67,6083.54,1073.92,4705.24,58525.96,694.28,3069.26,5263.25,5327.94,444.41,414.66,123204.45,,439.22,1529.25,107699.24,22574.54,17829.28,1813.11,68582.28,33568.2,11470.92,1343.64,3096.0,56165.89,34194.62,44021.11,2350.63,,21190.01,330.79,13984.87,2444.87,23635.22,6150.54,2067.82,28721.79,142416.75,54012.72,276722.3,371.59,84.87,9558.95,67264.18,1981.45,984.97,373957.46,13101.34,8104.98,11569.7,141796.69,70313.75,62661.87,,2144.44,16725.61,5957.15,13333.92,6471.67,631.97,368.69,5182.75,11027.16,670.29,732.44,66171.17,167300.4,240797.67,,1163.64,5041.14,6919.66,17872.7,8923.25,345.05,968.38,28161.24,26887.62,486.68,280.39,21787.0,18072.1,2258.43,869.02,,126.15,42083.79,1544.26,67769.52,6287.06,,31690.32,7861.45,102.16,1858.32,4706.87,12730.23,1238.94,755.98,1450.0,769.01,459.02,4641.13,164.07,15304.19,1453.17,54292.04,9699.43,17549.1,5855.27,5251.08,396.38,701.73,226151.78,14539.0,2458.63,176.32,17637.55,111735.39,16523.91,206752.07,5449.49,8071.5,821.7,27631.76,4497.06,3393.21,998.05,400823.44,16145.3,1822.24,22775.89,94790.44,34404.2,50935.05,3738.7,4263.15,,586.95,21507.25,278.07,23767.69,297126.82,45926.46,1124.39,62452.39,9268.44,,58453.63,896.12,21723.27,747.8,13136.12,81539.3,35276.98,1914.99,1165.57,1184.24,240106.95,1794.29,21649.78,64115.41,24363.31,5814.03,19359.0,365.87,167355.52,14751.75,10587.73,3247.79,28270.84,2326.17,,,25455.35,7866.71,,6643.14,13964.14,835.24,28743.94,647.09,34074.18,2988.16,924077.08,95179.77,10079.63,3726.91,212.88,20530.51,172989.37,37526.1,3854.37,22695.71,1219.07,226801.67,61370.46,10363.47,33707.8,657.18,1618.89,1981.85,57796.99,58683.32,5925.02,15734.21,38437.73,5949.6,7410.6,223996.12,142286.34,105267.96,5418.27,185155.61,15692.09,864.68,652.35,119669.22,4946.06,31581.76,7457.13,5648.56,10987.68,26906.74,66.16,8926.92,985.53,7503.96,198833.31,255078.63,10703.76,,116.71,2176.0,1940.23,39059.46,,8442.19,1487.98,10053.66,5422.91,,2087.91,8407.92,70859.82,18268.65,12620.5,572.13,30026.27,19344.35,357111.73,175842.03,212.4,21926.17,19128.47,,91181.9,6987.1,40470.95,1746.16,91.25,1912.33,,,698.7,31703.42,,,,1646.74,2588.05,14383.39,21117.33,2102.56,274.98,593.57,44258.18,4872.95,,106707.19,265079.65,136223.52,59250.43,1151.71,,7273.14,8411.94,55886.38,603997.8,7304.22,1687.33,,2129.22,1423.27,2679.09,,314.14,6369.38,921.21,116837.35,3236.53,201456.14,12566.81,4497.96,1193.05,4252.09,3939.82,6350.94,6022.34,1775.7,,5969.44,1694.78,26939.12,7048.45,8525.42,1895.05,14085.68,,21627.96,311937.28,6598.37,562.92,109572.21,158.74,18843.4,18440.56,1821492.08,0.0
S013,participant,13,B1,37.0,M,33.4,130034.73,24816.61,16539.98,180621.28,1240.9,1528.89,166907.63,147004.07,2289.87,6980.62,6120.14,6945.55,40209.9,19281.87,58.56,9853.06,3170.02,311.73,6558.67,7707.54,12627.43,6557.93,30374.84,30229.66,5011.34,4740.3,240631.99,622.67,815.61,18317.3,4673.67,114.15,17374.96,218476.47,63396.97,26958.3,349514.63,439.88,62483.26,193232.4,3557.82,395402.29,7607.91,16158.32,76483.14,857.9,4250.78,155.0,31944.04,3384.71,1180.0,34992.25,,,,643.19,3242.37,,571.74,5455.56,130.04,1007.39,,21147.08,67536.85,16255.62,36002.44,58.78,20176.71,2631.08,81471.59,1760.58,10220.84,15684.53,7280.87,2324.91,181046.49,3476.36,611.81,5889.02,25606.66,1089.33,3716.54,6156.17,11836.66,756.72,390.8,126066.58,115.71,835.98,2990.53,39996.67,11200.21,120783.69,1542.39,48594.74,15268.39,10527.1,2758.5,3015.72,112316.76,33692.41,12133.29,5666.33,67.39,8411.4,,6920.41,2768.06,14573.09,4898.74,2039.6,65665.09,146192.08,61514.94,80856.37,1036.06,,8723.35,86093.85,4424.65,2512.82,1033370.47,27080.81,5753.44,19643.99,31410.12,56784.75,27153.02,,2042.33,10719.05,5941.88,18383.49,6488.94,,747.16,4183.2,11747.48,388.83,597.42,15885.52,123799.66,1234783.95,3859.43,1254.37,5092.54,14182.97,42824.57,3673.29,,656.87,8566.48,15748.85,465.49,375.52,14665.33,36172.21,6205.34,991.6,,360.19,98646.37,2069.37,57215.21,9823.01,,20161.05,6088.1,,3515.82,6277.51,15351.06,2401.22,963.8,3804.98,430.77,461.34,2641.06,,80588.14,1189.01,114722.79,5741.9,7688.1,2615.18,5657.93,563.39,891.79,200152.68,17095.26,1279.36,,12009.34,62374.89,9277.15,63205.32,5107.42,16597.66,766.49,19349.04,4842.7,8001.26,1106.73,458748.45,32975.59,765.94,8381.8,87908.72,10709.4,30328.83,,3199.89,,513.88,25858.93,528.11,14250.58,115656.51,41439.47,1300.18,92312.33,4496.31,,30015.91,,12705.85,,30166.01,56678.01,56929.97,,1428.71,,153905.41,1895.8,14029.3,57950.64,22732.3,5007.22,29057.26,463.66,86834.9,27676.04,12332.33,,26620.72,5453.39,1029.52,,19836.54,8855.37,,,10856.99,1759.79,15410.7,,38824.95,3805.12,367256.88,40205.6,9471.62,3025.95,,16157.57,447837.8,29635.1,3731.04,51834.77,2812.92,97057.55,71344.07,17449.9,32846.6,732.6,,1644.83,43690.45,36845.88,7400.17,16858.13,94536.31,41342.45,4763.3,210367.54,299446.55,120672.14,4745.48,152545.45,13636.51,1110.49,1451.41,64591.44,4035.95,23401.82,3021.65,6028.6,7519.51,20165.08,,10355.71,893.05,7493.17,234358.76,499695.65,13307.46,,120.77,,1302.8,53546.23,3495.9,9948.7,1440.78,12908.26,11330.79,,2072.64,9097.46,370410.61,34379.78,,742.61,39513.58,35497.56,355187.11,122527.6,,46963.1,28540.9,93.88,91972.64,15542.45,12081.81,1815.49,95.08,2187.78,1060.98,,736.69,26915.84,530.01,152.65,,2173.44,1150.55,35206.02,21999.92,4483.69,,670.52,47428.38,,398.03,86496.95,128268.53,391561.67,48450.11,637.29,,9347.84,19819.32,48424.13,239209.31,6622.39,2814.7,817.89,2999.41,9863.43,6989.89,237.29,306.76,5213.65,932.28,93499.23,2680.05,278310.59,9570.53,1781.21,1060.61,6802.39,3566.26,4088.53,11585.08,4392.62,1047.05,5192.75,1396.18,43601.33,3641.22,2483.23,3512.36,33035.89,,18227.23,226771.29,3558.85,1465.53,99453.91,,23667.99,12893.58,693786.43,0.0
S014,participant,14,B1,30.0,F,32.1,229645.67,22261.45,10051.32,62403.03,473.49,1327.52,268638.78,33462.32,,5574.89,7342.04,7231.0,45260.04,36119.54,,5316.79,2515.96,442.35,6254.77,10571.25,20345.81,8770.76,54709.35,17187.76,6514.14,4262.79,291990.28,1242.4,1106.1,15342.47,6523.46,148.79,15188.02,216550.48,132738.66,36121.55,296244.96,172.22,86679.72,92012.95,2442.46,411546.65,10241.34,27188.02,143771.37,1161.47,3758.79,143.9,38385.92,4935.83,878.72,54576.31,,1639.42,2634.42,568.0,3447.56,203.2,472.35,5726.29,117.29,735.43,1631.73,16279.47,55635.63,27806.42,12826.1,,26266.95,2401.62,149558.35,,15874.17,23860.23,15209.92,1320.67,148641.61,3370.62,1074.08,3317.21,12894.12,1104.36,2089.65,,2663.98,2520.22,466.45,101318.57,87.39,305.69,2953.45,93920.46,26129.17,212052.08,3348.35,11857.65,13728.63,,2898.64,1765.89,37224.38,110263.7,26010.34,6394.93,84.1,20277.39,164.04,8903.49,2210.8,90558.17,1179.11,2930.3,48788.94,108815.48,84543.12,103458.54,667.61,,14347.71,48906.25,6820.07,3764.3,427308.6,34242.99,6982.63,16975.74,61041.81,42778.65,62289.05,387.87,2778.55,7534.77,6232.88,9273.28,6183.72,1305.19,291.61,,13849.16,580.69,666.4,32340.98,136848.85,326066.07,5594.51,1650.5,6921.3,6531.72,29816.07,7627.6,162.51,3244.64,14235.22,20046.18,,352.2,10379.6,8454.38,10524.89,698.35,133.87,258.19,112419.11,1700.49,82494.99,32838.56,,23508.37,8663.27,206.7,1384.03,5763.52,8264.08,2404.66,659.21,2686.18,432.79,465.52,3973.56,115.77,21422.41,2655.21,39942.15,7397.72,5608.46,1922.34,4639.17,302.61,822.73,155356.56,10432.4,4434.36,144.17,9150.74,87287.99,16167.41,128004.37,7087.26,13511.6,1197.23,3202.47,3796.34,7637.18,612.03,759420.4,27039.7,1069.22,20036.09,56885.2,22605.73,40692.62,7424.28,5719.64,256.3,560.67,35382.97,209.71,17186.37,126718.02,35860.05,1219.33,77654.75,3979.74,,23330.56,726.76,11355.51,1277.69,50918.7,36769.03,15416.2,326.17,,790.32,118242.06,556.95,18938.55,93970.36,6264.02,11033.94,22091.82,386.55,74393.89,19474.33,9529.13,477.63,36406.39,4021.89,1147.66,757.72,41316.38,7276.77,1758.79,11067.74,13029.31,767.02,47378.11,94.97,58480.78,5382.36,197467.68,31368.03,11162.08,9871.66,107.93,37180.64,190286.04,55337.91,6883.25,22210.77,5355.13,88944.88,66210.59,11451.09,18974.14,1467.56,877.63,,47488.51,7254.24,9356.71,9799.48,62989.81,80255.35,28694.81,107440.75,212517.71,111498.24,7714.15,98925.88,22956.45,547.71,2438.82,85201.41,4540.96,25312.34,8162.42,5345.86,1451.69,38747.51,129.74,14174.82,1813.62,10226.2,239444.7,165369.11,16429.31,1495.87,126.47,4534.28,8272.24,44548.56,4391.38,8819.17,1373.63,8006.1,4112.66,69.19,2170.18,7952.85,99900.76,25885.51,25463.35,799.36,38221.96,12855.76,307828.44,22851.22,500.36,21709.77,20329.94,123.22,43545.07,11559.63,23335.25,434.61,89.85,1851.27,1542.92,,,36529.29,694.56,161.62,,3275.43,1598.94,41138.72,44899.81,2027.49,134.99,619.11,39961.6,9731.38,573.47,100940.68,94537.54,156463.64,30053.77,993.85,231.63,10693.07,18146.81,71047.48,127486.77,3864.89,9380.36,927.43,2208.22,15806.21,6341.33,248.24,,6012.41,884.72,165820.45,2614.64,218396.66,2424.98,2528.53,,5249.47,4881.65,3012.62,11229.82,3370.11,1476.04,8271.74,1415.85,40855.3,10103.13,5190.96,1411.53,37722.65,173.85,11127.67,344540.97,4114.56,2239.29,303449.6,125.25,23043.1,2950.56,365075.39,0.0
S015,participant,15,B1,59.0,F,34.0,155920.31,29922.2,16199.42,222376.4,456.78,647.39,555015.28,46961.93,1533.05,5245.66,7561.24,9444.77,62373.46,4485.04,,1628.32,2068.99,426.6,2729.91,11565.11,14725.24,10184.55,38232.73,57653.18,9628.69,6882.67,290780.28,3929.2,1177.57,22238.76,28184.78,86.21,34344.94,241682.6,70682.77,22930.07,714024.84,121.57,27263.0,172160.94,2046.08,450204.28,6720.51,12988.82,230268.76,1433.7,3658.55,182.33,24181.42,4681.99,,33740.35,,1748.26,,659.9,,,343.31,6718.26,134.91,1149.84,,18481.19,144396.66,10962.15,23781.41,,24997.6,3526.68,305103.73,1047.13,9873.62,3047.98,6574.83,1181.28,131128.39,3536.99,493.34,,7227.03,468.3,,15456.65,3712.9,218.31,372.4,120453.63,,501.52,1830.38,92315.84,41799.07,26017.9,11196.33,56100.01,13754.7,7025.04,1715.8,4599.78,132616.48,18616.55,50438.01,11649.99,,18260.4,338.76,2608.18,1678.08,62361.84,5007.83,10495.15,79253.05,154183.63,234177.11,100313.85,1117.39,,5770.69,13610.76,5566.53,1727.36,787805.47,72135.4,12498.25,14430.49,43199.03,57198.72,109850.32,387.74,1812.8,6004.23,5398.69,2570.74,8277.42,1199.44,234.02,3111.09,8019.47,327.27,566.12,65273.04,187934.47,918807.64,3359.2,1867.67,22635.73,5353.46,26367.04,7578.04,324.16,2511.57,26273.55,19816.46,274.92,160.23,8023.7,12034.39,4380.22,548.08,158.55,377.65,216929.71,661.21,10299.3,3023.43,,41054.51,12238.09,204.26,1146.02,2608.1,,1495.09,610.1,4442.01,482.4,382.04,2097.72,,60256.14,8565.89,161291.94,2316.52,8585.03,2928.3,3908.76,255.92,347.14,178945.15,2830.11,6227.45,783.71,6752.84,83693.42,11547.72,165747.84,9944.91,24330.93,1330.76,28673.55,2903.99,12571.27,,1454341.61,21793.62,1572.61,19094.81,146750.45,29554.09,10922.31,7253.72,3774.42,276.66,,35190.94,176.22,5050.83,135494.0,44714.23,1951.46,171003.98,3776.37,,20251.38,4052.88,27932.08,,34514.14,29166.32,21123.71,,3252.37,,332404.31,298.44,5905.19,37465.59,3589.45,33989.71,49197.41,599.68,177377.51,16253.56,7739.74,,138097.55,6825.65,,760.31,21800.68,9030.75,1864.28,,9633.89,640.67,74618.89,,36602.07,5156.18,117644.34,30029.5,15860.33,2213.45,217.19,11832.94,378015.19,19699.7,3781.13,40676.74,3076.22,88420.3,67415.87,4021.79,47181.75,638.18,1801.76,1189.74,68425.18,58768.11,9330.24,24862.71,52012.56,10167.93,20575.76,364706.77,178894.12,129696.46,3158.34,161403.25,8270.47,503.7,1525.41,22247.55,2828.66,36190.01,13406.37,7139.77,11888.41,12487.78,120.73,14888.54,6427.14,31166.97,148232.19,633444.34,42832.98,1636.97,,4102.05,5353.32,92615.32,3984.68,15665.15,1803.62,2035.54,7550.03,76.13,1851.93,9723.3,260586.07,24759.81,24099.17,345.54,25189.22,50733.33,379818.16,180388.93,378.12,17405.81,8189.35,77.46,140394.23,21979.73,30967.27,233.32,112.28,3015.08,906.26,,1841.35,48839.44,619.27,,,1969.97,2377.73,81457.22,20484.98,1626.39,327.78,1106.0,52658.0,10045.72,415.51,62557.53,87732.14,316554.21,52320.14,523.86,243.26,31824.44,29031.95,9587.29,67361.69,11514.94,797.25,890.31,820.65,2072.37,9409.83,,173.18,8564.23,,58540.77,3191.17,520679.71,11362.72,4166.36,742.43,1705.22,17303.49,2434.06,6865.35,5316.98,934.21,4471.8,2193.87,30439.44,15687.44,6435.96,2345.41,70540.06,188.64,19241.05,44032.22,8830.01,1152.37,54742.19,718.16,14612.55,13990.58,206398.31,0.0
S016,participant,16,B1,37.0,F,25.4,437013.74,25943.5,15825.21,126742.88,,1973.55,202785.8,91989.91,2948.74,11365.2,13060.73,11858.68,20728.21,10900.24,,5890.5,1111.09,200.62,6471.38,14276.41,33369.49,6481.89,99923.62,21749.74,,3378.77,499972.38,823.59,764.56,221406.55,9551.99,144.4,17503.17,414357.89,57414.52,37155.45,390541.46,,46438.77,78438.34,3314.08,585578.47,3209.41,10238.36,98350.71,923.52,3495.19,239.54,39628.84,3062.15,,19101.84,388.81,693.33,1141.73,583.87,,259.57,301.71,6535.52,123.6,451.0,2364.04,20080.99,58070.1,20860.65,23134.97,,36194.33,2716.57,132154.07,,5579.94,7724.08,,2048.19,268577.83,3355.21,939.41,2944.48,7938.36,1051.34,1990.15,12639.74,7442.87,314.95,454.89,177210.24,,566.85,2553.93,50581.94,23797.97,62988.46,1987.7,18740.95,12554.18,14202.54,2409.59,2060.22,77477.19,43444.74,21370.43,4572.38,,11630.92,343.89,22184.19,915.13,25077.48,1708.86,4035.54,18561.73,229433.53,61907.07,176456.0,413.49,,10843.98,46945.33,4715.91,1506.6,389164.74,25240.66,4912.41,33224.15,108446.59,50304.33,64381.15,,986.55,7428.23,6465.49,9899.94,6782.16,,,5882.49,4564.76,508.15,627.87,27437.29,138704.97,614972.57,,1325.21,9350.01,21198.82,27130.14,4008.6,326.79,1017.65,12829.74,25559.21,,401.55,9994.59,24122.59,3587.87,473.33,,157.27,86066.56,1513.22,77810.88,3718.11,276.45,18778.94,8836.45,,,7271.77,7747.07,1860.21,298.84,1703.29,401.19,541.24,3323.35,145.88,37199.48,1554.73,90930.84,4700.03,95169.54,26097.78,1974.6,435.09,1039.66,157790.9,10157.94,6971.66,258.1,8151.05,112037.79,15968.96,65123.71,7279.49,5915.39,766.37,5269.4,2635.12,5593.7,510.07,582739.85,25555.55,,10055.22,60439.14,11365.67,77050.3,3022.08,2657.38,,,24079.42,,35315.48,162710.77,69963.83,2125.69,89817.35,3989.97,1069.02,27791.31,1323.21,15675.42,572.01,31063.49,38692.84,40001.67,430.86,2654.72,988.02,163498.56,1077.74,10028.37,67887.82,14166.24,6545.5,23439.17,737.9,96652.29,20964.82,4159.47,638.01,50620.29,1727.45,,714.73,19041.88,8246.97,,4761.02,13503.33,2599.85,82626.3,148.04,18709.64,3842.49,107169.05,43482.22,10934.14,3656.47,241.3,9987.02,156650.95,15047.92,2004.42,21341.81,2828.41,126072.0,115967.67,10797.62,21827.93,,1798.56,2184.83,43612.43,11371.55,7313.86,10490.09,52954.02,23938.85,8992.66,146054.67,196115.85,204601.29,5277.59,152558.97,7906.14,1131.75,1551.13,175232.42,4385.16,26226.47,7515.36,5570.78,1833.72,12816.51,,9960.26,1221.01,7852.41,91104.96,374055.88,12812.36,1597.81,,1851.63,2090.39,45730.91,1888.81,17253.29,2548.07,6797.92,7505.61,75.44,2223.93,8365.75,172925.29,48509.76,10245.93,795.47,14811.94,26387.0,549399.42,32937.38,,68372.62,18573.46,,62880.21,4549.86,12341.87,1046.27,166.15,3522.52,,,1598.63,34281.96,288.67,,121.61,929.86,,28603.82,,6583.04,288.52,1111.15,43737.96,4226.07,,105946.53,130873.17,154728.62,53894.69,842.3,,8828.99,13842.79,66246.72,78703.53,5253.6,938.56,413.64,1874.64,4902.93,4815.49,,,3100.78,,51039.43,2963.11,248036.67,3293.08,,1330.22,4326.95,7272.6,3271.27,9286.8,1162.69,,3014.11,717.73,59239.42,18816.97,2800.84,2333.56,25507.18,179.43,15921.43,326176.65,3444.04,897.28,114822.74,215.8,9762.2,4602.36,217677.13,0.0
S017,participant,17,B1,45.0,M,31.5,45783.58,48795.92,16021.09,97400.18,1361.83,1292.77,111902.16,41047.29,1573.43,2131.28,11307.13,4847.18,40149.81,16426.95,,15903.36,,551.61,4010.85,9801.27,4287.16,6283.73,11317.76,27962.85,11834.02,2619.63,396196.72,756.72,766.46,27734.53,8466.6,80.57,13721.12,200162.86,92902.72,31526.06,292668.92,425.88,24316.7,109767.49,1161.51,260894.34,4962.84,16305.7,52642.96,875.21,6011.8,150.29,34108.85,5049.46,1346.25,44638.53,478.33,588.61,,,3080.89,465.45,250.07,10782.78,,894.89,1520.19,10273.62,40964.34,5285.31,27981.21,70.4,25599.37,5491.2,201454.06,1579.98,6933.88,11318.95,7662.49,1941.1,53184.41,,478.12,6842.32,14736.93,655.56,4406.19,3890.81,3041.99,226.22,584.42,117704.53,147.52,648.12,1714.43,60900.26,14934.01,89937.94,1887.01,45691.41,22103.13,6985.03,1767.64,701.29,46256.08,42688.15,30960.49,5299.56,57.81,14481.44,486.74,5071.26,,30508.61,4128.59,3459.86,35336.4,146818.21,31026.56,150218.69,842.4,,2661.67,141760.99,9142.9,2392.03,523025.73,26811.99,6425.26,6518.27,11520.99,30048.27,39922.46,,2301.92,11690.11,9924.47,25584.32,5762.51,1375.87,774.0,2770.83,4879.32,349.83,1118.36,39246.07,193522.06,208017.89,4681.69,1075.87,7327.2,9360.35,31259.26,5368.64,456.22,1052.72,19001.07,20133.86,397.99,214.06,13446.68,10279.29,6107.96,418.9,,332.1,86429.98,1205.26,48240.73,3282.52,326.4,22055.03,4073.65,224.2,3412.0,4546.25,18093.79,1708.94,,3275.05,,796.98,2207.78,234.92,12763.96,1641.8,57713.51,1972.31,10793.7,3944.0,,444.42,656.1,100146.19,28762.78,9357.87,272.62,11008.37,85755.0,12707.21,37492.9,3285.1,9582.44,770.92,7513.41,2002.71,4405.06,1329.79,314851.93,23262.34,1788.67,12615.61,21784.33,6782.19,23121.84,2438.23,4485.87,,541.19,38037.92,495.88,8359.86,86757.32,42451.07,1495.44,60753.29,6240.17,1296.05,10204.48,1301.01,10178.5,,60367.76,52141.25,18268.87,288.96,836.78,1764.22,110157.97,363.73,4758.04,17510.52,4116.53,5922.13,16508.84,442.6,70905.93,19048.35,,420.73,43244.83,3015.64,931.8,1451.52,29906.97,8582.56,,,12078.11,1031.73,101093.22,93.8,24712.77,5074.97,204225.78,14208.03,5342.47,3600.12,294.61,21460.55,216510.21,31831.95,2904.46,26997.01,5137.49,52926.87,56197.43,10155.23,7737.67,771.83,2281.23,1227.9,68408.59,16426.56,10949.53,4098.94,53940.43,31048.43,10363.58,188660.7,198918.71,112634.26,1295.29,147368.54,15363.45,976.44,2877.74,41942.04,4093.23,35951.06,4667.21,5842.65,3188.23,22514.58,124.97,15178.34,1124.82,3668.37,90436.13,231290.83,6375.92,2692.19,127.83,1496.42,2549.62,31524.11,5876.05,10758.52,1384.8,22320.48,9544.56,152.53,3401.5,9121.78,61953.33,9334.42,8266.7,462.61,14476.07,17163.24,352549.03,49713.82,466.96,29454.87,16433.97,109.74,77808.02,9734.63,7206.72,271.45,99.57,2035.94,1306.84,,468.62,15979.84,936.02,134.73,166.4,1337.88,2902.97,30950.11,23180.51,2668.68,437.76,722.92,43723.49,3231.73,544.03,90744.61,43658.89,204584.47,44842.48,544.0,,4439.96,10497.64,41729.39,127063.24,7098.89,839.99,1320.66,1759.15,6507.0,4187.17,197.09,266.88,6317.56,718.17,102935.9,5269.01,162900.21,8860.31,4134.16,644.94,3728.98,5455.43,3906.78,7384.68,2332.81,1301.62,6659.47,1359.28,14227.74,22871.41,1393.03,3010.26,25079.79,316.51,17821.9,207776.79,4273.47,1484.9,112613.89,217.58,9452.11,11271.44,384949.57,0.0
S018,participant,18,B1,65.0,F,32.6,183614.54,31924.81,47739.41,59423.88,698.95,590.52,1186759.11,164405.09,1241.71,9524.73,15357.23,12828.45,25893.51,20465.33,,,1097.8,,7345.23,11935.24,15914.28,5265.43,42128.73,84329.65,11945.5,6305.93,618122.7,734.11,617.25,16636.61,87369.27,82.58,28734.79,351349.71,161933.94,38155.12,584180.77,224.25,60850.66,75600.35,4093.71,685122.63,10578.7,7662.65,433658.1,838.61,3619.89,81.67,37144.73,2789.32,947.72,20560.55,440.47,400.26,992.52,948.4,3628.5,196.66,,7437.78,190.37,687.55,,24358.26,139425.31,37347.63,26481.55,53.39,29738.27,3645.46,339032.05,3439.0,15347.37,16533.57,7291.58,2066.04,241905.11,4808.28,542.04,3951.97,14147.76,987.09,2807.78,20903.26,13863.52,817.38,733.07,143045.82,104.58,638.09,2576.25,94066.83,18038.51,124207.69,1731.56,,13710.82,5748.94,2512.63,1544.58,33564.38,51439.59,57539.09,7011.73,116.74,18546.46,194.94,7032.65,977.48,72890.09,,36191.91,105460.96,169837.22,46596.43,202110.65,565.81,75.34,20017.39,,1444.3,1110.16,381830.73,40340.52,3157.42,30254.73,42606.61,69239.96,40058.83,574.55,1013.11,11573.33,10364.32,,7146.33,,422.97,2536.31,3117.75,319.71,1175.64,62343.63,131945.34,396401.7,5392.48,996.16,75537.94,34264.44,15339.86,7924.52,165.8,2839.51,30371.31,22335.4,871.29,439.0,18943.41,40330.53,2647.33,,229.99,219.74,126398.02,1836.45,48235.42,10370.15,276.44,10991.62,4651.83,,2003.12,2548.51,10950.82,2182.25,249.81,2503.59,599.73,831.04,2181.51,101.49,22855.83,1536.29,43941.17,5041.72,6367.56,2296.16,1825.66,474.4,376.05,208237.32,,4783.17,440.84,13618.88,94322.91,15301.57,111205.56,3943.23,30704.91,661.63,2743.31,,11579.92,664.56,3069576.19,11237.27,1858.21,21064.78,44108.97,19480.7,31694.81,1769.8,7015.67,485.1,683.58,19501.44,328.76,14136.68,196173.97,43845.03,2530.08,179507.59,3937.52,1145.48,39658.4,2355.72,19045.78,443.1,10261.31,63891.45,72681.53,,4281.56,791.12,257554.67,1665.97,12496.03,127784.82,19069.39,6000.47,50012.09,760.33,161159.89,9549.44,3686.07,,450101.08,8555.57,2075.03,545.26,48789.9,9515.03,3131.04,3834.87,13152.51,3343.8,55521.42,,59140.33,3190.94,216800.66,48309.84,6130.66,5161.43,105.97,21707.35,170364.03,33801.41,6641.87,20637.02,978.68,146719.27,107105.45,15493.02,14772.87,819.38,954.93,995.78,46376.65,6029.34,4960.96,9454.5,30458.91,42128.18,25110.75,524736.01,107594.29,200543.02,10226.47,477855.03,16377.25,834.94,458.29,65352.92,4331.81,23089.76,5473.03,7095.48,1019.46,25745.64,,8152.97,1144.5,5542.56,61779.42,166515.09,9345.29,1122.47,132.93,1040.06,6862.05,107554.17,,18577.53,852.26,,9682.74,58.8,3577.1,11454.79,125813.19,44783.03,6002.25,979.66,11022.12,12445.88,413231.13,17191.97,,98736.2,24009.99,129.93,215465.43,28601.14,21668.32,1192.85,60.52,4054.88,1482.79,,2585.47,18631.9,,320.85,137.16,2879.56,3209.77,39872.18,24969.66,9748.76,161.17,1371.5,50854.26,2340.12,559.94,100243.16,151248.32,132080.82,147757.96,466.75,382.38,6090.58,25454.74,41465.87,153836.62,20127.42,2839.18,,2835.62,10264.51,9199.08,422.26,602.12,3856.75,975.26,109412.85,3535.16,525199.48,,4532.6,519.61,5607.74,65339.24,5284.89,10260.25,6413.5,1474.03,3174.34,917.38,59949.43,12415.81,4409.57,2958.59,41921.42,120.59,49339.3,200339.8,2314.86,580.01,154902.25,399.95,6574.92,,443507.29,1.0
S019,participant,19,B1,75.0,M,26.3,257383.17,58821.46,19451.34,75563.8,,2412.05,116521.13,70866.09,,4656.64,8853.94,4981.49,50370.26,9809.13,,6917.45,1671.88,227.59,5570.83,14305.0,22911.92,5008.53,70280.65,27724.0,,,358863.0,632.04,712.2,14604.91,8004.59,244.35,9183.86,142504.69,72663.22,18208.38,201711.56,,74531.88,80142.13,8652.92,274085.24,10340.1,10390.07,47869.29,695.42,,131.88,18031.13,4075.32,,18566.85,624.51,715.15,622.12,863.91,3705.13,248.32,266.69,15300.51,167.63,591.14,2688.25,37117.64,113056.12,77815.33,,,34215.89,6596.41,57982.02,1810.16,13372.37,7570.55,10419.85,1266.47,114577.74,4394.24,1455.13,2565.86,4772.93,846.96,1978.19,44174.3,5059.91,397.91,,110643.91,,,2722.14,90994.21,41447.28,60613.55,1737.41,57747.53,,,2866.38,1972.63,35606.73,25679.98,9887.05,6045.83,,18820.55,,4240.69,1401.88,60308.67,4542.94,3335.7,34417.36,137676.85,153930.08,121849.06,528.3,63.79,35588.31,48891.88,4335.99,1609.59,431273.4,34581.43,14343.11,12884.18,61102.54,99824.77,91660.43,282.71,1027.47,8439.78,,9313.12,11878.24,551.35,,,5538.77,866.44,,11409.53,196401.06,859471.03,,893.83,8250.97,17183.82,24038.32,8511.44,,2614.86,5692.83,26418.19,486.57,306.62,10852.27,17400.69,3880.98,344.1,98.27,226.97,107717.66,1145.78,164179.06,5216.57,407.13,53306.72,3520.38,92.01,,11516.61,7358.94,2051.99,423.49,2143.73,492.11,,6079.51,156.27,59519.49,1344.98,43815.19,6958.82,6028.0,2016.56,3048.05,283.16,1590.55,341543.12,10229.39,2653.09,183.67,9576.72,110020.6,17018.4,69732.28,3294.59,9055.36,592.16,24360.68,2020.86,,499.4,300533.78,20493.09,,19050.98,59775.86,11928.2,17137.39,2740.97,3655.45,205.83,596.69,30960.39,,7396.64,81213.57,39256.42,984.5,145505.45,,1625.54,74735.57,1052.73,7558.3,310.63,30457.27,41446.57,30196.99,470.74,9030.77,1040.42,89878.97,216.29,14796.61,258927.72,2675.88,5607.24,40715.31,330.83,52612.06,14296.95,6607.59,695.97,42803.24,2875.18,707.89,,23395.66,18001.24,1342.31,2454.14,6822.02,1688.97,31866.45,154.55,52760.49,5065.09,69041.06,107971.01,5619.99,2204.77,,15433.51,183079.72,22534.53,5997.69,23784.17,3070.91,57995.36,42039.17,8499.44,23566.71,1082.56,,,69073.71,52628.19,8787.0,10692.2,46936.02,20421.12,19372.9,166632.97,163936.57,77257.46,19701.5,196132.28,12026.9,579.96,1601.86,39351.19,2240.42,35877.22,11434.66,9883.29,8299.13,18445.87,60.07,11870.35,1052.01,19136.57,95407.27,186675.51,28507.46,,131.43,1684.87,4932.01,84403.22,2251.86,7179.16,1322.55,7110.34,,,,14827.05,256603.43,20606.15,9612.73,694.16,14300.59,14535.91,317132.91,148157.28,209.14,53491.51,15277.78,,65168.93,8824.33,13020.9,194.74,84.01,1437.7,,,5910.06,16629.21,396.01,92.2,168.17,3004.25,,40250.68,32617.16,4985.42,,482.23,79066.93,3657.97,,49565.74,315742.85,163640.03,62248.27,1513.79,165.33,21604.71,,145486.27,46428.87,6570.54,1352.87,517.95,1672.48,4806.04,,159.43,314.96,7241.81,991.58,79792.73,6771.55,433663.72,11361.82,,,3707.15,5196.9,3513.24,10857.85,2183.85,,2897.48,1944.92,26663.91,7876.38,2701.13,,33753.9,,22848.47,702984.36,9597.98,948.77,68507.71,179.55,9759.49,15149.42,134965.84,1.0
S020,participant,20,B1,41.0,F,23.6,64808.58,21279.49,22270.31,88056.9,771.72,1612.6,175736.75,65784.48,,7198.89,11706.31,8452.85,49825.77,9985.78,,3667.08,6195.77,554.25,5574.69,31526.19,5413.79,9590.1,16021.84,47704.34,10020.79,1149.89,437506.74,885.85,1019.02,32126.45,10300.63,90.22,16953.59,310286.79,43016.86,28934.15,331783.79,243.12,17617.34,93062.57,3350.08,482968.65,11361.88,19161.41,88594.46,1476.64,2855.96,117.06,26887.22,1235.03,1264.74,41962.5,736.78,474.08,1565.06,,3105.13,398.19,307.88,5192.62,,673.01,3592.07,17514.52,150672.21,19625.47,22652.67,71.1,79985.36,2367.73,75531.61,1317.44,17090.33,7118.87,9572.34,1235.45,181740.7,,558.18,5347.7,20362.56,991.23,3599.47,,5012.88,361.29,696.87,106357.26,135.01,502.81,2574.22,65735.2,20389.74,58128.6,2009.73,37601.19,10173.77,,2158.16,3450.87,50523.82,39272.1,12104.74,6957.88,80.11,13633.93,,6991.29,5505.67,15135.72,3477.34,4215.42,39887.09,134681.8,97809.33,148075.24,597.06,,10705.92,32010.42,6569.6,2736.22,453026.52,34198.07,5545.17,22496.86,15700.85,48883.08,56582.92,362.86,2266.54,5574.66,9262.44,6475.47,6827.49,580.01,429.32,,10624.24,353.22,1029.88,16712.05,90325.33,140197.79,2962.29,1826.23,10669.82,59469.99,27302.29,6032.63,,566.47,7338.43,60848.24,353.33,322.58,7971.73,14311.25,6816.75,590.26,124.32,241.75,125508.61,1469.0,37650.2,4790.41,549.18,18601.65,3784.44,100.28,2090.41,6010.21,13589.48,1952.24,1723.35,2436.55,,691.04,2430.3,217.42,9291.48,1560.79,56961.34,1658.81,12135.86,4249.46,10987.43,275.27,865.79,165590.7,6456.81,4962.77,,6425.48,241296.52,34369.2,86242.27,3508.8,11549.56,1237.1,16941.26,3037.08,2078.88,939.11,504219.81,20808.21,1694.05,14586.32,97544.91,14061.56,26887.21,1820.6,1956.18,232.26,578.51,8588.26,351.56,12007.04,143321.71,41743.6,1470.23,184286.46,2920.27,1951.23,32541.89,,12251.82,857.47,43332.12,28031.43,28679.22,671.44,,1611.74,145391.95,886.89,3838.16,70198.12,11435.3,6693.03,55518.53,492.71,88532.21,19925.93,22683.06,848.2,59240.23,3204.73,1213.94,580.78,13739.77,8488.1,1553.89,6675.04,10532.04,6588.28,53215.81,210.64,59145.61,1268.34,323522.62,36295.44,5730.35,5146.44,,18135.43,207388.83,26171.51,6275.44,27236.45,4374.49,112009.44,89680.94,10881.15,34293.7,1120.11,,,29625.55,31373.4,2583.63,18436.63,56219.68,18686.16,5225.55,286723.64,193129.13,154660.09,5348.61,216169.28,11961.89,584.01,1982.07,59764.11,3796.69,16885.53,6968.55,6404.27,6458.45,18255.76,58.11,3496.33,1158.1,12242.65,190483.63,234240.33,20638.3,1184.26,107.67,1190.02,1401.28,127472.54,5558.2,11653.31,1096.61,4515.83,7226.22,58.13,3518.41,9111.93,39308.47,32054.38,6072.78,604.08,33366.73,19418.07,332210.36,101423.0,215.28,181003.87,18726.57,79.64,115389.83,9675.93,17332.8,766.48,83.66,2158.88,875.21,,,17173.61,909.09,188.46,236.49,3074.23,2512.22,44083.9,30674.36,18955.11,,758.61,45163.1,2298.97,284.67,77348.05,127102.37,179791.52,74191.77,533.88,198.33,12915.96,4919.8,40973.23,228904.4,10703.17,1195.84,1195.9,1934.79,4875.68,1616.42,272.27,213.17,7350.41,699.58,85367.35,2248.72,598164.96,6704.06,4158.23,,4034.63,9078.55,2289.48,9241.82,2882.25,822.57,6187.0,1798.72,43324.21,12075.29,3574.49,2275.19,38830.09,140.67,23825.69,187828.5,3603.4,1776.36,142076.8,,17699.8,10091.23,637826.34,1.0
QC03,pooled_qc,21,B1,,,,201505.97,26181.69,16875.03,117284.7,817.48,1051.69,183849.07,78842.41,1897.95,5609.29,9972.1,10412.4,45540.73,12780.23,,11162.64,2070.99,242.36,5597.24,14970.42,17516.11,6432.97,46870.75,51487.34,7622.87,3427.75,366778.17,1075.63,806.62,24123.75,12359.28,83.71,16314.35,249989.18,96144.36,25693.92,339832.6,294.91,39075.56,108643.87,3365.95,513518.17,12398.61,12424.58,93651.31,963.79,4079.41,147.02,26244.13,3300.23,983.83,31164.43,492.26,828.5,1070.07,759.59,2374.22,234.8,331.22,6253.64,145.83,722.34,2077.82,17361.62,81443.88,14545.02,18485.83,,36729.41,2875.16,113619.19,1558.34,17902.58,9346.59,8622.46,1662.93,143539.78,3860.84,546.95,5073.83,14293.83,910.61,2998.21,9070.29,6345.89,556.28,509.61,115573.75,105.12,449.24,1930.75,75838.54,25781.3,76904.49,2382.17,29406.51,15024.78,9321.56,1594.15,2546.74,55349.59,37795.87,17995.39,5273.11,51.68,15397.59,208.26,7162.86,1694.44,32050.36,2780.02,4465.29,41106.08,160982.8,138766.55,131926.54,686.71,55.9,8336.66,85517.72,3597.94,1761.6,503837.84,31035.85,5941.37,15511.41,49730.33,46193.56,62908.87,381.22,1546.87,11224.65,7391.2,18134.25,6255.87,701.63,434.86,4470.68,5573.09,342.56,725.27,23310.85,159185.42,536281.93,3662.31,1109.0,11324.02,12109.34,27105.97,6586.6,194.08,1368.16,9997.91,31131.98,385.06,338.7,17176.04,20320.55,4569.99,528.58,131.95,263.21,97126.12,1594.65,68062.36,7783.37,340.09,21727.93,3700.39,108.13,2176.58,4298.65,13174.01,1569.09,655.37,2615.25,472.89,578.67,2299.32,149.18,32958.21,2150.89,72501.14,3147.34,10266.36,3227.34,4089.02,396.54,588.03,169913.4,17403.92,4149.18,169.28,12696.9,116070.68,16191.11,130042.33,3430.11,12845.52,767.82,11499.63,2745.18,5346.76,933.3,492370.65,21822.78,1202.43,16385.82,77253.64,20578.84,26774.91,3063.59,4718.71,252.37,407.16,26895.6,337.45,12955.84,158384.69,47509.56,1642.85,107522.63,4626.91,1310.79,30809.27,941.14,10938.46,593.16,24006.56,57891.8,35631.39,387.77,1756.83,1043.17,167787.08,587.08,8635.94,49768.94,7700.12,8623.9,32491.22,469.14,81121.11,17531.28,7990.31,625.28,60012.08,3503.39,787.77,671.76,29822.47,9168.51,1675.34,4960.28,10846.11,1674.47,48466.79,122.96,64255.13,3636.26,219194.92,38898.2,5702.79,3855.65,148.97,14514.96,213326.43,19127.1,6696.12,27949.11,2379.35,106658.09,77081.37,10995.57,27438.25,908.59,1068.6,1595.82,52369.96,27318.89,6805.95,15432.06,50156.94,27349.84,9752.71,351975.87,179401.39,125153.99,4269.42,169537.04,10658.24,779.64,1189.2,62142.96,3450.71,31137.31,8094.58,5950.93,4578.37,16491.95,81.54,10463.02,1561.7,18098.56,107361.32,296833.7,29367.87,1280.36,96.46,1862.12,2701.2,71322.23,2606.14,12122.18,1401.84,12505.59,5592.52,68.82,2462.5,8395.46,173870.74,25500.27,10713.15,686.57,17887.11,24826.13,360691.32,82301.34,230.52,43871.77,18394.04,72.42,146134.16,11572.65,24624.31,574.8,101.7,2362.23,957.23,,1163.47,17560.61,427.57,115.47,137.85,3642.65,1869.91,31147.87,28151.45,3646.27,168.4,859.36,44292.6,4708.3,393.5,74108.11,124103.39,194280.54,56683.77,547.69,220.1,18530.34,12531.79,62074.25,143821.42,12623.5,2217.24,572.52,1965.18,6037.46,4574.82,176.04,264.01,6979.54,650.97,70161.04,2733.39,332194.71,5949.44,2915.55,856.05,4807.35,8181.47,4375.05,7750.24,2744.97,936.27,4537.08,1547.29,31559.2,10812.07,5252.21,1980.73,31569.18,154.88,18812.03,291526.29,4319.36,1036.6,112474.62,144.72,10694.01,7233.95,436269.03,
S022,participant,22,B1,75.0,M,31.3,1075749.27,41829.55,9745.91,60163.61,754.2,1119.42,145432.11,125889.51,7363.74,6230.34,7019.55,13893.18,24965.72,18403.49,,12539.96,3073.38,364.72,5540.09,16227.99,89089.46,4263.92,247549.87,81478.4,8320.34,2983.35,266269.94,699.5,523.32,32408.57,40816.33,107.79,41622.82,406348.53,56954.05,12746.71,884424.58,226.17,28556.82,177769.99,3432.69,746667.98,4492.74,8891.81,56754.4,613.51,7398.07,162.72,12442.1,1697.17,2988.85,38678.03,1031.14,582.74,683.66,2365.72,2257.65,380.55,,10039.58,550.6,689.43,2104.53,17887.24,138549.71,60893.04,23329.68,156.57,45126.79,4397.77,51866.7,,6943.39,11963.16,7781.25,1240.75,144794.25,12745.55,622.67,4369.29,52863.24,944.29,3061.9,5082.3,9084.3,,623.15,162155.19,290.8,571.0,2368.16,133197.07,15943.7,98869.98,1926.39,33308.95,25310.88,35891.46,2426.92,3730.85,33258.89,43941.79,8193.52,11311.39,,28953.78,809.65,3006.3,2487.03,28270.32,2928.23,16017.49,26857.51,199638.88,295996.38,83667.13,633.71,173.41,34641.38,106184.12,3313.44,1220.81,948561.21,63805.63,4453.64,17411.34,269294.79,51870.67,39707.65,288.88,2280.92,16055.19,8377.57,20799.2,5201.66,758.48,371.38,14578.2,2634.73,366.58,845.07,10707.85,191191.14,832209.65,,805.81,45618.91,50991.35,27206.57,12028.3,890.85,1030.04,4881.66,36049.45,,304.41,24388.12,30738.65,3085.91,,102.63,213.43,200997.89,1033.89,89276.5,,835.19,15781.79,4348.93,136.7,1914.71,4489.84,12368.38,1708.39,864.71,2378.47,1626.39,625.16,2432.86,216.83,51915.55,1515.82,38512.66,2784.88,13272.01,4308.05,5433.17,257.36,702.25,163106.41,22715.49,3614.68,308.82,19999.58,144826.05,22807.88,122214.89,3023.59,7556.05,471.41,45009.19,,5651.41,833.47,346388.54,22293.78,1396.08,29735.05,115238.86,22130.18,13276.25,2309.07,3091.4,221.83,389.36,12853.26,277.43,6074.67,215488.72,59320.77,1598.39,161197.36,8347.22,3013.02,29953.2,1469.85,31394.55,296.92,23257.74,80889.65,51126.55,399.15,1123.02,1536.27,358796.21,433.36,5830.25,211023.03,5312.71,5721.1,50933.79,497.29,227031.78,19821.08,10750.85,640.24,217178.74,2238.09,,432.65,18224.04,7398.05,1390.91,2760.65,4520.3,4838.23,44857.86,129.48,25574.66,1753.16,842260.57,40444.57,5326.7,4043.87,505.47,8451.08,376573.27,14932.11,2581.22,49801.56,2286.2,165575.17,115675.51,8323.46,40917.69,746.13,4036.47,6242.51,68848.99,99315.21,3674.39,20742.9,57671.73,35106.96,10214.74,533499.26,195173.25,242563.29,16040.29,97022.71,6050.68,622.2,1038.22,29086.02,1616.97,37436.25,4507.3,5090.27,16831.65,9951.23,74.53,5082.27,1063.68,34377.51,44157.57,166487.73,66452.48,840.47,86.22,1364.84,2435.92,98857.04,3610.03,11661.38,1444.43,16483.35,7144.57,,2817.38,6977.66,230538.92,25784.52,7892.67,657.78,7628.93,11962.96,478094.92,286167.84,256.32,148012.04,14099.05,,221814.61,6876.57,23608.33,390.8,87.58,2323.12,,57.52,659.1,16782.02,637.45,,325.35,1475.32,2121.24,73979.39,23559.83,14115.58,627.41,815.21,36310.17,3212.41,,34719.43,120415.56,349059.8,31020.95,567.84,169.78,41269.69,12949.43,70536.2,535334.13,17422.31,,807.59,1592.72,7578.25,4277.11,,,3510.06,593.99,44460.69,4531.07,524450.01,7046.43,3308.9,3781.83,3283.16,27846.77,6777.28,8887.62,1622.02,,6441.52,976.37,30034.63,8943.59,5435.07,2329.79,58801.33,97.95,10628.75,372992.65,3005.06,764.62,123755.93,275.17,4521.44,10465.78,1590437.36,1.0
S023,participant,23,B1,62.0,F,35.3,469399.39,28285.27,36651.66,222566.11,1119.66,857.17,370920.47,33920.27,2061.4,4141.49,12801.7,4500.82,33334.81,13161.73,,12973.12,5209.32,128.2,4497.54,10273.23,39596.07,4506.48,113087.94,50512.13,9248.95,2120.6,474247.72,3293.6,484.84,30569.57,11552.45,119.39,18914.44,287466.18,139374.36,32848.16,430281.65,350.36,127277.41,46809.61,7004.97,227656.23,15989.16,18212.01,129409.32,600.78,12614.28,156.97,32463.15,1055.78,852.62,24532.51,,487.05,2451.28,829.6,4211.43,498.98,834.44,5884.73,150.69,352.14,2573.85,12338.27,77447.34,16324.55,26927.98,,24833.73,3371.93,112486.19,1301.5,22915.49,8534.92,7469.8,1205.38,92337.55,4280.3,643.88,7323.97,25630.17,631.38,4228.79,19796.67,2709.15,193.32,645.92,99438.32,81.82,610.07,2319.25,35534.58,21652.5,69334.76,8371.49,59916.47,40189.16,9302.4,2135.11,3404.88,130484.82,95586.34,20883.13,16498.33,,8529.47,151.3,1103.09,4993.73,19139.79,5330.05,4951.48,65240.0,127261.39,105541.08,168328.36,344.6,66.5,7221.41,107804.66,4223.67,2698.68,242060.95,77065.43,22217.86,10545.27,122007.66,31395.78,60380.15,348.7,1177.04,5907.29,8135.82,22393.31,5049.08,,627.49,4281.08,17505.44,424.49,888.45,22314.78,122714.78,668569.82,4104.94,837.38,10954.57,9540.34,23684.11,3060.38,144.97,730.85,10923.66,20122.82,393.55,249.56,8053.49,8645.61,6787.98,1264.77,149.85,131.87,270783.07,1582.2,106678.69,2408.54,,83688.54,4232.51,,3052.87,3711.2,19586.56,1844.61,1460.99,1300.99,517.76,636.53,2744.0,319.26,44183.15,6316.92,149125.92,11526.82,10939.22,4104.23,9964.74,283.39,522.8,103968.66,23886.79,3575.65,,6313.64,84909.87,12004.13,146660.04,3146.22,16343.67,538.51,4874.45,6839.26,3491.7,1296.36,897253.05,18489.55,1513.0,6936.3,101471.99,23958.9,3911.91,1909.68,6708.86,249.33,774.86,7701.21,506.95,1834.72,69766.15,34155.14,1353.23,101367.74,11117.49,,59479.98,,16072.73,1119.2,25981.58,30297.76,16420.0,475.81,5098.39,2019.51,187684.81,699.49,27448.75,52650.02,8317.56,27310.61,29943.68,422.97,110946.43,16629.28,20429.92,647.73,65312.11,6548.65,693.39,890.89,46907.08,7432.95,1735.9,9766.69,12314.67,1197.97,46215.29,179.3,84053.91,1133.08,438509.2,86844.73,6085.9,9915.73,91.49,21919.96,107873.09,28674.73,8785.76,13080.03,2455.35,47346.3,89087.43,10619.24,34543.27,851.13,792.53,1566.59,43083.91,11012.07,2277.73,18361.82,50610.95,24689.54,6603.36,305772.79,170707.21,156845.11,3805.71,376195.46,15403.59,557.34,1216.92,9035.21,4453.78,23448.26,7871.22,4795.06,2147.99,23030.97,,3118.63,4796.66,13194.61,324558.78,627309.07,22118.25,1738.3,150.52,1312.09,1660.28,65823.55,1330.78,9190.79,1446.26,15781.68,8315.7,86.0,2871.1,7543.16,189660.16,17274.76,6471.79,526.77,57736.13,43278.55,298397.26,36481.57,,35480.13,19639.48,93.37,126216.91,18199.02,25207.27,621.96,92.19,1859.87,1052.56,,2749.25,17981.37,209.84,99.43,,4449.07,2042.65,95114.23,24091.02,3246.63,130.76,579.21,37223.41,2696.65,432.76,96960.08,259044.07,88205.73,126241.1,687.08,214.56,15115.18,8442.8,85062.5,273507.22,11341.62,644.05,306.88,2038.39,5339.47,2784.74,166.97,226.33,5282.52,1115.09,101988.06,3329.49,310016.8,12862.21,3468.32,921.46,4854.82,7880.79,2448.16,8817.6,4310.25,1070.78,3540.46,1301.76,20225.68,9532.79,5795.42,2982.44,94262.0,200.78,41455.74,438411.09,15760.73,1687.15,293784.81,,35022.73,16678.67,807365.98,0.0
S024,participant,24,B1,35.0,F,28.6,143765.08,32743.27,26848.1,214259.85,845.65,,16932.93,29088.69,1868.71,9545.73,15166.72,8403.4,47886.1,26461.97,,1454.03,4219.88,324.25,10016.5,13075.11,13008.31,8444.87,32707.33,92906.24,5711.59,,568285.4,843.93,1046.02,12319.21,9844.4,131.41,16628.51,233970.95,93081.24,56297.44,379986.07,270.28,62673.79,129966.19,9962.26,475573.61,29888.32,15661.0,7239.68,1039.21,16432.44,174.53,49790.87,2515.58,2038.2,20365.78,829.77,773.61,1049.4,652.45,2483.41,,274.96,7580.55,129.83,477.09,18499.8,17919.91,154628.46,,22440.85,111.31,34944.21,3637.17,85298.03,2882.83,46698.51,23754.19,7754.07,1708.22,232079.2,3593.26,780.5,6813.13,61912.17,1535.63,4127.12,16937.42,2038.86,465.97,472.85,145232.89,221.09,511.11,,74801.74,32078.84,172285.86,2628.6,158906.16,55295.04,8590.93,,6260.53,137485.64,32173.02,15015.94,3301.33,,14437.98,191.67,1650.26,4301.95,9689.84,13095.11,4686.08,101717.29,175029.75,57000.17,184511.53,439.02,,,12906.57,3169.2,2310.85,612689.31,16141.76,,26156.57,36937.07,54720.4,74299.35,,1074.82,9877.62,6685.01,2540.16,8933.19,606.92,456.71,3056.03,3393.56,428.33,722.35,17685.48,138179.64,395297.91,2823.73,1480.77,10104.59,17354.16,33258.71,6383.97,174.24,380.65,7368.51,26447.71,828.88,621.24,13627.7,7445.93,5464.16,436.66,,156.03,55646.17,1787.96,149767.89,6206.0,554.32,,6003.17,104.04,2293.17,,16214.68,,1271.51,1800.9,505.19,491.06,2911.04,,23420.21,1784.62,154837.4,5056.23,4754.92,1734.27,7988.08,325.24,,175165.32,2580.07,7838.64,162.28,10405.63,112922.95,15074.94,198565.04,5112.21,27064.15,968.5,39976.98,2370.97,,1027.14,43607.37,27030.07,873.66,16992.01,181165.63,28955.3,7488.23,2985.61,4776.39,,434.67,17466.74,316.87,2785.41,142239.38,53027.74,1788.23,194218.7,16540.56,2299.55,85210.36,810.14,14094.51,484.22,23333.43,48018.14,12359.4,3367.37,3266.75,,171744.67,214.09,12433.87,,2736.52,7901.9,61244.91,594.15,105205.9,21274.93,17012.29,5451.17,56335.26,9187.93,,515.27,31684.13,11844.18,,4258.28,18512.67,1809.86,87067.98,1182.85,168903.88,2976.92,961601.13,128012.97,8525.14,3356.96,137.88,18635.45,264059.16,30309.46,15871.88,34386.87,1998.36,106995.24,69777.8,13558.61,74884.67,785.9,1013.63,1445.45,46196.21,91493.53,5180.63,34870.71,66906.14,62658.05,3393.42,574543.7,242439.32,129323.91,,258754.93,13595.31,728.99,1052.83,15490.2,6646.71,24989.37,9318.68,7563.71,14904.54,22191.09,65.06,6812.15,1339.74,6132.27,58698.41,616257.74,11073.03,1063.07,92.45,1760.24,900.77,119938.67,3588.96,14238.28,1659.76,1871.15,8023.31,54.6,2154.02,11379.23,112555.87,39640.22,10058.09,1257.43,9444.45,43370.19,435873.06,277511.92,224.23,54501.06,23329.56,70.9,235673.44,26982.24,40441.67,187.55,112.29,3163.89,800.02,,2265.13,25547.86,609.76,,213.12,8815.44,1454.96,21679.89,24118.41,5265.34,181.04,888.96,56308.3,3997.32,310.58,145039.82,364571.4,228038.46,87513.66,719.92,,7880.88,,130713.43,690512.16,21420.31,1504.02,804.41,2582.22,14018.53,,,495.49,6777.48,686.74,99974.24,3328.06,605977.57,30878.81,2238.3,805.78,6271.8,7471.51,3761.25,,6150.94,694.31,3061.69,1810.23,49725.05,19848.98,7899.49,2415.91,17369.72,124.33,29972.46,602766.51,,1358.57,96993.12,121.42,5641.62,41385.18,1893348.1,1.0
S025,participant,25,B1,68.0,M,21.4,335563.32,55032.07,13456.68,95890.57,1086.94,3840.37,187099.48,35667.3,1320.82,4926.28,12224.21,7193.04,30449.98,23596.1,,2981.75,1042.55,269.69,5315.61,21539.48,27645.47,9839.79,76256.23,50185.64,7595.57,2211.01,424343.07,1751.49,1151.16,45684.65,5345.82,,13275.89,300134.23,116729.94,45302.04,279679.54,346.46,30755.6,93395.95,3427.53,402111.15,11474.34,10135.81,86222.15,1394.3,3828.21,175.93,50109.42,5714.06,1263.4,9889.92,478.72,550.58,749.32,400.63,3180.08,,351.39,13841.04,86.16,544.77,1729.74,12238.7,86626.37,8866.82,17297.87,66.58,56431.09,6276.89,57419.63,1197.91,14686.58,17410.53,5751.27,1262.28,119690.35,2350.38,,3766.89,4127.78,796.96,2909.99,3815.64,3018.43,241.67,399.54,141038.87,137.98,425.27,2978.56,,32320.36,140153.6,4984.21,56242.21,12204.62,5499.17,3071.83,3702.14,52629.64,38801.16,9101.12,4026.35,69.24,,,2939.76,1106.67,11202.87,5217.91,2114.4,47564.83,183091.79,262753.92,140654.28,468.11,,4537.66,22638.54,2646.03,1712.09,419350.98,20093.33,6451.83,14579.85,97003.98,37803.55,76000.65,248.66,521.62,11701.33,5549.78,4184.43,5272.43,918.34,576.4,2134.31,2770.82,,656.79,11971.36,67359.42,803175.77,4328.59,1764.57,5423.1,5767.88,34913.08,,,429.09,5364.21,41428.62,300.88,339.53,17098.93,8695.94,3688.7,558.56,86.83,205.0,71246.56,1286.88,111463.36,3326.56,316.75,22070.59,5833.02,165.2,2919.14,16317.86,10469.85,2537.25,324.78,2031.31,296.51,376.82,,,48896.97,3564.37,65156.68,3003.93,18832.17,6139.73,2290.1,272.71,2208.04,118328.7,4686.43,3974.9,251.31,12882.13,177370.94,24756.65,77721.06,3989.45,14899.94,1169.28,11871.32,3067.66,3661.36,703.84,491679.48,28810.69,1264.79,,115555.63,12786.82,11854.3,2443.05,5644.64,177.3,566.62,41340.96,433.03,5413.31,119570.9,51674.28,2758.83,125460.27,3504.38,1188.4,29965.44,1229.05,10256.95,337.66,18357.52,59530.38,18188.95,299.74,846.16,,119512.93,948.29,7049.2,29871.23,11615.23,15576.4,30893.83,945.71,67151.42,26214.32,4534.68,467.88,27748.21,4219.05,998.52,,36006.15,7216.65,1154.9,2878.73,17335.93,637.3,46165.4,89.48,54811.93,6360.83,61921.83,41056.57,6194.35,4083.19,,10080.6,181900.49,14781.49,5753.03,22429.44,1671.99,79643.08,93631.6,9791.61,37044.29,558.66,,963.28,24455.23,23224.46,11844.69,23549.43,77303.51,48849.76,3515.15,326807.36,252701.52,162464.55,2577.12,136103.5,6520.7,539.42,831.9,25567.38,5492.61,12548.46,8678.07,5269.04,4222.62,12053.36,88.03,16250.92,2902.03,29256.22,54770.67,270425.17,51555.51,,116.6,1401.31,879.39,66627.28,2871.62,21134.52,1844.24,3419.79,4958.16,,2118.32,7765.93,231777.68,19390.84,8166.52,619.83,9805.79,21075.47,451726.68,73012.81,305.07,17628.63,16459.39,99.13,129459.69,12177.07,13982.56,808.2,118.01,4671.44,1177.41,,518.71,21565.51,425.93,148.32,137.39,2902.76,1770.11,23947.26,16233.92,1638.54,,1360.26,38729.31,3368.32,484.97,128597.76,128015.68,153418.43,41573.58,,140.31,37801.92,9528.04,94085.63,46406.1,10047.53,795.81,635.72,1827.39,10520.84,2974.07,228.66,205.55,4780.84,916.86,48160.35,5730.93,366652.85,11579.99,2770.4,553.89,4124.24,3948.02,5155.11,12716.34,3104.1,1199.98,1569.96,1120.79,27028.33,10707.19,2796.51,1629.45,23887.06,,13070.42,466641.9,4133.78,902.18,116987.61,228.55,5481.14,14716.74,124648.35,0.0
S026,participant,26,B1,64.0,F,24.9,178230.15,20232.89,20726.2,147637.47,1042.14,2463.04,236177.53,52802.89,2378.35,11656.27,10135.53,5461.89,45605.87,21699.42,,29255.89,2354.9,157.14,10609.95,19835.09,15684.06,3213.73,47048.88,54276.67,8598.98,4010.74,387330.12,659.06,366.99,20458.69,10567.29,75.33,14054.78,441156.15,93626.21,32440.66,307935.86,355.36,25920.94,94497.31,4352.78,300954.46,15776.68,,94291.42,475.84,14764.84,182.89,38239.33,4442.74,815.03,33941.19,537.47,631.76,1472.41,938.51,2292.15,435.72,225.07,4937.12,188.94,898.62,,25079.92,203503.41,23443.01,21444.49,,46500.57,2027.74,204359.47,,23326.16,16320.88,8752.83,1054.33,295209.83,5247.5,485.0,7748.94,9311.32,1865.49,4540.58,9462.82,4151.86,633.56,585.44,150482.16,81.74,469.9,1712.58,86157.94,43210.59,128075.72,1784.13,200757.68,51765.99,11705.85,1575.98,2857.89,86119.42,37054.89,33275.73,15370.74,59.94,19152.84,157.4,2887.59,2125.69,48133.45,19081.25,5007.33,15539.74,190031.38,75904.71,138135.19,865.17,71.75,12599.64,216712.94,4194.67,,487854.46,85492.53,13369.11,36520.06,38999.24,62259.26,114777.76,1251.93,1757.35,9636.22,8311.37,44693.2,10608.26,,572.5,5162.51,3278.99,279.42,957.52,42747.65,223916.04,792375.82,4552.25,642.26,12086.88,41514.31,22720.01,8184.51,138.42,1835.39,19156.94,40655.41,,602.1,12475.99,13320.26,,383.51,429.6,346.17,275469.63,1638.69,89294.64,9386.05,450.52,48238.79,2828.72,,3014.36,9071.86,19706.93,1461.33,752.63,3341.06,739.87,677.84,1912.69,237.19,47006.91,1407.75,98766.26,2269.48,8318.78,2652.31,4404.6,234.07,1401.58,212872.3,43665.13,3531.89,,9481.44,162095.34,25821.42,207827.13,2350.63,4586.66,384.1,14401.72,1869.13,7191.81,1234.46,607092.4,18990.04,1411.32,16569.55,84628.86,36401.5,11746.58,2503.74,5103.98,796.0,414.98,32861.54,488.27,5157.4,82212.28,67160.12,1187.26,281434.62,15241.22,1654.14,36500.24,,9604.05,679.61,29108.01,42244.48,25652.06,,2039.93,1751.16,127976.45,1136.04,5354.41,81928.05,13318.58,5777.01,78140.49,364.17,79031.41,16369.59,8958.2,,63676.01,1383.1,919.35,737.2,30243.68,13105.5,5823.96,5877.94,11941.06,4570.09,37460.77,,86531.41,5561.86,154249.61,53618.88,4196.87,4054.58,100.08,18216.53,205880.9,25832.86,10923.08,27282.58,2661.29,64401.07,127794.14,9972.39,28535.59,937.62,809.4,1845.57,78425.48,28420.81,9334.38,14464.68,46793.13,42768.63,15424.04,390292.95,169311.14,234058.55,6464.01,210601.81,13850.85,443.57,1456.86,25871.44,4259.45,40904.83,12986.61,9863.54,6141.75,21979.99,,14000.0,1002.36,9280.87,61416.38,387853.96,15792.3,1551.89,90.16,1642.83,4279.42,165458.49,1549.75,8963.98,1792.16,31149.9,7111.0,81.92,2695.02,12620.52,236884.25,54450.93,8388.6,1318.57,10732.49,29977.94,487002.27,91904.46,,133812.79,18276.96,111.57,157016.25,4102.56,36045.66,918.6,116.4,1811.35,1134.85,,1199.87,12703.01,242.69,123.51,189.73,4821.81,2203.28,103388.81,26714.7,12072.73,145.9,570.78,68112.06,3194.97,514.43,93648.11,157471.92,171888.92,65284.7,425.43,766.7,9825.53,15878.61,79883.92,89458.99,12745.0,2700.66,347.85,1864.98,9648.81,5584.58,214.67,,6499.86,601.42,90442.94,2209.68,796290.17,38265.44,3143.99,1158.92,4266.65,8260.73,3281.76,6813.59,960.87,1273.12,5499.65,1710.85,64692.92,8108.96,7699.18,2493.32,94263.35,186.81,25050.41,394777.3,9938.66,,116795.4,,5874.28,49088.55,287162.03,1.0
S027,participant,27,B1,45.0,F,27.9,116711.5,46473.12,16178.24,213187.88,2607.59,1040.65,144585.55,71182.67,5904.09,2789.6,14704.36,6608.85,103829.31,31033.37,,17987.82,1121.7,134.65,6316.71,15245.71,10330.0,4972.67,25314.75,56736.71,9143.68,1244.12,557546.0,1081.96,620.04,59943.93,37814.94,110.59,11384.91,312174.81,112677.66,34632.44,260797.01,806.63,39379.07,86650.98,3217.54,368582.29,10890.14,11875.42,64015.33,740.57,6726.46,130.23,32239.02,1274.08,2260.45,49177.61,452.7,1598.51,3372.82,3738.18,2218.22,,860.79,11154.88,892.85,1706.72,1642.11,18914.24,121906.69,18507.62,28644.78,117.46,38288.82,5286.56,127025.89,1870.8,14342.6,22136.7,16352.85,1087.23,70312.99,21947.08,653.91,7250.2,54365.1,913.01,4751.38,14894.83,5876.23,523.73,,109040.67,244.64,641.01,3254.05,50355.13,21582.43,171191.75,3178.0,46871.4,24345.66,28195.1,2902.43,2335.04,128384.55,37977.84,20154.25,5287.25,,10918.08,404.12,2760.85,1072.83,27945.59,4075.03,14677.28,33936.56,126650.69,223586.48,192613.6,1294.75,326.92,9202.25,160640.52,2783.29,1738.74,461452.41,28309.96,10681.27,8322.76,31465.82,51597.92,52565.35,734.38,2777.52,8799.87,,30966.77,7191.69,1074.97,1569.75,13278.4,2839.75,411.27,,28923.58,103855.62,831496.22,8006.48,907.88,32617.87,5058.37,29433.26,4989.37,388.81,1180.08,13772.52,29585.95,483.82,395.06,11327.77,15630.25,4385.24,1393.91,283.42,459.32,93607.45,1377.56,245396.26,7816.74,345.6,39920.41,4296.75,188.63,6894.39,4400.07,18853.81,2420.48,282.23,5536.1,3014.55,,2503.19,,51951.67,2258.18,121755.15,3787.01,24640.39,7596.17,1966.46,278.72,661.93,164704.9,36552.43,5332.07,231.61,9871.08,116480.67,17251.91,396089.15,3881.47,9044.78,589.2,12649.66,7124.46,2494.82,1329.15,376704.96,21922.46,1415.02,11228.31,73157.12,63008.24,10238.22,5606.4,5072.32,559.85,382.07,9654.18,1004.64,4906.75,109478.7,38492.12,2587.52,154997.29,6931.97,1240.1,36348.39,1132.04,10085.02,1819.19,20663.59,42779.09,30266.12,325.81,3311.82,,111018.99,766.24,8019.29,58999.29,9431.94,9014.7,42887.7,812.3,67987.68,17809.66,4216.57,492.44,195875.09,2600.22,,828.98,35438.16,9629.41,3530.1,14679.82,12590.63,658.72,66441.3,95.65,52880.01,1514.46,862028.33,38674.15,6177.55,3740.36,260.05,15000.15,210296.38,21303.72,5361.81,24320.37,1964.1,87535.62,88472.38,10587.19,24909.0,1655.92,2038.37,4049.3,36813.88,24245.64,2734.31,13177.32,58858.62,62272.18,9271.66,340794.8,198383.03,149934.85,4485.62,144997.87,10057.89,504.71,1071.24,22942.06,4506.03,21451.13,6431.71,7313.55,5143.34,17415.55,111.12,4127.88,1560.24,25608.43,53785.7,593193.34,47493.37,1635.01,91.4,3681.53,2267.33,99104.34,1431.39,18931.75,1263.08,22060.41,8472.57,92.27,,9911.57,250458.18,12660.96,22230.02,727.95,8503.31,51026.96,320759.99,78719.14,384.22,17470.79,18598.77,207.31,139558.23,9366.21,73488.83,692.79,94.25,3660.04,2225.07,,2017.11,18838.86,226.04,,148.18,2856.36,2083.08,32475.04,49271.02,1692.07,352.21,1185.73,50977.45,8066.39,789.29,95390.81,127100.02,191325.66,43399.57,614.36,478.83,31766.31,5345.39,223533.33,511738.56,11103.49,2203.51,307.29,2102.55,13005.18,1811.91,,360.93,14551.69,621.63,70892.37,5057.42,452941.88,9326.94,3752.13,2684.88,4528.8,23259.39,3330.46,12487.86,2142.48,2009.16,7669.76,4421.23,16913.28,14614.04,16018.62,2909.33,29704.3,192.81,16710.8,1104373.64,6640.76,1005.26,107122.1,201.83,5494.81,13187.35,1653558.71,0.0
S028,participant,28,B1,71.0,M,26.5,219612.05,44245.22,18358.5,121751.8,1666.25,703.25,583168.08,78740.67,3311.9,5539.53,10726.07,5013.4,56560.46,29402.09,,2043.46,2659.1,348.09,4088.23,14773.33,18986.96,6117.14,55088.16,36354.87,6975.56,2975.85,395033.51,2016.86,757.0,12407.57,34823.41,,16244.62,228769.39,105510.73,79689.1,329171.71,559.56,25456.42,72199.75,1267.9,236816.55,17349.5,15649.35,249755.3,890.14,15525.71,211.87,80271.24,2007.18,,24935.9,,715.77,622.86,475.73,2230.49,,178.53,10227.63,92.22,757.63,,21644.25,63173.8,9072.91,20327.26,,38420.62,4752.29,272452.67,1305.61,25914.78,22765.58,27681.72,1305.31,136079.68,2489.12,221.84,4990.73,16081.35,689.87,2984.25,3714.65,6799.92,258.63,592.52,79379.94,,501.85,1824.64,63270.9,43816.83,172909.74,5789.81,17961.55,54250.12,15442.84,2093.3,1727.27,71279.78,32064.29,44426.08,4814.11,60.83,12496.94,301.42,1359.86,2860.81,29005.21,1535.58,13309.8,46524.79,110290.8,559490.48,135133.44,705.83,,4344.5,16808.06,3568.76,2418.58,380865.49,24555.17,10389.27,15355.59,56401.86,67609.56,106896.27,,1253.96,9029.7,9169.78,3190.96,10572.19,,978.59,7254.13,11344.4,143.37,1019.73,57714.2,156029.7,2759126.6,3931.59,1162.55,30510.79,19185.41,23710.39,5697.96,253.53,1178.01,24408.42,25426.8,333.47,241.31,12605.19,20582.27,5662.65,292.43,,242.15,87431.64,1459.89,44515.48,3628.35,,36708.6,2739.91,,4787.84,2900.97,13464.68,1763.65,760.1,2848.43,331.61,718.82,969.27,,187412.15,4701.48,74635.84,2493.45,5079.67,1785.64,5207.51,301.0,418.47,203978.24,3251.29,19251.16,,9927.57,111287.2,16536.65,39015.76,2335.08,12634.18,790.72,14293.1,1483.85,5804.74,930.22,1462076.33,18890.39,1146.32,13941.85,56867.12,5851.07,4870.2,2748.93,4449.07,,394.95,15425.82,811.94,2547.43,72516.76,30289.34,1594.61,90298.01,15708.87,,12375.78,,11972.05,331.25,22636.09,47091.87,35221.46,,867.84,,142543.9,754.66,5640.27,29735.9,8575.86,17074.54,24941.95,539.7,84345.85,16425.28,10041.77,,174300.09,3953.65,888.23,889.64,33000.11,11548.81,,2773.89,29999.01,1713.55,214497.08,,98833.91,2457.85,202229.7,15422.31,3570.0,2781.4,167.55,27311.29,181210.18,40009.38,10165.74,22235.2,2055.4,57814.08,73392.63,9857.32,19190.96,2747.31,1387.57,2585.88,54402.27,29978.58,3962.95,9873.55,51405.9,58579.48,10347.94,247397.59,167648.17,117768.04,2466.78,189460.82,21731.78,563.1,947.1,11839.16,10455.56,31736.04,12158.74,9212.33,6314.53,33449.74,,6289.19,2824.72,67546.69,187652.13,333912.22,113324.31,1934.24,86.73,1896.19,2629.23,48064.32,3585.74,12152.8,1999.77,2499.06,6562.82,103.74,3498.94,16674.03,762909.82,22655.41,9597.8,477.6,30295.73,28586.86,267983.16,90008.57,,53186.5,17751.61,105.6,101771.77,11793.85,7638.54,665.59,146.37,2633.02,1057.62,,449.96,11139.68,579.25,131.84,,5217.7,1630.76,29676.39,85036.11,5380.69,256.08,877.09,69516.23,4051.02,440.07,221297.76,48513.77,133939.12,54665.14,235.58,,74488.12,13343.03,38082.67,138485.04,10193.27,1021.88,816.64,2008.77,11160.13,4692.01,186.4,235.21,8568.76,539.1,134726.89,5178.95,263760.63,3333.82,2758.01,1389.8,4160.01,25731.67,4195.95,8304.54,2698.42,1055.94,3771.77,2113.79,34530.69,46018.36,1561.07,2007.34,29355.72,222.39,22747.56,186646.34,7250.83,1372.63,83963.66,,16527.29,5099.25,400613.48,1.0
S029,participant,29,B1,50.0,F,24.1,101392.84,20884.62,17567.32,164947.87,1457.97,1484.28,204580.13,32198.35,2814.4,7128.21,7434.61,4654.51,70734.54,14690.22,,24841.96,1490.46,1392.94,,10011.25,8779.15,5625.56,23719.19,50292.26,8453.2,5083.16,322772.68,1445.11,710.38,11833.29,22481.46,270.82,11868.8,310072.8,122233.85,19792.03,252633.1,466.9,53929.6,82798.7,1549.56,254364.17,21354.55,51705.94,89369.07,772.42,1580.59,130.57,21805.26,4568.47,,26407.72,494.53,568.73,540.79,726.64,2947.86,350.87,412.39,5267.95,162.29,423.58,1504.67,13105.93,80195.24,8488.22,26735.19,,23066.13,2259.21,33315.08,2091.17,35995.03,10950.71,8215.13,1105.2,210882.99,4187.51,1762.4,14240.74,18258.76,,8564.62,25463.07,2396.44,1173.85,459.18,91645.62,,638.58,4069.43,32396.85,16980.21,85531.65,4124.73,85893.85,5423.87,12762.4,4353.19,3302.88,92609.54,45459.67,5190.08,11059.64,57.36,7255.25,234.85,18782.31,1219.63,12400.5,7972.51,9038.77,24471.98,130382.64,179261.42,114618.86,452.79,56.23,4111.32,224037.2,3754.42,7373.02,386106.23,65964.17,3082.34,26649.01,26377.57,35466.5,42245.0,233.05,1360.91,14421.73,6853.36,45866.99,6855.11,,762.07,5511.82,4581.9,1190.13,759.91,6834.26,133489.16,324195.92,5459.12,1074.13,19066.92,29470.66,29554.89,3026.17,206.95,506.78,3261.49,20288.18,529.73,,18916.64,8761.59,17274.82,725.92,93.54,165.46,202894.44,1391.14,15517.79,15196.82,314.52,10713.21,5241.9,,3753.93,6103.18,37441.6,3625.16,412.73,1755.33,488.49,533.12,7113.77,184.71,19655.04,3067.22,102182.18,4777.55,4578.58,1638.41,2510.64,232.64,897.3,113378.94,44645.15,8924.49,168.72,16402.29,78121.39,10957.57,50989.12,3892.54,6830.94,677.54,9209.93,3647.48,8350.81,2556.26,518175.45,25693.74,1322.26,7698.91,104926.2,7682.59,61318.31,2023.77,5955.09,190.88,523.05,30349.49,551.56,29274.29,73310.13,36674.41,1751.79,111772.59,1640.58,1322.65,12379.12,833.59,9421.75,332.73,23300.24,73999.99,15621.21,273.22,5585.24,1382.57,110566.51,906.6,11426.08,28017.87,10462.76,12505.82,32892.3,526.67,65452.69,19265.65,5546.15,436.47,107591.54,2368.2,842.42,815.91,42437.78,9443.64,1161.21,2511.33,8272.74,3691.31,106875.12,87.32,114403.66,4348.79,258745.14,17237.08,6995.48,5526.19,130.26,13518.79,184286.23,22382.34,11985.77,20242.63,2106.51,55813.48,89529.23,10244.96,36137.0,769.75,1106.92,2022.06,44058.5,18374.39,7595.06,18379.77,61336.29,30922.57,3837.84,335050.01,213868.6,150354.86,2212.87,179896.39,10993.4,535.25,1012.36,141935.88,2549.25,21975.63,5293.19,7159.3,2957.77,17030.65,,12278.23,2231.39,21559.78,78437.96,456161.55,35224.3,1694.24,115.63,1550.63,1112.47,63395.91,13573.68,12260.67,1273.01,31292.98,8447.82,87.52,2381.17,10428.18,89948.9,33902.27,7860.68,,13183.83,35530.24,298042.57,54265.12,,90020.14,19068.59,123.8,129219.25,5968.01,10391.35,622.06,91.29,2875.91,1557.0,,3178.69,20523.14,1946.22,118.7,136.94,5801.18,2036.95,71714.67,24215.0,8874.95,200.49,824.55,52475.37,2948.07,578.29,57875.9,56480.32,138304.87,67476.91,1667.32,156.11,26350.14,19089.88,14486.76,166239.71,13082.01,4081.49,2947.71,2027.02,6715.33,6730.11,184.77,385.42,9716.07,782.13,72945.29,2259.29,320902.46,19332.02,3180.34,1199.06,3983.37,13677.27,5468.11,17335.92,1682.86,1469.29,3955.45,2639.79,49565.77,22129.08,1862.24,3091.01,60816.63,186.92,21150.69,70226.51,2058.22,4617.8,152315.8,141.97,7373.92,23965.31,525215.38,1.0
S030,participant,30,B1,34.0,M,22.0,380759.82,35690.45,35426.9,81168.67,1631.07,2181.42,129133.13,67305.01,2346.86,12167.96,13320.37,5357.32,36718.03,15757.9,,2851.42,1232.66,1144.1,6538.46,14268.34,35112.51,5024.6,96069.46,56804.51,6653.62,5825.69,549107.11,878.73,634.21,22001.88,11392.61,,15761.65,237631.5,110799.54,14697.23,293120.61,508.85,14156.83,101695.71,4490.46,320067.44,5918.24,26678.67,56849.11,688.79,2310.58,170.22,16205.82,3971.73,818.78,16265.34,595.0,1912.39,1030.25,421.79,3382.74,373.82,422.48,8343.85,94.9,343.7,1550.99,28722.85,83522.86,8641.58,13144.14,,31711.85,3937.05,147785.67,1582.54,8361.02,11088.23,34960.02,1790.36,270043.16,2361.29,209.32,10710.92,22005.17,1079.19,7295.79,20069.36,5010.22,645.44,524.59,118928.7,83.91,298.09,2268.82,91966.02,18863.26,86230.31,2470.84,39032.19,9760.56,10802.0,2178.23,2993.58,45311.97,59566.31,22648.54,8109.67,,19260.13,462.98,5892.04,1061.64,10340.94,3456.05,5049.86,40555.35,152718.36,79395.13,197162.06,356.07,,4010.2,22881.66,1831.91,3725.99,559601.77,42907.22,4372.67,33660.83,90716.01,71049.63,46849.88,293.01,787.2,8352.92,7377.07,4655.14,6872.82,1290.08,908.85,4956.43,8363.84,132.41,868.81,31620.33,324413.69,346502.05,6813.16,997.84,10858.8,49980.54,23003.98,8131.38,474.41,431.03,15821.55,27884.44,383.5,437.04,11215.97,16127.54,9157.28,695.71,99.28,134.22,137942.82,1171.33,48076.13,8468.69,483.08,15278.63,3467.38,221.67,4066.0,9187.91,30736.02,1969.19,307.04,1385.44,342.61,543.77,879.31,228.71,23449.35,1708.58,45001.43,1163.53,9320.49,2947.96,2270.19,364.14,1372.38,244090.74,5267.7,18403.32,271.15,8797.08,106115.72,14765.28,176371.25,2720.29,12207.69,584.7,10932.1,4005.6,10312.6,2390.78,351313.71,17247.93,1020.07,19276.9,87269.22,29541.26,24886.81,8389.14,5369.95,205.38,519.4,27930.64,650.07,11193.48,88879.45,45985.74,751.67,118460.33,2913.3,1853.27,35428.28,1365.48,10755.61,462.9,12777.0,41465.07,29306.04,292.81,4599.46,1545.18,119805.48,1157.71,2819.03,28345.44,12453.49,7598.37,32209.03,247.78,67914.97,15611.18,4259.53,454.05,61961.1,3622.49,,647.45,37024.2,10193.2,1259.58,3823.62,5646.82,6105.84,206628.3,95.2,31678.84,4293.12,371607.69,52973.41,4452.41,6708.21,284.85,23145.19,267188.69,35539.28,3513.85,28464.72,1232.76,70867.81,64347.29,9011.19,31536.83,3827.21,2403.83,1784.68,109401.54,22763.83,8495.72,16005.23,44890.84,31435.22,3373.65,363813.93,153267.1,115736.14,2301.58,355786.67,16870.22,776.18,617.39,53836.47,1762.6,59182.5,5296.56,6434.05,4346.87,25999.62,132.12,12365.5,1345.77,9431.19,150268.9,208127.25,15903.59,1491.28,137.38,4465.63,905.53,68831.1,12466.18,5893.72,1696.94,3247.26,4444.84,79.0,2321.39,8749.51,106703.84,50976.29,27400.3,774.12,25589.04,15799.32,377057.06,70097.6,435.92,160624.09,14485.05,150.58,150959.03,9678.41,34409.95,890.08,114.98,1232.88,1894.89,,2348.94,14155.27,2112.83,,204.16,1668.77,1569.72,49171.53,104723.44,16526.13,440.6,420.69,47640.75,9938.8,732.29,42086.7,158882.25,205591.31,101135.16,224.43,161.15,11503.12,22687.85,37739.05,271704.55,12439.9,2098.74,2482.19,1565.68,7346.99,7741.67,,275.38,5745.67,849.02,118664.67,3453.28,335645.54,7859.33,2775.56,1005.1,3484.12,8269.71,3508.88,8635.68,3025.7,1747.25,2357.49,1511.15,66136.45,56259.87,6869.11,1298.91,47758.5,183.01,44391.12,190980.29,2949.69,2364.57,188946.26,242.93,14694.22,10951.25,765704.92,0.0
QC04,pooled_qc,31,B1,,,,173479.84,25907.85,18727.53,102156.63,724.45,1141.81,151266.49,66577.49,2374.63,8116.65,10366.26,8981.33,57378.29,14388.88,,8586.41,1782.27,343.67,5903.11,20588.23,13710.44,5348.04,39523.68,48721.44,7612.63,3394.19,403021.14,1157.49,616.16,23154.9,14580.76,79.06,15669.69,234023.9,98483.35,27054.3,339777.33,243.05,37655.93,85531.35,2738.15,457881.5,15253.46,12594.26,64519.57,678.6,5096.9,114.26,28164.19,3377.92,1080.52,31475.14,658.55,819.28,1527.89,727.98,2794.67,270.63,371.14,5954.0,155.54,538.78,2385.83,15526.89,99785.35,14302.92,21905.13,57.93,47735.54,3175.44,102151.98,1940.34,20467.95,10756.91,11213.82,1361.38,194648.85,4085.42,433.58,6343.16,12462.38,914.93,4039.36,14133.68,5674.82,531.9,517.37,102409.48,106.67,611.81,1909.29,67337.72,27348.51,90518.15,3237.63,57900.29,17129.3,11780.47,1715.96,3053.96,58709.19,32450.72,17754.75,6492.37,57.65,13456.33,236.0,4462.0,1715.22,26999.75,4953.13,5094.63,32170.58,119294.21,182034.47,130320.7,535.86,58.7,7712.22,70157.32,2415.72,1908.54,459585.87,32456.0,6729.01,22311.26,45520.28,41959.36,67203.03,458.81,1745.83,11744.3,7561.97,13632.61,7742.51,775.89,377.77,5008.67,5480.87,289.3,835.59,21154.82,130345.08,514204.31,4342.68,980.4,12133.26,19034.49,29436.96,5954.31,221.95,1089.21,9050.56,38210.54,533.43,342.43,16462.35,15883.37,4594.35,617.8,176.15,183.81,114205.33,1370.06,40082.3,6992.5,434.32,24175.41,4318.45,122.94,2026.44,4606.82,17334.7,1575.89,572.37,1998.08,551.95,657.12,1820.98,144.57,32917.51,2300.18,63232.0,3457.52,9662.3,3106.72,3734.22,290.13,631.21,138850.79,12932.65,5557.01,185.95,13877.96,156476.94,24031.88,113867.07,3362.41,9656.99,618.69,20251.15,3098.77,5565.64,1148.93,415777.56,23868.92,1137.48,14701.66,95076.65,18962.93,20833.61,3286.12,4614.44,403.83,487.1,25198.1,314.59,9088.76,139364.91,34454.25,1134.07,119169.2,4916.68,1725.18,24138.9,948.19,11751.16,850.1,17938.81,60359.5,32645.3,455.36,2714.36,1131.18,138941.5,666.62,8650.06,48817.59,7625.24,9516.72,36773.39,368.67,85810.0,18798.44,7327.5,718.22,71957.13,2719.26,888.28,553.31,31487.98,11207.24,2367.29,6393.74,9228.34,1870.14,67323.8,148.75,85987.58,3738.62,204425.68,29824.06,5803.76,3623.43,148.5,17075.03,202825.0,26436.72,8632.76,22557.21,1740.24,97978.45,66668.17,9780.84,32578.7,1152.36,1175.66,1920.93,45348.73,35268.9,7183.73,18404.11,55298.91,37289.96,7949.34,346179.53,195389.53,115439.86,4029.02,197558.5,12458.37,652.73,798.66,41429.05,2888.82,25473.6,7945.76,8507.32,6441.39,19896.51,83.56,9889.15,1732.81,22964.7,101582.56,278826.44,35288.98,1121.45,101.68,2034.8,2449.22,88422.28,3316.17,8955.73,1220.13,11786.25,6339.41,55.3,2539.81,11563.41,158024.65,34638.12,11167.33,664.43,16395.02,20104.74,311920.42,112951.24,298.9,54867.94,15616.28,114.39,136978.16,8544.7,21996.59,519.63,86.65,1787.51,1194.62,,1860.38,17368.8,565.97,118.98,183.25,4696.03,1803.24,38304.16,33685.41,5287.35,219.53,640.61,60053.63,4475.31,427.15,71251.51,102934.96,157711.0,61353.01,421.77,284.57,23414.49,12679.37,36570.43,139666.82,12023.24,1828.08,765.95,1589.35,7425.88,5060.05,205.4,341.0,8076.41,698.17,85902.58,2740.31,398214.09,12511.72,3158.07,1144.73,3786.17,8940.46,5547.62,7587.19,1964.94,1230.34,5054.75,1957.01,46473.15,13922.38,4555.25,2258.48,31912.58,123.39,21792.39,178666.78,4665.55,1088.6,101474.99,173.4,9472.27,15170.09,408792.69,
S032,participant,32,B1,70.0,M,21.1,322473.14,34194.59,41373.09,157673.22,652.65,1083.15,101172.3,22163.13,3288.89,3754.09,13120.27,11284.51,50192.89,8930.46,,26163.63,1175.12,152.28,7848.98,11047.28,29180.7,4797.37,73719.97,42126.42,9835.41,3219.38,511591.14,1768.23,569.18,17713.07,10899.37,,15299.25,149590.06,81448.92,39504.97,321320.29,187.05,59031.33,103851.8,5587.68,563897.87,26568.5,,43004.66,730.37,8859.74,78.82,39731.95,903.66,1186.85,21341.4,891.64,1167.31,2225.56,1201.02,4182.92,340.37,,7679.37,259.48,664.71,5344.19,13361.08,78825.24,24366.49,19253.66,56.1,26862.03,3419.74,120760.2,,42373.14,5938.63,10528.73,1983.97,92791.09,6829.15,258.98,6533.87,58077.84,1287.28,4099.32,28097.96,1643.13,192.13,780.86,81534.53,117.36,458.84,2245.67,48738.73,27813.38,48427.85,5271.9,55573.04,33642.59,15827.42,2027.03,1733.32,87402.84,56733.01,18843.01,13760.56,,10625.94,388.73,21843.78,1124.99,17379.23,5016.37,4393.3,24491.28,104250.08,156524.07,171580.31,672.48,106.6,11412.54,236730.17,2311.74,,554568.46,63660.72,5352.28,11644.58,81861.79,37118.3,69633.12,222.74,1167.93,25014.25,10662.33,51178.42,12131.5,,377.03,6204.92,5214.09,173.34,1194.65,24309.29,112620.57,559567.09,3078.89,880.76,11016.66,22454.3,32494.06,3760.32,371.53,722.67,12297.11,21855.75,,423.0,34276.36,5483.95,,,76.02,250.11,229988.29,748.07,18147.89,2716.67,633.11,17703.15,2173.38,,1689.02,4410.54,17976.46,1703.79,357.53,2666.78,875.0,841.69,1063.99,191.63,34449.05,3498.36,102741.66,5389.59,6827.37,2477.05,2725.33,462.79,579.73,125938.5,48890.86,8434.74,136.96,31611.81,84515.99,12037.27,217905.11,1599.23,6712.37,575.79,21262.18,,5273.51,1222.72,253625.65,27021.41,1595.8,9924.0,56250.05,35844.76,76892.08,4849.11,4211.71,172.96,735.76,6804.38,269.69,37870.21,168253.64,30372.55,1080.71,113430.15,9841.24,2345.65,53215.24,754.34,11690.97,1017.91,14414.52,136402.19,10252.45,954.44,6405.04,1279.12,131501.08,377.35,11440.08,75048.07,4702.82,14293.61,32179.42,373.11,83492.61,21090.75,4778.21,1412.95,60051.75,2264.79,634.4,451.62,25731.26,16266.83,1079.93,8525.4,15339.75,2049.02,98254.71,293.61,151539.66,922.06,814059.51,74799.67,2892.23,5751.46,257.29,15158.46,239005.63,22482.94,15470.22,27602.46,1292.54,105181.73,42937.03,5775.23,21528.36,960.48,1935.63,2788.45,40004.58,47270.25,2021.74,11541.77,62826.59,17218.68,5988.7,288151.33,232177.74,84653.94,6411.03,401282.41,10150.78,920.53,642.54,178655.04,5406.41,21988.66,8446.48,12045.06,8689.71,17368.24,,2767.35,2574.38,18840.65,101852.5,420601.69,36029.25,937.74,148.94,2921.65,1646.81,69965.13,1506.77,8611.55,797.11,34452.36,6228.83,,3988.82,17220.11,154233.08,16445.83,17232.6,906.02,16420.45,32867.77,241943.08,140181.3,,62015.37,9629.56,67.36,131233.95,7029.58,37620.15,322.29,56.42,1766.89,778.7,,4219.49,8613.84,234.15,95.49,251.77,7751.1,2494.38,83309.68,30850.05,6247.54,309.67,571.63,84674.83,7324.89,342.41,113603.17,215304.91,206744.83,121053.61,258.93,117.73,20580.54,13013.65,19521.73,489934.87,9708.2,714.31,328.18,1006.83,4064.43,4314.35,149.73,,6743.31,1143.91,77161.75,3711.4,336637.85,11320.93,4011.06,1472.22,2306.9,8152.17,11622.23,8606.78,1616.77,841.28,3471.14,1814.3,22131.85,22329.91,8630.59,1878.85,69287.71,111.32,48622.67,81552.42,3398.29,,157439.39,123.59,9498.37,16037.35,1649535.13,0.0
S033,participant,33,B1,54.0,M,31.1,265655.64,32744.52,22622.32,106050.26,578.13,1165.44,303099.58,57911.29,2880.33,7677.23,18042.17,11419.13,92555.43,11416.91,,9037.81,1480.2,605.03,5657.11,22683.2,24007.67,6964.8,62633.99,52843.61,17934.29,6679.72,687533.16,,835.59,8163.83,1051.7,118.25,12041.42,151188.62,122758.46,39308.88,255903.39,175.37,50532.31,114829.78,3492.51,595467.78,35139.06,16882.53,116665.56,1035.47,2415.07,119.75,36543.55,3481.3,2244.53,27750.01,619.73,665.47,1088.56,959.57,2520.72,513.44,355.19,8574.39,182.06,577.78,2505.8,14980.7,72678.85,21932.35,17884.31,127.07,52524.48,3908.28,77578.32,5345.97,55771.06,8659.18,32394.68,1035.3,185726.13,4918.72,668.88,7065.05,59986.0,872.29,4593.86,3581.77,4677.54,480.52,610.93,78163.77,244.97,423.24,1965.76,34436.55,44997.94,72869.2,,33683.94,9036.52,14093.47,1779.15,4725.34,66842.38,24027.22,12160.88,7236.25,,7103.18,475.59,10403.33,1072.37,44076.66,3376.41,423.74,88765.38,102936.04,224660.39,228071.09,602.74,72.13,11726.93,72178.64,6664.65,2595.06,538118.24,34710.77,4027.84,24529.91,69494.91,49102.61,122047.1,306.39,1343.03,11753.76,8441.24,14355.06,8762.74,,340.36,6284.61,2729.21,459.85,981.1,16759.36,134417.25,1135207.71,3654.37,1253.61,1064.55,14290.59,30181.04,2844.25,442.19,1773.24,7912.42,37677.28,1305.16,333.85,16316.29,13012.15,6558.1,604.72,113.19,211.24,116529.86,1486.32,23186.31,6446.69,462.94,14559.45,4069.18,,1545.57,4732.02,17646.66,1534.64,349.2,2233.88,650.2,603.19,3064.72,256.67,74925.82,,74220.95,4418.64,3223.61,1011.53,2271.73,225.47,680.31,152742.23,15494.61,1640.83,175.8,13162.77,171354.75,24364.22,292656.56,3575.28,24123.53,935.64,12045.11,2931.88,10617.58,1237.52,757017.06,23108.73,2759.03,6792.0,137843.96,48240.04,48754.8,3148.72,6813.29,208.76,424.04,27629.55,220.54,20888.89,179255.47,32345.04,1615.14,91385.74,2461.61,1790.14,28213.68,915.88,9416.92,534.53,44083.46,59662.48,23894.17,468.29,771.81,1919.62,112759.29,383.56,9588.97,80127.52,4602.83,,23524.35,499.69,63081.83,22278.51,4681.97,695.79,5501.41,7298.47,762.95,713.33,36939.22,10494.36,1447.43,4526.25,13844.82,1583.46,18362.89,149.32,201136.36,4059.55,920321.87,37705.66,5913.08,2587.57,298.43,17144.85,262396.0,26769.97,22335.28,29623.44,3714.95,123909.62,43668.67,10241.14,48407.11,3355.04,2444.58,2273.65,48614.19,24618.46,7455.02,24737.8,60154.45,25529.4,15519.77,346370.8,218604.18,82628.73,6562.72,212071.21,13877.33,493.25,2178.42,102103.18,4422.06,25132.47,16667.01,8141.25,4711.0,19270.54,,10496.03,,25411.24,48000.56,306987.16,46591.44,1616.53,94.65,1821.29,4322.71,52055.93,6465.61,11554.16,1214.47,11423.23,5863.71,84.25,3135.18,11746.37,354860.27,33601.1,9937.26,657.56,7846.49,23052.85,257880.13,83279.54,,48662.96,17699.46,93.39,164792.08,24209.21,59903.96,328.21,76.5,2330.08,909.21,,490.18,16976.03,1068.71,117.51,198.68,10096.74,4209.65,44019.07,96453.88,4440.61,437.13,735.26,61043.0,4314.93,392.07,98792.67,121211.35,176737.42,68374.08,779.51,177.79,30937.88,24986.0,24228.88,556587.96,11647.49,1836.03,1565.54,1864.61,5695.22,9164.94,191.76,878.73,12680.18,676.87,91453.54,3711.82,276093.78,6406.52,8212.97,1294.85,4079.46,795.91,4785.74,7353.31,5606.04,979.2,4899.73,3641.05,43355.24,4273.87,11487.06,1925.84,34466.83,173.85,26501.96,100084.24,2916.3,1408.22,75261.18,166.45,5043.7,8289.9,1777775.15,0.0
S034,participant,34,B1,46.0,F,31.1,123760.32,37093.57,18031.46,56751.65,,1331.59,197491.43,,1652.43,4273.95,6554.24,5634.88,76833.22,18228.07,,8719.09,8881.04,253.17,3130.18,10331.02,10921.62,5354.72,32378.41,57841.99,8388.43,2316.54,259269.62,3007.81,683.89,19865.78,4771.28,62.38,11505.16,312594.8,130321.61,34012.2,230207.92,,20525.81,110161.86,2771.55,284684.48,10748.72,6835.44,84715.32,806.78,3976.5,192.07,35797.48,3081.51,1017.46,27896.74,753.06,1606.86,2428.97,2431.57,5747.06,231.08,1307.21,8913.85,493.57,779.98,1474.86,14561.65,89003.81,6123.42,35862.52,57.95,26562.32,4182.18,67515.08,2988.4,15140.29,13711.25,15692.52,738.99,109170.29,11861.65,393.06,4131.51,19984.17,510.08,2491.31,13819.64,,361.99,493.3,78132.1,106.99,846.29,1487.02,34713.36,16860.46,105585.34,9172.93,132904.06,14582.42,7874.27,1280.89,4657.75,31212.09,54100.95,12497.89,2697.97,114.96,7150.62,230.22,923.19,8116.62,42671.19,10682.75,2008.94,18317.87,98399.24,201661.08,88125.91,682.45,172.08,3321.85,68102.91,1276.99,1083.14,569503.57,18055.3,3701.25,13079.64,30611.94,41500.44,43851.98,395.46,1519.25,6022.52,6832.89,12518.1,9476.24,624.12,,3512.38,14460.87,252.25,726.8,15459.16,96729.46,261226.87,7201.24,1022.79,4380.02,6247.93,34651.36,2904.34,208.0,1697.85,6726.46,20225.01,774.22,174.1,7451.24,,2615.58,2386.71,146.64,262.67,58677.34,640.05,72413.13,4601.81,465.34,13025.19,6686.5,109.01,,5400.99,9725.68,1348.97,2548.33,2711.76,1586.4,508.46,1502.13,131.86,15222.18,6850.25,30757.99,1816.72,7917.02,2714.53,16773.09,162.4,751.22,129399.9,13288.77,2278.08,,5958.85,89001.42,13517.42,173294.09,5105.35,5336.86,665.88,24019.43,11692.95,4704.71,702.22,497239.16,27966.6,1238.61,7659.12,143487.23,31454.34,3473.89,6326.43,6269.35,276.78,1067.23,22327.45,,1672.31,90212.31,29505.02,1236.64,111301.95,4313.97,1767.42,23734.61,,8407.33,1057.31,8069.65,29818.3,,280.12,2756.21,894.33,95932.36,2073.73,4363.4,22074.03,22286.91,28213.36,36054.02,435.09,58533.96,23350.08,35918.82,384.52,24931.89,1593.52,1729.7,666.98,39826.5,11728.2,1882.86,9684.31,11776.93,703.06,24196.31,89.29,55106.88,3256.19,289657.53,29051.76,8663.04,5946.19,134.82,12504.13,246875.61,19215.31,5783.35,31105.6,744.54,58433.64,90029.06,4557.67,50681.06,1487.48,1115.01,1213.36,34380.67,48069.46,6056.41,28015.5,71130.45,38239.01,13456.84,353479.88,241506.35,162167.12,1817.54,179307.94,8798.78,358.27,365.13,8121.37,3995.91,18527.77,5515.88,9977.64,9208.49,14977.8,66.43,9233.71,5184.97,24273.89,236369.47,145017.05,40848.73,1353.79,221.72,4262.49,3911.48,67184.75,2613.21,9192.09,1893.89,10635.97,11576.17,64.96,2538.53,13392.03,75571.19,18872.89,22169.66,348.04,39947.15,10424.12,252416.28,151800.34,225.28,19814.44,8016.41,176.16,136366.37,4404.57,34642.79,1591.79,123.01,2058.13,2180.67,,1904.32,27302.5,404.34,253.15,190.5,3016.21,1918.99,18966.99,47038.09,1813.01,194.68,594.99,68126.75,8829.06,810.87,93207.33,103285.83,219323.31,56199.33,379.57,228.18,28524.96,9877.34,63859.29,207057.77,12108.06,1191.46,635.89,940.68,8441.77,3662.97,374.53,514.6,10202.03,1577.24,62653.02,4203.65,352624.29,26065.96,3599.06,738.58,1943.6,3541.11,2469.82,6330.77,1060.27,1989.06,4266.73,2712.94,23904.88,4943.0,6799.73,3524.29,20959.22,166.67,21868.93,322652.0,2200.57,570.14,163126.61,,23873.57,36546.74,593703.57,1.0
S035,participant,35,B1,30.0,F,29.8,286328.58,32903.16,30650.67,45463.78,,1638.7,318331.38,70547.09,3833.45,3431.63,20718.27,13649.1,98101.86,7003.95,,4486.46,1192.78,136.05,5422.42,14356.39,21409.51,5110.97,73551.78,102548.96,11106.6,4934.01,794561.99,1258.41,650.16,54579.1,13686.84,102.88,20145.33,251478.26,70703.34,20088.51,410446.3,,152650.61,135824.53,3776.14,714868.72,11239.73,6012.34,131732.83,681.21,4039.05,86.19,22000.03,4913.6,1210.82,84853.92,547.94,908.37,1782.03,1018.73,4546.83,187.56,,7491.77,210.26,688.07,5965.26,17227.16,132218.83,11150.94,13846.97,66.43,33012.83,3590.53,78838.31,2372.44,15172.72,4862.83,9954.75,1054.64,84821.28,5493.36,550.5,5502.93,11960.5,933.76,3247.88,11816.78,6363.05,431.55,518.89,68810.33,125.94,323.43,1388.61,94795.38,14176.33,39448.01,2967.2,44822.78,12931.79,17243.76,1288.45,1316.21,26187.54,20889.37,13154.46,7896.08,61.27,21820.81,145.32,8605.27,1057.57,48927.91,4206.12,4917.66,13025.66,91354.46,168166.31,252256.44,673.7,65.24,5146.51,42347.35,1276.14,961.25,705397.97,42203.65,9209.96,9189.32,75321.82,45207.91,38300.29,253.95,4552.67,12608.12,7098.14,8228.98,11077.62,738.25,,6976.52,4454.67,324.18,764.88,17218.31,46982.02,830500.77,3229.72,989.32,12346.13,23189.27,22892.71,8237.7,128.66,1781.7,7133.1,27965.11,640.12,320.39,16385.47,17426.22,2077.1,,94.16,249.29,140276.85,414.48,5095.26,5679.58,413.05,29382.49,4865.96,116.15,,6821.97,12249.3,1130.15,325.12,2718.08,742.24,559.02,2231.21,99.16,52495.64,2491.61,31338.23,12695.89,20204.91,7611.35,2442.65,254.62,999.45,135618.96,8909.66,2027.84,198.8,13808.84,112735.39,14337.3,353897.73,4329.53,3597.89,635.67,7458.69,,7178.79,902.04,822390.42,19141.61,1738.88,21080.55,39830.42,58362.94,38309.53,3930.0,3698.38,191.55,803.32,42098.58,,18059.86,213648.62,28868.34,1078.32,186665.55,3674.62,1460.73,32605.01,1114.67,15021.3,988.61,9051.57,55943.26,31341.83,1181.82,2519.96,815.16,166390.22,527.55,31411.73,35921.29,6411.35,9952.28,55147.21,374.22,102488.8,15189.08,4499.85,1725.34,68394.54,1164.74,907.64,586.0,22122.32,15252.07,1282.51,7248.69,7544.61,2976.13,24549.42,395.64,59031.41,6362.02,172253.36,42527.19,7221.23,2011.94,106.55,13371.35,363016.27,23370.09,6300.06,40162.61,864.64,168929.41,74680.79,3175.35,16495.21,990.12,731.26,2934.07,17208.23,16371.84,11566.3,7393.03,46990.25,14673.86,15236.41,683976.44,165113.55,131231.1,2814.04,291155.55,10028.92,497.8,392.64,87072.39,2579.17,9430.46,4608.19,10384.45,2778.51,17033.67,73.89,16941.88,1700.2,21396.04,72297.86,130015.68,32090.07,1343.31,174.0,2534.22,4415.43,98021.65,1299.69,8059.29,780.85,6609.61,4305.65,64.95,2720.98,14738.56,248349.73,14593.12,13507.63,665.43,11104.02,9399.29,224959.49,52176.99,251.34,85269.15,5534.68,71.34,297538.37,3816.51,67509.85,452.97,,1549.39,900.91,,1504.15,21138.16,224.16,126.79,163.58,3310.01,2498.17,55975.47,28655.47,8397.01,124.89,493.63,77165.47,4786.74,365.55,57847.35,147361.82,250144.21,87043.27,540.57,161.02,22083.62,19399.85,4855.34,124702.9,23319.62,1760.54,276.39,535.32,3299.6,6767.9,212.03,413.73,13540.24,1180.55,72473.09,3449.23,523729.0,8746.84,4458.09,1604.03,1302.26,8761.84,4212.09,5622.81,815.9,853.97,16314.25,3355.28,20774.85,5241.41,12956.54,1485.77,45541.6,151.33,32518.85,22109.85,5942.72,504.24,52983.54,200.37,7488.0,12541.02,352437.21,1.0
S036,participant,36,B1,42.0,F,32.0,132848.64,26466.36,24609.21,56491.45,,1822.38,88363.7,225004.83,2906.89,9106.19,9292.67,5880.48,82144.07,12086.27,,23910.41,5155.23,167.55,7118.94,26432.03,12300.87,4021.89,30273.33,25344.03,5876.84,10842.75,299038.03,2457.46,498.47,21533.8,14836.27,217.9,11770.15,135747.7,74212.32,27274.01,228678.4,,31611.25,121804.79,5379.15,337524.67,23623.22,3967.52,46161.85,584.46,12193.13,92.07,32697.88,2439.02,1454.26,33916.51,773.46,2490.44,781.42,637.54,2817.5,389.74,326.54,7693.09,121.73,349.26,1570.75,16793.28,70255.04,5668.31,24255.47,70.37,73913.78,3066.62,94151.84,2497.37,29779.07,10760.03,33068.04,1293.75,216373.2,3202.54,1205.3,3442.31,2838.34,1277.2,2127.36,21691.58,18224.4,1748.7,497.53,75472.34,140.39,599.28,3091.56,51237.25,26291.02,72541.48,6142.93,32821.12,40851.04,11415.14,2993.62,2285.59,27639.94,16938.13,15108.06,16369.54,88.0,12062.05,269.95,3977.24,4485.98,53307.29,2904.27,5777.2,65830.48,99745.74,227240.56,109553.52,329.79,,2719.8,203997.89,1120.87,627.65,630938.89,77355.76,26009.5,27507.25,29779.72,43930.14,65356.74,853.44,1896.94,5872.39,7014.9,42668.01,7188.29,1387.06,,4991.46,8138.0,797.23,818.23,18113.63,165936.44,297940.54,3892.36,755.31,14234.42,19026.59,26454.13,4782.22,252.14,1975.59,8429.37,53217.29,651.51,404.94,8498.87,58930.86,1356.27,494.93,330.74,112.96,251907.96,1069.13,29712.88,21186.0,501.5,97168.04,2579.25,219.12,,7356.76,8943.18,2131.71,1497.54,1259.21,429.03,489.85,5113.0,215.32,18800.71,4805.71,29425.24,2950.7,8164.34,3080.78,10161.68,296.05,1065.41,160765.69,43636.04,9495.36,127.2,6486.72,222883.25,29845.61,318395.41,2332.1,19111.05,493.43,7501.82,2654.11,16978.6,585.31,279945.63,26219.33,860.94,9800.23,75240.48,54626.76,15133.87,9751.75,3692.77,602.0,557.93,19769.51,,7111.89,110891.07,31607.25,803.19,104939.68,12036.61,2109.12,42126.09,733.12,9320.46,428.38,7429.95,30888.96,102721.73,279.56,4455.78,1567.39,89789.49,283.78,5943.33,19568.43,3298.5,20024.3,27582.18,273.29,62015.44,17745.95,20471.28,408.02,73947.75,5510.91,1253.82,383.26,22824.23,10960.94,3696.97,3593.76,11439.07,2240.13,124717.23,91.18,121481.77,2982.59,45378.71,55491.65,3831.25,1792.28,182.98,10885.31,295515.35,19853.09,12643.86,33265.34,751.07,71580.49,38294.11,8273.25,27466.36,3224.05,1398.65,1857.14,57982.74,15994.62,5926.75,13663.21,57689.95,26972.95,16894.47,162124.67,198573.79,71512.0,1529.32,256283.96,8170.17,545.74,341.79,35626.33,4027.14,29967.65,8362.62,7737.68,3360.93,14750.71,150.88,8127.19,3592.51,26765.8,142727.73,139830.4,43537.15,882.38,104.03,6169.63,4460.91,50434.73,1646.08,6590.81,906.35,28691.84,7568.13,,2449.12,11224.11,88672.76,42152.23,34558.98,802.35,24074.62,9828.5,247426.14,51205.4,483.91,65695.61,13555.69,88.65,72312.11,17239.33,62409.0,235.97,62.07,1520.45,1146.45,,2684.7,11532.51,242.57,160.52,221.12,6444.16,1415.43,88351.38,96968.45,5763.8,230.18,438.89,53496.85,13733.04,423.59,86670.65,192075.81,254067.92,76016.38,1305.92,477.02,29492.16,41704.7,28249.93,28454.84,5709.88,5274.09,393.76,1465.62,5538.57,15414.99,279.81,444.2,11144.47,712.91,59643.06,2890.42,290344.54,6246.32,2694.34,1152.96,3236.09,8763.54,2601.4,11242.32,4214.81,1033.38,5653.32,2994.67,54901.98,26915.94,11901.34,2592.32,80872.16,91.9,30658.75,133119.33,19563.0,359.06,51588.02,127.54,14867.19,8741.78,83767.75,0.0
S037,participant,37,B1,64.0,F,27.4,563967.92,24367.22,16658.23,119751.74,600.09,1619.83,233920.41,141197.82,5200.28,5350.01,13226.51,6848.74,42045.98,24826.1,,12178.55,3593.97,243.1,,16872.37,55617.34,5444.37,132869.74,74918.72,5226.98,2879.86,491293.98,969.71,723.41,24424.94,5254.6,64.61,20460.74,243097.84,101349.52,33951.3,422173.73,175.06,23885.66,74666.01,1841.92,403864.68,17094.95,12855.75,103210.23,796.29,9692.88,117.89,35374.29,1444.21,1762.91,51317.44,424.36,835.94,1936.17,3125.86,3375.51,259.31,177.61,6375.23,563.27,817.8,1433.18,16606.02,43215.46,22808.96,32668.19,90.76,38534.84,2603.39,188309.23,1580.56,22487.69,18776.16,20335.62,1136.18,151269.37,14897.85,342.83,8800.88,118613.01,,5090.58,12849.8,11612.56,168.75,753.71,38218.16,181.29,817.77,1848.4,23987.28,35263.87,148939.3,2612.09,21109.81,31703.41,23725.77,1818.54,4388.6,66266.41,45917.41,31461.09,9462.19,,4947.58,268.21,7261.31,2911.44,16501.63,1859.21,2087.76,32518.74,46953.95,166208.01,171705.82,690.82,207.53,13580.04,100546.42,2609.06,1876.5,392023.03,50523.62,4510.09,19964.06,159996.63,40980.2,96449.01,513.04,2540.74,13411.77,12564.05,19543.37,9635.7,1399.42,309.39,9417.34,5705.38,246.07,1377.31,37253.07,259368.09,483475.96,4118.8,1000.6,4824.14,12111.56,43640.58,1892.75,241.52,703.16,18285.64,34657.65,369.25,,19522.69,32718.98,4123.85,331.63,190.82,228.26,178983.57,1651.76,53467.84,2218.19,280.85,15902.38,2606.27,229.65,1439.78,7019.37,21527.26,1728.74,889.18,2689.42,1814.69,832.57,1563.85,141.06,34807.39,2081.36,76183.1,2158.52,8905.97,3140.77,5900.94,259.19,940.81,150650.33,22634.92,5544.74,,16086.8,138834.2,19851.91,167408.68,2234.5,9720.92,658.37,12894.96,1654.14,4871.37,1589.53,597448.07,32299.36,842.17,5536.35,124188.09,27949.26,29775.31,3334.16,4956.99,373.63,650.32,10300.72,221.21,13059.11,145691.32,14246.03,719.45,55969.52,9820.82,1075.16,15868.05,,14756.01,1004.86,19313.58,69280.54,62013.06,247.01,3110.15,1064.3,164859.03,156.08,5519.55,88146.64,1938.35,8413.57,17722.34,221.36,105108.44,25927.71,12876.36,404.36,27318.53,2795.85,633.26,509.74,34266.85,12868.04,2368.93,8153.38,11791.68,1326.55,65662.87,87.51,91666.58,1796.51,1605427.0,22348.36,3532.88,4381.85,155.52,26654.78,164683.12,36688.49,9807.05,22429.0,1846.02,94239.59,71273.42,10739.13,46704.71,1719.29,1288.5,4044.48,85716.8,29577.49,2747.82,22110.97,75676.42,49787.87,5273.79,507198.93,280926.28,123712.25,6330.87,154960.93,17115.51,564.38,899.48,62280.77,4257.26,50019.96,11392.76,9587.48,6077.28,29693.94,159.09,4319.69,1634.84,18980.61,101635.73,348002.53,34272.47,1009.07,120.07,2121.1,1481.34,33738.75,2702.96,5649.4,1140.87,15318.85,10545.73,,4088.99,14273.06,144128.24,22982.27,11569.22,,16742.99,23334.06,123051.62,94199.03,460.6,39049.7,20760.77,95.09,204159.4,8837.33,31108.46,142.69,78.49,1262.94,1042.29,,1422.99,10681.95,442.01,91.89,121.24,4926.49,1376.83,65138.78,57119.17,3485.69,221.9,358.5,71356.18,4603.53,432.7,98571.55,71670.76,146552.47,47788.95,379.72,300.48,22842.73,10805.5,49928.83,1105393.82,19408.4,612.84,622.68,2205.21,13287.19,3842.06,163.5,261.45,5874.3,851.38,122257.4,2703.23,171420.27,4094.35,1937.06,2043.66,4665.52,3955.2,5280.31,7564.86,1931.2,1166.3,8654.25,1496.42,34686.2,15199.96,6907.37,3447.5,55144.47,109.41,18848.34,227293.53,3073.93,1273.15,136709.72,,9813.01,5492.47,2890929.03,0.0
S038,participant,38,B1,53.0,M,35.7,291582.39,24903.54,27615.75,66003.35,3809.51,,155103.04,56990.53,1972.11,6744.6,16883.51,26040.17,75771.64,46935.25,,8039.89,3053.3,340.5,3318.51,8170.35,25526.73,5884.12,64061.57,32395.83,,5659.87,638972.91,914.51,747.09,33611.39,44570.49,67.59,24949.73,206571.88,150074.07,32134.81,470886.21,1196.35,18286.46,161135.5,3524.76,1362353.34,13697.6,12045.72,59213.39,833.13,6798.25,96.81,34683.08,1328.4,1385.65,24482.26,909.42,468.71,1270.54,1614.38,2751.65,436.87,728.75,5629.36,323.44,521.73,4449.4,14379.46,77542.26,23475.48,26706.93,74.28,19120.32,2611.54,116965.38,3482.45,19441.17,36933.46,8119.3,1577.44,180442.22,8503.93,385.02,9287.55,8825.06,475.65,6352.16,11867.34,4315.68,875.9,599.26,115130.35,145.78,617.97,2337.09,70445.28,39379.62,267109.24,2646.21,31317.24,28744.55,9168.1,2083.56,4823.68,34415.58,18772.1,20209.56,4409.36,,15036.58,159.96,3205.85,2858.15,35331.89,3240.23,17630.66,22120.66,138999.6,369340.48,211447.63,484.68,120.04,12345.62,68358.42,2897.39,1713.96,781006.59,23239.59,5381.38,20382.61,72124.66,41924.98,91026.36,319.83,1364.38,16070.37,9189.4,12278.11,10968.63,841.22,1761.31,4173.63,10480.17,235.97,971.22,24065.18,56260.56,238401.82,3485.88,1084.61,42124.83,28253.08,31149.75,5573.66,168.51,1517.25,11504.41,15725.04,806.91,184.15,19202.08,14236.17,4047.65,1182.09,116.12,168.48,84040.84,854.57,38346.23,12107.28,641.37,18661.98,2392.63,145.31,9386.45,,24853.02,1878.88,794.58,1902.79,993.13,727.27,1549.6,255.42,14549.69,1999.98,45518.52,1571.81,13353.66,4510.87,5660.53,341.14,,142566.43,13699.86,23015.09,202.2,15157.17,64816.59,10118.81,59834.16,1962.55,6262.68,697.12,46642.7,6042.78,10466.57,1569.33,387498.05,24806.25,,14231.12,130288.51,10082.46,14495.2,1847.18,7202.78,218.84,464.96,9838.95,1420.7,6081.92,353602.95,44175.65,1052.48,116915.53,8418.16,2196.54,35933.42,1036.24,15976.19,584.15,19630.11,71633.35,28145.87,879.05,2573.48,1803.71,184052.47,187.2,4162.19,80260.75,2415.35,8708.43,34207.74,356.9,113528.55,22797.97,12088.85,1291.05,231436.26,1913.87,,,52626.3,13553.09,1466.29,5050.77,13012.87,2882.72,270318.77,262.27,73421.56,1340.31,135886.61,42731.38,3663.53,1780.44,100.2,17347.22,336746.42,28235.51,8026.75,43155.69,1705.9,291257.6,60112.75,5920.81,50520.83,937.94,834.78,1431.33,19177.23,100843.13,2885.85,26013.15,63396.59,91886.01,10378.54,235857.62,223325.83,110750.98,7392.17,260985.21,13086.23,731.58,926.23,28450.57,3943.22,10705.85,10995.16,10852.47,18684.74,21425.66,88.84,3742.63,1625.44,45816.19,186433.63,178466.31,79016.03,,116.13,1321.23,3077.05,72427.69,3431.67,7663.93,891.18,10469.88,8113.64,,3333.12,15224.46,67852.73,35320.25,6688.43,395.24,29343.33,13798.52,317241.67,304408.12,309.21,83240.86,10226.27,78.29,95968.2,5776.29,11043.53,162.51,61.91,1614.77,902.31,,1645.4,10639.62,527.14,,264.07,3886.26,,28928.44,25944.65,8091.28,145.97,532.68,77338.3,2622.72,408.28,97120.76,137470.87,301464.04,84968.15,370.17,170.5,49704.78,22233.75,34121.52,88059.15,8396.76,3180.98,765.07,1159.39,20088.53,7828.12,,487.33,10719.6,707.28,92493.37,2802.27,326414.55,6107.25,,912.08,2355.12,27653.49,5486.15,8808.75,1446.47,1000.31,3813.79,2734.7,43073.14,65221.13,2220.78,2980.94,27395.64,,29636.24,166650.13,3572.56,1027.02,58817.12,173.11,19366.9,8377.6,254165.92,1.0
S039,participant,39,B1,47.0,F,30.6,129717.74,29908.0,35784.73,134377.31,2503.43,1832.73,89765.57,69262.58,4508.39,9031.3,9719.05,19682.86,45534.18,75998.98,,14273.16,2009.81,387.73,4956.41,26954.81,10186.14,3857.93,28495.41,43298.16,14226.07,3537.88,329286.44,1117.32,490.96,55617.55,26195.66,88.6,19681.71,430688.47,120206.98,23009.94,392640.93,716.54,54617.81,93458.53,3272.17,958237.04,16135.72,19551.71,40195.21,597.09,2277.34,130.26,24538.1,3386.8,1828.25,34629.32,772.47,3127.79,1089.88,756.5,4765.25,764.1,535.05,7638.49,152.47,1145.44,4743.57,14431.74,89424.02,3866.04,17846.22,101.11,78628.18,3093.46,119382.81,1992.64,25015.89,50881.01,13873.56,1179.83,215920.21,3841.32,473.31,11046.54,13589.21,843.23,5999.02,22643.95,5266.68,377.45,411.04,105884.22,182.8,386.66,2482.76,92570.88,17255.01,397723.82,3293.05,68457.98,8753.28,19902.57,2318.91,1706.47,69491.34,56685.74,22740.06,10118.05,56.19,19356.89,196.41,12298.77,1720.7,26976.04,6835.83,10184.2,18700.64,137980.52,221587.65,116434.38,1274.93,58.16,1777.35,126290.48,2784.46,3083.19,515799.61,52539.66,4036.67,23631.65,33292.66,39665.53,42397.98,1097.42,1768.81,15766.08,6138.7,22929.15,7585.66,560.9,1344.11,9173.93,2673.69,289.35,634.82,24909.67,453318.1,1133570.33,4060.66,686.35,21465.31,44631.92,28581.99,7196.98,201.94,1049.36,11152.86,56133.96,476.85,280.89,24020.37,15090.06,7815.75,824.66,388.95,449.93,176900.46,1543.88,58185.81,5062.86,545.03,14993.1,4327.86,89.56,6595.32,6960.31,26403.8,2162.31,549.44,4674.86,492.17,453.45,2045.06,392.04,72179.44,2460.36,74952.81,4490.8,23159.88,7762.45,4302.07,250.35,946.11,124720.28,28158.53,6680.37,138.33,18963.67,231454.2,32611.59,27172.9,4709.42,5103.77,478.38,8144.72,4701.17,5847.93,1683.46,246000.38,24915.87,2448.08,21906.45,48825.03,4478.87,50525.48,11866.65,5888.8,685.96,890.67,25447.95,1018.82,24310.86,327208.19,45502.02,667.34,133708.16,2530.55,2377.39,21803.1,822.82,15366.37,444.11,19119.51,86101.16,32602.97,821.65,4905.74,2751.77,179879.88,221.29,11836.88,12717.57,2799.62,10498.38,44662.28,254.57,103396.58,18450.43,7416.85,1326.62,129253.51,1517.09,884.88,410.18,44559.74,9767.73,4841.4,4039.42,8643.65,4748.3,73346.58,286.44,89280.78,3680.92,205269.97,32131.09,6522.96,6080.32,135.16,25892.36,215463.26,35426.16,9222.0,28918.42,1656.89,203774.38,118363.11,11154.06,16437.92,1378.38,1031.09,3170.65,144759.53,17604.93,6391.55,8696.65,57557.67,149003.14,9027.92,257231.21,206419.95,223539.74,983.53,386359.47,16590.09,533.59,909.89,107153.26,3310.86,76378.07,4936.49,7300.28,3153.11,25876.87,66.49,11251.99,1923.01,27083.45,47004.07,335712.15,43633.67,790.08,176.64,8133.78,2410.43,73272.86,4157.07,5626.92,1233.2,18846.18,5057.38,,2131.13,10382.16,333151.33,37215.26,45481.07,613.69,7189.74,24691.95,351723.72,50640.98,199.7,138254.26,20487.08,96.29,116378.08,4857.07,5343.45,199.1,79.15,1201.91,1072.25,,2760.42,21472.75,619.13,123.46,256.47,4603.36,3533.28,52888.09,45244.59,12457.41,150.8,379.39,54879.32,19171.8,418.76,69377.57,105911.08,184179.02,125339.26,513.33,582.94,30390.0,13637.78,63081.74,139057.44,9334.52,1448.95,927.6,2196.41,31281.69,5447.89,184.39,340.67,6459.11,1399.46,119899.69,3435.4,393271.33,13569.55,5811.76,1862.81,5224.62,16243.58,7170.01,9774.57,1277.73,1168.17,5791.35,1774.91,51328.74,15894.39,1124.37,1776.96,53761.7,93.06,50318.21,274016.81,3065.59,1784.16,169812.95,129.97,4487.36,18425.35,380495.35,1.0
S040,participant,40,B1,42.0,F,23.5,123079.7,31210.68,19436.32,79027.16,4095.67,2009.72,204307.39,54707.11,12835.41,21205.98,4649.02,15377.97,78465.95,10761.45,,16177.6,1721.37,2015.53,6917.01,40597.05,10493.34,4166.91,30941.01,64020.37,10522.53,1743.09,181883.48,1782.04,487.51,33788.93,11407.55,97.0,20820.51,146856.55,91922.91,67745.92,433717.62,1358.6,56880.71,82526.11,2691.21,860259.3,24537.94,13052.0,84767.91,624.22,9722.05,174.28,66483.99,6487.27,2252.27,7595.29,1175.77,,1023.0,762.98,2747.11,353.26,775.05,7055.63,146.85,503.41,,20146.35,59953.12,8200.36,40928.95,115.22,97666.17,3475.75,67224.97,1845.58,35348.66,8832.67,8569.03,1715.19,512919.02,4022.69,527.95,5994.49,4934.18,992.74,4003.69,90344.21,4331.97,708.87,430.06,68186.39,229.88,937.49,1967.3,70577.18,50854.14,65464.72,4544.98,94485.71,37952.45,49654.83,1819.79,1733.71,42161.89,37785.0,9909.16,7228.48,59.9,15363.85,424.62,34676.1,1266.83,30759.64,8029.67,4195.69,121162.32,95004.98,739280.63,67201.67,490.05,58.99,3484.5,146023.54,1656.65,2018.78,419211.63,39449.56,6401.56,60873.68,29568.63,55764.54,117363.93,728.61,388.62,22449.13,6212.3,28241.51,8333.4,855.13,2282.93,22450.58,4001.44,412.07,691.71,15431.07,129166.01,434024.44,10069.48,781.44,9028.24,16408.22,24946.17,6349.65,385.83,1234.65,5900.15,73988.28,461.74,416.45,32318.14,13197.14,4873.09,1335.13,254.54,168.95,130335.79,540.75,64151.29,8859.03,815.32,24770.37,2202.76,147.4,11464.71,7515.31,15127.45,1641.94,448.13,1866.84,505.58,434.84,2373.93,199.62,25180.1,3551.74,53527.81,4576.93,14150.46,4634.86,2780.75,369.07,1112.98,183301.78,28677.12,12804.96,219.42,23250.06,331810.36,44938.8,88408.86,1878.15,37594.99,491.6,3413.99,6549.27,2735.65,987.08,526748.27,20070.85,1716.45,15266.5,51185.09,15769.34,129354.69,,4575.17,466.73,472.8,47278.22,1883.31,65206.09,281059.51,25514.89,937.18,68001.5,11161.85,3081.19,22096.51,1213.57,15651.49,443.87,11331.35,110378.39,23520.56,,18921.0,1448.23,184824.97,3435.43,11802.89,24930.54,39279.13,13460.57,22358.68,324.44,112644.73,17684.92,5991.49,,55852.49,11234.79,898.33,,25890.34,12256.55,3398.56,4123.61,24609.96,1481.72,143140.13,,128865.92,6753.02,76441.2,30480.58,2976.26,3802.48,267.05,16751.27,174101.27,23538.18,12826.69,23121.01,1099.39,199586.25,47786.57,3697.96,17977.89,776.47,1994.09,7524.41,45268.64,7549.04,14764.37,9821.23,49195.87,24444.6,10083.99,407349.52,173090.46,73790.2,2021.74,185992.24,13067.78,769.35,544.67,299360.22,8032.92,25848.15,15224.3,9118.64,1447.77,19214.58,87.27,18614.23,2433.0,88843.47,67556.47,222855.56,146423.64,,100.12,,2571.67,49538.55,22768.54,7791.08,1728.35,20588.94,12290.09,,2340.97,12071.75,122694.68,92373.48,,811.66,12072.16,18699.17,217885.92,22295.81,308.06,44103.2,6265.27,237.83,143657.41,28534.18,15655.37,2654.01,132.67,1662.53,2799.55,53.39,11225.21,9554.14,3295.95,120.49,360.81,6717.41,2538.35,50710.37,25451.06,4592.24,344.63,547.64,60608.21,,1058.4,190184.17,97078.36,152857.71,61114.25,530.87,414.61,114514.16,6769.88,62365.8,56210.92,15247.16,2397.57,5266.67,712.75,4784.91,2568.88,184.97,315.03,10637.56,724.2,86985.78,3653.48,232416.36,19595.45,4235.92,4878.98,1439.46,7173.86,8828.75,7548.05,8135.0,2593.56,1134.93,3196.04,124464.52,31868.72,3896.27,4119.19,40499.92,,21919.1,294405.99,5447.64,1179.37,116630.36,192.71,6597.07,24519.28,155108.47,1.0
QC05,pooled_qc,41,B2,,,,203169.31,25462.37,24740.0,111876.97,695.02,1015.39,217723.89,67953.98,2912.5,7810.8,10381.17,8255.85,70119.78,21325.8,,8107.23,1871.5,429.95,5800.27,23581.17,18932.41,4609.75,45545.06,63810.72,8763.7,2712.91,409950.99,1087.46,564.99,23294.02,19105.57,91.69,16174.1,233922.37,101737.7,28134.49,347052.7,221.99,30126.92,88507.83,2322.82,419213.13,17238.82,9938.42,87824.64,643.2,4263.16,120.05,26208.85,2632.16,1286.75,19975.24,753.4,1088.97,1980.34,973.82,3452.48,266.22,396.93,6327.05,175.61,487.7,3033.74,14251.82,118016.06,15141.72,20473.43,75.59,62019.23,2771.83,98251.06,2547.37,24430.9,15426.68,11966.0,1149.66,240232.24,4775.0,462.92,8605.5,11705.14,925.17,5103.41,12829.51,5451.25,497.32,518.18,77084.3,119.87,449.28,2081.18,59735.74,31716.0,122700.52,2586.63,58629.92,15813.3,13801.0,2043.46,3078.1,56659.93,29265.61,16584.5,6099.43,78.19,12647.99,165.02,4322.55,1703.08,23987.8,5364.0,8653.07,35725.27,100462.06,210798.71,156196.71,460.08,68.39,6828.64,65975.46,2521.17,1498.19,418761.53,36067.02,8479.94,29209.19,50187.71,36525.59,74162.06,600.55,1101.27,13902.02,7617.49,12861.06,10102.85,1026.51,394.39,6371.76,6427.16,297.2,863.11,22254.0,121246.73,465135.47,4288.15,832.8,20145.92,13403.05,26225.32,5967.54,156.32,1025.06,9757.55,49557.67,667.08,375.41,16630.55,15603.08,4116.88,577.94,242.21,175.67,118834.38,1065.72,37770.38,6924.03,546.3,31948.47,3802.72,175.84,1927.48,4184.73,21136.51,1794.2,526.48,1809.62,568.88,538.57,1997.72,158.61,27387.66,1990.84,64722.79,2749.13,9230.11,2865.5,3729.98,244.47,649.58,130201.52,13719.67,7096.39,180.25,15455.07,203287.06,26557.42,107957.14,2767.42,10503.51,563.24,14895.25,3099.58,5112.1,1389.81,555740.57,21464.71,1277.16,12515.83,97368.77,19174.53,16626.92,4447.71,5061.18,429.58,596.58,19846.7,272.75,7862.06,118029.5,25624.57,1137.71,148141.67,4535.98,2100.73,23230.86,958.2,12539.88,927.93,17369.49,66182.19,31667.54,610.62,2890.37,1130.73,134924.83,440.8,6692.56,47104.16,5235.96,8489.28,47060.46,336.73,90166.5,18509.32,7295.18,761.82,105968.26,3584.87,1135.89,547.63,30014.76,13151.51,2859.78,7753.23,8753.6,1560.89,85993.49,174.89,97039.58,2873.31,166948.65,32101.12,4755.72,2731.98,96.43,23592.85,164624.21,32728.93,11247.96,22408.92,1506.25,94499.85,69673.0,6959.02,35694.0,1231.19,815.71,2407.71,37138.67,28466.06,5321.84,18272.65,61955.66,45303.39,7399.38,437606.26,188142.74,116367.73,3834.75,236522.59,16628.43,570.2,743.56,39001.09,3235.56,23798.4,8703.02,10668.6,5674.37,24438.7,100.83,8269.64,1392.66,24812.0,110594.27,274621.49,38191.36,1117.7,144.58,2635.13,2050.07,90705.04,4539.66,8190.13,1091.1,9969.9,6932.9,53.79,2656.82,15333.37,136849.19,43772.81,15458.75,646.94,16614.84,20012.09,239863.49,88182.17,381.97,41731.65,13260.48,103.51,183009.42,8893.83,22786.48,347.77,69.07,1558.33,1193.06,,1810.35,15525.67,735.4,161.89,235.57,5227.35,1817.47,43150.28,37609.0,4238.02,139.73,549.99,72076.56,6266.82,424.46,70246.31,91253.47,145200.13,75174.68,472.99,352.69,28266.44,11441.27,34543.77,125372.42,15866.21,1845.93,1003.54,1422.77,8754.49,3944.31,241.42,406.17,10004.9,889.77,112939.05,2745.23,454074.86,12025.66,3419.38,1229.92,3115.66,14292.03,5067.88,8261.39,2266.24,1234.4,3114.39,2381.66,54331.07,19039.59,4191.44,2119.28,33981.07,140.04,27460.02,158000.17,6836.98,965.53,82937.33,171.35,9995.52,14545.89,351821.3,
S042,participant,42,B2,31.0,F,27.3,382213.4,20352.59,17486.52,92273.86,959.53,780.18,138566.42,42118.17,9489.37,14415.4,20667.94,12810.37,62202.12,11872.16,,14451.61,1813.48,253.1,4621.49,9282.7,31146.09,7911.06,75236.13,62427.25,5028.12,2383.26,768971.86,590.94,941.17,40332.72,23777.15,,16531.62,196294.09,104031.54,29689.64,357150.93,266.47,39233.8,61618.19,1777.97,687758.29,21952.34,6279.84,52990.11,1136.22,6458.11,94.77,33562.28,2173.94,1004.05,41501.28,708.81,1078.89,1294.67,886.29,2331.02,233.0,807.11,4547.98,151.32,464.66,2675.35,6796.57,162569.29,27846.96,28979.07,53.57,25301.15,2204.93,38173.61,6403.84,30274.3,8955.22,12798.8,1368.39,366740.67,4197.39,306.0,17556.04,6651.02,741.46,13458.93,17500.79,3070.63,195.75,458.91,89441.27,99.83,743.39,2320.46,55350.26,53912.83,70058.78,1805.89,68967.42,25832.87,45042.63,2385.8,5457.75,50959.77,27773.45,6053.04,15333.32,112.23,12322.11,260.79,25212.3,1360.96,9265.9,6355.16,10503.53,26585.48,111862.99,485183.55,252144.83,402.69,57.89,14620.47,116994.44,2857.5,960.44,321657.95,90747.88,6369.35,42105.38,95248.99,20759.08,132582.0,651.47,2061.59,8525.01,7016.24,23109.8,14922.34,1269.52,525.23,19914.74,13220.5,198.82,732.36,7913.25,111092.14,1309681.68,3449.21,1530.07,23056.8,12155.34,30271.45,4751.71,233.76,416.06,3470.66,19460.04,1613.14,280.66,11968.81,10768.1,2242.43,1347.06,312.95,126.05,289084.25,1134.97,75678.98,2903.4,515.96,25903.44,2056.74,216.75,2549.3,2924.59,50285.44,1756.91,461.14,1455.65,551.81,494.3,1236.08,116.78,85576.25,1122.42,58565.06,3209.42,15939.89,5334.57,3093.71,307.35,376.48,69420.03,25259.86,9994.99,318.63,9573.74,76068.37,10743.58,117627.96,1579.06,7668.88,984.93,5287.94,6323.15,3799.54,3564.88,350560.14,21486.88,820.14,10681.9,155503.94,22319.76,90766.79,4423.32,5754.84,580.19,431.83,15244.71,417.13,42694.9,174965.09,36764.17,770.71,199525.46,8295.11,1965.62,15129.32,1574.21,12033.83,679.67,20286.43,43034.1,20033.49,471.42,4043.18,874.81,152659.29,427.64,8573.67,102366.05,5123.5,5231.41,64002.16,250.04,95869.95,19854.42,6182.43,772.5,131972.82,2387.24,1615.15,878.16,30382.83,17677.94,3458.87,5998.57,10579.36,1696.4,124166.28,160.62,117800.18,2274.05,101902.51,21950.4,2744.77,2926.91,171.84,14453.52,131233.93,23889.14,12206.64,18365.89,1967.11,146936.77,53646.64,8157.18,51678.28,1303.36,1335.84,6820.03,40312.43,11612.19,3606.89,29056.35,59719.3,21588.73,3110.29,463487.66,197184.4,111569.97,8196.87,180750.98,11097.67,629.21,967.15,210769.5,3642.81,20723.06,16673.76,13069.29,2057.33,17081.3,133.77,6104.98,981.09,59273.25,209436.5,252415.72,98057.4,1697.67,87.98,2624.53,800.46,126708.34,2575.67,5974.48,941.65,18649.26,9005.28,82.9,2285.85,20118.12,374595.43,63674.44,15186.21,596.86,34421.54,18000.64,300041.83,33484.06,454.7,44957.28,14391.3,80.18,207121.16,6616.92,19565.05,372.81,63.18,1294.95,955.41,,2208.38,8342.16,382.28,232.79,212.9,6777.05,1146.98,98697.99,38371.31,3980.98,226.66,397.38,94425.04,5586.2,323.27,82339.47,65561.79,119909.98,56017.54,290.97,414.77,66469.16,9656.23,67814.08,68318.74,16307.98,738.35,518.72,1588.17,5835.16,3755.87,389.15,987.34,8621.44,597.05,76136.61,2202.26,654372.07,13153.51,2022.72,4252.76,3402.9,19279.13,3336.05,9293.96,1581.45,920.67,6780.66,2018.85,90120.73,27051.35,4326.38,2968.8,88012.76,199.31,21877.05,331937.73,5447.2,560.26,82553.92,279.26,20486.72,17240.54,201031.01,0.0
S043,participant,43,B2,73.0,F,28.0,464760.38,33760.51,18815.86,87257.25,835.12,1123.36,83490.16,82950.52,4043.28,8358.8,9567.75,10129.67,38602.0,27530.49,,3573.46,2051.38,,7370.5,34515.31,42504.09,6210.98,124159.72,86443.19,8091.89,2208.58,349491.24,,674.38,17156.95,7280.83,130.33,17465.93,288260.19,145924.86,32798.12,353051.49,259.97,,63638.09,3424.91,602328.45,33303.64,9985.67,35956.67,795.32,6672.37,109.07,34232.37,,1834.07,19373.93,483.63,529.76,2337.16,596.21,3035.76,223.77,463.4,8378.18,124.26,447.88,,9359.38,136332.56,5598.4,37293.91,96.92,76974.3,3699.52,74194.22,2327.83,58516.76,24193.29,5983.13,1441.14,236680.43,3236.61,789.4,4630.44,14468.62,1137.11,2974.48,5936.02,6547.06,744.69,505.04,62954.12,177.48,777.1,1913.6,106858.44,76924.78,179470.2,,102102.9,25905.04,17334.7,1807.55,3829.44,45692.59,17225.16,10482.79,6472.09,66.4,24577.34,205.32,5947.24,2054.66,40842.57,9126.64,3270.48,33731.9,78659.2,327224.58,121434.08,412.72,,2959.17,31260.86,1778.81,1621.41,340511.72,33480.25,4272.82,32350.2,129006.7,23686.25,199918.07,691.5,1137.4,16148.22,7159.96,5805.62,8883.74,805.29,454.44,7771.22,11186.08,546.9,775.05,15384.79,122940.1,359304.13,4801.64,1160.62,7063.58,14343.15,23146.95,9299.81,189.77,1705.53,7827.69,64809.65,596.99,412.05,20677.52,18532.96,3750.46,818.88,281.64,158.65,115995.04,725.35,9063.89,10229.89,368.66,15105.17,7779.52,134.11,2366.43,4574.29,12178.34,1593.47,704.94,1646.37,426.2,535.7,3211.08,139.91,25060.63,,56303.19,,6533.16,2429.63,4241.99,337.42,692.69,84828.12,6435.27,3984.41,208.76,18825.85,266610.03,37536.54,169769.11,6876.77,9479.41,767.87,5021.09,3851.19,3678.95,777.56,212227.01,23105.29,1277.1,22457.99,111733.07,29353.26,25443.58,2312.82,7116.98,512.27,545.63,,372.4,11429.09,185868.07,24497.96,1112.86,202995.34,8012.56,1401.64,26654.91,1163.54,11895.54,1326.87,11695.22,82751.62,36578.51,,1366.11,1012.26,150520.31,424.37,,21045.51,4574.35,,53641.67,346.26,93637.49,15796.63,8622.64,,36861.36,2792.91,1011.09,743.64,45305.73,13903.73,3239.57,10430.97,11434.14,1672.0,45870.21,,211568.69,,210650.15,39447.33,11204.05,1748.77,113.93,17730.32,156002.12,25764.42,22812.35,19437.67,1075.76,130174.97,81080.34,4740.54,41411.06,678.65,972.31,2753.67,42518.58,11091.16,,22622.13,50561.12,67883.8,12651.54,536538.95,178750.09,158570.75,1884.63,176261.57,13234.58,688.92,557.55,54392.02,3547.25,22444.36,25534.19,9707.48,2009.39,21676.2,80.6,,,36760.88,175366.46,227833.56,63510.66,1441.47,126.89,1472.88,3585.48,118876.43,,7768.25,1081.85,4358.41,13260.98,67.67,2514.76,13574.21,101696.2,40194.35,7456.33,886.0,30819.01,16706.73,204273.37,32330.06,313.14,48545.03,8926.62,107.36,206338.38,8127.9,28491.62,326.22,72.99,1636.99,1371.53,,773.53,33215.43,,135.24,164.81,10904.53,2031.23,40775.68,18906.49,4796.61,164.91,511.35,72348.39,3004.4,518.63,89872.27,115921.49,140882.4,57580.86,781.82,384.71,45002.09,8958.65,7286.26,151695.62,18721.24,2777.4,,884.03,14119.91,3382.82,221.64,413.08,5821.33,748.16,87243.3,3986.64,571835.1,19742.65,3222.72,1743.95,2089.89,4705.51,6860.85,7970.32,2166.99,1252.85,3062.98,1369.02,49153.34,10050.31,7774.38,3898.52,37831.95,160.92,20115.88,37855.7,2585.56,830.04,53803.78,208.05,17976.07,25910.55,435599.66,0.0
S044,participant,44,B2,54.0,M,34.4,362630.22,,29213.8,85078.75,,4038.0,656653.7,104371.57,2970.95,13814.85,12735.88,4994.15,45552.7,53333.11,,6249.87,1008.76,228.14,8184.44,26634.36,33721.62,3236.34,93203.45,24509.31,13847.36,2947.89,514320.19,823.81,406.87,43968.52,6639.09,67.3,16178.92,115598.73,115260.7,24960.43,324227.3,,18174.54,122227.09,1472.63,265900.43,34919.34,12400.18,366296.99,469.93,5014.33,,27111.6,760.71,1087.48,9720.3,631.68,1329.5,3957.51,461.56,3304.06,659.18,208.03,,88.85,448.81,6129.97,14800.52,184741.62,8517.83,44879.76,54.18,64336.81,,74959.11,2912.71,51205.43,38701.58,8185.28,1010.79,339043.9,2423.66,414.61,6102.73,37301.01,1283.96,4169.94,20512.56,8273.4,423.19,,61773.34,113.96,1077.56,2787.6,48246.78,,306499.38,1969.17,39580.38,17906.19,12674.93,2791.54,1641.48,46308.0,28715.56,11108.16,14793.44,101.88,11420.31,131.93,18210.28,996.35,61079.84,3567.45,3069.87,42700.44,74281.13,128543.29,165890.58,449.53,,4977.44,52023.13,,1795.17,611579.75,74811.83,4329.14,40519.6,96301.73,33922.85,,1876.33,486.93,10468.55,,9903.4,11724.61,1526.9,,5544.32,9367.95,242.8,,15795.53,135313.74,301325.37,2736.49,616.05,6984.54,18596.43,24609.32,4693.74,135.34,2592.74,7755.15,48580.61,776.65,512.16,13488.05,25157.52,4176.0,359.65,684.4,158.77,249108.63,1894.65,33655.14,5978.36,459.3,15381.62,4456.18,249.72,,15275.78,16499.82,2413.47,265.58,1644.31,301.59,,1648.14,448.3,20431.19,1793.5,58008.54,1643.95,17675.71,6469.09,1963.88,235.64,2322.22,120404.37,11471.96,6402.25,133.66,12322.44,217812.83,33105.67,102938.06,3772.27,12287.44,377.28,23268.68,1907.73,5273.09,1170.77,2087208.59,19263.1,2365.94,9388.28,54126.53,16000.41,75218.11,5303.64,5263.7,1467.94,598.96,5551.71,,35336.89,79699.97,22032.09,1049.45,242522.6,5702.76,1895.18,13596.6,670.16,11726.22,2067.51,,52867.45,49738.2,1105.77,4296.65,3016.34,150031.8,246.89,3862.09,29686.27,3194.65,6621.81,72576.96,368.12,81545.77,15276.66,4042.28,1701.27,38418.65,3858.45,1698.11,612.83,37238.92,15919.35,8713.29,17741.47,9366.1,1975.04,79647.36,359.19,193460.84,913.71,474849.12,17780.02,6438.25,3548.52,85.75,29428.81,271840.02,45906.68,19747.61,34691.54,,57140.53,34015.95,12879.86,20431.4,898.2,684.57,2160.42,44688.26,52127.66,1572.87,9873.21,52076.65,94827.49,21310.23,175545.36,180234.86,62106.78,2248.48,260611.48,21890.28,496.97,,170244.78,3000.64,25989.19,,11889.44,9216.81,35909.66,167.43,2130.52,1225.52,15181.52,154385.42,235212.7,23188.74,1096.21,116.26,3302.8,5459.8,151542.01,2442.68,8193.24,,7770.16,13806.7,54.26,,16468.01,86748.55,59771.81,17827.37,907.88,24727.18,17748.01,181267.0,158714.87,556.46,54898.44,23444.21,68.33,69203.85,11810.17,18881.33,241.15,,1647.85,736.98,,2782.05,18413.86,388.94,217.66,208.69,10783.96,3439.7,90141.77,27244.85,5054.79,111.07,575.0,85156.65,6427.94,268.97,70477.66,54331.65,250295.09,76080.73,383.13,1104.91,17119.93,12309.16,30506.4,309901.92,6427.59,1741.18,571.02,2613.12,26529.82,4064.24,384.04,543.48,6822.31,834.0,160135.0,,722776.05,8234.12,5158.93,1129.64,5357.12,5112.54,4499.06,11680.88,2815.37,749.38,1487.81,1753.62,73593.72,18406.96,3921.54,4426.64,86510.21,121.46,30957.16,153333.35,3316.7,1159.85,92749.55,114.85,14954.22,9850.13,956510.6,1.0
S045,participant,45,B2,40.0,F,25.1,368089.11,34392.06,17574.4,121631.31,,1540.33,275494.94,46685.55,2783.74,12239.77,8876.1,9638.8,48585.81,9097.08,,44855.57,2695.93,,4960.27,25474.21,31261.95,2645.69,93335.9,21076.28,9780.71,1867.02,341148.23,956.07,339.13,20203.44,12213.29,81.62,16586.69,298089.04,227890.14,25236.17,352071.48,,95305.52,135171.69,843.77,546163.11,16240.28,10672.26,106379.73,377.57,9809.29,155.47,26356.97,1263.76,2439.27,17103.3,1147.99,1664.61,1599.68,455.72,3955.7,621.94,,7643.27,92.29,,2272.8,14109.05,68874.89,36864.12,12890.31,125.59,67448.55,3945.86,83062.7,2281.87,25332.46,7004.87,10216.1,682.74,291296.87,2539.15,529.26,11059.92,11284.88,862.38,7102.79,25685.72,4213.45,184.85,349.33,91522.55,245.93,303.2,,63028.65,62879.81,53084.43,2687.57,15655.66,35744.23,12854.28,,938.86,66234.84,18239.2,13513.54,14592.66,80.25,13452.69,1148.55,3603.43,2315.96,50667.75,1466.46,4935.01,21953.08,111310.46,342987.5,127617.76,,,17329.46,354666.03,3131.46,1511.4,716920.56,90873.02,15058.05,38988.66,95409.68,40394.99,135498.83,841.03,885.31,8489.76,5654.0,71025.38,15204.13,832.94,,5182.76,11575.26,341.74,704.41,18018.73,90676.15,236228.91,2932.35,491.89,11495.05,13977.41,22020.66,5278.46,1209.64,2014.62,7197.49,48376.98,577.29,275.3,13231.87,11606.82,3691.31,,293.07,,283057.53,1397.43,24315.39,2562.56,859.94,50836.46,7226.14,147.0,,6952.13,29353.9,,828.54,,313.63,454.28,2207.06,382.99,13476.29,2222.27,83404.49,7966.96,7270.07,2744.86,4905.58,159.09,1026.81,138814.73,71261.97,9037.81,152.93,10643.64,206843.87,31333.11,686199.47,6529.88,6365.43,329.25,17055.51,,3491.7,2094.64,662198.94,15728.1,1563.87,13622.92,29893.48,109819.76,12416.56,6917.32,10606.09,644.15,694.28,9822.23,,7130.21,173598.21,33753.85,1541.48,90827.33,11093.57,3045.82,8120.36,722.97,12581.11,719.21,19001.87,45784.79,20587.04,417.05,6141.05,2470.09,149825.11,583.54,18312.89,110048.84,6800.61,8273.0,27531.5,447.19,91371.69,12350.54,10444.14,634.13,67108.18,1866.9,1283.33,620.51,74817.18,20619.95,3930.52,6093.07,9810.14,1443.34,111845.41,134.25,88605.99,1478.48,165536.0,11172.85,9093.17,2080.56,712.45,12043.52,344536.81,17703.67,9666.98,36366.28,1832.11,141417.78,79692.63,9799.06,11418.97,972.9,5695.99,2061.7,26814.19,35904.86,2839.0,5932.84,37938.38,19137.02,16463.44,148867.01,138930.42,167243.84,10272.83,166616.2,9125.85,324.37,812.11,32890.63,3327.45,16587.18,16007.32,16178.19,5796.71,13957.17,91.78,3764.25,1633.7,41839.76,225371.42,344885.98,62679.41,1130.21,144.06,4202.44,4451.91,48755.46,,11245.16,1447.39,57357.17,3978.91,57.29,1966.97,20585.34,70828.14,51740.23,22871.64,566.5,38666.03,23951.66,265863.79,101315.61,298.91,42900.48,17037.5,76.67,59232.24,5831.07,129432.06,431.35,96.12,2302.56,778.47,66.6,3297.69,31269.14,,184.06,366.69,4556.99,2540.82,103814.81,30813.54,4052.42,928.8,802.9,108350.96,8924.12,311.1,73499.78,34390.87,273524.47,55495.75,467.43,518.31,45878.59,7853.07,23208.55,130644.06,5621.67,655.34,,1636.52,4067.1,2410.98,279.77,397.12,6722.44,944.25,61518.96,3814.3,263795.75,3028.92,3753.25,1139.92,3859.12,8719.12,3727.85,,1328.78,708.57,2905.28,1739.81,67383.19,27050.58,24306.9,1376.28,97387.68,111.94,19298.1,110724.14,9866.25,954.99,54631.59,124.52,24585.67,3729.26,346225.46,0.0
S046,participant,46,B2,41.0,M,24.0,307682.11,21717.08,21312.1,110050.47,638.06,2303.47,345374.24,66329.74,2840.81,14812.0,15752.57,10099.07,60427.75,31917.51,,16392.96,3485.14,767.06,7130.37,42719.77,28811.81,5302.55,64633.73,58967.75,21585.88,1485.62,598844.95,,674.09,10354.78,55817.43,,24444.42,127398.14,89627.36,34953.4,536435.31,178.45,15105.12,99743.63,1023.76,578917.5,15378.76,15305.48,172948.53,721.19,2593.38,99.25,32613.27,5029.03,1093.53,35699.9,1029.47,1041.16,1673.3,2397.29,4322.49,1281.49,270.0,5455.07,510.97,500.44,4320.6,18500.11,188072.72,8204.98,13761.65,64.3,107332.85,2300.5,63621.99,2844.41,25074.44,24308.26,89511.57,1412.21,334377.65,12918.13,219.78,5741.53,39225.29,1220.08,3817.96,15458.17,4860.78,2085.49,545.28,128601.25,116.89,294.41,,80817.78,28651.63,183060.95,,180221.55,8905.45,11403.92,,2076.87,68298.66,33811.36,10050.54,9023.36,137.83,17508.45,197.53,3450.2,3149.59,20757.56,14847.86,24320.82,12140.03,167909.41,307671.92,198063.64,435.64,187.41,3892.06,128581.77,908.95,2275.75,570110.02,47771.56,19827.53,36379.04,69227.65,50302.07,70284.98,309.1,1778.32,11364.14,7699.14,27735.12,5855.03,1560.57,331.43,4873.41,2590.47,135.1,782.44,13316.97,154316.62,108790.81,4328.19,902.29,62865.2,8385.97,31194.11,7570.23,185.93,814.05,6069.87,76266.79,678.51,389.24,15869.21,16189.01,5489.86,441.98,129.09,160.89,158403.78,1082.9,15607.15,27653.42,764.65,61933.15,2811.36,245.21,1613.52,10131.66,15111.86,,973.73,1823.04,1628.85,588.86,950.67,586.79,6388.51,,63959.11,1394.67,4215.35,1453.54,5912.97,321.41,1410.78,178286.99,25242.18,6066.91,182.67,12101.61,349833.69,54411.48,199371.6,2251.09,3293.58,648.96,33301.54,2300.73,2217.65,1090.92,1013420.17,26004.67,3379.59,16047.44,63045.25,32481.68,15058.71,4434.94,4452.89,235.48,843.92,41865.73,233.41,7003.54,179506.49,51887.89,1027.96,226084.18,2501.72,2925.79,9692.07,977.98,19085.0,859.46,6432.54,58416.78,29081.08,838.71,3623.4,4258.32,216998.95,314.01,3190.32,28111.78,4147.09,,68090.7,324.83,130887.13,18667.77,13294.26,1322.66,301825.65,1029.67,2007.79,1004.25,28248.57,8474.6,1550.81,7291.97,11967.48,998.89,74405.75,249.24,89917.02,6586.9,655583.62,11173.66,3620.61,3502.85,130.43,37056.39,232903.94,58997.85,9798.43,30537.39,620.89,119549.85,33749.26,7251.56,21435.17,8829.34,983.64,1947.97,54543.93,73047.3,11567.59,11323.41,63126.5,63520.15,6870.25,402411.71,216092.09,66590.87,2199.65,229694.06,30155.99,666.17,295.88,33095.82,4319.74,29542.14,7847.0,6253.67,13305.74,50816.98,159.16,17094.76,,38680.13,42062.75,297992.45,58930.74,1996.34,165.36,2550.17,1889.68,132336.99,6841.07,7976.71,1087.99,18624.65,3956.4,96.63,2748.54,7832.85,32095.45,55873.75,14640.67,914.32,7201.81,22935.13,412385.6,237600.99,593.76,27562.28,13017.41,106.45,157501.04,3213.64,34075.01,291.55,67.87,1628.97,1103.44,56.73,2005.21,11696.47,1123.51,283.65,286.0,4535.97,5141.63,55393.89,263890.28,2589.3,159.79,572.33,44509.42,6108.68,454.0,91610.74,35471.55,208817.87,70814.65,217.08,195.6,40900.04,5426.62,14388.96,400716.08,14402.18,7641.33,1348.27,1438.66,14081.48,1870.31,426.42,520.02,8986.94,1145.92,208864.91,2258.1,688578.32,35886.22,8353.93,1095.33,2996.6,37095.99,4620.71,,838.1,1155.88,5315.11,2803.26,74626.69,17191.7,8088.63,1476.99,52491.49,232.49,24977.99,70326.72,11467.28,1257.81,104751.35,150.2,4489.49,44803.41,1162009.58,0.0
S047,participant,47,B2,29.0,M,22.7,177884.06,24680.37,35626.12,111043.88,963.58,960.88,230588.94,16289.62,3349.29,8297.73,15695.41,17970.55,55402.23,19614.87,,3846.38,1258.62,529.44,5335.05,24189.17,17277.23,4224.58,43576.74,73081.89,15896.36,4140.37,553120.86,744.19,563.56,37413.62,10644.31,123.32,13234.87,202175.32,131489.12,17355.78,242124.93,306.93,54310.79,101646.36,1772.01,951301.5,20102.99,12350.41,94501.12,590.05,5396.47,103.18,18783.03,5435.03,1843.86,16211.44,1070.36,1186.14,1952.28,960.71,3031.16,605.33,,6298.32,197.68,574.99,2824.96,13767.29,174252.52,24259.36,13952.86,111.22,61209.97,2734.51,82110.84,8105.36,32539.73,14247.73,15801.39,1170.75,207938.75,5467.63,718.82,3936.63,31550.24,935.97,2287.88,18880.17,1306.78,385.86,534.42,56229.38,205.6,356.84,1433.12,151724.93,39433.29,116578.07,2148.95,236097.55,20035.15,14869.14,1578.47,2250.13,57544.28,21884.33,14070.78,4807.91,68.68,32885.77,,9403.18,1154.18,15620.36,18890.32,4835.07,9497.78,72118.26,300763.93,172618.87,586.05,76.76,11070.54,32126.71,2174.52,1766.27,521971.23,23012.39,19907.3,22062.96,44879.96,40727.05,93017.06,808.84,855.81,6692.86,7540.39,6471.28,13113.66,1117.49,480.55,6532.02,10025.67,482.15,865.85,15530.63,141339.3,286824.54,5659.9,692.25,10890.87,31233.28,20795.24,13595.11,,602.16,7531.46,45523.01,2122.45,298.87,10394.56,3892.58,4744.43,,290.72,258.62,84560.4,1790.65,115500.0,5529.68,803.94,69575.08,3241.21,194.74,2573.01,3907.08,10207.54,1324.1,380.28,2344.12,705.63,537.27,3036.88,369.18,16557.21,1653.99,71502.62,4790.47,14232.48,4995.83,2656.06,254.75,544.8,128267.87,6428.33,3846.59,664.72,8358.53,208979.88,32957.38,199315.8,2812.94,2850.58,474.75,9372.54,,7987.2,754.48,611338.81,15084.14,2416.35,30974.05,69378.26,31459.16,35898.46,4636.62,6822.45,491.09,544.57,42116.13,358.82,16569.73,277632.17,20568.39,1297.94,228863.36,5875.91,2942.58,12941.28,3459.4,9452.34,838.47,15771.06,36590.29,7886.37,510.87,4071.55,2525.08,105348.46,329.2,11670.18,79979.3,3564.54,7067.79,71226.57,427.09,65725.2,12520.36,4863.99,787.05,59616.55,883.56,1090.82,601.81,40800.27,15372.01,3483.62,7492.73,6526.29,2935.1,42522.69,162.23,124034.53,7069.82,470627.98,18902.46,4677.54,2539.61,,23757.66,251156.7,33527.58,12755.7,27942.97,1558.63,218001.44,64256.92,12554.95,26638.31,1653.25,,2402.78,52314.83,17956.4,11088.93,13975.37,37361.63,43501.57,5101.71,477563.37,142361.44,119470.95,6061.23,358501.98,18744.47,520.34,759.26,78995.38,2240.06,27114.6,10270.91,13632.29,3099.11,27474.9,111.74,15763.56,1185.19,41296.04,151531.83,286460.14,66148.46,1332.4,122.38,3056.41,1393.21,148025.89,4999.21,10163.85,1021.06,4715.16,4082.22,67.51,3009.91,17067.46,83034.73,34160.15,16970.02,632.89,24325.69,21629.04,181215.92,55391.9,414.82,94368.65,22675.87,132.08,184506.68,2519.32,35641.66,250.35,72.96,1980.77,1532.39,58.44,2216.35,14814.3,755.71,169.4,285.6,6504.91,4010.38,30524.24,50324.7,8742.4,,632.71,92046.3,6174.28,661.63,52154.33,62006.19,196283.64,122730.04,678.56,411.98,38527.76,18022.7,109975.52,316633.21,17124.04,1496.21,1011.79,2356.84,9449.46,6260.13,246.75,1469.21,8315.59,786.12,119847.46,2963.01,705516.78,45125.49,6241.24,1493.45,4916.35,7454.27,3236.5,6357.51,650.27,1572.57,2318.41,2119.78,50474.7,8824.21,8426.62,1524.56,28535.25,141.0,42151.13,515013.4,13687.32,1130.88,72774.01,608.05,15782.05,57773.72,882679.91,1.0
S048,participant,48,B2,55.0,F,26.4,133473.85,39170.26,40539.56,125173.29,842.78,1461.97,159667.19,80865.86,5771.01,11833.08,17969.83,6772.73,92869.79,9511.48,,15018.2,1698.75,673.8,12519.39,28249.18,12523.79,7474.81,27715.75,46830.4,14637.23,3660.41,673286.97,1589.35,960.83,13568.15,48214.88,75.53,15943.32,196465.17,104911.08,22149.11,327764.17,271.66,15902.96,86236.85,1027.09,408013.31,7988.31,12514.21,70347.28,1042.86,1843.36,,21524.86,824.12,2235.72,23549.08,519.39,704.95,3546.01,479.73,4232.52,581.93,424.73,9401.43,109.77,476.97,3416.04,13012.27,84761.98,11167.67,17334.9,121.5,71814.08,4585.81,86712.16,4782.14,12508.25,6148.02,11027.49,1023.67,304178.58,2777.33,449.43,7024.57,8088.06,2047.22,4103.19,19016.59,6445.12,,377.64,82054.47,235.24,427.52,2052.78,63916.53,14279.29,53786.85,4481.85,37520.6,6297.37,25722.3,2202.1,4859.24,75916.75,57569.63,14234.56,9164.53,126.85,12937.93,185.75,2705.09,1636.52,15650.95,3546.44,17304.55,25191.14,99856.52,200244.51,235076.8,471.36,,4907.17,110143.9,2812.4,1547.66,423988.19,42774.48,7938.41,37877.61,33430.12,42233.19,36278.18,520.63,1210.9,18346.1,5717.11,22345.7,6300.37,1640.71,575.77,9803.65,6534.64,256.45,581.64,18088.56,177707.0,386722.23,4480.74,1260.19,45508.51,6786.11,40214.94,6009.49,182.41,590.73,8330.24,51412.68,1250.26,750.88,31139.7,19931.22,4541.72,553.72,195.92,162.67,163141.45,692.82,136126.57,,372.7,27694.35,3480.15,289.56,2600.67,5758.91,16954.14,1710.25,515.95,1667.76,371.09,444.33,1806.92,265.01,24075.25,3000.95,78177.29,1522.84,5485.28,1643.95,3085.61,219.75,735.52,125202.11,23144.19,3057.12,177.85,19219.26,220727.13,31324.29,75477.6,2667.13,7726.48,1025.48,10936.04,3244.2,6705.83,1113.53,433872.2,35384.18,2370.39,12546.52,156705.23,13110.92,11935.57,3029.34,4887.86,455.22,710.94,5881.09,375.28,5121.19,118303.72,27764.69,783.4,101669.58,1872.85,1381.95,8780.45,944.61,12861.67,2040.98,17297.77,88811.9,38526.61,631.43,4329.49,2081.07,140251.4,,3613.85,33667.87,,13201.09,31798.97,255.4,92495.48,28467.18,6500.03,981.08,244283.39,2243.2,1788.41,,32573.88,7973.65,2739.2,14819.15,8311.34,741.17,37222.45,185.39,45808.69,826.29,104668.11,11822.01,4448.65,5501.73,118.43,14693.61,207307.83,18739.33,5417.03,21370.24,1496.77,86481.98,61693.97,5825.21,53431.38,984.39,956.27,4108.09,58528.74,28320.9,1686.39,29519.7,73257.04,19221.38,5674.9,288155.78,287139.23,109950.67,2472.27,372021.52,10467.48,441.59,758.74,22470.28,2687.36,31883.43,4457.33,6068.46,4890.44,16312.47,171.84,2429.54,2311.02,27492.4,113524.98,373406.52,40708.45,,160.91,1804.68,1469.76,65107.36,7443.1,6019.6,,16275.88,5431.96,,1898.2,9306.11,110328.29,55632.28,10406.4,1390.58,21018.74,29978.11,242899.7,79639.72,570.58,20980.87,9110.59,110.55,117656.15,6346.46,13893.88,,,1318.69,1221.37,,2537.43,13931.58,1192.91,261.99,132.14,2517.37,3687.94,59120.17,33170.31,1971.11,156.23,390.11,44922.55,4103.43,472.43,60328.1,35775.74,156932.83,128631.98,401.51,343.29,26149.97,14918.14,122921.8,78730.71,10410.76,,1598.32,931.71,4752.67,5269.85,356.84,793.61,12670.37,1230.61,68311.86,3999.8,318134.2,6682.85,5833.07,2277.73,2282.54,30606.89,6894.45,8598.65,1521.71,1232.25,3772.68,3139.48,70840.32,7653.18,2766.2,1823.55,49078.44,,41059.64,603268.75,5774.9,1067.75,167787.93,159.69,10570.71,10168.15,214540.28,0.0
S049,participant,49,B2,41.0,F,23.5,86832.77,38359.82,14276.99,119058.22,475.54,785.15,80021.54,68359.11,,7589.74,10117.16,19268.63,81930.38,5492.17,,3120.96,,574.9,4442.53,30073.09,7796.09,4944.56,20713.99,84051.73,14384.9,6966.27,412894.53,,591.21,16441.12,9226.93,91.5,27839.35,207088.32,93070.05,19435.04,604491.72,151.6,61705.64,93869.08,2080.74,1008876.34,10144.37,6497.65,37941.23,757.92,8981.93,102.22,19414.22,1520.15,1529.09,,779.69,525.86,1434.92,1632.04,4128.43,,568.61,9447.62,333.05,364.35,2363.13,7524.18,124703.16,7767.95,31562.82,78.98,78466.51,4052.11,81011.51,3788.73,15656.29,3951.67,6867.26,797.74,191902.52,8764.22,500.96,6188.69,31378.88,668.75,3985.23,45950.88,5729.0,,402.09,72888.65,156.09,705.7,1936.73,32797.19,17664.22,32248.93,,145358.51,30378.74,,1746.14,1369.02,63604.87,16983.59,12912.41,2648.51,67.46,6803.29,140.0,1309.18,,,13880.94,3474.41,41838.76,92812.26,183707.63,151954.76,349.87,131.4,3712.84,24633.01,1429.88,979.24,435214.23,14743.16,11555.71,23347.8,21675.71,23802.03,46814.13,1100.75,,34617.33,6425.04,4702.32,15525.7,818.54,258.55,,14872.98,307.05,696.21,18385.01,69165.5,479405.96,3308.21,912.5,9582.51,12794.83,16950.24,2604.76,137.58,,8092.26,57302.78,1057.55,265.7,45897.62,17794.41,2379.49,944.73,432.34,128.57,51083.49,670.57,14012.5,,524.66,39551.69,3023.02,138.78,1257.01,3270.27,15875.21,1628.36,,1430.47,1179.34,546.16,1938.51,,32161.36,,66752.66,5865.88,6243.7,2282.81,,171.22,499.7,75266.94,4836.94,26289.55,,40029.31,241955.74,36614.6,121028.52,2813.57,12253.68,616.4,3633.33,4832.08,13026.75,1133.27,221610.37,12782.26,2461.33,6440.63,43438.2,18719.36,5615.5,2019.75,4807.98,755.04,710.94,11735.86,179.88,2350.94,281993.91,27715.94,810.54,164274.66,8108.35,1987.73,21298.95,,23094.41,657.24,9254.89,180490.97,28773.95,458.91,8741.66,,257879.0,281.49,13430.76,26445.43,3430.09,,49638.01,269.45,153437.49,10673.7,,750.7,49664.03,3967.75,992.09,,26869.08,20415.45,5269.75,5172.72,7156.82,1415.09,316103.61,145.1,54336.93,1760.04,453012.33,27473.59,4934.33,2150.55,77.08,17604.57,193462.92,27737.82,5787.96,22507.17,841.08,228989.24,64034.38,4470.98,14561.35,763.66,678.55,,23491.08,8288.05,3012.44,8047.65,35222.09,10894.76,,538969.85,114750.93,111557.53,1911.39,148806.58,13830.58,371.1,420.76,11058.28,2619.96,12098.99,5444.94,14619.02,1338.21,21203.05,95.45,4323.78,,21699.53,236867.24,316442.31,39058.64,,164.35,1504.11,,101851.84,5583.89,6184.23,1104.9,3914.42,10364.38,,2313.5,21867.66,143759.36,32957.15,7033.56,600.06,39239.97,23532.8,230246.99,22997.99,249.67,39606.55,7939.0,81.12,226855.16,11118.41,23870.78,251.22,75.07,1285.24,921.93,,6064.03,13862.12,906.55,155.91,222.42,2792.07,3472.27,18615.5,21316.25,3583.36,118.86,404.12,107093.51,2858.81,336.17,55699.21,86006.92,166904.89,43512.16,506.16,661.76,25317.97,28599.65,12396.17,347526.15,20253.1,,1300.92,838.09,2530.61,9981.75,229.45,671.11,12772.7,1064.64,89379.18,4513.85,523520.77,26621.82,5745.39,,1814.96,6125.96,14111.06,7333.81,2760.57,900.26,,2835.18,44644.14,72620.31,4981.69,3341.8,15386.08,,18470.42,61145.79,6827.02,555.24,57227.79,,23550.25,37652.64,946492.05,1.0
S050,participant,50,B2,50.0,F,35.5,610025.68,,26418.79,69801.03,583.28,802.27,115032.58,39686.12,9763.27,12302.73,15589.46,4900.08,91289.39,32654.02,,5376.36,,302.2,2835.32,37943.84,57606.87,4580.12,151204.82,51597.48,11443.32,1558.83,620792.46,533.62,565.59,15481.94,4674.44,,30906.76,274362.94,86996.7,26468.4,661171.93,202.2,24424.21,93545.21,1342.36,270123.38,41717.13,5835.84,54213.6,681.69,4115.79,107.96,28937.65,2002.6,3049.36,16801.98,1597.44,1540.66,3850.82,1073.93,4053.64,727.09,464.01,,186.55,485.22,3986.86,13766.14,120343.26,7514.63,34268.05,161.41,86417.0,,90512.01,,72271.19,28520.16,12341.43,1089.31,294219.43,5096.46,,9524.68,15561.2,468.51,6059.89,17550.0,3342.43,295.83,642.0,50377.19,354.46,792.79,1990.57,148164.34,39573.99,191409.16,1427.97,43275.02,16157.49,44761.17,2146.62,3265.4,37173.72,20761.13,13627.12,3616.41,78.66,32088.24,174.4,9765.47,,24270.36,4086.31,1893.68,24017.64,56063.52,145007.38,210509.94,443.26,68.66,4514.78,47080.09,1778.57,875.19,524161.83,17116.83,8632.8,33428.29,150539.2,35061.45,94995.75,237.94,865.94,12176.38,9168.25,9808.9,9235.86,708.01,371.11,19708.21,8025.52,,1022.37,15608.89,67838.02,786886.88,4585.17,888.5,5314.61,5732.15,25713.32,13044.78,131.82,915.85,9050.17,76715.93,,168.82,17168.95,9206.05,2155.06,929.17,93.83,156.01,61500.16,662.15,35978.87,3989.04,1026.24,31521.96,1764.81,123.49,1638.85,3011.99,24918.93,1568.92,,1596.13,639.64,695.25,,413.78,52093.83,1146.59,37810.79,2175.02,6137.94,2000.38,,271.59,435.66,122681.51,9844.9,6479.11,222.99,12311.23,304132.32,43573.94,92196.74,1343.79,6205.33,504.23,9923.67,4412.22,2707.59,1612.91,312635.26,17845.62,1986.56,33629.7,102779.41,16087.8,38614.29,6328.28,4417.29,189.2,723.4,15312.76,243.83,15434.62,77829.88,20674.91,652.92,155075.51,4756.84,3895.25,11154.74,1250.41,23101.07,1965.31,11754.26,59482.75,18598.51,714.61,3892.52,2795.97,297151.6,689.5,5376.5,28250.67,7677.54,4612.87,47166.87,230.33,167916.09,16926.92,,1101.27,25570.71,1820.64,1127.32,557.74,28903.11,12354.02,1168.18,16637.39,10741.52,735.35,76408.46,248.01,236246.45,2311.1,244127.83,14877.54,2434.48,2280.91,99.28,23691.98,220005.31,40254.14,24946.81,29647.52,1111.92,53428.1,78183.12,4765.84,36658.7,1232.92,753.41,7203.4,21414.55,25556.25,4601.42,18382.48,42426.13,70360.19,7888.64,318511.8,166584.85,160957.73,2377.25,275963.21,19145.37,489.76,548.96,87285.2,3344.45,12606.1,10295.3,9317.31,4537.24,32455.97,72.19,6381.98,887.19,17363.43,158346.01,183396.59,29552.02,1028.21,152.55,4049.72,2071.78,88910.36,3438.15,5172.8,1028.44,7475.71,9164.77,51.79,3062.42,13256.42,254692.34,53001.61,21771.54,342.69,26489.34,13416.68,144629.92,69362.72,270.34,21091.43,8263.47,114.33,121368.73,6229.7,18012.95,578.26,74.95,1013.72,1274.08,78.04,2216.61,7131.98,506.53,178.07,410.15,11822.57,2364.7,20061.25,35919.04,1761.5,135.34,361.83,66991.65,8431.63,478.42,74925.44,49294.59,206690.51,84864.89,,156.01,18668.72,6752.98,33819.52,166064.75,11204.26,1155.12,689.64,793.23,14539.86,2416.62,238.55,,13752.43,1143.62,134032.55,,466081.19,9879.11,4444.25,4373.47,1864.62,3204.9,4400.41,7747.95,1503.66,1265.56,2770.99,3399.5,64744.64,16653.4,3615.21,3512.35,19798.32,116.98,32794.9,149130.6,6389.36,500.16,64069.32,217.22,15880.91,11819.29,477312.18,1.0
QC06,pooled_qc,51,B2,,,,181591.13,24068.86,30961.53,86412.62,809.45,1045.31,206340.84,64087.37,3997.07,11173.78,13566.69,7473.28,90780.56,25965.29,,7784.74,2157.12,386.46,6481.38,28828.26,15588.08,3997.01,40194.76,65247.29,9293.1,2285.17,443837.82,992.87,466.27,21003.18,16310.56,69.89,18854.39,210025.59,111145.54,27157.64,380732.25,241.86,28715.28,82592.1,2022.25,391797.3,26929.63,11848.02,78453.89,594.39,4242.41,84.63,29053.99,2470.66,1648.75,15901.31,945.41,1159.22,2080.26,975.87,4067.09,311.92,359.0,6082.22,176.47,477.16,3180.1,12254.99,133479.58,10612.59,19334.25,88.64,79118.03,2809.82,96339.9,2946.73,38895.82,22255.19,17243.39,858.24,288469.08,4831.47,430.41,9009.0,10395.3,931.72,5776.11,18250.55,4631.86,475.02,489.14,69427.01,172.15,446.73,2337.97,51457.87,33333.96,154083.19,2723.25,73221.43,15440.85,17437.35,2112.14,3331.42,59096.17,24541.07,15456.98,7288.33,89.19,11158.35,185.5,4604.64,2033.27,32209.35,6411.01,6180.84,25525.78,83920.42,209943.04,152118.69,383.96,67.63,4950.35,62388.27,1762.17,1913.56,407092.88,38528.31,9365.0,39166.53,44557.95,31315.64,86390.7,599.87,855.56,14345.01,7145.43,13641.84,14337.15,1177.3,480.18,8399.78,6088.95,261.62,805.95,20041.02,105963.18,413151.04,4940.8,746.7,16884.6,12855.85,24683.86,4387.56,160.16,1516.94,9093.91,53594.32,732.01,367.79,19955.8,14468.33,4395.44,613.83,227.7,138.61,133448.24,767.57,32117.23,6220.91,710.87,36589.41,2896.19,190.04,2163.39,4598.78,23362.49,1887.19,575.0,1613.45,646.7,518.08,1668.37,164.11,26012.03,2128.2,59502.35,2376.36,7247.29,2907.14,4056.14,193.65,609.83,111641.65,12717.13,11706.03,184.1,16375.67,231569.88,33291.85,114779.61,2795.58,7258.0,454.9,14200.57,3128.81,5236.97,1629.39,558408.36,25507.55,1585.75,10786.97,109401.44,19076.35,18817.43,4961.93,5537.58,433.78,684.81,18224.54,341.41,7322.79,110472.14,29407.87,896.05,188382.36,4248.53,2490.98,14483.11,1032.35,13781.76,1202.52,12739.96,69244.34,28243.2,541.95,4183.19,1281.7,154440.41,443.66,5419.3,35559.03,5066.58,8385.91,52455.69,288.83,113204.86,17339.29,7957.49,899.58,91077.42,2000.45,1356.03,530.79,34562.19,18253.59,2933.27,8833.68,9605.92,1392.14,124321.54,198.03,137799.77,2830.03,156843.33,21193.14,4367.88,2486.35,96.84,28625.12,169458.65,45674.25,14378.76,20669.07,1037.52,87028.37,62494.48,6298.08,41965.77,1572.69,858.59,2688.92,36900.54,32476.49,4998.44,19198.34,60795.35,49314.6,10780.43,445706.22,198585.12,113654.57,3004.38,286133.98,19797.2,433.16,610.12,39794.45,3187.7,17317.67,11332.33,13335.97,5745.02,35651.8,112.32,7241.32,1508.85,26396.36,109135.48,261512.41,42632.11,1037.47,143.75,2811.24,3068.55,104809.64,4115.89,6938.04,890.85,9080.46,5257.76,51.22,2592.85,20313.46,122046.92,46289.38,16636.7,850.82,18703.52,19521.0,210392.77,102102.67,409.55,41257.49,10237.5,117.21,171854.77,6990.21,21151.56,357.05,62.5,1430.0,1343.87,53.05,2494.33,12931.79,603.23,193.06,286.0,7692.01,2140.57,46942.04,46556.99,3981.9,140.85,507.01,100451.62,7033.72,577.79,75992.92,68119.48,156998.49,91120.76,366.13,364.59,27498.72,11363.23,32603.9,100871.38,16070.54,1548.28,965.51,1054.82,12659.71,4254.5,301.55,520.88,13656.72,966.97,137314.71,2721.62,514460.31,14951.27,3570.37,1685.59,2642.87,12012.73,5609.08,8941.12,1823.13,1271.6,2241.7,3075.39,65252.59,30286.33,4471.82,2120.27,48675.34,107.36,29339.25,141341.22,6825.39,875.82,71178.84,198.71,8860.37,19562.58,320734.38,
S052,participant,52,B2,59.0,M,20.2,720006.24,28267.57,35479.96,86538.33,,1617.13,84494.51,20490.76,4045.02,12845.21,5554.31,7136.24,112951.31,24334.29,,10068.96,4166.86,1232.86,5577.53,22603.5,65618.59,4975.51,178271.28,32881.34,6528.07,2755.8,193331.98,788.81,579.19,18488.77,63715.57,97.94,9646.65,181157.8,91079.22,28655.63,199809.87,,18613.77,67027.29,1250.1,371618.58,15816.33,15771.92,39966.39,711.97,,119.14,26128.38,,1421.23,6476.79,376.93,1753.08,3069.96,912.21,4371.37,,316.46,6194.66,154.71,832.39,2437.38,9000.89,65917.42,9154.18,20829.68,76.45,49313.87,3281.76,103190.65,4017.18,21444.32,21284.37,9558.4,,319504.95,4364.2,560.91,16102.04,12609.42,873.72,11085.38,2855.72,1567.1,378.37,715.66,37885.93,143.22,565.33,2451.06,110821.27,28469.63,161646.21,1887.8,86457.74,,18085.35,2331.78,2346.03,47518.52,19386.51,17635.32,8775.13,,24951.98,128.59,3832.02,3946.29,23376.79,7545.81,26169.65,23445.18,51565.16,238812.78,66884.6,824.27,63.03,4435.21,79193.94,1719.76,2098.92,348475.19,47664.09,4644.47,36147.8,179062.84,24104.92,75967.97,,350.27,25162.15,10384.66,16414.45,13807.29,837.41,,8148.52,399.63,422.09,1118.62,22837.54,114205.81,578488.71,5223.48,897.28,61658.76,2704.82,27880.0,11078.11,117.97,946.1,9601.35,38453.7,916.61,357.65,31095.61,5508.25,5955.57,521.17,,325.75,153500.02,854.96,49742.71,5605.26,270.5,17262.98,4136.26,143.05,,6130.41,43644.07,1935.71,1194.08,3285.66,547.65,731.55,2345.28,,36267.04,1570.3,52975.83,1531.36,7019.02,2744.99,7752.35,,858.99,79052.19,15570.2,10319.93,,28130.38,165820.61,26090.18,137212.99,3397.06,6179.43,615.22,12542.25,2766.99,3831.7,3185.66,237173.58,21379.39,1161.77,24933.5,73621.86,23358.39,15817.7,8348.79,4632.43,,710.64,,,6436.78,123582.84,14441.6,1285.27,83669.5,,1061.31,9135.39,,7342.62,1609.53,11233.01,118716.79,9334.92,416.6,584.97,,82987.21,303.92,3486.97,30139.07,3812.14,6115.88,26297.93,388.45,55068.9,17978.25,15516.57,678.08,357878.63,2120.84,,621.58,26618.02,21212.75,,13096.03,9735.21,343.0,121773.6,139.25,84132.55,,204608.05,14092.31,5194.94,1829.36,78.14,38629.51,168949.62,59475.3,9575.73,20092.97,1043.47,83565.22,53779.69,6379.2,26840.99,904.02,609.97,2828.73,39876.11,23495.37,,12877.5,52943.92,58155.5,8368.26,226076.28,185322.02,94610.28,2382.63,334215.98,27493.89,,528.63,32620.08,3139.01,24966.27,10185.04,13640.37,5106.55,38219.18,87.21,,1172.42,29057.39,7756.28,233958.21,50307.04,1242.0,157.39,4550.31,2047.02,54529.25,12663.55,9409.31,1133.76,11775.5,7113.02,66.86,3815.65,22709.73,173969.31,63872.4,26910.4,618.6,1152.19,17916.45,114780.51,81950.38,293.32,9725.16,11690.93,112.98,84704.62,5401.0,24294.11,264.67,80.06,1945.88,1361.2,,416.04,16744.69,2033.6,,119.65,4275.19,1650.15,54507.53,26881.26,931.67,97.21,656.01,111542.91,10415.3,565.15,73892.93,43539.44,132908.94,95712.42,540.93,,32172.11,10327.52,50056.43,139911.74,7992.12,1544.33,2604.13,1251.66,12234.49,3554.03,,663.38,17016.72,1168.37,188792.05,3209.03,248471.78,16396.13,2423.86,1797.52,2608.53,49688.55,10036.22,9440.76,1511.77,1411.56,919.58,3841.43,75658.6,25516.8,5275.75,2100.85,45809.68,142.98,39519.42,246814.7,3352.55,1208.86,53532.82,,773.72,22101.46,438414.89,1.0
S053,participant,53,B2,29.0,M,31.0,265180.75,22773.66,17449.34,62531.65,869.89,1318.3,281503.25,22096.52,1662.33,13860.47,26537.86,10213.9,81328.64,11299.53,,56588.87,1644.65,243.86,3667.45,37270.5,20453.31,5364.87,66761.39,62850.12,12981.48,3399.85,1032529.53,1426.7,632.09,50683.73,50557.59,89.28,21039.79,350620.31,142998.2,18522.4,402831.47,214.88,,129422.89,1839.88,537623.64,17629.76,18475.92,115658.39,770.66,15014.08,,17208.43,1790.38,860.23,14008.26,1010.69,1139.97,2110.26,795.34,7037.42,415.04,242.91,5396.54,161.38,,2883.6,15295.78,88616.64,6612.69,14942.32,,97776.63,2674.5,49631.93,5003.41,30827.1,7717.45,11428.82,1062.13,338661.68,4629.43,518.84,7537.85,9290.09,554.14,4494.2,123749.34,1609.42,606.72,659.4,78010.74,90.65,347.16,2563.16,47567.11,27746.64,61172.7,4143.16,76626.08,51262.24,8581.23,2459.79,2063.09,32949.65,17964.54,8787.17,8883.6,171.81,10531.08,364.79,2937.49,1559.27,37822.07,6661.06,21525.72,13319.4,109218.97,129401.3,357832.92,,59.95,2986.19,444589.34,3355.15,2992.84,682302.9,47368.08,6879.82,39164.85,67731.54,41033.69,72558.45,411.06,751.63,21942.86,9756.01,88254.73,10613.07,620.02,465.36,3746.2,2428.1,377.43,1134.56,11299.35,65200.47,537498.09,5523.42,920.52,47082.38,6880.18,21673.1,4356.23,333.25,1515.32,4392.93,70197.39,1399.59,253.96,28797.93,5265.15,6663.02,396.13,181.37,,163895.03,593.88,17312.17,7996.09,710.17,24077.32,2858.16,111.14,2128.68,5310.17,20427.49,2131.84,464.72,,621.3,778.88,2165.25,200.14,29021.14,2742.19,40088.84,,21465.12,7172.59,3231.94,241.23,779.55,135052.74,93237.88,6935.7,171.82,23265.77,295903.73,43852.4,170237.54,2647.94,3847.69,607.39,33433.31,1941.84,5579.79,1464.86,738313.2,18168.58,2002.0,8889.71,72958.1,26535.47,13117.23,4557.89,6668.98,345.25,1173.58,12371.97,290.97,5233.38,156954.54,27586.25,798.96,131719.69,15461.89,2839.16,15890.0,1036.4,13740.08,1115.32,22659.81,103460.72,10534.5,564.93,26551.45,1508.81,158891.35,1208.06,,22130.22,13178.83,12182.26,32823.39,220.36,101808.7,14496.26,6629.85,789.3,259187.63,1147.88,2533.07,518.91,42720.54,16277.86,2111.65,8319.85,6034.69,844.09,89185.86,169.89,101112.75,1938.81,143227.55,21945.11,4836.56,2080.83,252.91,23912.97,288044.31,34514.4,10869.91,36425.1,2082.71,127331.84,114223.55,3500.87,25443.1,1232.94,1812.94,1454.06,24214.24,58815.07,3447.77,13327.14,49454.63,20571.81,12284.07,418180.4,158085.17,171839.56,1874.34,161807.73,16693.34,505.38,1009.82,26807.03,2170.96,13075.55,8830.81,10409.12,12005.73,26439.0,63.41,4656.23,2389.51,16384.9,45997.31,162641.56,24993.37,1070.08,269.08,2823.24,3588.88,72675.61,2590.7,5665.81,,68131.13,4792.14,52.11,3698.18,17279.1,149321.9,57139.18,15772.46,424.02,7275.81,13027.18,253592.28,196953.04,214.76,24216.27,6892.48,120.75,166305.32,3324.95,30512.28,889.93,,1136.86,1592.42,56.69,17210.68,13086.65,430.43,366.48,273.83,5281.33,3073.38,53801.87,34788.33,2213.37,278.71,391.4,82687.48,5751.08,611.93,46419.93,67067.32,243180.41,49849.54,521.0,256.56,18570.62,14389.12,15879.08,104823.88,14777.28,2286.57,539.57,795.91,5032.88,4570.59,522.74,925.91,11567.82,1902.92,114442.99,2318.62,335960.58,15905.31,4601.8,866.87,1565.54,36194.85,8581.31,10373.56,844.74,1648.21,2217.96,2851.83,87415.08,19321.63,6760.04,1658.25,51102.17,131.06,18539.66,79652.17,4554.82,1528.6,60501.72,160.3,4563.7,19904.09,286206.84,1.0
S054,participant,54,B2,30.0,M,31.8,204240.74,22685.63,30895.65,109704.13,1282.86,,142860.7,101074.73,2315.38,11585.76,9874.95,12664.44,83250.47,27309.0,,8776.24,981.05,506.93,12976.14,40963.24,19227.59,,51267.1,49612.24,4528.42,2292.36,368233.73,1929.81,,32282.64,4124.03,84.59,20315.5,201069.4,110689.37,19265.58,400728.35,394.52,21412.23,48702.3,1480.55,683165.36,13336.76,7075.7,60801.45,,4881.14,92.81,23558.18,1850.87,1111.92,22700.17,1447.09,991.51,946.34,,2955.48,351.45,,5120.95,,627.59,4714.1,11789.65,120496.84,7720.86,,60.13,97459.73,2445.26,47491.4,1732.91,23352.99,19854.24,10281.41,787.92,313334.92,,576.11,11433.82,4298.18,1988.07,6348.87,15672.79,7995.66,859.98,322.48,47354.25,119.97,,1936.02,107553.37,26685.15,148168.06,5650.91,71031.92,16180.36,11078.54,1943.12,3508.33,60791.58,22705.54,7677.75,3878.53,93.96,22201.83,133.47,6033.81,850.29,27492.49,6544.96,1754.3,18520.54,65207.39,329235.56,125855.8,562.27,,3576.0,79529.81,1790.49,1040.63,264308.69,19830.63,19191.93,38766.17,51345.17,31744.3,70270.06,1564.96,1121.14,15301.62,4772.1,15692.76,18539.71,1262.5,703.86,4617.99,11919.22,357.84,536.84,10021.86,143665.1,433042.29,4377.41,,3596.7,4558.62,28176.3,9575.17,140.66,1038.07,4668.9,72535.77,429.34,815.46,20743.93,23157.03,2668.64,,582.15,209.98,68168.91,1558.1,33045.15,13549.7,1028.21,67954.49,2379.32,209.16,3335.81,,28051.39,1674.47,293.37,2198.28,,326.63,2192.92,208.28,21636.5,4445.08,66922.63,1756.19,13937.16,4241.29,1995.19,178.47,,100143.88,17628.94,18755.72,373.05,17183.7,307071.76,43338.61,115735.21,1918.47,5217.66,,43651.49,,4418.52,1874.13,366988.62,20692.92,713.11,22671.54,109044.64,21722.83,22342.6,4138.73,5251.77,1165.2,522.74,14547.0,514.62,9986.86,194240.41,18689.74,824.54,166202.86,4777.8,3862.35,12786.19,1722.71,13868.99,418.34,11711.46,80472.13,43737.49,895.34,3231.32,1489.49,158338.37,563.36,4436.24,25385.83,6398.63,17389.4,48482.69,252.15,107270.76,15883.7,3820.64,1386.04,22202.25,1464.1,1354.76,441.13,33466.79,24710.33,7422.7,3446.11,7868.21,531.14,225241.85,289.06,77399.62,2184.59,64013.28,17226.88,3500.27,2610.38,87.74,30140.69,105600.74,42178.29,8130.03,14095.55,1048.75,142977.7,55893.78,12137.4,40636.53,1063.87,710.71,2017.48,48988.36,100644.51,3937.58,19491.7,50453.95,55101.71,9101.95,330188.03,183510.81,115773.56,2210.21,294320.02,18907.52,403.53,524.67,49200.87,2346.19,25205.22,8565.08,16247.72,17907.19,29893.39,137.88,5403.96,3199.81,37473.2,214495.41,299220.65,64088.28,859.42,107.36,2411.2,2219.6,101565.2,5270.91,6641.3,953.45,12428.7,,,1758.99,26287.37,123039.46,51515.58,14109.61,1626.02,36762.66,22647.52,155786.85,311341.45,483.85,13833.14,21055.76,100.29,129937.14,4682.5,20596.19,440.17,69.13,1352.88,1139.4,86.54,2069.44,9661.19,850.95,184.35,396.34,4458.58,1093.25,24711.14,31821.38,1353.02,127.24,436.0,120028.96,5111.07,418.91,58550.89,51467.52,106154.16,96921.4,546.97,1027.02,45405.2,9290.57,28953.94,44431.61,11701.32,3793.3,1182.76,2192.06,11054.79,3662.14,310.25,306.22,11405.38,812.65,142502.89,2204.92,482102.46,15266.74,1839.67,1084.76,4748.37,3139.14,6338.05,7800.72,1225.34,1242.5,3345.6,3015.77,68310.23,50601.45,4278.44,,21938.95,98.36,29524.98,138725.91,13751.82,625.8,68870.81,308.17,21125.27,20389.9,128844.15,1.0
S055,participant,55,B2,58.0,F,25.4,391256.11,28306.27,32251.61,83609.9,3216.62,1396.35,69762.99,71007.01,5827.95,25976.26,5012.67,9110.76,104858.43,23399.17,,3748.05,,322.89,10065.47,20881.61,38111.46,2577.27,94471.74,85071.62,6501.8,1622.27,192181.72,576.0,308.22,24073.08,16524.62,136.21,15347.31,192801.96,92112.41,23806.55,344291.68,871.44,13068.82,69399.41,2434.1,509647.33,8190.47,20715.02,29771.95,368.36,1685.03,,24930.78,992.93,1814.75,31891.47,817.83,1829.99,5314.76,1249.62,5835.09,,374.9,6742.38,248.15,631.54,5814.24,10705.62,53614.07,14732.23,16910.56,96.76,44113.22,2999.42,64078.31,3209.86,11547.97,18648.87,9913.67,917.55,626731.5,6568.92,758.91,6091.37,18488.03,1678.19,3932.59,50428.93,5518.21,523.38,453.37,75078.34,183.99,386.07,2376.46,116712.81,27881.73,145381.08,1646.78,262299.58,6355.88,24114.08,2090.88,3933.13,45693.98,37765.01,9699.2,4736.69,58.49,26280.36,680.47,3601.74,,13270.99,25460.13,7181.88,35675.92,83866.74,607006.47,65015.09,615.0,92.02,5884.43,31284.36,1899.87,2731.4,358415.78,24275.01,11606.14,78050.41,96480.44,31483.82,70134.46,396.91,1711.68,7207.24,6682.18,5978.78,18469.99,1184.64,1718.16,10275.61,15468.64,565.88,789.37,13834.71,150263.35,195016.53,4791.24,534.38,14236.91,10649.16,29278.53,10714.05,560.2,552.12,5979.51,38469.49,830.0,607.53,9739.4,16428.8,7845.94,495.86,166.9,199.6,83187.77,599.99,58449.79,6908.43,562.65,40943.56,6081.51,202.69,8485.4,5272.31,16274.74,1782.2,,2252.01,835.35,528.63,3209.96,,11913.02,1150.93,50543.08,1150.58,9197.97,3109.65,,191.37,793.51,104632.53,6306.71,5933.77,171.69,7830.74,154064.87,20799.72,47073.56,4982.34,9830.78,284.51,3736.29,2562.55,2590.33,1125.43,175234.78,20932.96,1146.7,25784.94,114444.56,7932.46,15803.26,5942.13,4747.76,308.81,1029.01,7820.23,1392.94,7105.49,161642.76,27129.95,1789.38,76390.79,1998.25,2179.8,20161.11,856.77,13091.53,2538.7,13761.64,36326.91,33451.49,1017.91,10080.04,,132657.51,374.68,2913.99,43900.65,4222.72,4778.38,20597.19,569.1,89324.89,17143.81,,1666.7,90868.88,2851.68,862.14,624.59,27870.63,29153.38,1997.13,20919.1,9516.59,1113.95,75698.56,370.75,41093.15,1208.85,261440.82,26539.71,8790.17,4347.05,377.79,26333.41,138193.53,34660.52,4550.8,18720.68,1208.98,110114.3,58896.55,4092.88,46821.02,1012.69,2951.34,3860.32,54355.4,8662.15,2327.8,20772.63,52146.78,52145.25,4429.41,548288.85,184907.38,94978.22,3137.31,316549.29,16387.86,398.18,653.9,32684.75,3140.34,28255.75,8323.98,19033.91,1503.8,26549.77,111.38,2986.24,859.93,78249.15,282666.02,221350.47,129903.52,1327.86,216.67,4211.54,1211.68,42915.83,3292.48,14433.7,,4498.95,5587.07,67.76,2490.58,26903.71,56082.64,114233.21,24191.2,1225.31,44041.29,16057.9,216388.67,24902.07,471.25,34527.34,7497.73,132.73,234937.93,9074.89,8274.4,275.4,,3140.83,1290.92,,6299.88,27175.31,489.47,115.61,222.72,1872.5,1652.32,27230.31,29340.02,3171.36,519.22,1078.32,143331.71,9565.95,453.88,68857.72,82242.93,137200.88,98839.41,855.09,250.34,85468.63,6542.17,53222.83,175170.51,19496.74,1655.23,804.52,784.05,12029.23,2294.62,220.71,644.64,17508.29,1501.46,116997.89,2864.58,220850.39,49832.37,2672.87,2664.72,1621.16,12119.1,2868.34,8995.51,2408.69,1192.8,4772.74,3986.78,154654.77,17126.83,1826.34,1530.86,25086.88,150.01,32518.13,264286.28,7939.55,1794.58,117675.33,158.78,29447.13,72077.09,517596.02,1.0
S056,participant,56,B2,48.0,F,20.5,93602.93,16564.48,25681.67,74215.42,1412.54,905.8,160576.51,68474.36,1338.57,13577.0,21577.11,11351.96,72929.56,38283.49,,4529.11,1458.17,444.16,5844.56,50273.58,7366.12,4398.21,23083.61,30553.52,10401.8,3236.6,846046.51,542.83,588.74,24800.63,24325.44,94.9,19772.69,178373.08,204416.86,26123.6,434493.14,475.24,45157.9,57468.81,969.32,552157.41,40649.79,27747.06,71413.64,616.19,5669.96,,27374.73,2050.26,2530.65,17478.8,758.44,1514.34,885.43,544.4,4477.0,853.26,236.93,4252.04,109.53,,2157.68,7359.39,64951.96,5061.71,22370.71,139.34,121137.52,1686.54,196373.04,3640.72,55761.13,24921.32,11528.91,746.07,328384.69,2662.84,519.08,16255.15,3742.9,886.73,8528.12,47366.17,5096.07,1131.45,623.41,77385.98,263.26,550.49,3655.08,91094.96,34744.94,200199.91,1506.55,25935.83,21001.96,6114.04,2994.23,3180.87,41279.64,26041.98,30488.83,5866.9,58.37,19700.53,337.08,4452.15,1276.73,14150.06,2260.03,10621.89,27702.89,96867.41,357468.94,287135.84,,,2497.38,35336.75,1048.61,4090.24,295844.47,28858.03,10560.55,37716.28,23199.19,20762.06,80226.72,487.6,919.97,18784.64,9551.76,6763.37,14426.07,1163.28,923.98,2678.17,5578.47,366.48,1044.62,39669.49,60253.86,530877.65,6929.56,777.09,25699.83,7116.73,36586.79,7505.07,346.29,550.68,18749.02,94813.28,881.69,352.44,23309.31,15249.97,9974.87,338.58,183.31,,104858.48,559.76,11208.32,16092.84,463.54,38882.84,1888.94,198.6,4398.7,3929.61,37525.03,2870.86,438.23,,322.53,758.94,2217.58,499.99,29574.42,1091.9,46326.26,4106.69,9619.15,3107.79,2797.8,153.43,526.8,67756.75,7467.43,14400.19,221.71,19991.36,397076.54,60214.82,231219.75,1755.36,8019.63,552.59,37067.97,1905.24,5569.5,2463.89,416084.45,31136.42,1737.71,19266.56,103037.35,46015.93,16455.86,5655.13,9532.69,368.71,844.51,15476.75,678.15,9125.78,166291.89,23874.09,805.46,99831.12,6568.93,1885.14,9221.18,1149.26,15037.02,462.23,6085.98,90957.52,30850.25,382.7,10766.68,3586.14,199918.89,1301.01,9407.93,17352.61,16325.2,4521.46,29694.57,247.47,114418.9,24242.03,5497.06,589.92,126222.94,2359.8,868.56,644.13,58203.46,16594.9,2467.98,3731.84,9713.5,704.45,173933.18,122.18,224774.74,2254.68,50404.02,10758.65,2859.63,2592.01,209.44,19660.17,122106.62,27998.44,26098.35,15269.36,603.03,119425.74,48696.03,4183.08,37654.0,1229.97,1745.11,952.5,19540.47,74084.06,4404.96,19582.55,71803.38,73805.17,4536.93,213728.61,266438.74,96291.71,1400.19,231597.34,14784.71,332.0,284.34,39401.99,2928.49,11578.69,9646.79,14615.34,14866.55,20571.16,128.85,6070.56,780.49,42100.71,108107.38,189820.54,80458.52,1347.04,158.92,3905.72,1295.42,56745.76,4918.03,5613.64,,5528.83,7758.77,66.2,3218.89,18891.06,172357.28,57290.87,20625.44,744.79,16439.99,13814.16,222923.56,236645.88,400.09,22576.13,7658.63,165.54,85033.64,6617.96,48313.87,1147.4,,1175.98,1804.68,,6077.2,8557.83,745.3,133.2,201.2,13371.86,2370.11,34790.76,33332.4,2313.61,304.98,408.71,96156.49,7842.66,728.71,72752.2,36342.09,107271.78,82928.58,496.12,324.27,55150.97,13459.28,9582.49,31279.72,7056.75,4038.71,1112.44,788.08,16657.41,4864.17,187.52,647.19,9811.37,1129.46,95983.95,1816.46,280373.72,4839.54,4413.8,621.68,1946.8,16819.98,7127.33,13566.02,1699.53,1755.36,2636.6,2587.0,79157.15,40090.01,8951.29,2492.54,33748.8,139.0,28784.83,47455.05,7164.83,2397.34,75167.24,186.62,11073.84,7188.74,99626.22,0.0
S057,participant,57,B2,48.0,M,26.7,261958.27,28383.96,22077.19,78063.94,3151.67,1277.37,90112.43,17005.2,3843.62,19821.75,18793.23,6703.33,137496.55,37382.71,,2470.95,1532.51,135.81,4032.52,39354.01,23360.09,4093.3,62328.08,32504.5,17527.94,1938.23,732245.95,1779.19,553.44,36547.32,15576.32,133.55,23026.03,236592.78,167600.41,18513.19,473077.3,1001.94,29291.67,84044.64,1943.45,381977.68,22980.2,17435.47,35678.48,513.09,1978.06,,19387.65,2120.82,2639.19,15307.28,1574.56,1021.21,1265.64,442.9,8877.75,,901.48,7293.83,97.57,458.6,1887.99,10899.56,184620.13,5308.37,29085.48,134.28,91271.46,2977.93,83670.5,4344.26,33799.45,25593.32,9711.88,1593.46,463722.36,2538.64,734.79,15088.86,16326.19,628.56,9225.51,14475.37,1373.64,185.4,561.46,81629.64,295.17,645.74,3811.01,57629.61,40880.17,210749.11,4446.36,37640.6,6896.04,17778.88,3452.27,5364.62,43239.72,29338.3,14314.49,13051.45,149.77,10682.25,,4579.78,1262.9,31250.36,3599.28,6471.74,35192.91,103024.69,582654.94,284891.11,404.23,,2270.64,22398.66,2288.45,2827.33,363879.93,59875.49,16419.57,56522.63,63583.22,30960.64,96432.13,876.65,870.24,11088.58,8427.94,3999.48,11810.92,1139.43,1597.8,7926.51,8755.03,425.88,918.47,15858.29,86186.39,901296.75,4933.58,854.57,13253.5,16503.48,32112.97,4326.57,,1424.7,6715.72,71725.45,1015.22,235.02,15273.05,4105.28,5552.39,1338.99,400.11,170.73,216729.45,789.41,4412.73,2677.01,1029.23,57877.26,2155.67,183.26,8258.04,5109.57,39692.02,2667.64,401.88,1630.1,362.18,642.28,2995.06,,55744.68,4113.35,49274.13,2721.22,14958.17,5317.67,2749.62,343.64,731.85,96022.38,4912.7,18695.48,254.02,12018.79,303476.89,45381.23,64830.81,1979.32,9842.03,481.58,26965.94,7147.47,3555.95,2664.24,239512.29,26311.9,2808.08,12499.24,151147.48,10757.6,21304.21,4474.76,8517.13,773.95,1397.07,15415.44,1390.95,10421.07,112609.65,30272.18,1138.22,260793.41,2134.28,4101.87,17816.18,1249.82,19285.74,623.42,14370.63,54661.54,7757.54,363.28,3136.62,,206901.85,269.09,6490.69,16807.4,2973.66,14314.24,76824.61,386.32,121468.47,20533.26,5525.03,568.01,78010.05,3228.49,2306.5,509.12,53538.26,16431.48,4577.01,5291.73,6420.62,1780.67,210452.7,114.33,121522.92,2277.98,211597.62,24476.61,3213.78,2708.95,,23010.4,162985.67,30623.15,13095.31,19206.62,1353.25,83448.61,64444.11,4878.04,56365.58,1023.52,,3082.4,30159.72,62884.41,4604.43,26056.54,69226.36,71524.48,10072.52,225204.07,229621.04,116881.09,1349.48,242445.42,14811.65,698.68,566.62,46148.27,2512.74,15753.45,10557.95,10356.64,11995.6,24234.18,111.88,6062.33,2571.62,71762.81,155063.33,192980.45,120585.51,992.96,337.02,2438.23,2914.69,145970.65,1382.13,8933.12,,3389.9,9108.32,51.71,3012.9,16253.17,276666.32,81359.77,14408.8,496.97,24911.75,14716.05,243425.2,179814.3,384.54,50272.41,8958.86,111.79,88710.47,8888.91,13592.01,203.05,,2045.92,1316.94,84.98,1981.4,10111.56,208.42,287.1,419.03,6373.96,4470.47,72566.73,30907.04,4637.0,,546.36,86208.82,5031.15,493.16,52730.9,73237.94,142547.05,73729.97,711.12,515.94,76067.68,9066.95,4142.77,144787.26,7886.74,707.59,294.56,879.28,15020.7,3375.2,521.26,672.5,18073.37,2204.8,109096.91,2836.7,761796.59,7911.21,7415.54,1752.18,2227.84,10269.74,4179.97,13667.63,2083.27,1287.13,2396.97,4881.6,116116.11,46614.38,2718.67,2964.94,69213.63,112.59,25469.08,18931.48,10551.83,1562.08,85714.77,216.1,14158.85,8872.39,441132.92,1.0
S058,participant,58,B2,50.0,F,24.5,118989.96,20077.88,36663.92,92259.18,723.53,,713428.14,34929.41,2162.93,6516.98,7319.92,9052.51,86750.54,42691.65,,42306.68,3256.81,622.89,9716.35,43318.99,9892.6,,31710.55,150946.36,13726.56,6363.48,291589.92,1037.42,,,87841.84,,22687.09,167106.09,105432.52,17517.38,472103.0,225.35,35988.95,75551.15,1017.57,484143.29,43975.59,16446.41,332327.44,,6405.93,,17025.86,1828.79,2360.07,10953.82,883.7,4587.13,4845.01,702.71,5412.88,242.01,451.29,4713.53,158.23,502.16,6279.67,17902.6,248503.89,30768.45,32451.36,114.66,100026.29,2174.02,142989.77,6142.18,69154.3,32939.59,11274.54,832.3,173859.02,4164.01,,6814.95,10163.77,1485.55,4152.05,37450.1,2878.17,588.14,497.8,51385.23,243.83,701.44,1884.8,58452.6,34705.31,250132.25,3197.15,18657.13,23825.53,9478.73,1717.5,6288.13,51736.22,16902.0,20862.1,7580.07,114.02,12375.23,189.45,3147.57,2988.19,31335.8,1682.98,32392.67,47529.15,68554.11,275686.96,99680.73,468.68,62.83,13199.26,309983.4,2036.49,2672.04,392612.43,34290.48,4763.35,21239.2,31076.01,43975.22,87528.37,1288.55,614.12,16459.58,7057.64,62538.12,21048.22,552.75,352.11,3994.12,11759.67,,747.17,29102.65,136862.15,454621.2,6729.23,,79273.71,6984.79,15312.22,5107.43,168.24,1309.82,15141.2,82869.63,1624.73,524.29,23941.13,8382.11,5862.76,780.57,449.79,162.3,121146.06,408.37,26219.38,7814.46,578.54,17213.24,1592.27,89.48,1909.93,,16398.34,1513.86,820.81,1809.17,587.27,541.3,,138.94,26386.61,2507.06,59697.1,3124.41,,,5579.36,189.97,,146389.22,70351.76,8673.72,176.22,16864.46,349174.72,52554.28,140496.72,1577.48,13473.57,,29961.44,3915.78,10342.83,1143.72,2016622.71,11971.42,2188.02,11170.88,210473.01,24063.7,13366.33,16721.44,4909.17,945.3,1077.01,13037.14,293.46,6704.76,156332.71,19249.07,608.96,331930.53,7908.19,2347.23,7772.95,859.6,17433.08,2469.36,15399.17,74008.87,14791.11,1173.84,8062.84,1022.11,200766.76,,8558.72,95333.49,,9635.39,100359.42,170.49,127140.34,9105.14,11195.2,1698.39,420437.26,4326.25,1659.97,924.6,37182.37,25487.62,5844.87,19886.64,6013.91,837.24,94689.9,368.66,253377.24,2053.33,156012.2,9751.14,2352.25,1671.44,116.57,37368.3,182687.56,64775.19,30039.78,19748.09,1464.4,109513.89,47218.01,3286.84,74549.51,1176.6,876.41,1551.04,50010.41,58001.18,3103.61,41498.51,27111.83,92444.69,9334.03,934257.06,103781.38,94018.5,7100.48,363480.04,31213.64,388.46,684.06,28416.23,2123.77,23890.91,11559.86,18770.38,10955.2,45433.69,57.33,5255.26,1717.04,33721.33,192184.19,255196.07,55201.84,1934.57,216.17,12404.98,2578.29,218581.24,5925.95,4120.54,,49351.71,10232.77,94.94,2496.02,27170.93,139153.12,29097.95,63995.67,1170.46,32731.6,20281.33,164788.28,201839.23,201.71,23801.46,5466.36,169.45,419647.41,12634.33,24841.66,,,924.93,1839.06,,4297.83,7356.43,985.21,253.24,259.28,13131.63,3522.75,40766.71,34920.03,2393.63,153.9,285.3,140921.01,26555.37,783.8,48094.73,33779.55,140861.44,125315.56,,761.8,35927.18,27613.07,29497.45,106755.08,36584.77,2049.83,1312.71,591.13,19810.42,9869.24,373.37,1028.98,12555.36,1392.65,201348.97,2247.56,1028519.29,3732.76,5493.17,897.79,1394.59,56045.42,6170.76,6982.9,3071.7,1972.6,1666.71,2827.52,40333.24,19632.85,5662.75,3739.93,42117.24,220.99,40186.16,129433.84,3206.98,1435.09,49244.6,145.91,18930.99,4995.13,292718.88,0.0
S059,participant,59,B2,70.0,F,28.7,138658.88,19273.3,23209.63,120739.27,782.62,1031.66,159734.15,37714.58,2881.52,33165.26,6881.55,3480.79,140475.03,14966.11,,4535.79,2818.68,393.48,7773.31,70637.8,13261.7,2484.09,36730.97,59477.02,10270.19,2756.56,257179.86,942.2,285.63,79497.24,9907.64,81.59,18556.12,251425.39,100367.24,42994.5,365354.51,253.8,28197.03,84300.22,1293.07,173231.99,39117.23,10003.3,66416.02,360.1,1553.8,90.11,42097.5,5377.3,2639.01,14249.03,1069.56,1674.3,5530.29,1992.49,8925.49,518.56,218.21,4353.98,427.2,336.74,6354.78,14797.04,270738.06,10988.75,20059.5,151.72,183944.89,2032.77,40989.97,1898.02,68110.01,10333.02,22553.06,1401.52,870792.93,10882.59,431.49,5213.08,6753.07,1279.42,3452.46,17793.57,2757.48,212.44,589.18,68346.48,284.61,467.66,1958.09,34797.76,33665.44,85939.43,2549.23,123550.66,6252.0,13380.16,1915.3,5692.6,63340.75,11624.91,6473.22,9302.33,116.21,6872.04,462.39,5164.69,2614.59,16784.36,11068.33,4455.37,29618.21,90447.55,67266.43,87497.11,287.75,135.55,5736.36,37453.41,1305.39,1433.91,433262.73,47813.69,5533.56,101899.47,32099.56,40433.45,82184.54,569.03,851.89,17523.55,7578.77,7893.88,20645.95,1705.58,438.35,5658.35,4332.06,274.31,785.13,9344.58,205825.02,755106.91,8652.8,441.72,10264.31,25794.53,35805.17,3229.71,409.83,715.52,4024.17,131787.99,498.84,435.72,23545.97,9351.53,3350.03,345.73,233.35,107.31,158852.63,444.88,20650.23,3061.36,721.75,19772.71,3879.96,304.74,2143.51,4608.89,14523.15,1819.08,874.76,1224.48,1306.71,529.38,1771.63,298.68,49051.12,1895.12,74113.78,2441.59,30339.31,11231.66,5113.14,349.37,567.99,132176.66,8564.47,5444.34,215.29,19855.8,549587.23,75685.33,37910.53,3278.53,7839.81,307.34,15424.33,1727.02,5394.09,1020.46,445526.54,30601.67,1614.49,7308.93,186570.46,6053.94,18738.06,7674.36,5662.05,427.33,1670.03,38312.69,351.94,9214.78,44370.08,21478.07,1167.19,360278.93,1770.76,2679.4,11404.08,1127.48,14054.65,3058.55,8190.74,84843.29,19027.81,1160.39,3807.28,2059.46,157649.29,282.01,6360.7,36844.25,3198.2,8018.98,121192.01,439.44,90089.79,25338.48,11053.07,1561.08,56645.85,2376.77,1886.61,798.11,32743.07,23878.45,2888.08,23867.28,15598.6,3051.95,58642.59,425.72,234811.27,5436.51,125657.16,14338.98,5246.5,1163.84,264.16,14892.82,182577.37,23531.3,24799.66,24866.29,815.75,37843.34,72224.74,3315.68,65651.31,2191.19,2184.58,2163.37,70113.59,32602.18,9497.02,32004.21,71900.41,29743.58,5877.74,349130.1,257453.55,139758.17,3012.91,257204.27,11241.38,725.07,396.24,45114.3,4956.41,39717.42,10060.47,18858.08,6799.75,18324.69,167.95,14443.98,1581.61,7579.68,79106.29,316295.54,14427.37,1525.29,324.35,4492.15,1351.85,254734.73,3752.04,9424.21,967.76,5738.48,5786.6,79.76,2685.42,24149.65,219884.8,161401.47,26150.61,899.62,13786.58,23313.59,186044.7,106222.02,617.53,88861.21,5576.88,208.95,133584.44,7792.99,7339.18,217.16,68.68,1905.62,2351.31,53.83,2362.77,15858.87,608.72,272.9,303.78,11822.67,2380.58,58456.13,66283.23,9050.9,373.31,603.36,128527.72,10568.27,958.29,118895.63,44634.35,153574.06,83664.54,426.67,351.27,8071.47,11771.74,18797.6,73736.22,12411.26,841.79,818.39,575.71,6318.19,4172.04,433.77,309.12,20490.9,2207.78,77493.15,2138.6,1113381.76,23756.03,3926.55,1208.82,1290.92,8166.15,7503.71,8351.68,1892.07,2235.31,2212.21,4930.91,210559.87,13763.41,1497.98,1951.03,52275.66,174.63,27097.31,92842.03,3957.74,903.24,31863.61,199.54,7761.89,33909.58,228084.42,1.0
S060,participant,60,B2,60.0,M,22.4,152267.37,25320.04,50430.11,61894.68,545.02,1710.23,428109.81,35053.14,1867.76,16385.49,7215.3,3179.52,84152.72,4088.59,,10594.9,1959.86,136.71,,34114.65,13291.96,3045.86,34848.6,105859.88,8566.25,1827.9,284337.59,514.72,350.14,21230.08,4775.39,,14592.0,161655.13,137864.31,27601.19,306627.87,152.15,8689.27,56437.53,1095.7,166249.35,38121.21,17026.83,201283.64,467.52,3966.35,127.97,30757.46,8541.83,897.59,13976.39,815.24,2097.48,3990.72,587.02,5612.81,258.17,324.59,5916.26,126.09,529.54,5790.83,12184.0,133278.33,23506.88,18386.57,,84583.74,2825.13,34378.46,9560.86,59293.63,3118.63,8538.81,,421290.71,3033.53,235.06,5520.0,5058.55,,3573.57,35688.26,2810.93,171.95,810.72,56620.14,87.03,390.13,1607.5,29318.6,19427.61,23902.9,1308.42,237202.71,14453.78,9231.68,1727.45,4989.14,32993.2,25134.41,5188.06,12461.47,227.2,6072.34,292.91,4151.37,1516.43,23569.33,22281.81,1886.71,8573.19,61871.94,261278.37,105859.96,484.73,,10490.5,94679.11,1691.49,2454.83,260148.07,67087.27,16428.78,48812.11,41018.63,33286.22,51972.83,2034.1,828.51,17405.52,10303.85,17040.69,13431.8,1134.21,274.96,3756.14,4138.55,167.33,1117.17,7429.55,83499.42,247087.13,3867.39,503.86,4777.03,28735.65,19085.33,2371.01,287.14,961.96,3438.88,64188.64,2270.26,,23251.39,8732.95,6213.03,466.22,794.65,180.13,205882.1,876.84,17890.93,2296.41,592.33,63226.67,,203.12,1263.11,7191.87,14367.39,1360.21,542.6,1931.01,414.39,738.82,1006.03,148.07,14760.94,969.15,33712.93,751.23,7586.91,2889.43,3625.12,,1047.2,122994.31,19665.76,3374.35,278.17,18094.41,276406.83,42523.9,131093.67,,2425.39,371.08,48560.16,2460.39,3452.73,1100.39,1278374.8,14525.27,1440.56,5679.48,163599.31,21966.16,17479.26,7483.97,6121.02,1482.51,958.76,64345.08,190.16,7291.68,47898.81,20616.95,,168367.15,4398.81,2198.54,10499.82,1502.78,10525.17,2017.46,12691.0,88108.15,14197.54,1144.29,7254.24,1076.89,122828.85,,1833.09,73942.45,,4411.72,51941.42,,78775.78,13425.73,7067.93,1680.57,24973.52,760.96,3119.51,,41127.76,18945.38,10244.99,16833.02,10035.77,3205.42,41240.76,371.21,209583.32,9399.59,76853.58,14524.21,,2397.21,208.06,21623.77,112092.86,37107.54,21532.4,13723.04,1190.28,38635.14,42457.33,6280.38,57686.6,836.28,1497.0,1793.63,29112.53,106113.59,18641.81,31139.8,43377.28,7827.52,7843.3,642121.29,135964.91,84856.09,6472.45,481089.57,16983.67,,585.19,38036.23,3892.5,15047.06,6564.09,14316.62,19820.43,27457.1,123.93,25796.97,794.86,32081.39,72616.27,153935.57,48402.17,,217.74,4322.33,2060.17,102600.47,1445.47,,1207.28,12626.97,5777.86,,3814.87,20341.1,72963.03,81669.35,25257.52,,13019.69,12220.3,158799.99,319325.76,379.65,94088.01,11270.63,91.73,278752.9,2239.88,22397.95,,86.14,,1111.27,,4575.52,,232.73,434.12,247.76,11670.47,2136.66,71065.96,25783.39,9972.61,257.23,,100582.78,9827.62,431.68,81443.13,42913.86,97058.82,147796.14,240.21,1331.12,35009.25,7062.28,17955.64,51298.39,22371.87,634.29,334.6,1008.07,1927.65,2505.22,710.11,1526.84,11494.82,1470.53,115673.97,2663.29,507709.84,48522.41,3134.72,840.94,2913.39,3316.35,7386.01,6654.59,580.92,1065.53,2201.25,3036.61,98376.57,9129.65,5486.89,1788.38,64180.81,,52795.32,83412.09,11619.76,1546.09,74181.31,238.19,7678.73,66271.79,144199.46,0.0
QC07,pooled_qc,61,B2,,,,171130.16,21753.4,35233.14,99158.0,981.14,1201.49,205118.64,58460.22,4788.05,12799.62,11408.85,6173.24,109773.43,28627.48,,6328.36,1868.23,483.52,5789.18,37879.68,17750.51,3322.01,42119.8,68686.63,9445.62,2461.87,420436.92,908.92,416.6,17646.11,20995.77,66.91,18777.35,214350.69,113825.46,23196.46,415604.06,295.16,27712.27,68209.52,1465.32,335752.53,33448.27,9742.22,82446.01,440.46,4797.16,83.97,27462.33,2284.3,1871.99,14882.3,1035.81,1456.96,3179.97,839.9,4790.84,315.87,349.16,4922.27,195.12,355.77,2801.38,9475.81,148042.5,10024.9,20747.68,96.16,93091.35,2188.14,83703.92,4112.99,52189.48,21171.66,15681.03,768.5,329130.66,4734.53,431.94,11103.57,8499.19,900.51,7272.56,28609.96,5112.52,462.72,564.11,46647.31,194.82,541.46,2356.89,56306.62,33834.62,169446.35,2537.68,95096.68,19078.59,20368.09,2523.3,4008.29,48213.43,22221.56,13572.19,8950.55,107.7,11201.24,134.09,3591.98,1886.93,30659.08,8016.91,9555.66,22532.86,65207.48,259147.06,141916.97,343.66,67.03,5309.38,55877.45,1688.81,1511.09,363906.71,43996.86,10020.79,36765.54,42713.73,25171.86,87842.54,952.3,770.43,13644.98,7700.17,11983.6,18531.23,1227.8,525.39,8148.65,7860.21,246.82,836.65,17635.8,92131.14,413157.69,5120.92,595.05,22886.27,9831.01,28449.78,5300.47,142.64,1211.48,7120.26,71454.53,1061.07,358.88,18929.19,13558.07,3403.55,497.1,318.98,125.53,156502.1,668.37,28739.34,5707.56,830.66,37502.3,3517.34,181.61,2651.96,4911.45,29609.97,2143.39,582.12,1334.17,651.55,569.14,1608.87,190.07,24147.4,1967.06,61444.75,2435.94,6497.14,2482.63,3760.81,178.09,707.81,91375.5,10985.02,11611.64,159.57,15094.11,323332.06,48399.63,110168.78,2669.17,6465.52,410.9,12706.34,2519.44,4537.38,1976.28,491957.4,23946.69,1360.53,13679.04,110992.56,18591.68,14481.05,6585.69,6025.08,687.3,895.74,17255.25,428.9,5890.42,106416.48,20509.6,758.6,178941.98,5902.02,2899.04,13457.7,840.25,14213.23,1527.88,11815.64,69945.32,23869.26,524.84,6208.41,1315.64,179441.71,364.95,6234.61,30984.95,4495.99,7866.85,50612.63,252.45,123241.06,16375.78,7468.23,766.46,127321.19,1954.5,1715.18,514.57,35119.94,19989.98,4031.52,13308.72,9816.38,1191.55,141025.01,172.45,186574.23,2513.92,129643.52,18193.99,4507.76,2127.66,97.02,31899.0,170163.64,44724.9,22355.99,20286.79,1098.63,71774.15,65762.49,5224.35,34120.66,1750.14,796.23,3440.53,35069.38,25880.26,5152.99,18265.91,54741.85,62930.1,10914.26,453150.3,196301.33,116942.47,2980.06,355371.39,23072.89,351.91,535.49,30688.51,3046.26,18653.32,11517.4,17249.73,4861.63,40896.59,126.97,7965.42,1388.33,30105.18,144895.34,257566.49,52877.82,1044.01,180.48,3749.13,2590.92,110080.33,5173.77,5796.57,767.99,8654.55,6418.85,52.91,2844.01,25946.45,125936.88,53418.94,20301.59,701.86,21641.58,19210.85,154263.62,81809.31,448.05,31928.82,8426.13,126.3,186004.9,5710.69,20193.96,302.16,52.94,1188.68,1361.46,57.79,3471.54,12887.92,771.54,232.88,337.23,10860.61,2284.25,55258.81,47566.99,2846.65,137.84,378.5,127011.41,7988.85,522.54,71590.35,56660.16,124795.11,111046.76,375.89,450.7,35339.07,10170.96,25690.83,89173.22,16562.71,1717.29,1080.22,941.08,11622.55,3560.54,379.54,718.55,15272.33,1420.82,164403.61,2605.68,529958.95,18133.16,3668.54,2126.29,2009.96,16813.73,5738.76,9746.22,1520.78,1362.18,2431.92,3632.38,81680.24,33436.87,4093.8,2071.47,44878.31,123.1,38390.11,126818.87,7617.49,857.48,68557.1,156.39,13636.68,25310.21,263938.94,
S062,participant,62,B2,64.0,M,19.7,278282.33,20193.39,38943.39,100407.47,770.23,1117.49,110487.91,32780.66,10692.35,14217.09,11481.25,4130.33,106703.64,5491.61,,7193.09,1425.08,172.26,6789.01,42405.99,22679.21,3261.4,63028.79,88508.62,10193.29,4589.97,441738.68,1504.55,434.43,28939.64,5216.73,71.32,20651.0,210959.64,83664.55,13891.93,395031.85,230.51,55754.62,45192.56,764.15,210941.91,122330.68,6556.84,52575.63,451.97,6237.15,88.98,15669.33,3534.68,1001.91,9435.36,836.6,963.3,3830.31,1104.71,4169.91,253.06,196.63,4538.71,208.46,,5908.9,6447.36,153918.86,20092.91,17819.88,55.86,84383.85,2165.22,65508.85,2880.01,179367.44,3708.11,14874.32,742.48,326121.46,5746.34,413.98,10459.15,32336.39,988.86,6277.54,43588.39,2404.48,884.08,538.6,40341.17,91.74,438.89,3424.34,103425.73,21855.7,31303.64,4172.47,135831.1,23012.57,42665.1,2999.62,3701.33,64764.29,8525.84,9894.16,4095.92,123.52,24188.64,309.3,3981.68,1266.69,19112.72,11428.76,1994.81,36842.13,49842.54,581178.52,167408.23,,74.34,10654.9,64188.2,1733.21,998.28,240598.64,20701.69,19184.83,38253.03,70243.41,15465.62,52771.13,370.21,484.14,21278.17,7165.62,11591.82,21704.73,755.06,453.59,20183.69,14674.26,239.2,805.13,13728.62,82928.89,214458.57,4466.58,599.58,4674.38,26153.38,22541.05,8679.19,328.61,754.83,6510.17,78247.42,794.34,426.96,33458.12,7896.09,2376.57,377.3,133.09,,72157.44,820.64,15535.99,10556.34,650.05,67827.55,13868.95,112.28,2093.21,4885.07,28348.37,2511.81,428.07,,733.44,492.25,1675.38,126.54,13192.46,3653.74,62276.47,5047.14,10617.92,3990.43,2633.06,171.3,676.02,57583.33,14926.86,3673.03,129.28,29340.55,299197.2,47892.42,102248.99,11833.9,10545.49,389.12,9658.97,1788.49,7591.88,2003.92,297436.15,15553.34,1568.76,20633.81,114068.97,15894.76,15576.6,4293.82,4185.64,238.17,695.36,25717.87,311.57,7328.73,64815.06,15070.11,499.33,233083.45,6865.29,2329.27,7806.35,680.56,14681.62,2071.48,11828.85,125964.48,13464.0,1070.35,9639.91,895.09,140050.33,286.84,11351.55,67643.98,3067.24,13450.74,68305.71,170.65,115490.21,15593.83,5576.95,1478.14,27893.52,3247.89,1771.11,409.36,25069.07,30122.02,1720.19,17313.46,5275.47,3406.71,41968.49,368.18,683355.71,3723.17,497202.42,10944.54,20690.19,869.24,202.59,28444.21,99913.27,43173.02,78791.88,13366.38,1076.81,44410.54,67388.92,6081.94,41378.98,1567.61,1671.51,7776.6,27718.28,20140.14,7001.52,21090.36,41823.59,10979.99,6309.4,567096.15,153195.13,107755.36,5564.13,381622.29,19379.9,310.99,532.25,33591.06,1885.34,15267.06,7352.64,19902.55,3416.8,29250.49,72.36,10313.6,2195.57,68846.41,233809.35,286078.67,120852.66,782.47,156.06,2433.98,1535.34,122350.28,1864.91,4173.49,813.58,10047.44,5968.42,,2682.06,28049.92,63074.31,60405.55,14820.07,858.04,32740.45,22471.38,117493.44,60326.78,275.54,87719.39,10512.18,108.67,253998.03,10176.69,21547.23,197.08,53.57,949.15,1304.79,,5745.65,57262.1,272.12,256.44,225.52,38065.49,2732.81,24844.69,44332.62,8410.79,301.49,291.34,152181.04,6251.56,493.7,40650.44,32881.88,90546.33,117861.51,362.46,228.14,70240.4,19123.37,14594.77,298278.01,20212.06,3292.69,433.16,1133.41,2650.97,6643.39,423.16,499.15,14472.56,1174.37,133772.76,2204.18,644247.03,26194.06,4521.03,4476.58,2416.08,3657.72,10695.45,13018.09,2316.55,1171.27,1302.94,3932.38,73251.37,9935.07,3900.81,1874.69,21945.64,95.21,39857.96,70216.97,14165.93,556.91,25457.37,120.33,21845.3,38302.9,897566.91,0.0
S063,participant,63,B2,60.0,M,31.7,959447.63,19625.61,21075.7,107154.98,676.84,1181.5,400666.64,42991.12,3457.57,27734.38,7275.21,5212.43,114240.92,95247.11,,1552.48,3060.06,442.75,6628.24,50910.12,83985.43,4242.36,224641.15,84554.93,10404.46,3370.51,267194.75,1271.76,504.17,22032.18,38281.51,,14790.01,237525.85,119465.9,21541.21,266392.68,235.61,18953.32,68846.48,1124.19,271074.41,51740.28,13752.89,156922.5,588.47,2396.95,104.53,22430.44,2828.54,927.74,14853.51,533.27,2108.74,1881.78,717.77,3386.21,345.52,271.57,4665.15,162.49,386.66,3101.73,14371.51,93711.27,4255.35,23064.03,52.7,147232.37,2253.65,74780.71,4528.99,75302.57,72264.12,16207.44,677.4,705074.38,3882.53,,12875.12,10518.31,986.68,8029.15,54331.18,3499.81,303.56,430.58,57871.51,96.08,604.59,3686.78,72874.54,35330.13,558572.65,3185.97,210851.42,8551.78,15998.49,3376.42,5765.82,53670.62,22173.41,11943.43,6124.59,87.53,14458.03,270.58,8792.88,2529.13,9142.66,18344.25,16241.35,23857.62,72059.76,281637.16,96009.36,327.26,54.78,1932.27,12878.19,2787.64,2061.56,372070.39,30241.34,25010.79,86306.45,258124.6,47319.09,90657.01,1265.39,770.1,9816.12,6350.81,2890.15,12573.77,1175.89,364.0,6090.59,7555.15,,720.3,16082.96,66003.2,505397.01,3526.94,774.08,37692.48,5897.54,19136.22,6319.06,252.28,377.53,6515.17,96428.08,1110.35,375.4,12283.84,10891.11,5836.01,438.47,476.86,111.96,106049.75,1428.21,22603.38,4586.3,339.12,80107.52,4086.49,195.8,1818.67,4755.83,35230.96,2942.64,888.46,1250.75,503.56,446.84,,204.8,33537.14,2347.21,66290.23,1794.36,9074.71,3231.38,5724.39,149.68,703.62,160599.05,2698.3,11505.39,117.53,9846.9,443708.66,60112.86,127967.97,3649.2,6937.28,522.71,3769.87,2195.49,6668.04,2429.66,1045471.87,15152.35,1837.66,15591.72,184387.17,22091.5,32024.63,7544.94,5779.49,967.14,595.64,20042.29,290.92,15984.73,81404.02,23113.64,801.14,142547.52,2531.77,1488.49,10079.83,655.91,9271.89,953.03,18240.88,48856.93,18359.29,565.28,11765.27,1522.18,100589.51,743.01,4837.44,14552.73,9640.07,9659.78,41608.71,251.79,72907.0,12984.37,11372.62,899.59,208013.98,2080.25,1439.87,692.42,40224.15,16712.94,6234.21,7778.93,8129.81,656.13,127385.47,189.58,271372.79,2858.58,175222.07,13931.78,5862.86,2259.63,179.14,27787.03,167749.4,47647.14,28180.56,19818.51,1751.96,55150.85,68025.75,10569.93,69736.1,1649.72,1425.51,2465.24,21535.3,9015.9,5348.95,32667.13,40233.56,184198.18,3108.96,488755.95,137318.35,137241.85,1145.31,213124.02,24797.77,337.01,844.04,71304.73,2765.62,12356.33,11116.37,11975.87,1528.34,34982.98,112.64,8018.69,1755.78,34488.95,146833.72,284767.68,59996.57,1533.51,122.08,4612.21,907.73,75254.09,4199.59,6178.36,1094.85,1818.41,7212.2,71.06,2239.86,17472.43,137613.7,122314.62,29268.4,763.46,25036.91,20490.56,180886.24,25691.74,423.28,19356.51,17873.89,77.45,197429.89,5701.45,25218.64,668.08,80.68,1260.14,956.25,,7033.4,17778.73,690.77,218.84,155.7,15073.13,2412.31,36392.32,51009.17,2055.7,216.49,429.56,87502.05,11201.36,391.95,59308.82,42749.4,146341.43,70868.65,,735.0,39785.22,15061.65,18709.3,122601.31,17143.51,1268.03,930.71,1799.05,43089.73,5587.36,317.37,696.87,15949.94,859.56,156417.88,2084.34,398113.4,44676.21,3770.03,1349.45,4159.34,29143.28,3629.59,14453.77,1530.14,932.65,2277.61,3883.12,164850.86,28680.96,4790.36,2557.56,32820.88,177.52,22229.38,90540.24,15716.42,1186.63,65010.39,114.14,14837.46,55280.86,337027.28,1.0
S064,participant,64,B2,39.0,F,39.1,341317.54,11683.43,29784.62,71898.36,1651.13,,428616.2,94258.89,1724.23,17190.1,5325.49,6621.44,111796.13,28033.39,,28182.76,,226.79,8510.22,29379.11,32184.6,4016.8,73649.63,95827.03,17522.27,5182.61,204673.9,879.27,454.82,62283.82,37739.15,,20201.4,283251.61,78587.93,18991.78,438307.66,497.85,11713.4,50883.96,1414.03,366160.52,19827.47,12741.08,180918.49,572.38,,105.87,19785.92,,1815.21,14026.58,670.74,3663.39,5686.73,,6358.59,326.48,383.14,2934.8,,563.48,7932.17,9619.16,213881.52,4127.18,19168.03,93.44,62885.63,1218.49,42127.55,4187.63,29080.79,19980.59,15680.34,,448600.25,,,17715.11,21769.35,1469.04,10272.87,54245.08,7722.4,1825.87,762.92,53330.04,187.46,477.5,1588.39,27010.36,39358.2,163969.29,2429.65,94446.27,,9238.78,1547.55,7659.63,45085.9,24088.39,7447.85,6534.46,210.56,5733.86,,1958.97,,77531.88,9609.0,16266.16,15499.42,61243.19,354212.4,68673.1,491.92,,2353.54,213268.23,1403.69,1761.03,254744.56,34171.2,15037.6,56405.65,79987.23,23276.81,94536.82,240.84,773.07,15511.76,11189.99,44552.55,25562.18,1066.66,910.21,4177.44,7310.75,,1226.95,8744.58,63709.12,306079.39,5884.61,730.79,40997.5,9485.84,28456.94,2257.11,,2751.89,3512.74,54010.37,1024.05,529.44,22251.14,21891.66,4380.31,697.14,97.96,187.56,116401.78,1266.76,66016.17,26673.81,511.86,52878.64,5718.74,183.19,3989.51,,42278.42,1440.59,,2025.76,,809.19,,194.49,18489.2,1765.04,44719.14,1030.68,26108.26,8908.28,,,,78153.75,44699.99,10802.83,266.17,16916.93,220250.19,34810.9,83476.47,4045.94,4514.57,519.5,19149.47,3391.44,9711.19,2676.2,1183253.08,20038.37,2546.8,5496.3,236280.22,15399.54,7101.85,14376.08,3723.28,166.01,1097.53,,571.6,3570.75,112051.99,17105.52,1186.17,283859.44,,1904.43,12002.46,1355.26,16687.71,2534.71,9052.27,75730.07,39485.43,1492.36,12549.19,1287.66,172097.77,301.64,2390.55,14216.8,3950.36,7392.93,83162.02,402.34,124802.86,17898.25,,2309.21,209339.4,1354.03,3462.14,1349.71,27277.94,35482.09,1187.17,22236.88,6879.58,1051.88,125203.08,501.24,107740.82,,374873.75,17302.34,6849.2,2434.61,,22537.23,110552.3,35133.41,11349.61,12909.08,760.78,75973.26,87153.25,9008.77,86494.93,1381.83,,1405.62,21528.04,37456.4,,45151.25,57841.45,61395.14,26532.19,632655.76,197190.96,139831.08,1159.4,288287.75,18749.82,,431.34,17922.96,2377.02,11484.44,10612.83,25734.27,7281.15,25250.49,100.48,,1412.91,40149.34,141507.54,202194.27,66163.28,2661.47,267.9,9857.24,7362.15,168428.92,2243.12,9466.06,967.84,28182.93,5217.85,125.79,3601.84,36722.69,89109.57,80808.93,51905.44,1095.76,23863.11,14323.82,153335.42,117355.05,394.37,27618.17,15484.12,132.72,266779.71,3917.24,14141.05,243.23,61.83,2019.1,1551.61,,7232.62,20973.36,350.41,550.17,202.45,5654.92,4090.73,36363.45,47441.83,2373.35,,658.94,185694.41,20164.76,654.66,52446.89,49524.82,87906.27,94424.15,,152.66,53047.46,21157.01,62806.96,237713.05,21462.82,7352.64,510.44,1543.82,12794.57,7590.71,852.83,761.39,18504.98,1689.63,119305.24,1491.82,913393.03,17122.06,6468.54,955.76,3785.07,27647.66,5984.43,6814.83,956.14,1587.36,2264.94,4479.28,100030.02,30154.22,3476.37,1915.61,36911.64,313.24,32914.04,323599.7,8966.08,1099.08,71163.12,230.14,12964.3,24365.85,698716.17,0.0
S065,participant,65,B2,43.0,M,21.5,187237.37,18540.77,37283.86,107997.34,656.62,1589.21,355074.72,63582.29,5647.1,23516.03,19289.9,1785.34,137384.02,28876.44,,9167.33,1157.51,,7072.16,63892.82,16541.83,3029.53,45891.15,47836.27,11701.98,1200.45,798566.83,476.41,366.31,9276.54,14021.73,,22466.73,143791.87,86689.5,14553.41,484698.31,215.66,35891.38,96192.24,1634.94,93840.48,103864.22,4669.31,180672.67,390.8,21838.36,104.27,14203.2,10454.05,5202.22,24051.72,1215.7,3085.92,4343.75,1650.53,5333.58,613.72,338.25,4132.84,297.81,356.85,1942.19,8532.44,214879.16,3228.29,,245.0,157913.27,1982.33,93796.22,13950.62,165445.04,25154.17,19649.58,1416.41,616525.38,8027.55,,14214.01,13355.6,1036.96,9737.99,68593.41,4714.71,485.21,625.96,36453.75,564.92,,1980.1,67458.6,34741.08,181000.05,1161.54,68651.46,82734.91,25041.08,1870.17,6462.92,58757.79,29580.71,15061.68,8674.58,72.34,14708.2,,23694.67,1117.72,,6385.39,5885.23,,41103.36,236973.42,287155.65,281.45,112.76,1795.03,77863.89,1364.31,699.81,502514.0,43162.45,19684.62,75898.44,41665.71,20076.38,84774.14,1085.77,1396.15,9575.16,8690.99,15831.3,14434.2,1270.14,370.88,10938.21,9740.57,,934.0,19246.97,115565.46,681594.24,7825.89,631.81,14999.81,9105.08,43448.27,6387.2,,,8978.34,135663.94,3917.98,418.34,13157.91,15148.07,1792.17,494.72,405.92,109.71,157474.65,780.33,21726.66,6922.01,875.85,66960.6,1793.64,193.17,1757.73,5976.63,39091.05,1846.31,317.23,1187.69,1040.22,645.54,,311.24,46043.1,895.6,73850.2,3196.96,3533.98,1231.06,2230.02,304.47,781.73,71888.07,15675.9,8920.58,,11107.12,522040.54,78709.95,108035.46,1437.41,,330.23,15120.63,2744.31,2167.41,2633.33,1017754.38,34701.17,2097.22,13028.33,207577.26,19287.81,87590.84,12860.42,3889.87,758.26,881.18,69566.74,257.53,39723.08,28390.18,14701.13,947.3,286906.53,23233.23,3243.77,14584.03,,19799.99,2352.34,8958.08,52815.06,30534.98,362.83,14282.58,2333.52,189356.48,264.46,7972.87,10745.0,3023.84,3620.49,83048.39,290.57,128704.65,28048.54,4491.53,510.81,79605.81,,1309.57,,29056.0,18763.99,5171.35,18023.93,5300.88,1095.44,99355.38,114.39,572179.72,9895.9,196528.09,18383.72,2779.46,3041.44,,33886.64,217098.34,47749.29,59061.61,26477.97,882.73,20538.25,43844.22,5333.87,76113.43,2266.27,,4274.51,39759.02,32329.01,18629.23,39567.97,81978.86,58678.04,,323819.55,308473.52,79491.55,911.86,393507.32,26207.08,663.46,410.3,203629.59,1879.91,21308.64,10786.74,13648.22,5228.54,41753.18,127.45,25526.52,615.18,28766.89,194410.27,302978.84,50896.1,,192.98,7482.99,,175784.21,,7485.54,979.37,12126.58,,,2906.66,19263.67,198570.36,108075.0,41658.18,860.81,35567.84,20208.13,112158.78,91805.33,425.9,30290.71,9180.58,180.25,132995.07,,19346.76,220.3,63.75,1472.09,2285.55,64.11,9795.55,7710.81,,201.53,353.44,27989.96,3011.51,57239.54,65972.61,2759.83,,515.6,102350.01,17201.09,797.37,40155.43,57699.15,194387.27,136176.99,,654.28,29453.81,5411.12,17866.34,116605.02,12310.34,1885.53,,1055.99,13777.68,1818.4,270.98,2309.58,20051.64,1332.3,168481.05,2035.7,857516.11,12750.06,5261.43,2520.16,2013.66,10999.47,4260.79,8471.41,,2016.82,3826.08,5794.97,140449.35,20338.3,4130.46,,49534.27,,46034.47,86713.61,13262.72,364.2,93041.75,,19111.39,16892.7,371980.81,0.0
S066,participant,66,B2,65.0,M,33.7,81977.75,27715.99,42090.77,122804.93,827.72,2236.92,287000.68,41805.29,3002.16,29625.76,7495.79,9736.47,132613.51,23073.33,,17070.73,1222.47,187.62,4359.44,51765.46,7485.67,,18911.83,94262.07,10338.42,3432.84,285201.41,1945.84,,10562.08,25206.09,76.2,25043.13,283457.23,113933.24,29043.48,504363.67,226.99,40032.11,74888.2,2002.02,486332.1,36608.01,21418.03,145428.19,,2777.25,,32607.48,3251.84,2245.37,22297.84,1732.59,5254.03,1279.9,2019.0,7046.53,473.22,632.49,6812.03,382.57,627.2,2893.84,11420.53,179231.73,6725.48,11616.84,108.75,131708.05,2879.48,126881.37,1480.05,60615.77,16354.4,8883.54,940.58,779008.1,10419.66,414.91,5832.29,7585.95,672.35,3317.33,32336.71,3365.65,527.89,647.79,39390.7,221.29,258.11,1559.23,71671.32,44062.1,136460.91,5081.69,154097.45,10144.76,14076.19,1595.14,6865.52,72337.47,28655.92,19837.4,9884.0,102.93,15154.94,544.03,,1010.85,18776.58,14297.61,9736.45,14605.0,53941.09,387188.4,88860.82,494.98,129.98,3147.61,135404.16,1285.61,3377.66,402730.46,52755.75,54019.85,101467.68,22726.02,33203.04,105551.81,629.48,1201.16,14336.3,8745.19,23732.15,18054.15,1437.92,438.0,5756.93,11494.3,245.57,1081.66,25622.91,50063.42,264614.97,8119.99,,23654.06,8810.2,19326.08,5798.88,495.5,731.09,13122.83,85653.24,384.01,265.13,19025.61,11190.1,8291.47,854.14,198.98,201.5,170518.37,811.53,128073.12,7871.49,1259.14,168838.12,1570.38,248.21,2100.55,8878.57,15049.08,1299.59,323.83,2234.9,1499.9,626.43,1736.09,234.42,15177.08,4163.43,80428.6,3588.16,4304.96,1362.19,2088.62,198.98,1261.28,110709.79,31013.21,4962.22,143.57,12863.27,401420.44,61538.21,147357.67,1494.38,4191.32,,14657.08,4805.0,5289.23,1033.96,862491.11,13683.08,1721.37,12997.39,208710.26,26846.36,,20944.7,5721.62,394.93,1221.3,25120.51,301.19,,155164.22,15283.53,801.13,209117.18,3093.91,4549.41,18430.69,702.89,17519.31,646.47,8502.32,65955.9,18699.23,571.96,7041.42,1787.09,214223.57,193.47,7906.63,22873.25,2191.95,16314.73,70352.5,213.25,113732.91,12960.56,4517.47,834.26,134284.43,1255.03,1624.65,,35034.73,29100.37,2861.26,5378.44,10330.14,1058.39,59229.8,172.68,206284.94,3428.9,118674.13,23900.26,2569.95,2760.24,361.52,44739.35,179668.34,55627.94,22450.63,21302.87,798.71,109286.96,88288.02,4963.28,74312.93,776.37,2502.39,2189.53,16788.07,30435.45,7394.94,40771.09,44386.06,52960.34,6162.04,559314.72,126087.28,168095.12,1782.98,408195.03,30902.74,405.62,371.04,,4057.81,9925.38,13860.88,19356.88,5438.85,42349.79,151.59,11246.97,2828.37,44268.01,220924.86,316778.64,67207.98,,263.89,11854.81,1518.67,134528.75,1848.1,5501.79,,20461.37,3710.97,,2960.68,30049.49,70209.36,126021.39,66007.58,495.27,38242.64,21863.17,130974.82,95199.66,522.75,28804.76,8976.93,192.2,235541.93,3403.5,25870.97,157.84,,1028.38,2314.46,86.92,4615.28,7134.35,258.33,226.07,487.4,11404.9,2704.09,53889.06,26993.14,2600.5,393.8,357.37,147444.9,24844.18,929.55,87295.99,72436.36,160064.5,145045.96,433.25,357.44,50184.75,12763.98,117229.31,81404.11,21109.22,2032.23,417.44,934.15,11490.49,4352.44,361.11,255.93,18648.19,1868.59,199363.43,2916.67,651988.18,30489.76,3707.69,1341.4,2328.78,19298.04,5049.47,6436.07,922.54,2182.61,3497.45,5282.56,183903.35,12595.52,5689.32,1142.77,57771.18,,41492.86,550897.35,33725.47,1845.38,84984.19,125.45,21442.51,42272.49,233299.11,0.0
S067,participant,67,B2,64.0,F,11.1,175407.6,20303.92,36472.16,65557.78,1558.25,1789.73,141901.69,52098.09,2956.57,16575.63,20191.3,5640.13,75417.22,38229.38,,5012.66,3832.15,1512.37,2837.59,37524.77,14904.89,3008.25,45995.08,91522.7,18007.59,4786.47,769873.92,725.46,366.17,14847.38,5896.56,,21190.64,136399.0,179313.87,14176.94,439654.1,479.41,42403.26,58157.56,1697.65,333834.27,88079.49,8014.99,62960.93,412.5,2506.62,,14785.93,2447.27,2043.23,21660.89,906.23,1878.94,1678.36,617.65,5856.31,378.79,433.65,4688.43,107.0,353.9,1563.47,6721.07,127779.28,7832.43,26097.79,125.32,97027.24,2017.75,58612.59,8914.44,141693.82,26589.02,5171.58,,402138.93,3135.14,,16392.48,4011.02,458.94,10469.57,13497.78,4088.67,167.51,668.13,44042.5,219.14,626.78,2290.11,46242.48,46060.0,196212.91,1794.32,13962.56,8871.75,12469.92,2426.83,3469.59,39388.77,24185.44,9843.63,15439.92,111.37,8957.17,,638.07,2941.32,8506.49,1343.13,2584.93,11273.59,56603.14,449129.54,271420.39,356.87,,4335.15,43001.58,1225.16,1088.01,338172.3,72664.64,9490.1,44011.28,46870.94,19978.27,106720.95,264.77,1034.59,15507.7,10038.68,8091.22,19232.13,1621.77,779.5,5196.79,5920.57,,1108.26,12694.35,74899.89,973084.28,3477.85,530.92,5910.18,,23669.21,4441.58,,352.64,6227.71,80100.32,2337.2,162.47,22270.85,12848.48,2936.04,631.96,108.91,119.81,246284.66,750.97,6249.27,2370.2,546.92,32963.62,4212.78,290.03,4216.93,7256.05,43896.48,1766.68,1038.03,1268.18,410.48,743.43,,212.51,55733.12,1336.09,45500.75,3597.86,6039.16,1920.47,7686.44,,984.91,65303.97,9336.11,16448.77,275.01,18909.71,326749.25,45152.58,115931.39,3258.88,3232.05,366.09,21896.31,3391.18,8068.92,2759.16,407136.59,19658.84,3079.22,10034.23,109325.16,18179.01,2573.87,8107.43,8361.67,229.79,1153.74,17877.78,705.09,1125.23,107323.88,15991.46,991.14,177575.32,2699.45,2218.48,16378.25,1431.95,15847.1,784.22,9076.5,80776.37,22637.8,300.94,3063.4,1543.01,197299.31,299.23,7857.56,27384.21,3586.42,5545.79,52732.19,295.98,112847.09,13462.15,14078.23,422.37,33521.06,1067.41,1649.47,614.05,55629.66,25782.29,1344.86,6864.47,5487.55,,199182.8,88.6,508424.96,2762.24,62402.9,20930.87,6159.47,2562.39,,25407.57,147681.83,37927.62,50452.21,17110.21,862.68,78386.03,37644.45,4770.95,42106.59,495.73,,1709.64,24278.33,51814.04,5219.68,18953.56,43160.0,60699.49,3012.49,621512.02,160906.15,69572.35,2220.54,379413.62,19305.39,,428.13,5803.38,1645.63,13392.96,13645.05,19523.45,9040.0,28936.74,161.56,7119.22,880.04,55208.95,104643.3,192954.49,85470.99,1244.67,222.42,5239.43,763.33,116784.57,15058.15,7228.03,,6399.92,7928.35,71.86,3677.63,29021.72,251158.36,72348.74,27758.66,338.79,18426.14,13269.4,138847.69,144718.23,543.23,,8857.65,86.2,276952.96,2707.97,23416.5,245.6,,1376.6,956.81,,1651.96,17039.34,2483.36,229.38,241.84,27705.06,4553.28,87944.75,15597.87,,,518.82,142287.46,10881.05,401.63,38792.16,64811.04,133432.47,106639.91,,181.33,58004.06,19152.03,4559.3,37709.28,21943.99,589.5,3190.55,1051.03,15103.17,7092.11,431.59,1522.64,12004.39,1488.12,133709.11,2388.88,579988.19,2893.34,7169.53,1101.33,2077.17,4747.33,6440.93,9386.74,729.8,927.19,3365.16,2684.54,85779.12,43578.57,4663.01,2622.9,72105.65,140.51,48084.84,23736.5,6750.35,651.27,70025.78,227.21,10426.74,4045.12,120436.58,0.0
S068,participant,68,B2,73.0,F,30.4,241830.22,14434.76,45151.41,188952.55,2096.23,628.79,244963.43,54976.31,6686.82,30777.26,21843.73,8702.09,147301.81,28141.08,,4882.06,2642.53,195.99,8999.67,40901.25,19790.86,2444.6,57979.67,114883.79,17849.91,5638.26,772661.7,1277.63,281.14,26113.93,5082.35,,23014.27,210171.99,105849.04,13160.04,448685.14,584.09,5978.83,70973.3,752.82,468738.42,30192.6,22718.26,109373.63,335.58,4471.57,88.59,11797.36,875.19,2261.52,15936.65,1312.63,1533.55,2946.97,1772.13,3768.36,240.53,526.8,3381.79,379.97,414.84,4238.44,12008.56,188310.7,10290.59,14399.19,117.68,100927.97,1598.07,55081.32,6425.05,52878.89,26312.68,27759.03,,822151.64,9294.98,,21384.98,7134.77,1323.13,14799.24,18982.98,4090.76,,994.9,65515.25,229.88,330.81,3071.59,30130.38,30759.76,190412.86,3341.28,82511.95,16738.02,31215.85,3029.85,4046.52,115308.71,8580.18,9156.14,14219.34,91.8,6608.0,,4276.09,2346.28,20962.09,7466.29,2102.4,27426.7,77266.58,435376.3,252873.11,343.31,131.57,4870.4,44035.22,2792.62,3322.88,347711.15,73178.06,31931.28,93739.51,61650.84,34445.24,79060.5,488.41,963.6,10284.15,13210.39,8913.21,12885.13,887.99,1107.09,14887.4,3220.22,,1471.09,12639.29,76717.23,313151.18,5063.66,459.01,4778.74,9858.46,32990.08,2551.77,,779.9,5088.22,86161.3,1667.14,508.21,12920.15,13449.22,8132.31,876.27,201.14,136.01,267038.55,590.05,43549.08,,791.01,115216.43,2704.63,161.42,5305.11,2497.2,61965.04,2607.1,701.56,1513.08,1107.35,1037.92,,146.69,18996.15,2305.31,121452.97,516.78,9887.2,3597.99,5619.26,,329.07,114975.78,9229.14,26540.2,,11613.35,332719.88,49830.98,29763.79,2758.49,6970.57,328.29,20181.24,4740.01,9368.2,3627.01,623031.58,22985.18,2787.53,6821.98,111839.07,5039.06,14610.52,6111.24,4764.35,358.89,721.85,6165.92,718.9,7522.74,143287.17,24495.49,,253419.14,4770.45,3442.41,7525.42,,17047.22,1643.01,18386.71,52314.3,27352.06,803.35,4591.67,992.68,178335.44,315.47,1159.08,33552.85,3909.52,11381.97,74061.69,,124041.94,20716.31,9970.25,1196.84,26860.03,2308.51,1342.91,389.49,36044.0,18553.92,2440.21,13142.98,4876.74,1172.46,265854.35,271.58,177761.83,971.59,121261.66,10733.65,4609.56,867.35,,30121.82,158759.55,50109.25,18591.31,17306.82,1833.25,100834.18,56738.22,3903.27,37399.55,2300.87,,5063.75,28599.0,43042.34,1605.99,19187.78,68049.19,65919.89,6418.43,696736.76,225200.97,114964.77,2525.64,418814.26,24441.9,,917.56,34580.99,1686.84,13611.98,10772.7,12770.55,8114.57,36667.13,87.64,2720.68,2026.93,47516.91,61739.1,512411.33,87053.24,830.65,130.97,3972.93,1832.22,148618.37,2032.72,,884.33,7269.6,5211.31,,4703.3,19107.42,90477.01,142410.12,22642.62,1104.19,9434.0,40942.93,204333.6,131665.35,327.14,33610.0,7250.45,119.3,295875.1,7227.74,5716.26,238.64,58.92,,1397.56,77.92,2205.3,12772.36,290.56,240.45,342.23,9589.79,4391.81,93455.29,70101.44,3373.95,,,97131.57,8599.56,491.28,35980.43,29121.09,139234.61,130870.38,,290.91,55922.83,20849.03,38295.64,78648.57,22887.67,,448.45,779.9,14806.6,7253.96,308.68,1140.62,22564.82,971.01,160115.43,1684.31,732806.91,18153.25,7831.19,3078.61,1665.74,3522.13,4483.57,12225.05,1883.3,1398.18,2428.16,5252.25,185118.47,53105.8,997.38,1609.74,80576.65,93.48,46855.48,196398.64,22647.63,2249.23,26255.16,,6639.89,21133.76,219152.8,1.0
S069,participant,69,B2,54.0,M,27.2,92622.99,14777.34,39133.35,62510.1,527.62,925.37,288429.17,37153.18,1577.04,6245.02,8964.01,5897.23,121164.72,50825.69,,6483.58,3591.97,3237.56,,155260.63,7929.4,,22712.58,80395.71,30553.55,4593.73,344570.29,1015.62,,10832.96,10521.84,,20617.52,175172.11,66746.9,31812.45,417337.22,145.53,15438.07,91441.91,415.62,302137.95,15005.4,,118732.29,,2386.48,112.91,33925.21,3163.8,4681.0,17517.75,1621.27,1589.09,3570.99,1200.13,9267.23,381.53,371.4,3352.61,267.29,,15563.44,15040.93,161581.88,13925.26,15935.38,249.63,388645.37,2002.49,178488.21,4371.57,21518.14,34945.23,16282.4,717.63,139935.56,6994.55,,25383.16,18751.97,,16364.26,59685.1,2883.6,585.22,570.55,38687.76,417.2,379.85,1711.98,55799.19,27865.08,274453.03,3088.04,185771.35,9005.9,6981.29,1714.57,7049.62,35614.44,32180.66,27247.08,19022.08,282.39,12839.21,,3914.03,3084.6,22294.34,15421.84,4227.83,10838.71,51783.94,203506.37,122105.95,,102.88,6645.63,49980.18,,,481075.32,122481.42,3930.43,16545.45,22929.75,34151.74,75835.42,941.29,964.73,15344.15,8352.26,9999.87,30872.49,1118.62,268.06,3273.4,13122.55,,983.21,39619.27,88760.56,238278.63,9738.21,,10982.97,18087.28,31404.08,5197.22,,822.41,16652.69,300924.31,1117.74,,18791.91,8052.46,,556.27,355.11,,348113.08,524.26,12049.62,7661.7,1201.02,15808.36,3747.54,216.53,1378.17,3651.82,67930.23,1418.05,1021.97,,910.52,652.81,,192.4,14726.25,2327.55,41960.04,1250.72,4527.87,1601.7,6804.29,160.97,546.99,112796.2,11299.78,23044.9,289.43,17077.64,1270789.29,181776.51,28356.61,2729.83,2845.22,,10455.77,2966.2,6881.42,4262.11,741509.21,27837.23,4897.31,11760.48,225988.05,4684.88,16775.11,5796.83,3404.82,673.73,1544.64,22539.85,215.16,7048.99,109840.86,13672.88,1090.16,174343.11,2818.95,4351.33,4080.3,1492.25,14475.29,1637.54,,73929.73,16422.38,2892.16,13981.46,1467.12,167478.11,667.56,3374.21,47402.69,7622.51,8817.73,62419.46,386.34,99532.61,19969.87,13119.17,4596.01,55121.77,916.9,4601.45,,20947.27,37143.8,4545.1,14066.28,10432.71,2166.3,314445.56,855.99,82083.79,3453.52,265555.8,4801.98,4907.11,2867.16,,46124.49,241528.48,71251.12,8950.1,27231.44,,64838.48,48763.56,3438.03,82993.51,1603.62,,1108.63,27379.58,21864.15,5693.72,39176.82,63099.03,97753.12,6800.86,531549.53,219302.5,91088.24,4030.32,376446.53,30279.08,331.61,,34417.68,4142.49,17050.04,8563.04,27657.28,3645.96,50102.24,113.2,8885.17,1694.71,24978.12,226431.25,174743.42,38792.16,,343.3,3820.02,1943.54,114079.37,30937.34,8894.75,1068.29,7731.88,4547.08,,2769.9,40656.57,68525.2,26000.51,20998.97,,32635.18,13036.48,123298.7,64820.94,425.65,56940.4,6414.93,232.87,234544.1,3261.35,5155.76,536.37,69.74,1647.24,2814.49,92.75,8046.97,15104.81,4713.72,647.11,482.27,4207.24,6831.42,135310.26,49917.03,5299.59,,568.41,216778.9,7994.69,999.98,87011.07,15499.01,177637.1,110107.52,,605.55,26393.45,17070.32,10923.23,182370.18,18542.18,2264.45,6545.54,619.12,23353.77,5857.96,1152.11,630.51,16818.14,2431.79,219680.35,1690.13,547934.6,33859.06,14135.16,709.16,1541.36,7320.31,6165.54,6882.08,762.23,2626.61,2633.25,4356.6,32214.7,66159.62,1192.06,1591.69,106505.61,,43184.21,54620.19,3342.34,,86448.23,260.66,22660.59,47335.03,525364.98,0.0
S070,participant,70,B2,47.0,F,29.0,180722.35,40246.78,33684.5,157325.84,2714.4,1727.93,115417.62,121832.48,2122.61,25830.79,12891.95,14999.92,109698.74,47939.62,,15599.62,2477.81,179.58,12093.21,48173.68,15763.16,4313.33,42248.18,53581.9,6837.4,5506.54,491698.11,,514.41,20941.93,17072.74,66.92,13127.91,196859.52,110964.27,17661.47,278387.21,878.7,25958.3,88198.26,3328.74,791224.06,53012.86,22031.76,47474.17,620.03,9174.97,,18510.04,2580.26,1062.05,15860.88,1576.56,2058.79,6097.92,,5554.45,410.96,161.64,9448.8,,363.81,8116.64,11699.09,71513.12,26704.79,12711.19,,123930.53,4406.3,102502.14,6900.98,88528.47,39465.23,15314.65,,600544.69,,398.51,58068.25,7627.93,1904.13,35269.25,14825.15,8826.71,,366.04,61530.14,115.76,290.1,3415.55,28737.29,23776.04,308618.33,,40893.35,36116.84,9952.81,3402.48,5880.31,84261.75,10645.78,15120.78,21934.05,191.88,6033.41,287.28,1058.5,2116.61,48337.2,3745.85,6265.43,22694.0,88712.97,179234.5,156617.79,352.13,,13284.78,124073.83,625.01,3530.33,458870.9,101782.64,21164.79,76365.31,39988.16,32574.89,61774.11,989.99,875.1,19810.24,5513.06,21757.28,18916.67,1388.03,1466.74,4334.84,9202.03,251.37,644.6,20492.8,47768.78,630490.46,9602.72,911.71,15684.9,13195.94,31465.45,2417.16,267.42,1867.78,9598.06,96500.2,1718.63,714.5,28613.74,30764.86,6611.85,306.32,394.07,124.92,355140.07,484.62,57611.35,,1183.11,76547.38,2483.33,205.99,7138.32,7346.24,144564.31,2582.68,712.84,1317.94,,366.15,1635.0,225.55,40556.72,,113613.2,2519.54,8293.53,2866.25,4550.39,,1047.93,103651.09,26658.7,4719.25,,23275.56,409152.83,59439.08,102598.8,2327.62,6529.53,530.66,28858.3,1517.89,11795.19,8846.43,298063.75,24542.53,1147.8,6087.63,190456.09,16914.52,3924.02,8859.25,5220.43,754.13,970.07,20408.58,1052.48,1850.77,246118.07,27612.35,,85226.91,10573.55,4332.04,24890.49,,9353.31,2918.25,4501.34,103789.58,54061.92,1468.74,3210.15,1583.06,116602.8,,5299.98,93546.52,,,26496.52,,69846.63,20528.67,9185.9,2216.24,90082.94,2090.76,2906.14,477.43,37373.73,25192.84,4848.44,22799.94,7042.67,1430.46,56303.22,458.84,313762.27,3042.4,103752.75,33952.56,3748.43,1193.92,191.58,41460.87,201111.24,55881.6,31908.1,22918.4,424.79,175932.42,60289.69,3256.18,67641.2,1678.38,1429.39,1762.71,16631.05,58313.16,6149.3,37892.55,69542.89,115891.86,17026.53,351267.51,217753.52,97366.2,7593.22,325462.5,27307.7,,221.25,8796.91,1988.23,8810.35,7416.61,21855.68,10459.17,48216.9,144.67,8283.59,,19444.56,155071.79,438972.95,35960.89,998.13,229.71,5948.75,3936.39,48936.52,1711.91,,,17641.73,4121.98,,1909.73,29617.02,182916.98,102472.84,29876.32,1415.01,25975.43,33221.06,207685.78,176468.73,491.22,42896.56,5807.56,228.06,141437.15,5517.71,20303.85,,,,2907.75,97.65,1927.94,11258.27,284.31,406.8,482.56,17322.37,1527.4,128362.21,46413.9,4283.44,232.38,,142112.03,12149.58,1044.68,49461.04,115244.66,160197.03,117220.25,418.83,584.03,21283.95,24702.52,46805.24,68911.78,11522.91,,394.88,589.17,24712.94,8814.88,671.45,1233.96,17411.68,1314.05,192979.69,4378.39,267846.14,8570.96,2768.91,996.17,1298.41,11238.26,8120.95,13012.38,1464.48,2706.69,2630.17,3987.75,156828.67,14130.27,3940.24,1307.48,115119.28,112.03,38292.34,246593.24,16268.73,1860.55,31559.19,,15143.14,11252.92,205010.99,0.0
QC08,pooled_qc,71,B2,,,,170456.59,21451.8,40736.79,98399.43,541.12,1156.58,200767.91,52419.1,5071.61,16544.76,10817.63,6436.75,144746.96,35161.34,,7470.71,2512.7,535.7,7092.12,48606.35,15713.47,2740.08,34171.94,84658.57,10759.6,2341.7,377724.83,945.58,299.69,17136.81,29469.33,55.7,21847.74,210383.64,114470.41,23710.42,433993.78,176.49,25043.87,72083.83,1317.88,359736.58,40347.15,9066.62,80290.39,383.39,4693.96,,23250.68,1686.82,1940.18,11636.24,1377.65,2322.14,4177.16,1064.53,5555.67,336.18,339.67,5343.3,225.77,289.4,4213.85,9110.62,147869.8,9324.99,20021.6,110.79,124167.59,2685.8,76756.75,4788.84,68228.19,24555.51,18221.9,,420079.24,5743.08,310.52,15044.59,10673.66,1221.29,8168.03,33281.92,4355.79,419.06,474.06,47314.51,193.62,461.16,2537.99,46115.13,29949.59,216612.99,3154.68,115472.26,17197.81,22080.6,2103.72,4594.98,48710.46,19866.57,11549.26,8971.64,134.87,10087.09,152.93,2569.48,1921.69,27394.51,10291.18,12496.89,19533.3,54671.32,249400.22,125981.48,294.35,85.96,4163.98,61762.41,1454.35,1348.61,361438.73,49062.64,14975.14,57801.0,44714.94,22844.44,85355.55,936.22,638.23,17038.59,7439.95,12647.86,23621.31,1586.82,330.21,9781.63,8777.39,192.74,838.01,16146.01,79129.87,379873.7,5277.45,456.74,26868.17,12826.62,27560.06,4296.48,148.89,1006.99,7140.28,92888.78,1208.0,415.62,22533.03,12527.54,3621.44,557.48,428.89,120.72,162826.68,565.76,24974.73,5752.88,1023.58,48913.95,2773.83,271.09,1592.05,5394.3,36755.81,1837.35,603.51,1177.58,730.17,527.24,1318.84,158.45,23381.94,2589.15,56704.66,2036.56,6795.27,2402.34,4384.6,,743.99,80946.74,12040.07,13715.58,151.88,17471.49,389416.44,52039.16,99317.59,2377.76,5229.94,376.37,17252.83,2892.94,4442.85,2403.03,523204.64,21655.61,1665.9,10535.14,128750.16,16768.8,10590.8,10552.6,5210.03,801.61,1024.59,13717.34,225.76,4872.27,112407.69,16828.56,638.83,189807.34,5305.97,3619.22,11428.27,837.51,15019.47,1985.09,9088.46,83495.92,22462.36,842.1,7488.01,1258.44,177148.31,347.96,4976.3,29517.48,3792.76,8832.22,59185.19,203.16,101928.49,18450.71,8459.27,1117.06,156827.12,1701.66,2080.4,444.35,32281.64,34321.06,5176.18,15627.01,8726.22,1428.55,153436.27,261.52,235082.52,1891.76,148268.65,15447.93,4120.47,1765.4,99.37,37750.65,169311.79,50632.78,24795.58,17405.26,848.46,73395.37,53701.76,4487.68,41234.19,1727.15,774.06,3563.51,27412.03,35987.16,3512.26,23188.44,53110.55,73591.21,8978.59,607642.52,195887.46,111064.46,2344.51,382339.36,23975.06,,412.35,23042.54,2886.28,16173.26,9355.84,24199.4,7203.29,42390.73,146.12,6039.58,1596.09,31252.12,155522.57,245919.15,51380.65,951.78,225.13,6150.45,2498.25,124119.28,5703.8,4981.84,,8618.23,6255.33,,2736.81,35894.14,112220.14,67225.08,33797.44,856.07,25064.14,18475.44,137640.84,112760.46,663.79,40550.83,7269.43,118.46,266858.52,4872.32,20936.8,242.24,,1023.39,1550.12,81.39,4361.67,12106.81,926.34,287.38,389.82,12916.69,2512.22,55778.55,56138.9,3988.58,132.77,322.93,166788.69,12507.06,526.28,67617.44,50321.71,150827.82,132223.98,325.3,651.75,33973.44,10140.58,22873.62,93876.82,21146.11,1643.88,1336.55,785.07,15293.07,3708.08,478.83,898.5,20173.08,1374.1,189610.07,2283.17,608547.5,23913.02,4044.72,2101.94,1819.93,22841.61,6504.48,9967.59,1217.54,1381.76,1624.3,4629.0,89438.45,35046.01,4467.75,2187.76,48096.14,111.03,42626.87,115582.11,9504.97,807.8,55110.46,132.89,15356.78,28830.87,302755.26,
S072,participant,72,B2,54.0,M,18.3,144084.44,30373.86,37048.57,68027.57,1500.7,1025.86,173810.35,128450.56,6083.55,38909.91,11335.0,3294.04,143854.19,83855.47,,6344.78,2813.32,276.88,4279.17,35499.42,12665.29,,40466.78,128585.31,6627.32,1586.67,423797.59,552.37,,28917.29,2924.81,,25166.96,307923.75,116840.59,27165.47,511545.54,515.11,43034.3,68718.32,903.05,173197.61,16109.73,19057.26,70343.11,,7668.05,82.18,28720.78,2126.85,1578.8,,1708.38,846.15,2601.56,526.21,5466.0,308.88,450.55,7986.29,98.15,,2505.77,7214.57,215821.82,8024.0,25084.29,78.68,84551.34,3692.98,175721.97,4657.74,24064.94,68021.74,11923.11,,959688.03,2755.12,,7472.74,5818.25,787.52,4025.4,54104.02,10152.42,461.72,,66187.26,159.45,568.94,2278.18,21780.83,41895.74,517460.55,1661.58,99161.9,28308.32,24909.8,2088.97,2056.84,37180.8,14394.62,29480.89,8640.85,170.89,4665.18,216.82,1160.98,2084.81,58371.79,8874.67,1395.07,7364.88,83789.23,183290.49,147369.25,,,3665.15,54783.74,1317.57,2986.77,344608.76,43262.13,12143.24,110376.05,35398.57,19835.39,106848.75,556.19,,21999.31,,11337.05,16993.12,1557.25,855.96,10377.08,11971.9,,,36028.26,57271.21,137820.42,7532.52,,3197.56,40958.89,17899.53,1782.36,183.41,2420.98,18428.31,60941.07,1168.61,238.4,33571.94,29406.44,6637.23,682.32,221.78,,145343.22,1249.08,39881.14,6091.18,1266.82,45859.77,3515.23,266.17,4090.28,3984.62,17631.1,1746.97,718.93,,352.03,,,174.63,8501.82,1126.09,38672.41,3855.83,12643.23,4027.01,4857.04,,670.43,65624.93,11486.75,36619.52,299.58,25256.88,288420.71,43995.24,46477.18,3211.75,2093.25,,20637.18,3424.07,2922.73,1189.53,416192.15,16192.36,903.95,4551.29,62563.5,8415.62,4714.76,3977.32,5423.83,397.82,1069.44,15918.8,581.77,2184.71,57227.34,22488.92,762.51,242106.13,8860.68,4904.39,8256.13,1538.71,17887.18,1381.62,9702.94,109012.71,57374.85,456.17,13074.62,1315.18,216508.8,359.06,7709.55,24850.03,4137.18,4936.13,92664.37,270.77,125849.05,13822.96,10035.92,723.08,16297.69,607.93,2428.39,523.34,35548.04,24634.57,2795.19,10692.37,10588.16,4988.87,391467.08,149.2,89336.94,2549.51,103082.45,10469.81,5238.67,1305.98,132.11,31822.51,143502.54,51670.24,8969.24,17255.27,937.32,36873.37,98571.88,8646.23,22586.24,1127.28,1091.32,4154.83,19294.74,46469.79,4240.94,11221.03,41049.47,185705.9,20228.09,813931.93,144770.82,158127.26,2166.34,377919.26,23453.45,,510.51,10346.82,3485.42,11200.69,12839.81,17225.5,7739.55,36399.78,169.89,6114.21,883.66,20936.99,243825.06,183350.23,36242.27,1140.2,230.56,2083.03,4855.32,160441.16,3057.6,6488.46,795.75,8537.15,7571.12,61.42,,26608.24,41396.99,169828.54,12726.85,566.75,43500.98,13679.38,203352.68,129296.37,510.68,136895.97,14629.4,191.87,337542.1,2140.2,8186.87,290.39,52.53,1270.51,2148.88,103.44,7266.05,16507.9,480.67,335.1,611.14,4832.14,1587.97,57466.17,36159.18,11967.39,211.16,436.29,125592.96,4933.43,744.38,73791.32,33655.0,134929.02,132268.05,,341.39,25897.69,6705.88,39680.42,64414.09,29843.86,1720.59,667.69,1623.32,40076.39,2415.45,577.5,758.58,20668.76,1342.66,169590.16,3758.13,847607.5,19361.99,2530.16,2491.21,3401.29,2146.42,9222.98,8980.71,474.97,1982.73,,5246.29,215278.03,85702.8,1622.76,2534.85,44085.84,146.49,42106.55,185571.7,9333.69,1592.83,39261.4,254.37,23542.17,24979.4,172521.89,0.0
S073,participant,73,B2,30.0,M,23.1,53938.09,18911.44,29614.68,68881.28,,1241.44,194412.19,99723.68,14925.73,11792.16,8521.67,6282.27,201972.28,76901.22,,11449.86,4297.21,430.81,11296.91,106549.24,4557.82,4163.57,13395.56,48524.48,7879.2,,359157.53,1257.56,485.99,14073.79,104425.46,85.86,17401.55,171596.6,124271.11,,356473.19,,22941.88,47844.23,1054.65,348069.66,35756.2,,94313.96,590.76,4876.02,,,1906.24,1687.13,8971.29,1993.98,1969.6,3984.66,509.16,5956.3,,238.24,4026.12,89.08,,3153.17,10975.61,140800.02,7816.74,22728.06,96.91,231424.09,1828.53,58076.88,8193.23,60742.97,56758.52,8850.35,,280757.09,2529.43,499.61,9917.23,8533.71,1885.46,5652.16,4714.94,7985.52,165.96,622.26,51861.53,175.27,542.19,3163.05,114452.98,25033.82,459967.38,3493.21,33399.6,18149.23,64795.84,2671.33,1577.69,36608.64,58518.75,9471.96,16548.0,178.37,24764.29,172.51,6572.5,3766.93,16961.73,3253.38,42299.41,17367.72,56923.6,610901.54,135168.37,,,3311.52,90501.4,1946.74,,233085.67,87141.91,12429.45,33458.07,13518.07,34468.8,65853.5,548.6,477.39,22200.58,8835.16,17951.75,18430.83,2721.66,,26951.71,8670.9,325.47,1021.54,13148.54,74990.76,1261855.6,6874.37,830.3,97186.56,8261.92,37885.24,10648.07,183.38,728.93,5505.89,176123.32,1961.08,686.5,29858.29,23834.91,,384.38,212.14,,288446.54,463.1,67875.97,2298.01,1682.83,45001.41,4650.63,411.94,,5106.13,23976.0,2404.1,1351.49,,322.37,669.89,2077.43,,71316.11,2885.72,43299.99,1991.73,5650.7,1949.85,7538.2,,762.88,100630.37,18803.13,28407.57,274.68,27452.05,794165.39,120983.44,136109.62,3825.12,4722.67,474.16,149210.29,1886.15,,1608.47,561986.24,34178.96,1265.09,22201.83,41918.22,23722.52,27953.25,9076.69,6461.01,438.27,1066.35,12945.97,,11642.19,97255.3,16696.35,945.8,177792.86,5431.39,5865.31,9497.07,1324.7,13302.59,1948.31,14377.65,112722.0,45068.11,611.01,953.16,,164459.58,,4722.32,24467.3,,11109.39,49645.63,269.5,87790.3,25435.22,15930.56,906.36,566956.17,1398.33,2857.22,,41729.02,25524.48,2756.73,16154.65,,825.66,303988.77,189.18,216103.02,1715.3,131938.3,11899.45,6016.0,5472.52,107.71,28148.13,99083.49,43977.36,24454.19,11948.22,1417.12,83075.69,47496.5,3154.8,16013.34,947.34,877.94,10551.4,24115.13,345848.74,3697.07,7758.18,86540.77,164348.79,6234.2,318120.92,283731.78,95363.36,1995.89,278356.36,21314.24,,647.15,62087.26,,13764.81,7485.61,20528.76,64665.24,34257.13,293.88,4958.91,1919.82,71201.31,156351.93,167227.19,110212.57,,228.58,4813.78,1425.05,103760.99,4555.57,6916.86,,13343.51,7148.25,,3348.95,26320.27,393989.55,51436.28,31464.18,1407.77,25680.47,12643.76,138208.94,990116.42,965.25,24518.17,6139.95,169.42,139686.28,4540.68,28796.95,,,1340.95,1967.78,118.84,615.78,19496.88,662.83,384.64,594.11,10496.27,2070.71,104115.83,27777.96,2373.83,152.82,494.16,146669.87,11026.08,773.41,,40353.15,89484.02,89322.05,524.01,322.51,86216.47,,65981.61,100177.3,12649.93,603.32,1045.29,657.57,35019.22,,635.95,1226.55,30373.37,1438.96,146556.09,2079.53,522801.87,7140.75,3120.58,6465.61,1409.19,76813.39,8822.52,11270.14,1221.03,1772.4,1317.13,7284.15,62504.46,65948.5,5507.94,2374.42,88470.22,,32165.27,293773.32,9834.21,,163747.69,225.22,16284.24,8604.67,266255.46,1.0
S074,participant,74,B2,62.0,F,20.3,70718.53,14584.49,22254.49,47877.41,836.89,785.23,381718.49,83575.09,7998.21,30855.25,9906.73,6823.93,131303.78,25978.01,,22874.53,3338.95,1457.88,4268.45,36366.23,6348.14,,16058.92,106884.42,17241.2,2600.91,352312.14,1152.49,,,16475.42,,24388.48,258567.71,98547.34,64651.48,511117.14,229.22,24415.69,149355.79,994.21,317867.84,64216.68,5858.62,184042.41,,6612.86,,64607.39,1077.34,2751.48,10884.04,1501.48,2165.65,6121.01,841.33,5976.5,209.23,338.48,3547.0,154.0,726.57,3175.84,9751.82,248075.63,3854.58,25438.6,142.1,86293.26,1470.21,106960.07,4612.01,92559.64,19870.47,15876.96,,759594.25,4212.29,243.61,8786.44,5178.05,676.62,5860.59,15617.03,6264.21,504.78,489.79,72917.06,300.25,586.3,1740.31,44788.06,24583.36,153178.52,2729.63,123277.8,25544.19,39922.89,1562.49,1930.54,24523.01,12698.74,16375.3,11834.49,153.4,10710.86,284.29,1440.39,2970.68,62486.21,12221.43,7108.42,31674.79,96559.92,631731.16,120311.78,670.61,60.95,1952.86,185727.06,2024.07,804.27,714289.76,60957.88,6925.12,91754.29,18206.57,28921.89,65047.38,708.57,554.66,16349.69,7380.25,37938.38,28823.23,2518.83,471.02,17340.3,8668.68,147.74,795.25,23857.09,179118.05,231736.83,9582.5,,16722.44,8449.12,26903.48,4082.52,257.59,2502.97,10940.88,74999.81,1145.03,245.15,21854.27,20046.52,1920.06,564.48,280.55,273.07,212195.14,510.23,5212.34,6785.78,1051.75,24787.97,3401.38,433.96,2223.94,3055.95,22463.47,1444.4,994.71,2839.91,518.03,529.25,1019.88,121.51,15525.71,2092.96,30143.34,2087.35,,,6395.93,,407.28,85862.08,38050.27,25484.8,,18317.45,304050.13,42217.57,93144.45,2709.92,8844.82,,7704.45,3041.53,4474.52,1490.54,970229.66,26167.31,2769.69,9192.04,56822.82,16138.2,5071.76,9456.52,4287.87,568.33,1068.93,8007.37,349.12,2339.68,93841.88,24643.06,648.03,361210.87,7491.88,3985.11,9755.62,,17350.39,2926.01,11784.1,89011.54,38049.29,594.65,3151.28,878.13,194600.22,,4717.8,12913.18,,8786.05,107816.12,240.36,146777.22,19591.86,12833.68,909.85,101756.34,2632.73,2291.46,440.41,32254.75,45160.38,3740.18,23433.74,20975.23,819.46,278705.87,191.34,349381.06,1322.18,67955.09,10904.43,4942.3,1375.06,165.57,38717.05,351797.5,51728.9,35440.08,34778.35,1047.69,67670.46,84493.65,3438.6,18707.34,1676.84,1336.14,7011.17,67110.09,17596.18,2211.46,11242.39,58935.86,55782.43,22825.45,740217.61,208131.3,150259.88,1040.02,220702.89,25738.09,,549.52,11107.98,7976.5,32905.34,8131.2,35130.78,3234.11,41074.7,267.19,3122.25,1743.53,80718.26,154716.36,123309.04,129339.0,949.1,244.16,6141.8,5401.02,192892.83,14355.38,5622.07,,30696.77,7653.79,,2422.7,44106.88,63056.52,139395.07,33635.52,518.63,25554.29,8720.57,208955.15,50644.66,905.62,24690.25,5897.86,224.86,314958.29,7778.74,18042.28,,,1329.83,2787.65,86.63,2275.29,15242.09,2453.3,317.22,417.18,19599.15,4151.28,74282.64,51393.93,2331.02,222.03,406.34,223904.97,14230.42,980.99,173085.73,39542.74,248506.56,74378.56,250.56,485.81,88122.35,10437.58,4898.22,51266.0,27361.15,1720.79,3321.56,607.1,13163.07,3166.2,529.82,766.49,20600.79,1653.21,186004.58,1811.88,1064215.77,27488.17,6334.72,3928.82,1529.62,12351.02,5985.67,6541.02,1929.77,2368.69,1728.56,4779.44,169950.21,61754.87,3764.18,2871.8,60061.73,128.43,27503.69,22536.97,5001.78,522.85,34970.65,,16675.29,32635.95,143847.98,1.0
S075,participant,75,B2,35.0,F,26.9,94047.78,13465.45,36316.36,42342.13,815.89,1458.62,205312.7,70172.66,6923.57,40790.53,20018.29,3264.31,168991.99,8481.97,,8959.39,2854.45,464.17,15971.74,69808.72,8525.31,4038.6,23641.52,94695.6,9211.53,1865.9,757864.91,748.74,529.0,15623.53,46757.79,,30939.71,159959.31,92161.08,35224.99,734028.83,235.73,31282.69,76465.14,4862.2,196263.94,54100.46,12291.98,93851.46,624.21,8138.23,135.83,42096.57,800.75,2459.75,23097.46,1050.65,2469.25,1850.94,968.0,4943.43,695.65,566.63,3248.13,192.56,,24053.07,6496.09,177396.87,6433.56,16694.88,120.71,154549.64,1386.15,56503.0,8013.61,82684.58,5646.88,40364.17,,1007565.57,5058.32,,6479.47,10049.07,2718.52,4144.88,16891.26,5462.1,576.53,768.57,36562.82,226.81,412.83,1833.94,126002.72,15724.52,42430.99,2287.51,338353.48,29021.73,33212.04,1908.84,3675.61,21534.1,13698.27,8426.97,5513.56,88.28,25364.82,217.22,1410.87,2542.06,13340.29,31503.09,15868.9,9347.9,38115.18,367599.46,271954.28,,75.67,2928.63,76150.51,1432.8,1937.34,371619.81,31679.74,5907.52,131389.41,25122.68,18428.82,40784.63,967.23,1345.16,9767.33,9410.5,16880.41,26337.7,2308.38,431.44,14497.81,4344.06,,963.27,11437.17,70909.22,209607.74,7729.04,769.55,35867.13,6799.21,51818.03,11882.91,188.63,564.04,4841.06,128547.94,2135.45,970.17,13552.83,19377.97,4481.2,894.95,399.67,,105780.71,569.51,7702.04,7641.76,832.09,20595.54,2182.7,423.96,2140.18,6253.66,16651.52,1620.47,803.07,,652.55,701.3,,411.73,12634.06,1607.99,23866.39,2662.44,6085.48,2135.92,5451.71,,868.95,58548.83,16984.77,14662.83,252.86,11463.93,565787.23,86214.38,176040.0,1855.37,2519.88,519.53,3957.56,4409.32,3394.6,1031.58,571758.98,43812.93,1423.65,25034.65,107542.66,30089.43,6054.23,10613.76,4600.63,690.37,888.22,6362.02,326.46,2776.2,64626.23,13150.36,,199278.9,10058.65,3125.2,35997.96,1380.57,21818.33,880.58,10332.46,49441.23,31455.1,4354.92,3555.51,2985.99,288355.39,656.91,7340.84,20008.1,7488.42,6722.11,72037.63,,175723.79,36760.85,10216.87,7039.88,206964.96,740.79,1418.64,595.92,30555.8,34061.42,4704.45,7876.66,15849.16,746.89,157318.46,1395.63,288722.18,986.06,161264.83,47733.31,3222.97,1469.56,125.03,22330.21,171367.61,35958.42,32264.06,21758.86,897.83,43339.32,44869.3,4131.02,33919.55,4000.17,999.3,5624.83,23849.79,8487.72,1768.09,22592.59,98464.76,14379.83,4101.56,649092.46,358367.52,92124.95,1671.45,361816.75,17650.72,,477.33,12845.84,4377.58,12162.57,5008.69,31660.96,1596.72,26947.95,249.21,2840.49,1133.45,44250.69,71643.46,108604.91,80296.04,1113.49,206.67,6103.38,1122.85,132985.8,5010.69,,1248.08,11155.43,5324.39,61.11,3290.03,36878.51,62791.52,177833.88,35334.55,1860.53,12133.51,8296.7,108197.7,26593.3,797.5,22214.61,6716.11,202.84,254566.05,2850.1,31710.57,567.16,88.25,,2216.8,71.23,2168.06,9216.13,828.45,203.75,342.14,15676.8,2137.77,35607.81,119763.17,2210.1,159.86,,193458.62,13772.77,768.31,105620.2,156619.89,135339.3,118272.8,,649.23,51966.48,7883.21,7163.64,109046.04,20701.12,2008.69,1086.57,759.92,3586.62,2732.9,315.62,1423.11,24665.81,1168.67,117689.26,1543.04,698031.51,70126.92,3682.98,3275.62,1590.45,30176.58,4380.52,7365.74,589.87,1887.7,3844.99,6889.71,219281.52,34917.27,7033.66,1653.12,31790.76,129.31,42904.31,33317.7,4099.06,1102.34,43175.06,201.96,7873.72,99533.44,305453.67,1.0
S076,participant,76,B2,28.0,M,27.1,88158.25,16597.14,43150.35,103583.51,512.4,1178.79,1102876.18,57914.42,3928.74,50617.11,7385.0,24018.04,167133.71,32512.73,,10728.6,2159.57,653.01,4425.48,40737.58,7640.74,2671.23,22502.16,124489.99,14369.59,2944.92,294999.5,1015.36,304.84,9652.84,28913.49,62.62,29408.58,212804.01,131082.54,13309.38,573699.52,145.96,14951.65,55643.65,1159.18,1369841.07,26296.31,10943.19,411640.18,390.2,7815.75,103.96,13373.41,1277.34,3087.07,9870.78,1089.25,3178.01,5772.79,1058.32,5641.29,,1438.4,3840.78,211.12,,12895.77,8158.86,201523.82,10959.8,17509.93,165.92,124432.29,1983.82,44802.61,2996.18,44458.53,21775.3,23672.16,,1382053.22,5892.95,373.82,14798.38,2237.29,682.36,9026.71,79881.99,5147.18,374.22,782.67,49115.55,314.5,403.78,1710.84,53525.43,42810.63,187162.7,2778.42,145147.91,28338.62,18045.45,1630.32,3849.93,61325.19,13846.93,7758.69,8985.68,119.03,12294.78,873.73,3719.88,2032.03,58365.52,13598.32,12086.37,9644.32,54382.94,178742.87,107415.0,,89.49,5176.47,92135.39,1194.84,1530.58,313254.99,43751.84,14112.49,170945.85,20741.68,19811.02,112345.68,1669.74,548.18,11328.59,10231.99,17494.67,26108.9,3766.77,269.47,7258.95,8721.49,233.97,1079.28,10263.95,85147.19,372726.84,4232.11,456.08,27998.78,40431.19,37652.94,4897.98,833.59,2352.36,4298.45,87971.57,712.73,299.07,14209.62,12727.33,3726.29,2638.79,705.37,,164379.4,,2971.01,5265.09,799.72,53474.71,,692.44,1279.34,4678.48,35650.8,1352.75,539.66,,729.94,811.88,1554.99,,23480.38,2401.75,68475.52,1228.58,3879.59,1259.4,4602.86,,664.73,69791.84,18203.89,17733.8,189.21,12920.41,382169.45,50737.3,122895.33,,2945.72,349.13,12478.25,11863.39,5296.8,2477.5,2591176.85,29670.41,2090.29,11987.66,113825.93,22320.46,15291.49,15531.84,6720.45,1249.53,1010.53,9569.95,191.59,6056.64,427422.61,19103.45,460.8,260728.25,9544.98,3051.97,8426.9,1028.97,21269.09,2868.7,7783.19,54474.72,25709.64,2089.11,17361.11,,240101.91,317.15,3061.04,34625.06,3543.96,9612.38,75699.66,164.22,148589.86,23551.87,8217.0,3460.41,152157.02,826.66,1994.5,410.21,42166.25,34741.41,7671.44,24804.06,4954.8,4497.74,191585.33,755.41,166079.98,1573.3,33240.06,13345.54,,1608.04,516.47,74962.57,145454.55,102858.26,16710.86,16143.75,739.19,319629.85,56785.49,,40132.72,2115.75,4505.76,2598.66,29595.94,27228.07,2823.88,21171.8,71008.38,77307.93,18852.79,866059.72,251499.53,115203.84,3048.93,404615.78,47216.14,,345.13,30792.18,1701.98,14631.35,14390.0,25623.97,4814.07,87507.68,381.89,3801.53,1690.62,25869.08,155574.88,289203.14,33119.7,890.64,225.93,8115.05,4912.96,164972.59,7193.95,3714.59,968.84,13817.78,5402.08,,3798.07,34922.58,118461.33,227779.61,46705.57,581.72,27185.58,20743.04,140072.12,80021.96,1465.07,120586.47,,94.28,345638.28,2305.97,24562.3,238.94,66.05,792.36,1125.34,73.02,10478.33,,1118.46,272.43,326.63,8695.31,3666.2,55933.94,64655.0,12013.27,753.43,233.37,179201.21,17694.9,450.18,38335.96,39106.9,119441.86,120633.38,368.48,829.06,24033.92,12318.24,2814.69,27251.91,30833.53,1458.2,1867.21,,14574.57,4577.94,464.59,543.35,23637.86,1346.05,351106.99,1755.5,802429.63,24123.35,5901.31,1746.18,,19206.09,4200.44,6709.29,663.65,1078.31,1625.14,6240.61,324731.22,43070.55,4592.91,1796.76,53492.96,108.55,44897.92,13409.8,11762.35,1008.18,41164.84,178.79,15437.11,34086.19,67787.86,0.0
S077,participant,77,B2,49.0,F,20.4,292095.4,36886.47,32520.21,90071.67,1534.72,804.87,57442.17,23819.24,5603.0,29758.43,17786.32,3860.69,172470.87,59613.0,,4402.64,5669.23,803.96,8152.7,79755.13,24187.13,,67039.86,118771.22,5797.58,2620.19,707603.65,1033.3,,20560.71,387318.12,150.19,28315.96,250898.98,150079.86,37302.51,494160.84,507.97,40176.6,54260.57,227.7,195529.24,36829.92,5677.58,25515.04,,1517.25,,38735.38,791.93,2023.39,11436.63,1671.05,3407.56,2959.88,1390.88,4033.05,744.16,1068.31,9110.22,301.9,318.3,,11957.03,110595.12,16395.66,18682.47,121.3,224300.44,3804.07,59000.4,5738.93,59765.54,38615.8,11560.84,,726560.03,7281.22,757.26,13180.37,11609.67,1283.22,10112.39,30468.18,1815.79,294.18,512.51,42323.44,201.17,405.21,2446.0,37919.74,32728.45,298818.59,2923.82,200355.58,5623.53,22640.72,2814.02,5118.17,57631.77,16153.19,10123.67,5729.98,342.66,7529.37,125.27,798.79,4667.39,42495.42,19353.71,186860.14,21163.93,46385.44,1187445.38,238371.71,330.25,93.76,8213.57,37741.74,2087.29,789.41,276032.48,31785.76,22610.78,80138.72,78738.89,36451.56,84372.0,665.58,636.77,17096.82,6902.84,7387.88,16938.99,2293.31,802.01,9121.09,15648.59,505.96,690.61,12554.14,78390.45,260580.8,4533.23,,374418.25,7366.87,26113.73,3150.86,103.19,1706.95,6188.77,163659.9,1551.56,473.64,23374.54,5601.61,1987.07,1744.03,303.35,108.4,106723.78,,8237.52,3874.66,1193.18,75908.21,1749.71,417.75,4070.22,3234.42,36079.41,2147.91,1493.07,1241.24,1016.38,559.11,3436.67,399.56,16307.52,2206.32,60949.4,3695.95,7784.5,3115.79,9844.53,,414.82,109506.91,7848.29,11509.0,424.73,17061.66,704475.72,99831.87,95060.63,1582.57,6395.52,,96146.61,8563.71,4365.27,2744.33,145553.03,21152.81,855.82,7886.04,143179.3,15778.97,3563.83,15215.73,7380.39,548.7,684.41,5891.5,582.67,1624.22,61070.45,14020.94,651.24,152589.84,1674.28,4221.41,1874.03,2291.56,17806.46,1231.89,14844.22,84862.54,9957.47,,6190.38,3136.77,198282.93,571.48,8367.19,59308.81,6878.53,9284.58,43571.83,218.81,127854.97,16430.91,19265.75,,1975279.41,1711.82,5439.83,568.73,47781.95,22878.18,3505.99,11101.15,15504.57,751.43,128963.41,,211559.75,870.3,177496.99,2581.4,2661.32,1735.99,83.01,97953.61,129374.7,140758.5,24942.65,13377.25,1364.95,40551.36,78694.96,,44492.03,1517.65,600.32,3551.97,28437.92,212383.11,1743.15,25957.89,53656.61,110695.47,12839.03,779527.41,184606.31,139884.08,4606.11,298570.11,61869.88,,744.81,7066.98,4481.39,15025.17,10941.56,15887.03,41462.65,102425.27,237.78,2514.97,1609.58,142767.65,273484.11,258381.84,261795.63,1278.58,144.91,9580.6,4007.8,87558.89,9014.05,4731.44,,5882.56,5596.62,63.18,2296.69,23490.36,82144.67,133954.63,50800.87,1023.3,47049.49,19459.69,119067.28,661617.08,803.68,21350.91,,112.44,315311.89,5173.34,19203.16,439.58,,990.09,1132.81,92.7,3956.73,7666.21,1425.51,866.01,494.35,11378.79,1333.08,37415.22,39729.26,1975.5,98.1,277.27,114574.57,21407.32,438.79,109951.6,8102.95,99630.21,94119.51,876.48,422.83,149589.11,9973.28,7117.15,132975.24,26197.61,1018.2,1943.83,,22645.85,3821.78,1116.4,1126.75,26759.71,1131.37,465771.08,4016.0,414227.13,36620.78,2370.35,1983.39,,316787.39,6454.83,10989.95,1271.34,1392.18,1848.52,6579.65,176830.62,27261.55,3922.39,1959.68,30520.58,159.6,30646.38,35857.09,12907.76,497.75,48145.46,399.88,28733.28,48846.06,364068.1,0.0
S078,participant,78,B2,74.0,F,26.2,316185.29,22981.83,72670.69,87538.24,553.24,2154.74,277341.45,58283.31,1923.92,25993.11,17658.31,4573.16,196700.0,21400.13,,6638.55,1975.62,347.81,4538.53,66442.57,29449.36,2681.37,71618.52,111742.06,,15432.29,661439.41,1295.73,371.4,9905.33,15880.38,72.56,22781.95,162745.98,160518.53,43624.85,505972.28,154.0,14189.39,91982.82,1258.67,253818.47,124670.43,7562.3,118085.25,415.72,3965.61,108.87,38068.35,3325.22,2713.99,,2351.95,4709.06,1901.66,1258.05,9332.47,890.92,191.9,5364.84,252.56,,,8013.58,192046.64,5733.06,19153.44,125.7,169101.59,2336.35,124644.09,5801.88,204139.23,16159.63,25526.28,691.99,620382.01,6663.15,417.42,10628.67,14524.82,677.82,6218.24,20374.61,5329.39,315.93,537.22,39410.76,252.02,472.32,3139.9,44559.3,51487.09,118507.46,3340.39,81939.42,12528.03,8471.53,2675.31,2775.9,45029.99,28922.41,22584.73,3477.52,94.23,9263.73,243.5,1112.44,1665.05,50612.43,7326.06,6478.72,,46692.45,465795.14,236649.28,,94.45,3239.64,55601.95,3527.49,1137.86,502481.82,19184.21,58523.65,71123.34,74344.23,22873.13,130229.75,2637.87,,16585.75,6826.2,11519.07,29825.4,3891.33,288.29,3273.55,11582.6,267.98,707.94,25672.32,46333.86,256950.73,3574.49,480.95,14595.81,27500.03,30364.93,3855.68,218.21,2222.81,13149.09,129362.51,1392.61,241.47,19974.06,13865.4,2879.06,281.48,1013.92,,65308.44,,38395.77,4274.87,1641.88,199295.15,,639.76,1476.18,9139.59,28244.61,2480.64,512.39,,851.12,506.05,1560.39,525.73,18052.14,2736.93,51288.22,1210.81,3656.71,1392.82,4134.02,142.52,1289.71,77570.4,12345.67,6852.75,,17887.38,568116.88,83777.33,93335.36,,,340.31,22587.2,1517.24,26798.01,1863.42,707404.82,24551.9,,9312.0,82862.92,16550.55,4985.37,19764.49,7810.93,1767.02,1527.75,21585.63,231.57,2321.62,82074.4,13278.82,,228496.34,3712.58,6308.79,10838.0,,19528.67,912.54,24309.67,77649.62,28070.26,,4131.99,3867.57,195885.36,343.77,3445.24,21850.04,4116.65,10837.9,76673.37,,134035.11,19334.49,7482.14,,85090.55,,1616.0,,50582.16,44231.9,12032.42,7334.45,14713.11,3071.19,73974.33,,725915.48,3243.86,223258.63,14790.98,,2723.81,178.92,52202.25,213517.03,77099.41,69238.54,27069.58,2410.76,58993.14,46102.85,,28533.02,2219.63,1262.62,1386.79,17720.56,42004.14,5659.84,15311.3,56779.5,41669.09,16642.07,700955.16,200981.16,81083.59,1749.49,668919.56,37986.65,304.28,1120.12,10692.82,5090.04,9939.78,17355.83,29964.99,8566.88,55284.29,434.13,8085.51,1877.02,59292.01,200757.45,214357.12,84002.53,,375.05,12681.94,4532.98,151833.97,3608.61,,1074.64,8426.26,6254.46,,2220.7,42775.37,70236.92,118289.4,68329.94,525.72,33280.13,17017.68,113626.39,138817.56,1431.59,90043.38,,74.98,288144.01,,16649.65,289.91,77.53,,996.89,132.57,2518.46,,642.62,214.94,759.24,38590.53,,22864.32,68900.4,8144.74,207.83,,217786.94,24515.84,379.35,108012.57,45106.79,193679.37,211516.51,415.25,1419.39,60602.06,63910.34,38068.47,143918.78,26123.62,1166.11,782.02,,9925.42,22905.97,364.7,999.23,28545.93,2732.94,246056.01,2553.97,752419.83,16519.68,,854.82,,11567.99,5866.55,11793.75,,1020.88,,7184.76,142209.04,18437.23,3457.12,1967.29,21450.76,,79805.12,183191.08,42248.43,652.79,81061.07,,20161.76,21255.36,437554.77,1.0
S079,participant,79,B2,37.0,M,22.1,70397.73,14218.44,38398.08,95403.34,992.49,1016.48,285529.01,81520.93,2720.65,22244.29,12870.33,4799.84,211186.44,29018.01,,7129.11,3882.48,909.0,4708.28,39556.08,5791.9,2455.15,16621.7,116604.34,16789.68,6560.67,447202.07,2245.26,272.86,31058.51,27163.56,,22715.63,390328.73,72313.75,16323.17,452319.63,347.01,15079.17,73764.35,759.54,240739.55,69175.44,4760.59,134041.84,373.96,2256.05,,14746.28,2152.28,3130.59,33477.62,1193.24,1850.47,1538.06,3802.1,8256.95,445.06,442.83,3126.15,787.47,,1342.66,6392.38,115280.57,8499.95,22899.0,158.7,107369.21,1524.57,135129.11,2903.03,90481.46,21174.48,16612.27,846.37,593136.21,21310.63,295.8,34154.14,20371.68,736.48,22002.4,56173.64,6719.25,427.55,397.87,51207.33,321.81,551.85,3177.86,59943.53,40092.41,163127.74,6489.23,42625.85,7992.97,13159.94,2792.91,5556.38,51576.31,9784.1,21906.31,10061.41,186.4,12199.78,,5779.41,3887.72,22273.58,3845.18,11152.89,15095.77,63168.43,343480.93,153636.11,,301.85,4073.06,60663.32,,638.36,367372.22,51904.96,8953.58,73172.39,18198.22,19161.33,96863.28,2295.88,1674.0,21524.58,6228.95,12456.3,38130.05,3229.04,522.46,5878.31,5676.04,174.87,646.0,26277.18,79351.41,100997.02,4897.25,444.24,27214.84,8169.37,51060.81,5381.21,,818.7,13357.23,82265.3,713.16,289.73,30889.8,20847.82,1699.71,673.05,801.58,,176252.48,,16957.17,6464.48,784.03,33859.66,3163.54,536.83,2659.13,4534.35,86275.12,2356.81,1215.4,,2843.15,447.77,1133.57,331.74,5631.79,4788.68,62590.05,1409.51,11427.17,4123.64,8139.53,196.45,569.08,60902.5,12626.43,10401.32,202.12,21646.75,354749.81,55292.37,286872.58,2716.91,4527.31,294.79,19501.87,3749.63,9695.02,5842.45,739845.66,32199.7,2743.02,13995.19,168637.98,50055.89,22865.24,7403.9,3320.9,1578.96,1547.45,17245.39,441.89,11313.41,73190.42,18779.57,563.68,129454.01,2457.46,3226.31,6186.15,1032.07,15381.34,823.29,,109292.85,37599.43,254.38,12133.11,1969.09,177175.38,286.75,3529.15,28360.11,3453.23,20265.91,41332.05,204.82,109181.88,26595.12,15906.99,361.39,141922.16,1292.5,2972.22,584.34,26015.59,50219.87,10504.95,6978.34,6091.84,926.55,101314.71,84.36,350162.0,2568.58,333414.48,8654.39,4833.02,867.96,,26146.09,152455.52,34713.66,34057.61,19109.75,,55259.41,123840.54,,64029.06,2037.94,,2362.64,27891.35,42585.83,5068.36,33842.36,79978.69,45361.68,6968.08,715363.66,301406.8,199015.8,2213.33,380488.2,18603.37,395.39,,53410.43,1984.36,14993.07,10714.73,42698.55,8407.31,32498.28,339.37,6780.57,3873.88,42053.28,100679.15,260572.36,71752.51,1244.59,349.68,5315.28,1901.07,89691.39,9594.79,4523.86,,9686.01,8052.09,56.75,2320.81,51898.44,30076.78,102465.34,26861.23,582.94,18444.67,18156.78,159617.21,139934.59,1136.24,27872.29,,124.23,264083.12,4035.45,53542.44,233.57,,1020.99,1351.09,68.68,7392.21,13855.32,1508.95,420.47,380.24,17600.33,3985.32,70515.87,52971.85,2761.63,,321.71,273936.86,10186.79,500.12,43878.55,27223.16,133039.38,124196.76,283.14,1373.32,45940.45,25764.78,15729.05,217748.29,25186.23,1851.91,2111.29,,12373.16,9416.52,732.19,458.92,30176.17,2271.54,129273.75,1410.06,447237.4,8587.14,6769.3,1320.53,,18168.43,8393.69,11698.94,965.39,1363.9,5407.77,8394.81,138647.15,21955.75,12007.47,2409.63,53289.89,136.35,45469.69,72838.4,6422.83,434.15,26093.12,181.81,10565.26,11413.29,640652.68,0.0
S080,participant,80,B2,70.0,M,28.4,103802.6,22948.71,49984.19,75994.27,799.72,1241.73,352537.05,51807.45,5303.79,27030.23,7583.98,8870.74,127262.51,65234.05,,7872.61,2332.21,761.05,5697.64,62824.61,9328.53,3419.97,26356.77,206890.62,17870.82,4867.54,259445.58,1159.15,374.75,35694.61,57274.67,,12341.51,162619.3,130288.11,25926.64,252095.72,255.52,19425.22,71877.67,1158.61,458423.84,29802.74,5721.82,156694.35,479.94,2013.62,77.24,25790.91,2294.33,1776.68,9819.03,1593.66,10099.77,3163.19,1251.75,7413.09,,603.1,5169.48,236.42,,2121.7,6783.03,107619.18,13130.83,21486.36,101.56,151910.4,2388.21,80584.33,4400.1,41372.3,47987.85,9795.39,,679870.87,6130.12,,28395.0,7046.31,898.8,17250.63,65577.19,4018.48,231.73,678.03,49603.26,187.26,480.35,3638.88,128847.65,54711.04,382757.67,2678.58,230366.05,7898.78,22696.4,3333.66,1915.84,41084.9,15133.25,14308.65,10783.93,251.69,30187.34,,2376.33,1974.57,121217.88,20277.48,25294.34,10582.6,63702.18,325351.43,82695.04,,90.44,7367.05,60810.45,744.1,898.44,355906.96,51450.07,13543.68,88877.46,26175.0,21571.01,135259.55,1052.72,547.39,21742.37,9605.95,12847.84,24904.34,1759.94,542.37,10696.15,5570.79,,1113.97,17358.5,83592.27,144329.31,5790.85,616.68,59583.45,14940.23,32645.79,11026.16,,5193.17,7517.22,125982.28,1152.41,334.34,37175.91,12265.33,2113.73,1028.91,428.61,,177383.08,648.92,5270.14,3158.21,1215.29,57736.96,4286.07,281.42,2344.46,5269.5,75489.65,2703.47,667.66,,730.25,754.44,,,8945.54,2045.83,43903.29,1676.28,14547.85,5358.95,3786.04,,696.52,65583.29,11715.7,12868.53,280.43,26910.09,547679.81,87549.97,43361.05,4034.56,2762.88,468.32,7320.24,5038.09,7711.22,5068.82,994787.16,26331.67,2663.89,27267.22,57586.16,7377.24,9229.99,40272.88,6140.09,908.19,1432.7,18576.68,345.96,4304.38,135773.81,16943.38,981.93,116692.84,2466.51,4178.16,8994.93,1438.23,8548.86,1510.77,4991.62,117874.68,20298.99,366.54,14182.87,,111359.2,257.21,4004.46,48356.35,3242.04,8502.9,40632.54,289.78,63924.52,21439.7,8604.79,595.29,317570.5,875.21,4324.59,434.07,35549.72,39525.69,5135.75,13987.79,9113.99,1652.05,147551.32,119.18,158096.25,2755.7,96017.22,11775.2,6193.09,1634.75,,58662.32,163676.94,93269.38,17100.94,18965.33,479.07,97131.87,43153.23,4253.72,20618.63,822.33,,3751.22,28943.95,17539.1,5498.31,11212.71,66297.18,145517.26,39782.61,1563234.32,220550.96,85850.69,4154.78,504883.46,40705.37,,198.55,23411.65,3291.23,16468.47,14348.37,27328.99,3325.86,69815.96,190.78,7608.35,1585.69,38374.58,100992.33,190239.62,67460.82,929.38,288.59,27218.17,11963.31,75786.31,9016.66,7080.84,761.57,9536.63,7796.76,,3339.62,38001.64,42926.96,120480.41,150501.17,635.72,16878.12,13299.1,150966.53,53636.0,599.6,45626.84,7956.51,138.76,641693.47,2902.87,8163.1,209.03,,1373.1,1513.92,85.39,8205.9,18517.47,1454.2,563.4,450.78,9235.24,4410.91,61281.23,28336.3,4858.8,,426.99,193616.26,61508.02,586.03,74426.91,39895.24,125495.91,157237.23,,614.7,45899.23,19296.7,5195.97,78983.38,58469.93,920.53,1766.66,844.05,28730.01,7051.38,1009.98,771.95,16301.79,2103.67,299212.93,2683.74,389889.78,47096.31,7131.26,2120.69,1832.94,44724.64,9343.12,13952.0,668.8,1599.38,1625.5,4464.82,140634.34,30678.36,1702.52,2058.76,61777.47,103.6,52243.34,23983.72,9724.05,506.62,45900.26,246.87,9796.6,60312.4,204696.77,1.0
